model,split,seed,model_family,gains_mean,gains_std,gains_p01,gains_p05,gains_cvar05,gains_p50,gains_p95,shortfall_prob,payoff_mean,pnl_mean,cost_mean,action_abs_mean,action_abs_max,delta_abs_mean,delta_abs_max,pct_at_any_position_bound,pct_at_upper_position_bound,pct_at_lower_position_bound,pct_paths_touch_any_position_bound,selected_band,baseline_selection_metric,risk_measure,artifact_dir,selected_epoch,selected_score,selection_metric,selected_val_action_abs_mean,selected_val_delta_abs_mean,selected_val_pct_at_any_position_bound,selected_val_pct_paths_touch_any_position_bound,n_paths,n_steps,n_inst,prototype_source,n_prototypes,weighted_similarity,learn_distance_feature_weights,proto_action_norm_mean,proto_action_norm_max
unhedged,train,1234,baseline,-0.013417122885584831,0.0191777553409338,-0.08053059577941894,-0.052843236923217775,-0.06984962522983551,-0.003758072853088379,-0.0,0.5622625580413677,-0.013417122885584831,0.0,0.0,0.0,0.0,0.0,0.0,0.0,0.0,0.0,0.0,,,,,,,,,,,,,,,,,,,,
spot_delta,train,1234,baseline,-0.013428408652544022,0.017983589321374893,-0.07168397516012191,-0.049290315806865694,-0.06485442072153091,-0.007967685349285603,0.004910377971827983,0.7948501477416632,-0.013417122885584831,0.00014331475540529937,0.00015460261784028262,0.019285017624497414,0.584227979183197,0.2583058476448059,0.5917689800262451,0.0,0.0,0.0,0.0,,,,,,,,,,,,,,,,,,,,
spot_delta_band,train,1234,baseline,-0.013363507576286793,0.017881838604807854,-0.07145846962928772,-0.04942556545138359,-0.06481890380382538,-0.007474638521671295,0.004394866712391375,0.8016040523427607,-0.013417122885584831,0.00015142957272473723,9.781585686141625e-05,0.01222640834748745,0.5342279672622681,0.24150705337524414,0.5417689681053162,0.0,0.0,0.0,0.0,0.05,gains_mean,,,,,,,,,,,,,,,,,,
unhedged,val,1234,baseline,-0.014937514439225197,0.021770162507891655,-0.09705204248428345,-0.0559100866317749,-0.0792522132396698,-0.005938172340393066,-0.0,0.5857988165680473,-0.014937514439225197,0.0,0.0,0.0,0.0,0.0,0.0,0.0,0.0,0.0,0.0,,,,,,,,,,,,,,,,,,,,
spot_delta,val,1234,baseline,-0.014819346368312836,0.020146911963820457,-0.09493314862251281,-0.05166846886277199,-0.07409153133630753,-0.00854156631976366,0.004691544128581881,0.7928994082840237,-0.014937514439225197,0.00027617390151135623,0.00015800524852238595,0.019686028361320496,0.5756049752235413,0.25847128033638,0.5868099927902222,0.0,0.0,0.0,0.0,,,,,,,,,,,,,,,,,,,,
spot_delta_band,val,1234,baseline,-0.014726202003657818,0.02009809948503971,-0.09479634344577789,-0.0514433715492487,-0.07383640110492706,-0.008599363267421722,0.004319679550826548,0.8027613412228797,-0.014937514439225197,0.00030943017918616533,9.811861673370004e-05,0.012262934818863869,0.5256049633026123,0.24209986627101898,0.5368099808692932,0.0,0.0,0.0,0.0,0.05,gains_mean,,,,,,,,,,,,,,,,,,
unhedged,test,1234,baseline,-0.015525965951383114,0.020172227174043655,-0.08214826107025147,-0.05618791580200195,-0.0716593936085701,-0.0071762800216674805,-0.0,0.6070726915520629,-0.015525965951383114,0.0,0.0,0.0,0.0,0.0,0.0,0.0,0.0,0.0,0.0,,,,,,,,,,,,,,,,,,,,
spot_delta,test,1234,baseline,-0.015527470037341118,0.019592251628637314,-0.0765245521068573,-0.05084098130464554,-0.07016037404537201,-0.009195053018629551,0.00475030988454818,0.8074656188605108,-0.015525965951383114,0.0001533257745904848,0.000154830064275302,0.019294098019599915,0.5942999720573425,0.2585732936859131,0.5942999720573425,0.0,0.0,0.0,0.0,,,,,,,,,,,,,,,,,,,,
spot_delta_band,test,1234,baseline,-0.015449581667780876,0.01946147345006466,-0.07594333559274674,-0.05126937180757522,-0.07007976621389389,-0.008698027580976486,0.004199300054460761,0.8231827111984283,-0.015525965951383114,0.0001743095926940441,9.792581113288179e-05,0.01223902776837349,0.5442999601364136,0.24178478121757507,0.5442999601364136,0.0,0.0,0.0,0.0,0.05,gains_mean,,,,,,,,,,,,,,,,,,
vanilla,train,1234,vanilla,-0.013379969634115696,0.01854528859257698,-0.07850399404764176,-0.05162348598241806,-0.06821344047784805,-0.0038931190501898527,-4.924461391055967e-05,0.9628535246939637,-0.013417122885584831,9.948988008545712e-05,6.233695603441447e-05,0.007163557223975658,0.020475102588534355,0.08483728021383286,0.29093384742736816,0.0,0.0,0.0,0.0,,,cvar,/Users/yaniszaim/deephedging/.deephedging_real_runs/final_paper_asian_panel/panel_sweeps/IWM_full_paper_grid_800_asian_call_step_robust/model_artifacts/seed_1234/risk_cvar/vanilla,115.0,0.059007857283577325,val_loss,0.007406203076243401,0.08884282410144806,0.0,0.0,2369.0,20.0,2.0,,,,,,
vanilla,val,1234,vanilla,-0.014850771054625511,0.02108754962682724,-0.09478264346718789,-0.054779377207159995,-0.07734818756580353,-0.005758332088589668,-1.1986396202701166e-05,0.9566074950690335,-0.014937514439225197,0.0001491250586695969,6.238118658075109e-05,0.0071638887748122215,0.020466068759560585,0.08482605963945389,0.2903302311897278,0.0,0.0,0.0,0.0,,,cvar,/Users/yaniszaim/deephedging/.deephedging_real_runs/final_paper_asian_panel/panel_sweeps/IWM_full_paper_grid_800_asian_call_step_robust/model_artifacts/seed_1234/risk_cvar/vanilla,115.0,0.059007857283577325,val_loss,0.007406203076243401,0.08884282410144806,0.0,0.0,507.0,20.0,2.0,,,,,,
vanilla,test,1234,vanilla,-0.015380495227873325,0.01953047700226307,-0.07974073141813279,-0.05500499233603477,-0.06996101886034012,-0.007186724338680506,-6.385527085512876e-05,0.9607072691552063,-0.015525965951383114,0.00020804032101295888,6.25691536697559e-05,0.007170242257416248,0.020468061789870262,0.08490049093961716,0.2889213562011719,0.0,0.0,0.0,0.0,,,cvar,/Users/yaniszaim/deephedging/.deephedging_real_runs/final_paper_asian_panel/panel_sweeps/IWM_full_paper_grid_800_asian_call_step_robust/model_artifacts/seed_1234/risk_cvar/vanilla,115.0,0.059007857283577325,val_loss,0.007406203076243401,0.08884282410144806,0.0,0.0,509.0,20.0,2.0,,,,,,
proto_source=spot_delta_k=10_weighted=0_learnw=0,train,1234,proto,-0.013321085833013058,0.017596706748008728,-0.07204813927412033,-0.049354737251996995,-0.06450702250003815,-0.005891191773116589,0.0022871434688568107,0.8505698607007176,-0.013417122885584831,0.00022766033362131566,0.00013162399409338832,0.01606225036084652,0.5314164161682129,0.1869339793920517,1.0,0.00021105951878429716,0.00021105951878429716,0.0,0.0029548332629801602,,,cvar,/Users/yaniszaim/deephedging/.deephedging_real_runs/final_paper_asian_panel/panel_sweeps/IWM_full_paper_grid_800_asian_call_step_robust/model_artifacts/seed_1234/risk_cvar/proto_source_spot_delta_k_10_weighted_0_learnw_0,71.0,0.05854743674397468,val_loss,0.008581280708312988,0.11976110935211182,0.0,0.0,2369.0,20.0,2.0,spot_delta,10.0,False,False,0.1520543098449707,0.5361210107803345
proto_source=spot_delta_k=10_weighted=0_learnw=0,val,1234,proto,-0.014486376196146011,0.019787723198533058,-0.09459092766046524,-0.05205780118703842,-0.07287532836198807,-0.007194241043180227,0.002644468215294181,0.8126232741617357,-0.014937514439225197,0.0005760226049460471,0.0001248831395059824,0.015199773013591766,0.5303899645805359,0.18262667953968048,1.0,0.00014792899408284024,0.00014792899408284024,0.0,0.0019723865877712033,,,cvar,/Users/yaniszaim/deephedging/.deephedging_real_runs/final_paper_asian_panel/panel_sweeps/IWM_full_paper_grid_800_asian_call_step_robust/model_artifacts/seed_1234/risk_cvar/proto_source_spot_delta_k_10_weighted_0_learnw_0,71.0,0.05854743674397468,val_loss,0.008581280708312988,0.11976110935211182,0.0,0.0,507.0,20.0,2.0,spot_delta,10.0,False,False,0.1520543098449707,0.5361210107803345
proto_source=spot_delta_k=10_weighted=0_learnw=0,test,1234,proto,-0.015322013758122921,0.019227612763643265,-0.0761849808692932,-0.052172827720642086,-0.06873301416635513,-0.007821201346814632,0.0021967122331261616,0.8408644400785854,-0.015525965951383114,0.00033402061671949923,0.00013006737572140992,0.015806227922439575,0.502469539642334,0.18641825020313263,1.0,0.00014734774066797642,0.00014734774066797642,0.0,0.0019646365422396855,,,cvar,/Users/yaniszaim/deephedging/.deephedging_real_runs/final_paper_asian_panel/panel_sweeps/IWM_full_paper_grid_800_asian_call_step_robust/model_artifacts/seed_1234/risk_cvar/proto_source_spot_delta_k_10_weighted_0_learnw_0,71.0,0.05854743674397468,val_loss,0.008581280708312988,0.11976110935211182,0.0,0.0,509.0,20.0,2.0,spot_delta,10.0,False,False,0.1520543098449707,0.5361210107803345
proto_source=spot_delta_k=10_weighted=1_learnw=0,train,1234,proto,-0.013375823386013508,0.017997993156313896,-0.07680871933698655,-0.05025322884321213,-0.06676740199327469,-0.004155255854129791,-5.0492183072492825e-05,0.9569438581680034,-0.013417122885584831,0.00013847366790287197,9.71745394053869e-05,0.011158255860209465,0.05183848738670349,0.15339434146881104,0.4649709165096283,0.0,0.0,0.0,0.0,,,cvar,/Users/yaniszaim/deephedging/.deephedging_real_runs/final_paper_asian_panel/panel_sweeps/IWM_full_paper_grid_800_asian_call_step_robust/model_artifacts/seed_1234/risk_cvar/proto_source_spot_delta_k_10_weighted_1_learnw_0,6.0,0.05899264258798212,val_loss,0.010737801901996136,0.1413646638393402,0.0,0.0,2369.0,20.0,2.0,spot_delta,10.0,True,False,0.08056189864873886,0.13451160490512848
proto_source=spot_delta_k=10_weighted=1_learnw=0,val,1234,proto,-0.014777963981032372,0.020437194034457207,-0.09250355005264282,-0.05337324105203152,-0.07560328394174576,-0.005875837989151478,-5.617594433715775e-06,0.9506903353057199,-0.014937514439225197,0.00025675687356851995,9.720591333461925e-05,0.011144996620714664,0.05280417203903198,0.15341363847255707,0.4576091170310974,0.0,0.0,0.0,0.0,,,cvar,/Users/yaniszaim/deephedging/.deephedging_real_runs/final_paper_asian_panel/panel_sweeps/IWM_full_paper_grid_800_asian_call_step_robust/model_artifacts/seed_1234/risk_cvar/proto_source_spot_delta_k_10_weighted_1_learnw_0,6.0,0.05899264258798212,val_loss,0.010737801901996136,0.1413646638393402,0.0,0.0,507.0,20.0,2.0,spot_delta,10.0,True,False,0.08056189864873886,0.13451160490512848
proto_source=spot_delta_k=10_weighted=1_learnw=0,test,1234,proto,-0.015278047882020473,0.018939830362796783,-0.07863485485315323,-0.05361833944916725,-0.06824633479118347,-0.006947831250727177,-0.0001142304739914837,0.9548133595284872,-0.015525965951383114,0.00034456420689821243,9.664618119131774e-05,0.011143852956593037,0.04973140358924866,0.1534898430109024,0.46446356177330017,0.0,0.0,0.0,0.0,,,cvar,/Users/yaniszaim/deephedging/.deephedging_real_runs/final_paper_asian_panel/panel_sweeps/IWM_full_paper_grid_800_asian_call_step_robust/model_artifacts/seed_1234/risk_cvar/proto_source_spot_delta_k_10_weighted_1_learnw_0,6.0,0.05899264258798212,val_loss,0.010737801901996136,0.1413646638393402,0.0,0.0,509.0,20.0,2.0,spot_delta,10.0,True,False,0.08056189864873886,0.13451160490512848
proto_source=spot_delta_k=25_weighted=0_learnw=0,train,1234,proto,-0.013286516070365906,0.017336612567305565,-0.07559174418449402,-0.04721081852912903,-0.06483284384012222,-0.006337922997772694,0.0012049700831994405,0.8851836217813424,-0.013417122885584831,0.00029522375552915037,0.00016461758059449494,0.019031990319490433,0.7379769682884216,0.2821682095527649,0.7476121187210083,0.0,0.0,0.0,0.0,,,cvar,/Users/yaniszaim/deephedging/.deephedging_real_runs/final_paper_asian_panel/panel_sweeps/IWM_full_paper_grid_800_asian_call_step_robust/model_artifacts/seed_1234/risk_cvar/proto_source_spot_delta_k_25_weighted_0_learnw_0,191.0,0.05881073676470366,val_loss,0.015950454398989677,0.19630979001522064,0.00034516765285996055,0.005917159763313609,2369.0,20.0,2.0,spot_delta,25.0,False,False,0.08248205482959747,0.7379776239395142
proto_source=spot_delta_k=25_weighted=0_learnw=0,val,1234,proto,-0.014219834469258785,0.018160909414291382,-0.083822133988142,-0.05108625628054142,-0.06764418631792068,-0.007184112910181284,0.001537543977610766,0.873767258382643,-0.014937514439225197,0.0008837864734232426,0.00016610580496490002,0.01918024942278862,0.7379769682884216,0.2823210060596466,1.0,9.861932938856015e-05,0.0,9.861932938856015e-05,0.0019723865877712033,,,cvar,/Users/yaniszaim/deephedging/.deephedging_real_runs/final_paper_asian_panel/panel_sweeps/IWM_full_paper_grid_800_asian_call_step_robust/model_artifacts/seed_1234/risk_cvar/proto_source_spot_delta_k_25_weighted_0_learnw_0,191.0,0.05881073676470366,val_loss,0.015950454398989677,0.19630979001522064,0.00034516765285996055,0.005917159763313609,507.0,20.0,2.0,spot_delta,25.0,False,False,0.08248205482959747,0.7379776239395142
proto_source=spot_delta_k=25_weighted=0_learnw=0,test,1234,proto,-0.015046678483486176,0.018219783902168274,-0.06957459628582001,-0.04937373846769333,-0.06583971530199051,-0.00787782110273838,0.0010819724993780216,0.8821218074656189,-0.015525965951383114,0.0006470106891356409,0.00016772252274677157,0.01940581016242504,0.7379763126373291,0.28135815262794495,0.7518847584724426,0.0,0.0,0.0,0.0,,,cvar,/Users/yaniszaim/deephedging/.deephedging_real_runs/final_paper_asian_panel/panel_sweeps/IWM_full_paper_grid_800_asian_call_step_robust/model_artifacts/seed_1234/risk_cvar/proto_source_spot_delta_k_25_weighted_0_learnw_0,191.0,0.05881073676470366,val_loss,0.015950454398989677,0.19630979001522064,0.00034516765285996055,0.005917159763313609,509.0,20.0,2.0,spot_delta,25.0,False,False,0.08248205482959747,0.7379776239395142
proto_source=spot_delta_k=25_weighted=1_learnw=0,train,1234,proto,-0.01332172192633152,0.01833190955221653,-0.07715111523866654,-0.05137675255537033,-0.06755657494068146,-0.004042342770844698,0.00026436921907588794,0.9138877163360067,-0.013417122885584831,0.0001947800483321771,9.93811190710403e-05,0.010460911318659782,0.08427432179450989,0.1133299320936203,1.0,0.0001266357112705783,0.0,0.0001266357112705783,0.002110595187842972,,,cvar,/Users/yaniszaim/deephedging/.deephedging_real_runs/final_paper_asian_panel/panel_sweeps/IWM_full_paper_grid_800_asian_call_step_robust/model_artifacts/seed_1234/risk_cvar/proto_source_spot_delta_k_25_weighted_1_learnw_0,11.0,0.05916097302436167,val_loss,0.018186921253800392,0.205244779586792,0.00014792899408284024,0.0019723865877712033,2369.0,20.0,2.0,spot_delta,25.0,True,False,0.0760573074221611,0.1575862616300583
proto_source=spot_delta_k=25_weighted=1_learnw=0,val,1234,proto,-0.014796007424592972,0.02086018957197666,-0.0946753266453743,-0.05393182821571827,-0.07677482068538666,-0.0057816291227936745,0.00022960096830502126,0.8994082840236687,-0.014937514439225197,0.0002401554665993899,9.864861203823239e-05,0.010365046560764313,0.08427432179450989,0.11256606876850128,1.0,0.00014792899408284024,0.0,0.00014792899408284024,0.0019723865877712033,,,cvar,/Users/yaniszaim/deephedging/.deephedging_real_runs/final_paper_asian_panel/panel_sweeps/IWM_full_paper_grid_800_asian_call_step_robust/model_artifacts/seed_1234/risk_cvar/proto_source_spot_delta_k_25_weighted_1_learnw_0,11.0,0.05916097302436167,val_loss,0.018186921253800392,0.205244779586792,0.00014792899408284024,0.0019723865877712033,507.0,20.0,2.0,spot_delta,25.0,True,False,0.0760573074221611,0.1575862616300583
proto_source=spot_delta_k=25_weighted=1_learnw=0,test,1234,proto,-0.015279253013432026,0.0193459652364254,-0.07952919751405715,-0.0547536201775074,-0.06934912502765656,-0.007173595484346151,0.00022734742960892607,0.9017681728880157,-0.015525965951383114,0.00033955174149014056,9.283919644076377e-05,0.010250181891024113,0.0842742919921875,0.11217928677797318,0.6754552721977234,0.0,0.0,0.0,0.0,,,cvar,/Users/yaniszaim/deephedging/.deephedging_real_runs/final_paper_asian_panel/panel_sweeps/IWM_full_paper_grid_800_asian_call_step_robust/model_artifacts/seed_1234/risk_cvar/proto_source_spot_delta_k_25_weighted_1_learnw_0,11.0,0.05916097302436167,val_loss,0.018186921253800392,0.205244779586792,0.00014792899408284024,0.0019723865877712033,509.0,20.0,2.0,spot_delta,25.0,True,False,0.0760573074221611,0.1575862616300583
proto_source=spot_delta_k=50_weighted=0_learnw=0,train,1234,proto,-0.013695661909878254,0.020072903484106064,-0.08315471768379211,-0.054690228402614595,-0.07231973856687546,-0.004226284567266703,0.001682709390297532,0.669058674546222,-0.013417122885584831,-0.00016563170356675982,0.00011290727707091719,0.011447439901530743,0.022414937615394592,0.12019530683755875,0.44829845428466797,0.0,0.0,0.0,0.0,,,cvar,/Users/yaniszaim/deephedging/.deephedging_real_runs/final_paper_asian_panel/panel_sweeps/IWM_full_paper_grid_800_asian_call_step_robust/model_artifacts/seed_1234/risk_cvar/proto_source_spot_delta_k_50_weighted_0_learnw_0,15.0,0.05910951352678239,val_loss,0.014341725036501884,0.161061093211174,0.0,0.0,2369.0,20.0,2.0,spot_delta,50.0,False,False,0.07371032983064651,0.15389256179332733
proto_source=spot_delta_k=50_weighted=0_learnw=0,val,1234,proto,-0.015280015766620636,0.022791855037212372,-0.1002778473496437,-0.05755905248224735,-0.0822487398982048,-0.006240772549062967,0.0015512330341152846,0.7100591715976331,-0.014937514439225197,-0.0002293436846230179,0.00011315780284348875,0.011445730924606323,0.02282940223813057,0.12012964487075806,0.44829845428466797,0.0,0.0,0.0,0.0,,,cvar,/Users/yaniszaim/deephedging/.deephedging_real_runs/final_paper_asian_panel/panel_sweeps/IWM_full_paper_grid_800_asian_call_step_robust/model_artifacts/seed_1234/risk_cvar/proto_source_spot_delta_k_50_weighted_0_learnw_0,15.0,0.05910951352678239,val_loss,0.014341725036501884,0.161061093211174,0.0,0.0,507.0,20.0,2.0,spot_delta,50.0,False,False,0.07371032983064651,0.15389256179332733
proto_source=spot_delta_k=50_weighted=0_learnw=0,test,1234,proto,-0.015959538519382477,0.02107270061969757,-0.0862856486439705,-0.057684640586376186,-0.0742034837603569,-0.007381860166788101,0.0013412372209131718,0.7151277013752456,-0.015525965951383114,-0.0003202067455276847,0.00011336696479702368,0.011447841301560402,0.022414937615394592,0.12020231038331985,0.44829845428466797,0.0,0.0,0.0,0.0,,,cvar,/Users/yaniszaim/deephedging/.deephedging_real_runs/final_paper_asian_panel/panel_sweeps/IWM_full_paper_grid_800_asian_call_step_robust/model_artifacts/seed_1234/risk_cvar/proto_source_spot_delta_k_50_weighted_0_learnw_0,15.0,0.05910951352678239,val_loss,0.014341725036501884,0.161061093211174,0.0,0.0,509.0,20.0,2.0,spot_delta,50.0,False,False,0.07371032983064651,0.15389256179332733
proto_source=spot_delta_k=50_weighted=1_learnw=0,train,1234,proto,-0.01332719437777996,0.017949098721146584,-0.07331495225429535,-0.05052286237478256,-0.06645148992538452,-0.004200418945401907,4.723881138488641e-05,0.9434360489658083,-0.013417122885584831,0.00018353623454459012,9.360937838209793e-05,0.010654792189598083,0.2025432586669922,0.14994122087955475,0.57709139585495,0.0,0.0,0.0,0.0,,,cvar,/Users/yaniszaim/deephedging/.deephedging_real_runs/final_paper_asian_panel/panel_sweeps/IWM_full_paper_grid_800_asian_call_step_robust/model_artifacts/seed_1234/risk_cvar/proto_source_spot_delta_k_50_weighted_1_learnw_0,25.0,0.05905293237883597,val_loss,0.010085576213896275,0.13789765536785126,0.0,0.0,2369.0,20.0,2.0,spot_delta,50.0,True,False,0.07591164112091064,0.21968485414981842
proto_source=spot_delta_k=50_weighted=1_learnw=0,val,1234,proto,-0.014806004241108894,0.020527871325612068,-0.0921003882586956,-0.0532788697630167,-0.07591836899518967,-0.005807452369481325,-4.0255239582620895e-06,0.9506903353057199,-0.014937514439225197,0.00022555988107342273,9.404992306372151e-05,0.01066809706389904,0.16198471188545227,0.15013569593429565,0.5714124441146851,0.0,0.0,0.0,0.0,,,cvar,/Users/yaniszaim/deephedging/.deephedging_real_runs/final_paper_asian_panel/panel_sweeps/IWM_full_paper_grid_800_asian_call_step_robust/model_artifacts/seed_1234/risk_cvar/proto_source_spot_delta_k_50_weighted_1_learnw_0,25.0,0.05905293237883597,val_loss,0.010085576213896275,0.13789765536785126,0.0,0.0,507.0,20.0,2.0,spot_delta,50.0,True,False,0.07591164112091064,0.21968485414981842
proto_source=spot_delta_k=50_weighted=1_learnw=0,test,1234,proto,-0.015283829532563686,0.01892249286174774,-0.07530453473329544,-0.05347416177392006,-0.06808578222990036,-0.006913365796208382,-5.5766316654626844e-05,0.9528487229862476,-0.015525965951383114,0.0003375949745532125,9.545921056997031e-05,0.010722712613642216,0.18739819526672363,0.15044084191322327,0.5662758350372314,0.0,0.0,0.0,0.0,,,cvar,/Users/yaniszaim/deephedging/.deephedging_real_runs/final_paper_asian_panel/panel_sweeps/IWM_full_paper_grid_800_asian_call_step_robust/model_artifacts/seed_1234/risk_cvar/proto_source_spot_delta_k_50_weighted_1_learnw_0,25.0,0.05905293237883597,val_loss,0.010085576213896275,0.13789765536785126,0.0,0.0,509.0,20.0,2.0,spot_delta,50.0,True,False,0.07591164112091064,0.21968485414981842
proto_source=spot_delta_k=100_weighted=0_learnw=0,train,1234,proto,-0.013365033082664013,0.017621684819459915,-0.0734621325135231,-0.04992627575993538,-0.06570908427238464,-0.004898809362202883,0.00039442896377295245,0.9197973828619671,-0.013417122885584831,0.0002041636616922915,0.00015207522665150464,0.01621595397591591,0.1687813252210617,0.1977761685848236,0.5280971527099609,0.0,0.0,0.0,0.0,,,cvar,/Users/yaniszaim/deephedging/.deephedging_real_runs/final_paper_asian_panel/panel_sweeps/IWM_full_paper_grid_800_asian_call_step_robust/model_artifacts/seed_1234/risk_cvar/proto_source_spot_delta_k_100_weighted_0_learnw_0,14.0,0.05901953181717545,val_loss,0.012401414103806019,0.14871174097061157,0.0,0.0,2369.0,20.0,2.0,spot_delta,100.0,False,False,0.1091223806142807,0.22423458099365234
proto_source=spot_delta_k=100_weighted=0_learnw=0,val,1234,proto,-0.014763186685740948,0.020187310874462128,-0.09274449720978736,-0.052653944492340087,-0.07505369931459427,-0.0060468330048024654,0.0004910084651783108,0.9171597633136095,-0.014937514439225197,0.00032660941360518336,0.00015228166012093425,0.016164157539606094,0.16920508444309235,0.1975051909685135,0.5139891505241394,0.0,0.0,0.0,0.0,,,cvar,/Users/yaniszaim/deephedging/.deephedging_real_runs/final_paper_asian_panel/panel_sweeps/IWM_full_paper_grid_800_asian_call_step_robust/model_artifacts/seed_1234/risk_cvar/proto_source_spot_delta_k_100_weighted_0_learnw_0,14.0,0.05901953181717545,val_loss,0.012401414103806019,0.14871174097061157,0.0,0.0,507.0,20.0,2.0,spot_delta,100.0,False,False,0.1091223806142807,0.22423458099365234
proto_source=spot_delta_k=100_weighted=0_learnw=0,test,1234,proto,-0.015332881361246109,0.018594849854707718,-0.07802811950445175,-0.052091794461011885,-0.06741923838853836,-0.007386517245322466,0.00015327292494475824,0.9332023575638507,-0.015525965951383114,0.00034609826980158687,0.00015301434905268252,0.016268491744995117,0.13628409802913666,0.19719408452510834,0.5206623673439026,0.0,0.0,0.0,0.0,,,cvar,/Users/yaniszaim/deephedging/.deephedging_real_runs/final_paper_asian_panel/panel_sweeps/IWM_full_paper_grid_800_asian_call_step_robust/model_artifacts/seed_1234/risk_cvar/proto_source_spot_delta_k_100_weighted_0_learnw_0,14.0,0.05901953181717545,val_loss,0.012401414103806019,0.14871174097061157,0.0,0.0,509.0,20.0,2.0,spot_delta,100.0,False,False,0.1091223806142807,0.22423458099365234
proto_source=spot_delta_k=100_weighted=1_learnw=0,train,1234,proto,-0.013245338574051857,0.01763254404067993,-0.07356397241353989,-0.04699334874749184,-0.06524109840393066,-0.005554770119488239,0.0007374888751655814,0.9024905023216547,-0.013417122885584831,0.00037688470911234617,0.00020510141621343791,0.023588676005601883,0.3369508981704712,0.24387700855731964,0.7303619384765625,0.0,0.0,0.0,0.0,,,cvar,/Users/yaniszaim/deephedging/.deephedging_real_runs/final_paper_asian_panel/panel_sweeps/IWM_full_paper_grid_800_asian_call_step_robust/model_artifacts/seed_1234/risk_cvar/proto_source_spot_delta_k_100_weighted_1_learnw_0,47.0,0.05868107077665627,val_loss,0.017045671120285988,0.1875157207250595,0.0,0.0,2369.0,20.0,2.0,spot_delta,100.0,True,False,0.11107809841632843,0.39044833183288574
proto_source=spot_delta_k=100_weighted=1_learnw=0,val,1234,proto,-0.014770276844501495,0.019649485126137733,-0.07997052565217018,-0.05570998266339302,-0.07415343075990677,-0.006585285067558289,0.0009144559968262909,0.8954635108481263,-0.014937514439225197,0.00038131210021674633,0.00021407414169516414,0.02456590160727501,0.3414393663406372,0.2435734122991562,0.7310052514076233,0.0,0.0,0.0,0.0,,,cvar,/Users/yaniszaim/deephedging/.deephedging_real_runs/final_paper_asian_panel/panel_sweeps/IWM_full_paper_grid_800_asian_call_step_robust/model_artifacts/seed_1234/risk_cvar/proto_source_spot_delta_k_100_weighted_1_learnw_0,47.0,0.05868107077665627,val_loss,0.017045671120285988,0.1875157207250595,0.0,0.0,507.0,20.0,2.0,spot_delta,100.0,True,False,0.11107809841632843,0.39044833183288574
proto_source=spot_delta_k=100_weighted=1_learnw=0,test,1234,proto,-0.01466586347669363,0.018392790108919144,-0.07877379685640334,-0.051407321542501445,-0.06683608889579773,-0.007199350278824568,0.0006487500388175226,0.9135559921414538,-0.015525965951383114,0.001075123087503016,0.00021502065646927804,0.024721525609493256,0.33191946148872375,0.24444855749607086,0.7125825881958008,0.0,0.0,0.0,0.0,,,cvar,/Users/yaniszaim/deephedging/.deephedging_real_runs/final_paper_asian_panel/panel_sweeps/IWM_full_paper_grid_800_asian_call_step_robust/model_artifacts/seed_1234/risk_cvar/proto_source_spot_delta_k_100_weighted_1_learnw_0,47.0,0.05868107077665627,val_loss,0.017045671120285988,0.1875157207250595,0.0,0.0,509.0,20.0,2.0,spot_delta,100.0,True,False,0.11107809841632843,0.39044833183288574
proto_source=vanilla_k=10_weighted=0_learnw=0,train,1234,proto,-0.013582248240709305,0.016721613705158234,-0.07298638939857482,-0.047376579791307445,-0.06373953074216843,-0.00656881695613265,6.864083698019318e-05,0.943858168003377,-0.013417122885584831,0.00028069232939742506,0.0004458184994291514,0.029423106461763382,0.1889054924249649,0.38045015931129456,1.0,0.057988602785985645,0.057988602785985645,0.0,0.8598564795272267,,,cvar,/Users/yaniszaim/deephedging/.deephedging_real_runs/final_paper_asian_panel/panel_sweeps/IWM_full_paper_grid_800_asian_call_step_robust/model_artifacts/seed_1234/risk_cvar/proto_source_vanilla_k_10_weighted_0_learnw_0,440.0,0.0594630477251485,val_loss,0.01251641009002924,0.05973469093441963,0.0,0.0,2369.0,20.0,2.0,vanilla,10.0,False,False,0.11232016235589981,0.20094716548919678
proto_source=vanilla_k=10_weighted=0_learnw=0,val,1234,proto,-0.014985847286880016,0.019619066268205643,-0.08802400559186935,-0.04962880723178387,-0.07355958968400955,-0.00830583181232214,0.00021588945819530557,0.9408284023668639,-0.014937514439225197,0.00039728230331093073,0.0004456151509657502,0.029475288465619087,0.18876604735851288,0.3806089460849762,1.0,0.054783037475345166,0.054783037475345166,0.0,0.834319526627219,,,cvar,/Users/yaniszaim/deephedging/.deephedging_real_runs/final_paper_asian_panel/panel_sweeps/IWM_full_paper_grid_800_asian_call_step_robust/model_artifacts/seed_1234/risk_cvar/proto_source_vanilla_k_10_weighted_0_learnw_0,440.0,0.0594630477251485,val_loss,0.01251641009002924,0.05973469093441963,0.0,0.0,507.0,20.0,2.0,vanilla,10.0,False,False,0.11232016235589981,0.20094716548919678
proto_source=vanilla_k=10_weighted=0_learnw=0,test,1234,proto,-0.015220091678202152,0.017727145925164223,-0.07646714985370635,-0.04918095022439956,-0.06530164182186127,-0.007740461267530918,-0.00022150821168907104,0.9567779960707269,-0.015525965951383114,0.0007524674292653799,0.0004465933598112315,0.029459793120622635,0.18880245089530945,0.38003286719322205,1.0,0.055992141453831044,0.055992141453831044,0.0,0.8428290766208252,,,cvar,/Users/yaniszaim/deephedging/.deephedging_real_runs/final_paper_asian_panel/panel_sweeps/IWM_full_paper_grid_800_asian_call_step_robust/model_artifacts/seed_1234/risk_cvar/proto_source_vanilla_k_10_weighted_0_learnw_0,440.0,0.0594630477251485,val_loss,0.01251641009002924,0.05973469093441963,0.0,0.0,509.0,20.0,2.0,vanilla,10.0,False,False,0.11232016235589981,0.20094716548919678
proto_source=vanilla_k=10_weighted=1_learnw=0,train,1234,proto,-0.013453091494739056,0.01865972764790058,-0.07819912523031235,-0.05234505906701088,-0.06872062385082245,-0.004041347187012434,0.0003751956101041285,0.9037568594343605,-0.013417122885584831,0.00013327399210538715,0.0001692437508609146,0.010576540604233742,0.05349345877766609,0.09966146945953369,0.36507052183151245,0.0,0.0,0.0,0.0,,,cvar,/Users/yaniszaim/deephedging/.deephedging_real_runs/final_paper_asian_panel/panel_sweeps/IWM_full_paper_grid_800_asian_call_step_robust/model_artifacts/seed_1234/risk_cvar/proto_source_vanilla_k_10_weighted_1_learnw_0,1.0,0.05929860706906766,val_loss,0.010669014416635036,0.09963993728160858,0.0,0.0,2369.0,20.0,2.0,vanilla,10.0,True,False,0.07802341133356094,0.1285850554704666
proto_source=vanilla_k=10_weighted=1_learnw=0,val,1234,proto,-0.01493395958095789,0.021226877346634865,-0.09442371547222138,-0.05493867360055447,-0.07774218171834946,-0.005694890860468149,0.00027629423711914567,0.8974358974358975,-0.014937514439225197,0.0001747987262206152,0.0001712427765596658,0.010612844489514828,0.0535564199090004,0.09951432049274445,0.3646526038646698,0.0,0.0,0.0,0.0,,,cvar,/Users/yaniszaim/deephedging/.deephedging_real_runs/final_paper_asian_panel/panel_sweeps/IWM_full_paper_grid_800_asian_call_step_robust/model_artifacts/seed_1234/risk_cvar/proto_source_vanilla_k_10_weighted_1_learnw_0,1.0,0.05929860706906766,val_loss,0.010669014416635036,0.09963993728160858,0.0,0.0,507.0,20.0,2.0,vanilla,10.0,True,False,0.07802341133356094,0.1285850554704666
proto_source=vanilla_k=10_weighted=1_learnw=0,test,1234,proto,-0.015422122552990913,0.019594961777329445,-0.07712103635072708,-0.05505236685276031,-0.0699780061841011,-0.007420821115374565,0.00032155787921510565,0.8978388998035364,-0.015525965951383114,0.00027271636645309627,0.00016887334641069174,0.010565048083662987,0.05337302014231682,0.09971293807029724,0.36417293548583984,0.0,0.0,0.0,0.0,,,cvar,/Users/yaniszaim/deephedging/.deephedging_real_runs/final_paper_asian_panel/panel_sweeps/IWM_full_paper_grid_800_asian_call_step_robust/model_artifacts/seed_1234/risk_cvar/proto_source_vanilla_k_10_weighted_1_learnw_0,1.0,0.05929860706906766,val_loss,0.010669014416635036,0.09963993728160858,0.0,0.0,509.0,20.0,2.0,vanilla,10.0,True,False,0.07802341133356094,0.1285850554704666
proto_source=vanilla_k=25_weighted=0_learnw=0,train,1234,proto,-0.013539319857954979,0.0182806346565485,-0.07678343117237091,-0.05177610665559768,-0.0677579715847969,-0.00427889171987772,0.0004344756307546046,0.9130434782608695,-0.013417122885584831,0.00020952048362232745,0.0003317185037303716,0.016933998093008995,0.08829989284276962,0.16783125698566437,0.555576503276825,0.0,0.0,0.0,0.0,,,cvar,/Users/yaniszaim/deephedging/.deephedging_real_runs/final_paper_asian_panel/panel_sweeps/IWM_full_paper_grid_800_asian_call_step_robust/model_artifacts/seed_1234/risk_cvar/proto_source_vanilla_k_25_weighted_0_learnw_0,5.0,0.05949391136877239,val_loss,0.01771717332303524,0.2001008540391922,0.0,0.0,2369.0,20.0,2.0,vanilla,25.0,False,False,0.09515614807605743,0.15346018970012665
proto_source=vanilla_k=25_weighted=0_learnw=0,val,1234,proto,-0.015003034844994545,0.02080846205353737,-0.09315378680825233,-0.05420019067823887,-0.07663735747337341,-0.006198040675371885,0.00037857689894735806,0.903353057199211,-0.014937514439225197,0.0002667164371814579,0.0003322373959235847,0.016941051930189133,0.0854787826538086,0.16776761412620544,0.5555758476257324,0.0,0.0,0.0,0.0,,,cvar,/Users/yaniszaim/deephedging/.deephedging_real_runs/final_paper_asian_panel/panel_sweeps/IWM_full_paper_grid_800_asian_call_step_robust/model_artifacts/seed_1234/risk_cvar/proto_source_vanilla_k_25_weighted_0_learnw_0,5.0,0.05949391136877239,val_loss,0.01771717332303524,0.2001008540391922,0.0,0.0,507.0,20.0,2.0,vanilla,25.0,False,False,0.09515614807605743,0.15346018970012665
proto_source=vanilla_k=25_weighted=0_learnw=0,test,1234,proto,-0.015437690541148186,0.01921934075653553,-0.07572287857532502,-0.05437227413058281,-0.06910110265016556,-0.007612520828843117,0.0004296216822694975,0.9115913555992141,-0.015525965951383114,0.0004199886752758175,0.0003317127993796021,0.016937552019953728,0.086102694272995,0.16781754791736603,0.5555744767189026,0.0,0.0,0.0,0.0,,,cvar,/Users/yaniszaim/deephedging/.deephedging_real_runs/final_paper_asian_panel/panel_sweeps/IWM_full_paper_grid_800_asian_call_step_robust/model_artifacts/seed_1234/risk_cvar/proto_source_vanilla_k_25_weighted_0_learnw_0,5.0,0.05949391136877239,val_loss,0.01771717332303524,0.2001008540391922,0.0,0.0,509.0,20.0,2.0,vanilla,25.0,False,False,0.09515614807605743,0.15346018970012665
proto_source=vanilla_k=25_weighted=1_learnw=0,train,1234,proto,-0.013578592799603939,0.01863633655011654,-0.07967471092939377,-0.052682431787252425,-0.06876663118600845,-0.004666142165660858,0.0013704408891498988,0.8636555508653441,-0.013417122885584831,0.00019521164358593524,0.0003566823434084654,0.019318103790283203,0.09293854236602783,0.15924039483070374,0.511581301689148,0.0,0.0,0.0,0.0,,,cvar,/Users/yaniszaim/deephedging/.deephedging_real_runs/final_paper_asian_panel/panel_sweeps/IWM_full_paper_grid_800_asian_call_step_robust/model_artifacts/seed_1234/risk_cvar/proto_source_vanilla_k_25_weighted_1_learnw_0,5.0,0.059581646546721455,val_loss,0.018113628029823303,0.21291552484035492,0.0,0.0,2369.0,20.0,2.0,vanilla,25.0,True,False,0.10610780864953995,0.1588926464319229
proto_source=vanilla_k=25_weighted=1_learnw=0,val,1234,proto,-0.015059476718306541,0.021202614530920982,-0.09351849883794784,-0.05522766709327698,-0.0776340514421463,-0.00616781460121274,0.0010928245144896204,0.8796844181459567,-0.014937514439225197,0.00023477200011257082,0.0003567348176147789,0.019317112863063812,0.0927247405052185,0.15916286408901215,0.5113822221755981,0.0,0.0,0.0,0.0,,,cvar,/Users/yaniszaim/deephedging/.deephedging_real_runs/final_paper_asian_panel/panel_sweeps/IWM_full_paper_grid_800_asian_call_step_robust/model_artifacts/seed_1234/risk_cvar/proto_source_vanilla_k_25_weighted_1_learnw_0,5.0,0.059581646546721455,val_loss,0.018113628029823303,0.21291552484035492,0.0,0.0,507.0,20.0,2.0,vanilla,25.0,True,False,0.10610780864953995,0.1588926464319229
proto_source=vanilla_k=25_weighted=1_learnw=0,test,1234,proto,-0.01546679437160492,0.0195073913782835,-0.07573457449674606,-0.055114693194627765,-0.06961368769407272,-0.00766587071120739,0.001345367776229977,0.8506876227897839,-0.015525965951383114,0.00041546288412064314,0.000356290431227535,0.019317783415317535,0.09277252107858658,0.15926524996757507,0.5118579864501953,0.0,0.0,0.0,0.0,,,cvar,/Users/yaniszaim/deephedging/.deephedging_real_runs/final_paper_asian_panel/panel_sweeps/IWM_full_paper_grid_800_asian_call_step_robust/model_artifacts/seed_1234/risk_cvar/proto_source_vanilla_k_25_weighted_1_learnw_0,5.0,0.059581646546721455,val_loss,0.018113628029823303,0.21291552484035492,0.0,0.0,509.0,20.0,2.0,vanilla,25.0,True,False,0.10610780864953995,0.1588926464319229
proto_source=vanilla_k=50_weighted=0_learnw=0,train,1234,proto,-0.013509568758308887,0.01918087713420391,-0.08054344415664673,-0.05299188122153282,-0.06993009150028229,-0.0038207483012229204,8.497831586282689e-05,0.8746306458421275,-0.013417122885584831,1.441688482373138e-06,9.388838952872902e-05,0.0014476529322564602,0.03825543448328972,0.021170593798160553,0.03847122564911842,0.0,0.0,0.0,0.0,,,cvar,/Users/yaniszaim/deephedging/.deephedging_real_runs/final_paper_asian_panel/panel_sweeps/IWM_full_paper_grid_800_asian_call_step_robust/model_artifacts/seed_1234/risk_cvar/proto_source_vanilla_k_50_weighted_0_learnw_0,15.0,0.05889828543702606,val_loss,0.0012110202806070447,0.018948951736092567,0.0,0.0,2369.0,20.0,2.0,vanilla,50.0,False,False,0.07412616163492203,0.1534024029970169
proto_source=vanilla_k=50_weighted=0_learnw=0,val,1234,proto,-0.015041287057101727,0.02175086922943592,-0.09708185389637947,-0.05594198666512966,-0.07932762801647186,-0.006024222355335951,3.979292305302796e-05,0.9191321499013807,-0.014937514439225197,-9.958194823411759e-06,9.381487325299531e-05,0.0014354651793837547,0.03815121203660965,0.02093920297920704,0.03815121203660965,0.0,0.0,0.0,0.0,,,cvar,/Users/yaniszaim/deephedging/.deephedging_real_runs/final_paper_asian_panel/panel_sweeps/IWM_full_paper_grid_800_asian_call_step_robust/model_artifacts/seed_1234/risk_cvar/proto_source_vanilla_k_50_weighted_0_learnw_0,15.0,0.05889828543702606,val_loss,0.0012110202806070447,0.018948951736092567,0.0,0.0,507.0,20.0,2.0,vanilla,50.0,False,False,0.07412616163492203,0.1534024029970169
proto_source=vanilla_k=50_weighted=0_learnw=0,test,1234,proto,-0.015613928437232971,0.02017946168780327,-0.08236261457204819,-0.05637589544057846,-0.07174237817525864,-0.007245354820042849,0.00010693527437979355,0.8781925343811395,-0.015525965951383114,5.747612703999039e-06,9.37110889935866e-05,0.0014477863442152739,0.0381743386387825,0.021213987842202187,0.0381743386387825,0.0,0.0,0.0,0.0,,,cvar,/Users/yaniszaim/deephedging/.deephedging_real_runs/final_paper_asian_panel/panel_sweeps/IWM_full_paper_grid_800_asian_call_step_robust/model_artifacts/seed_1234/risk_cvar/proto_source_vanilla_k_50_weighted_0_learnw_0,15.0,0.05889828543702606,val_loss,0.0012110202806070447,0.018948951736092567,0.0,0.0,509.0,20.0,2.0,vanilla,50.0,False,False,0.07412616163492203,0.1534024029970169
proto_source=vanilla_k=50_weighted=1_learnw=0,train,1234,proto,-0.013561340980231762,0.01768449693918228,-0.07592293500900268,-0.05037469416856766,-0.06614401936531067,-0.0053389049135148525,0.0008600014494732018,0.9096665259603208,-0.013417122885584831,0.0003572774294298142,0.0005014953203499317,0.02807876281440258,0.09109189361333847,0.28436189889907837,0.9542526006698608,0.0,0.0,0.0,0.0,,,cvar,/Users/yaniszaim/deephedging/.deephedging_real_runs/final_paper_asian_panel/panel_sweeps/IWM_full_paper_grid_800_asian_call_step_robust/model_artifacts/seed_1234/risk_cvar/proto_source_vanilla_k_50_weighted_1_learnw_0,276.0,0.06808361296262776,val_loss,0.02729552425444126,0.3576323688030243,0.07357001972386588,1.0,2369.0,20.0,2.0,vanilla,50.0,True,False,0.14361613988876343,0.31753772497177124
proto_source=vanilla_k=50_weighted=1_learnw=0,val,1234,proto,-0.014982138760387897,0.02016453631222248,-0.09034985423088074,-0.052971151471138,-0.07466293126344681,-0.006622296292334795,0.0006545388081576664,0.903353057199211,-0.014937514439225197,0.0004571951867546886,0.0005018201773054898,0.02806488610804081,0.09083165973424911,0.2845313251018524,0.9543242454528809,0.0,0.0,0.0,0.0,,,cvar,/Users/yaniszaim/deephedging/.deephedging_real_runs/final_paper_asian_panel/panel_sweeps/IWM_full_paper_grid_800_asian_call_step_robust/model_artifacts/seed_1234/risk_cvar/proto_source_vanilla_k_50_weighted_1_learnw_0,276.0,0.06808361296262776,val_loss,0.02729552425444126,0.3576323688030243,0.07357001972386588,1.0,507.0,20.0,2.0,vanilla,50.0,True,False,0.14361613988876343,0.31753772497177124
proto_source=vanilla_k=50_weighted=1_learnw=0,test,1234,proto,-0.01531185582280159,0.018571263179183006,-0.07391384690999984,-0.05308433622121811,-0.06726858764886856,-0.0077240727841854095,0.0008865310461260358,0.9096267190569745,-0.015525965951383114,0.0007159598171710968,0.0005018489900976419,0.028082922101020813,0.09089084714651108,0.28431442379951477,0.9535982608795166,0.0,0.0,0.0,0.0,,,cvar,/Users/yaniszaim/deephedging/.deephedging_real_runs/final_paper_asian_panel/panel_sweeps/IWM_full_paper_grid_800_asian_call_step_robust/model_artifacts/seed_1234/risk_cvar/proto_source_vanilla_k_50_weighted_1_learnw_0,276.0,0.06808361296262776,val_loss,0.02729552425444126,0.3576323688030243,0.07357001972386588,1.0,509.0,20.0,2.0,vanilla,50.0,True,False,0.14361613988876343,0.31753772497177124
proto_source=vanilla_k=100_weighted=0_learnw=0,train,1234,proto,-0.013372037559747696,0.017801135778427124,-0.0748204642534256,-0.05000192224979401,-0.06625531613826752,-0.004590965341776609,0.0003565870807506141,0.9273955255382018,-0.013417122885584831,0.0002832766040228307,0.0002381916856393218,0.019999997690320015,0.09524226933717728,0.2151695340871811,0.7948183417320251,0.0,0.0,0.0,0.0,,,cvar,/Users/yaniszaim/deephedging/.deephedging_real_runs/final_paper_asian_panel/panel_sweeps/IWM_full_paper_grid_800_asian_call_step_robust/model_artifacts/seed_1234/risk_cvar/proto_source_vanilla_k_100_weighted_0_learnw_0,5.0,0.059915708694607016,val_loss,0.021990198642015457,0.2550877034664154,0.0,0.0,2369.0,20.0,2.0,vanilla,100.0,False,False,0.09306614845991135,0.16351784765720367
proto_source=vanilla_k=100_weighted=0_learnw=0,val,1234,proto,-0.014812437817454338,0.020282184705138206,-0.09191839337348938,-0.05341358818113804,-0.07500825822353363,-0.006020766217261553,0.00027174752322025594,0.9211045364891519,-0.014937514439225197,0.0003630233113653958,0.00023794674780219793,0.020006168633699417,0.09656792879104614,0.21532034873962402,0.7948126792907715,0.0,0.0,0.0,0.0,,,cvar,/Users/yaniszaim/deephedging/.deephedging_real_runs/final_paper_asian_panel/panel_sweeps/IWM_full_paper_grid_800_asian_call_step_robust/model_artifacts/seed_1234/risk_cvar/proto_source_vanilla_k_100_weighted_0_learnw_0,5.0,0.059915708694607016,val_loss,0.021990198642015457,0.2550877034664154,0.0,0.0,507.0,20.0,2.0,vanilla,100.0,False,False,0.09306614845991135,0.16351784765720367
proto_source=vanilla_k=100_weighted=0_learnw=0,test,1234,proto,-0.015172874554991722,0.01870698295533657,-0.07590350717306137,-0.05382421910762787,-0.06758803874254227,-0.0070334626361727715,0.00045645006466656904,0.9135559921414538,-0.015525965951383114,0.0005914053763262928,0.0002383157261647284,0.01999601721763611,0.09827236086130142,0.21504254639148712,0.7947115898132324,0.0,0.0,0.0,0.0,,,cvar,/Users/yaniszaim/deephedging/.deephedging_real_runs/final_paper_asian_panel/panel_sweeps/IWM_full_paper_grid_800_asian_call_step_robust/model_artifacts/seed_1234/risk_cvar/proto_source_vanilla_k_100_weighted_0_learnw_0,5.0,0.059915708694607016,val_loss,0.021990198642015457,0.2550877034664154,0.0,0.0,509.0,20.0,2.0,vanilla,100.0,False,False,0.09306614845991135,0.16351784765720367
proto_source=vanilla_k=100_weighted=1_learnw=0,train,1234,proto,-0.014079972170293331,0.01714257523417473,-0.07412147283554077,-0.04899580255150795,-0.06504014879465103,-0.006016476545482874,-0.0005713671213015924,0.9780498100464331,-0.013417122885584831,0.00028565540560521185,0.000948503555264324,0.03193029761314392,0.17062830924987793,0.3550598621368408,1.0,0.010922330097087379,0.010922330097087379,0.0,0.28028704094554663,,,cvar,/Users/yaniszaim/deephedging/.deephedging_real_runs/final_paper_asian_panel/panel_sweeps/IWM_full_paper_grid_800_asian_call_step_robust/model_artifacts/seed_1234/risk_cvar/proto_source_vanilla_k_100_weighted_1_learnw_0,307.0,0.06135241948068142,val_loss,0.03015969693660736,0.3528330624103546,0.0,0.0,2369.0,20.0,2.0,vanilla,100.0,True,False,0.1235262081027031,0.25846222043037415
proto_source=vanilla_k=100_weighted=1_learnw=0,val,1234,proto,-0.015357294119894505,0.01952364109456539,-0.0922038385272026,-0.05173587426543236,-0.07360124588012695,-0.007194682490080595,-0.0004991908906958998,0.9783037475345168,-0.014937514439225197,0.000529896526131779,0.0009496757411397994,0.03188823536038399,0.17042315006256104,0.35364797711372375,1.0,0.009516765285996055,0.009516765285996055,0.0,0.27613412228796846,,,cvar,/Users/yaniszaim/deephedging/.deephedging_real_runs/final_paper_asian_panel/panel_sweeps/IWM_full_paper_grid_800_asian_call_step_robust/model_artifacts/seed_1234/risk_cvar/proto_source_vanilla_k_100_weighted_1_learnw_0,307.0,0.06135241948068142,val_loss,0.03015969693660736,0.3528330624103546,0.0,0.0,507.0,20.0,2.0,vanilla,100.0,True,False,0.1235262081027031,0.25846222043037415
proto_source=vanilla_k=100_weighted=1_learnw=0,test,1234,proto,-0.015793779864907265,0.01815343275666237,-0.07711444288492203,-0.051944341510534286,-0.06704561412334442,-0.008046621456742287,-0.0006416494725272071,0.9705304518664047,-0.015525965951383114,0.0006806879537180066,0.0009485007030889392,0.03189923241734505,0.17051362991333008,0.3542234003543854,1.0,0.010216110019646365,0.010216110019646365,0.0,0.28094302554027506,,,cvar,/Users/yaniszaim/deephedging/.deephedging_real_runs/final_paper_asian_panel/panel_sweeps/IWM_full_paper_grid_800_asian_call_step_robust/model_artifacts/seed_1234/risk_cvar/proto_source_vanilla_k_100_weighted_1_learnw_0,307.0,0.06135241948068142,val_loss,0.03015969693660736,0.3528330624103546,0.0,0.0,509.0,20.0,2.0,vanilla,100.0,True,False,0.1235262081027031,0.25846222043037415
unhedged,train,2345,baseline,-0.013629855588078499,0.0193677619099617,-0.07710946559906005,-0.053106689453125,-0.07042399048805237,-0.004221916198730469,-0.0,0.5715491768678768,-0.013629855588078499,0.0,0.0,0.0,0.0,0.0,0.0,0.0,0.0,0.0,0.0,,,,,,,,,,,,,,,,,,,,
spot_delta,train,2345,baseline,-0.013644931837916374,0.018126720562577248,-0.07238109767436982,-0.04935263991355896,-0.0652175173163414,-0.008056933991611004,0.0050894775427877854,0.8003376952300548,-0.013629855588078499,0.00014014999032951891,0.00015522688045166433,0.019358066841959953,0.584227979183197,0.25831282138824463,0.5917689800262451,0.0,0.0,0.0,0.0,,,,,,,,,,,,,,,,,,,,
spot_delta_band,train,2345,baseline,-0.013571124523878098,0.018053531646728516,-0.07159442633390427,-0.04947852790355682,-0.06544283777475357,-0.007710018195211887,0.0045248881913721554,0.8087800759814268,-0.013629855588078499,0.00015660027565900236,9.787022281670943e-05,0.012232944369316101,0.5342279672622681,0.24165412783622742,0.5417689681053162,0.0,0.0,0.0,0.0,0.05,gains_mean,,,,,,,,,,,,,,,,,,
unhedged,val,2345,baseline,-0.013849038630723953,0.019594794139266014,-0.06797642230987548,-0.05294039249420166,-0.06903554499149323,-0.0037636756896972656,-0.0,0.5621301775147929,-0.013849038630723953,0.0,0.0,0.0,0.0,0.0,0.0,0.0,0.0,0.0,0.0,,,,,,,,,,,,,,,,,,,,
spot_delta,val,2345,baseline,-0.01363938208669424,0.018395259976387024,-0.06933895140886306,-0.048271487653255465,-0.06483771651983261,-0.008049501106142998,0.004429713403806089,0.7790927021696252,-0.013849038630723953,0.0003645703545771539,0.0001549137377878651,0.01931527629494667,0.5942999720573425,0.25856995582580566,0.5942999720573425,0.0,0.0,0.0,0.0,,,,,,,,,,,,,,,,,,,,
spot_delta_band,val,2345,baseline,-0.013546275906264782,0.01822882518172264,-0.06749953985214234,-0.04884879067540169,-0.06399346143007278,-0.007600393611937761,0.0039465630892664165,0.7909270216962525,-0.013849038630723953,0.0004007570678368211,9.7994867246598e-05,0.012247061356902122,0.5442999601364136,0.24172967672348022,0.5442999601364136,0.0,0.0,0.0,0.0,0.05,gains_mean,,,,,,,,,,,,,,,,,,
unhedged,test,2345,baseline,-0.015620055608451366,0.02153979241847992,-0.08927038669586182,-0.05801498889923096,-0.0791391059756279,-0.006001472473144531,-0.0,0.587426326129666,-0.015620055608451366,0.0,0.0,0.0,0.0,0.0,0.0,0.0,0.0,0.0,0.0,,,,,,,,,,,,,,,,,,,,
spot_delta,test,2345,baseline,-0.015695054084062576,0.020687701180577278,-0.09050491541624069,-0.05784360989928245,-0.07686764001846313,-0.009183691814541817,0.0040818989276885905,0.7956777996070727,-0.015620055608451366,8.000622619874775e-05,0.00015500395966228098,0.019323397427797318,0.5744969844818115,0.25844255089759827,0.5917689800262451,0.0,0.0,0.0,0.0,,,,,,,,,,,,,,,,,,,,
spot_delta_band,test,2345,baseline,-0.015658577904105186,0.020544959232211113,-0.09277226954698563,-0.0567158743739128,-0.07620418071746826,-0.008666947484016418,0.003492638422176237,0.8015717092337917,-0.015620055608451366,5.927598976995796e-05,9.779603715287521e-05,0.0122244106605649,0.5244969725608826,0.24146923422813416,0.5417689681053162,0.0,0.0,0.0,0.0,0.05,gains_mean,,,,,,,,,,,,,,,,,,
vanilla,train,2345,vanilla,-0.013509620912373066,0.017963798716664314,-0.07331077635288238,-0.05045816898345947,-0.06667536497116089,-0.004531964659690857,-2.0499342645052825e-05,0.9544111439425919,-0.013629855588078499,0.00026096872170455754,0.00014073408965487033,0.016241852194070816,0.04520467668771744,0.19161316752433777,0.6534339189529419,0.0,0.0,0.0,0.0,,,cvar,/Users/yaniszaim/deephedging/.deephedging_real_runs/final_paper_asian_panel/panel_sweeps/IWM_full_paper_grid_800_asian_call_step_robust/model_artifacts/seed_2345/risk_cvar/vanilla,116.0,0.055685641393065456,val_loss,0.01634611189365387,0.19331692159175873,0.0,0.0,2369.0,20.0,2.0,,,,,,
vanilla,val,2345,vanilla,-0.013729452155530453,0.018180767074227333,-0.06372882425785065,-0.05036485716700554,-0.0654965341091156,-0.004363709129393101,-7.283093218575263e-05,0.9585798816568047,-0.013849038630723953,0.0002602993045002222,0.00014071277109906077,0.016237378120422363,0.04520503431558609,0.1915629357099533,0.6513285636901855,0.0,0.0,0.0,0.0,,,cvar,/Users/yaniszaim/deephedging/.deephedging_real_runs/final_paper_asian_panel/panel_sweeps/IWM_full_paper_grid_800_asian_call_step_robust/model_artifacts/seed_2345/risk_cvar/vanilla,116.0,0.055685641393065456,val_loss,0.01634611189365387,0.19331692159175873,0.0,0.0,507.0,20.0,2.0,,,,,,
vanilla,test,2345,vanilla,-0.01537544745951891,0.02001756802201271,-0.08440672814846038,-0.05533377155661583,-0.07486143708229065,-0.006219169124960899,-0.00020124709408264672,0.9685658153241651,-0.015620055608451366,0.000385439459932968,0.00014083021960686892,0.01623779907822609,0.0451970100402832,0.1915331482887268,0.6521041393280029,0.0,0.0,0.0,0.0,,,cvar,/Users/yaniszaim/deephedging/.deephedging_real_runs/final_paper_asian_panel/panel_sweeps/IWM_full_paper_grid_800_asian_call_step_robust/model_artifacts/seed_2345/risk_cvar/vanilla,116.0,0.055685641393065456,val_loss,0.01634611189365387,0.19331692159175873,0.0,0.0,509.0,20.0,2.0,,,,,,
proto_source=spot_delta_k=10_weighted=0_learnw=0,train,2345,proto,-0.013581004925072193,0.018360279500484467,-0.07420431226491928,-0.051305732876062396,-0.06778715550899506,-0.004396804608404636,-2.507018580217849e-05,0.9527226677923174,-0.013629855588078499,0.0001315027620876208,8.265268115792423e-05,0.009547179564833641,0.07656168937683105,0.1193828284740448,0.3491869866847992,0.0,0.0,0.0,0.0,,,cvar,/Users/yaniszaim/deephedging/.deephedging_real_runs/final_paper_asian_panel/panel_sweeps/IWM_full_paper_grid_800_asian_call_step_robust/model_artifacts/seed_2345/risk_cvar/proto_source_spot_delta_k_10_weighted_0_learnw_0,4.0,0.05535906729288399,val_loss,0.008954966440796852,0.1120050698518753,0.0,0.0,2369.0,20.0,2.0,spot_delta,10.0,False,False,0.08428682386875153,0.14878150820732117
proto_source=spot_delta_k=10_weighted=0_learnw=0,val,2345,proto,-0.013800718821585178,0.01868618093430996,-0.06647600546479225,-0.051239441335201266,-0.066868856549263,-0.0039231921546161175,-2.4829811445670428e-05,0.9526627218934911,-0.013849038630723953,0.00013186682190280408,8.354713645530865e-05,0.009623859077692032,0.07194972783327103,0.11900922656059265,0.3480725884437561,0.0,0.0,0.0,0.0,,,cvar,/Users/yaniszaim/deephedging/.deephedging_real_runs/final_paper_asian_panel/panel_sweeps/IWM_full_paper_grid_800_asian_call_step_robust/model_artifacts/seed_2345/risk_cvar/proto_source_spot_delta_k_10_weighted_0_learnw_0,4.0,0.05535906729288399,val_loss,0.008954966440796852,0.1120050698518753,0.0,0.0,507.0,20.0,2.0,spot_delta,10.0,False,False,0.08428682386875153,0.14878150820732117
proto_source=spot_delta_k=10_weighted=0_learnw=0,test,2345,proto,-0.015484213829040527,0.020399922505021095,-0.08611776024103164,-0.05548121184110641,-0.07606630027294159,-0.005889127962291241,-1.9917803729186184e-05,0.9508840864440079,-0.015620055608451366,0.00021977016876917332,8.392851304961368e-05,0.009647993370890617,0.07422768324613571,0.11865810304880142,0.3471646308898926,0.0,0.0,0.0,0.0,,,cvar,/Users/yaniszaim/deephedging/.deephedging_real_runs/final_paper_asian_panel/panel_sweeps/IWM_full_paper_grid_800_asian_call_step_robust/model_artifacts/seed_2345/risk_cvar/proto_source_spot_delta_k_10_weighted_0_learnw_0,4.0,0.05535906729288399,val_loss,0.008954966440796852,0.1120050698518753,0.0,0.0,509.0,20.0,2.0,spot_delta,10.0,False,False,0.08428682386875153,0.14878150820732117
proto_source=spot_delta_k=10_weighted=1_learnw=0,train,2345,proto,-0.01357035618275404,0.018355438485741615,-0.0737823224067688,-0.05117145925760269,-0.06772199273109436,-0.004503119736909866,-3.772494237637157e-05,0.9527226677923174,-0.013629855588078499,0.00015819689724594355,9.86986851785332e-05,0.010022861883044243,0.07494764029979706,0.1327168047428131,0.381803423166275,0.0,0.0,0.0,0.0,,,cvar,/Users/yaniszaim/deephedging/.deephedging_real_runs/final_paper_asian_panel/panel_sweeps/IWM_full_paper_grid_800_asian_call_step_robust/model_artifacts/seed_2345/risk_cvar/proto_source_spot_delta_k_10_weighted_1_learnw_0,4.0,0.055389014235697684,val_loss,0.00996012520045042,0.12613089382648468,0.0,0.0,2369.0,20.0,2.0,spot_delta,10.0,True,False,0.08918563276529312,0.1427631676197052
proto_source=spot_delta_k=10_weighted=1_learnw=0,val,2345,proto,-0.013819502666592598,0.018680710345506668,-0.06586080864071846,-0.0511417243629694,-0.06687424331903458,-0.0038778879679739475,-6.407535620382989e-05,0.9566074950690335,-0.013849038630723953,0.00012839048577006906,9.885426698019728e-05,0.010025967843830585,0.06059999763965607,0.13256970047950745,0.3819468021392822,0.0,0.0,0.0,0.0,,,cvar,/Users/yaniszaim/deephedging/.deephedging_real_runs/final_paper_asian_panel/panel_sweeps/IWM_full_paper_grid_800_asian_call_step_robust/model_artifacts/seed_2345/risk_cvar/proto_source_spot_delta_k_10_weighted_1_learnw_0,4.0,0.055389014235697684,val_loss,0.00996012520045042,0.12613089382648468,0.0,0.0,507.0,20.0,2.0,spot_delta,10.0,True,False,0.08918563276529312,0.1427631676197052
proto_source=spot_delta_k=10_weighted=1_learnw=0,test,2345,proto,-0.015478814020752907,0.02038303017616272,-0.08578431099653244,-0.055808769166469575,-0.07606204599142075,-0.005943933967500925,-0.0001712561555905269,0.9666011787819253,-0.015620055608451366,0.0002398711076239124,9.862952720141038e-05,0.010006705299019814,0.06833019852638245,0.13231313228607178,0.380933552980423,0.0,0.0,0.0,0.0,,,cvar,/Users/yaniszaim/deephedging/.deephedging_real_runs/final_paper_asian_panel/panel_sweeps/IWM_full_paper_grid_800_asian_call_step_robust/model_artifacts/seed_2345/risk_cvar/proto_source_spot_delta_k_10_weighted_1_learnw_0,4.0,0.055389014235697684,val_loss,0.00996012520045042,0.12613089382648468,0.0,0.0,509.0,20.0,2.0,spot_delta,10.0,True,False,0.08918563276529312,0.1427631676197052
proto_source=spot_delta_k=25_weighted=0_learnw=0,train,2345,proto,-0.013608606532216072,0.017993222922086716,-0.0735781455039978,-0.05080808997154236,-0.0666797012090683,-0.004914793651551008,9.04918066225944e-05,0.9413254537779654,-0.013629855588078499,0.00021024243324063718,0.00018899410497397184,0.013581395149230957,0.08093664050102234,0.161668598651886,0.7102255821228027,0.0,0.0,0.0,0.0,,,cvar,/Users/yaniszaim/deephedging/.deephedging_real_runs/final_paper_asian_panel/panel_sweeps/IWM_full_paper_grid_800_asian_call_step_robust/model_artifacts/seed_2345/risk_cvar/proto_source_spot_delta_k_25_weighted_0_learnw_0,9.0,0.055509937703609465,val_loss,0.012782394886016846,0.15276044607162476,0.0,0.0,2369.0,20.0,2.0,spot_delta,25.0,False,False,0.054397102445364,0.13656821846961975
proto_source=spot_delta_k=25_weighted=0_learnw=0,val,2345,proto,-0.013952042907476425,0.01807516999542713,-0.06478440374135971,-0.05085956230759621,-0.06493287533521652,-0.004942500032484531,-5.62899076612708e-06,0.9487179487179487,-0.013849038630723953,9.018131095217541e-05,0.00019318622071295977,0.013705143705010414,0.08112293481826782,0.1624533087015152,0.6775912046432495,0.0,0.0,0.0,0.0,,,cvar,/Users/yaniszaim/deephedging/.deephedging_real_runs/final_paper_asian_panel/panel_sweeps/IWM_full_paper_grid_800_asian_call_step_robust/model_artifacts/seed_2345/risk_cvar/proto_source_spot_delta_k_25_weighted_0_learnw_0,9.0,0.055509937703609465,val_loss,0.012782394886016846,0.15276044607162476,0.0,0.0,507.0,20.0,2.0,spot_delta,25.0,False,False,0.054397102445364,0.13656821846961975
proto_source=spot_delta_k=25_weighted=0_learnw=0,test,2345,proto,-0.015475841239094734,0.01989058405160904,-0.08504091531038284,-0.055331365764141084,-0.07451348006725311,-0.005801786668598652,-0.0001770512957591564,0.962671905697446,-0.015620055608451366,0.0003371521597728133,0.0001929370773723349,0.013578108511865139,0.08021995425224304,0.1623813658952713,0.6496862769126892,0.0,0.0,0.0,0.0,,,cvar,/Users/yaniszaim/deephedging/.deephedging_real_runs/final_paper_asian_panel/panel_sweeps/IWM_full_paper_grid_800_asian_call_step_robust/model_artifacts/seed_2345/risk_cvar/proto_source_spot_delta_k_25_weighted_0_learnw_0,9.0,0.055509937703609465,val_loss,0.012782394886016846,0.15276044607162476,0.0,0.0,509.0,20.0,2.0,spot_delta,25.0,False,False,0.054397102445364,0.13656821846961975
proto_source=spot_delta_k=25_weighted=1_learnw=0,train,2345,proto,-0.013578343205153942,0.01775236614048481,-0.07284422993659974,-0.05006403997540474,-0.06594356894493103,-0.005245564505457878,0.0002755303634330619,0.9214858590122414,-0.013629855588078499,0.00019239340326748788,0.00014088173338677734,0.012736785225570202,0.08114483952522278,0.19495858252048492,0.6547914147377014,0.0,0.0,0.0,0.0,,,cvar,/Users/yaniszaim/deephedging/.deephedging_real_runs/final_paper_asian_panel/panel_sweeps/IWM_full_paper_grid_800_asian_call_step_robust/model_artifacts/seed_2345/risk_cvar/proto_source_spot_delta_k_25_weighted_1_learnw_0,7.0,0.055483901621773836,val_loss,0.011905396357178688,0.13431954383850098,0.0,0.0,2369.0,20.0,2.0,spot_delta,25.0,True,False,0.06798045337200165,0.11705751717090607
proto_source=spot_delta_k=25_weighted=1_learnw=0,val,2345,proto,-0.013736843131482601,0.01785179413855076,-0.06331392601132393,-0.049791221693158146,-0.06392574310302734,-0.005528375972062349,0.0003666453063488006,0.9053254437869822,-0.013849038630723953,0.0002537591499276459,0.00014156430552247912,0.012836959213018417,0.08107250928878784,0.19534452259540558,0.6424432992935181,0.0,0.0,0.0,0.0,,,cvar,/Users/yaniszaim/deephedging/.deephedging_real_runs/final_paper_asian_panel/panel_sweeps/IWM_full_paper_grid_800_asian_call_step_robust/model_artifacts/seed_2345/risk_cvar/proto_source_spot_delta_k_25_weighted_1_learnw_0,7.0,0.055483901621773836,val_loss,0.011905396357178688,0.13431954383850098,0.0,0.0,507.0,20.0,2.0,spot_delta,25.0,True,False,0.06798045337200165,0.11705751717090607
proto_source=spot_delta_k=25_weighted=1_learnw=0,test,2345,proto,-0.01540013775229454,0.01964743435382843,-0.0838848578929901,-0.05395752117037773,-0.07368200272321701,-0.006778724491596222,0.0002755327033810311,0.9332023575638507,-0.015620055608451366,0.00035935259074904025,0.00013943534577265382,0.012714652344584465,0.0813235342502594,0.19537104666233063,0.5905120968818665,0.0,0.0,0.0,0.0,,,cvar,/Users/yaniszaim/deephedging/.deephedging_real_runs/final_paper_asian_panel/panel_sweeps/IWM_full_paper_grid_800_asian_call_step_robust/model_artifacts/seed_2345/risk_cvar/proto_source_spot_delta_k_25_weighted_1_learnw_0,7.0,0.055483901621773836,val_loss,0.011905396357178688,0.13431954383850098,0.0,0.0,509.0,20.0,2.0,spot_delta,25.0,True,False,0.06798045337200165,0.11705751717090607
proto_source=spot_delta_k=50_weighted=0_learnw=0,train,2345,proto,-0.013683877885341644,0.017512740567326546,-0.07063148379325866,-0.04909805655479431,-0.06430640071630478,-0.00528794527053833,-0.0004950104746967555,0.9898691430983537,-0.013629855588078499,0.0002459477400407195,0.0002999707357957959,0.0159965418279171,0.13155293464660645,0.16674038767814636,1.0,0.010700717602363867,0.010679611650485437,2.1105951878429718e-05,0.12368087800759814,,,cvar,/Users/yaniszaim/deephedging/.deephedging_real_runs/final_paper_asian_panel/panel_sweeps/IWM_full_paper_grid_800_asian_call_step_robust/model_artifacts/seed_2345/risk_cvar/proto_source_spot_delta_k_50_weighted_0_learnw_0,5.0,0.05894109295153921,val_loss,0.022382566705346107,0.26227763295173645,0.029043392504930966,0.2504930966469428,2369.0,20.0,2.0,spot_delta,50.0,False,False,0.06317473202943802,0.14598488807678223
proto_source=spot_delta_k=50_weighted=0_learnw=0,val,2345,proto,-0.014012469910085201,0.017635982483625412,-0.0626976078748703,-0.048985285311937334,-0.06275661289691925,-0.005613634362816811,-0.00043810305069200703,0.9881656804733728,-0.013849038630723953,0.0001439684710931033,0.00030740007059648633,0.016335463151335716,0.13154923915863037,0.16873568296432495,1.0,0.011341222879684419,0.011341222879684419,0.0,0.14201183431952663,,,cvar,/Users/yaniszaim/deephedging/.deephedging_real_runs/final_paper_asian_panel/panel_sweeps/IWM_full_paper_grid_800_asian_call_step_robust/model_artifacts/seed_2345/risk_cvar/proto_source_spot_delta_k_50_weighted_0_learnw_0,5.0,0.05894109295153921,val_loss,0.022382566705346107,0.26227763295173645,0.029043392504930966,0.2504930966469428,507.0,20.0,2.0,spot_delta,50.0,False,False,0.06317473202943802,0.14598488807678223
proto_source=spot_delta_k=50_weighted=0_learnw=0,test,2345,proto,-0.01555002573877573,0.019236112013459206,-0.08200252175331116,-0.052867288887500766,-0.07180815190076828,-0.006783489603549242,-0.000628740852698684,0.9901768172888016,-0.015620055608451366,0.0003809503105003387,0.0003109200915787369,0.016678260639309883,0.13155296444892883,0.17511773109436035,1.0,0.014882121807465619,0.014882121807465619,0.0,0.15520628683693516,,,cvar,/Users/yaniszaim/deephedging/.deephedging_real_runs/final_paper_asian_panel/panel_sweeps/IWM_full_paper_grid_800_asian_call_step_robust/model_artifacts/seed_2345/risk_cvar/proto_source_spot_delta_k_50_weighted_0_learnw_0,5.0,0.05894109295153921,val_loss,0.022382566705346107,0.26227763295173645,0.029043392504930966,0.2504930966469428,509.0,20.0,2.0,spot_delta,50.0,False,False,0.06317473202943802,0.14598488807678223
proto_source=spot_delta_k=50_weighted=1_learnw=0,train,2345,proto,-0.013598191551864147,0.017549628391861916,-0.07113103777170181,-0.04817077219486236,-0.06512352079153061,-0.005650721024721861,0.0003677162807434778,0.9273955255382018,-0.013629855588078499,0.0001863557263277471,0.00015469221398234367,0.014508681371808052,0.10157876461744308,0.22111783921718597,1.0,0.00010552975939214858,0.0,0.00010552975939214858,0.0008442380751371887,,,cvar,/Users/yaniszaim/deephedging/.deephedging_real_runs/final_paper_asian_panel/panel_sweeps/IWM_full_paper_grid_800_asian_call_step_robust/model_artifacts/seed_2345/risk_cvar/proto_source_spot_delta_k_50_weighted_1_learnw_0,9.0,0.05566454775631428,val_loss,0.014922454953193665,0.19330370426177979,0.0,0.0,2369.0,20.0,2.0,spot_delta,50.0,True,False,0.05590657889842987,0.1476386934518814
proto_source=spot_delta_k=50_weighted=1_learnw=0,val,2345,proto,-0.013594313524663448,0.01753215491771698,-0.06237532503902912,-0.04721050523221493,-0.0621153898537159,-0.006107764784246683,0.0004475383408134801,0.9171597633136095,-0.013849038630723953,0.0004109728033654392,0.0001562476682011038,0.014624995179474354,0.10157877206802368,0.22117991745471954,1.0,4.930966469428008e-05,0.0,4.930966469428008e-05,0.0019723865877712033,,,cvar,/Users/yaniszaim/deephedging/.deephedging_real_runs/final_paper_asian_panel/panel_sweeps/IWM_full_paper_grid_800_asian_call_step_robust/model_artifacts/seed_2345/risk_cvar/proto_source_spot_delta_k_50_weighted_1_learnw_0,9.0,0.05566454775631428,val_loss,0.014922454953193665,0.19330370426177979,0.0,0.0,507.0,20.0,2.0,spot_delta,50.0,True,False,0.05590657889842987,0.1476386934518814
proto_source=spot_delta_k=50_weighted=1_learnw=0,test,2345,proto,-0.015411019325256348,0.019436517730355263,-0.0846090143918991,-0.05297346338629722,-0.0729181244969368,-0.006853429134935141,0.00028778100386261913,0.9410609037328095,-0.015620055608451366,0.00036815571365877986,0.00015911813534330577,0.014769530855119228,0.10157877951860428,0.22106434404850006,1.0,9.823182711198428e-05,0.0,9.823182711198428e-05,0.0019646365422396855,,,cvar,/Users/yaniszaim/deephedging/.deephedging_real_runs/final_paper_asian_panel/panel_sweeps/IWM_full_paper_grid_800_asian_call_step_robust/model_artifacts/seed_2345/risk_cvar/proto_source_spot_delta_k_50_weighted_1_learnw_0,9.0,0.05566454775631428,val_loss,0.014922454953193665,0.19330370426177979,0.0,0.0,509.0,20.0,2.0,spot_delta,50.0,True,False,0.05590657889842987,0.1476386934518814
proto_source=spot_delta_k=100_weighted=0_learnw=0,train,2345,proto,-0.013696689158678055,0.017657674849033356,-0.07205812871456146,-0.04975020214915275,-0.06602867692708969,-0.0055573307909071445,8.268172969110262e-05,0.9434360489658083,-0.013629855588078499,0.00015001044084783643,0.00021684507373720407,0.014558457769453526,0.07283949851989746,0.23418503999710083,1.0,2.1105951878429718e-05,2.1105951878429718e-05,0.0,0.00042211903756859433,,,cvar,/Users/yaniszaim/deephedging/.deephedging_real_runs/final_paper_asian_panel/panel_sweeps/IWM_full_paper_grid_800_asian_call_step_robust/model_artifacts/seed_2345/risk_cvar/proto_source_spot_delta_k_100_weighted_0_learnw_0,10.0,0.0555453237798065,val_loss,0.013163236901164055,0.179287388920784,0.0,0.0,2369.0,20.0,2.0,spot_delta,100.0,False,False,0.0681476816534996,0.12819069623947144
proto_source=spot_delta_k=100_weighted=0_learnw=0,val,2345,proto,-0.013840284198522568,0.01794261485338211,-0.06401938259601593,-0.04972563423216343,-0.06466974318027496,-0.005636709276586771,0.0002536922096624037,0.9289940828402367,-0.013849038630723953,0.00022699745022691786,0.00021824300347361714,0.014626255258917809,0.07284228503704071,0.23447979986667633,0.9110273122787476,0.0,0.0,0.0,0.0,,,cvar,/Users/yaniszaim/deephedging/.deephedging_real_runs/final_paper_asian_panel/panel_sweeps/IWM_full_paper_grid_800_asian_call_step_robust/model_artifacts/seed_2345/risk_cvar/proto_source_spot_delta_k_100_weighted_0_learnw_0,10.0,0.0555453237798065,val_loss,0.013163236901164055,0.179287388920784,0.0,0.0,507.0,20.0,2.0,spot_delta,100.0,False,False,0.0681476816534996,0.12819069623947144
proto_source=spot_delta_k=100_weighted=0_learnw=0,test,2345,proto,-0.015531262382864952,0.019695252180099487,-0.08311751693487167,-0.053827255964279175,-0.0740908831357956,-0.006829923018813133,0.00013837890001013704,0.9449901768172888,-0.015620055608451366,0.00030736898770555854,0.00021857507817912847,0.014666319824755192,0.07282650470733643,0.2349574863910675,0.8729458451271057,0.0,0.0,0.0,0.0,,,cvar,/Users/yaniszaim/deephedging/.deephedging_real_runs/final_paper_asian_panel/panel_sweeps/IWM_full_paper_grid_800_asian_call_step_robust/model_artifacts/seed_2345/risk_cvar/proto_source_spot_delta_k_100_weighted_0_learnw_0,10.0,0.0555453237798065,val_loss,0.013163236901164055,0.179287388920784,0.0,0.0,509.0,20.0,2.0,spot_delta,100.0,False,False,0.0681476816534996,0.12819069623947144
proto_source=spot_delta_k=100_weighted=1_learnw=0,train,2345,proto,-0.013672654516994953,0.017647353932261467,-0.07239248782396317,-0.04974409192800522,-0.06591181457042694,-0.005611487664282322,0.0001863787096226588,0.9328830730265935,-0.013629855588078499,0.0001348524820059538,0.00017765241500455886,0.01372038759291172,0.07921518385410309,0.22842571139335632,0.6829484701156616,0.0,0.0,0.0,0.0,,,cvar,/Users/yaniszaim/deephedging/.deephedging_real_runs/final_paper_asian_panel/panel_sweeps/IWM_full_paper_grid_800_asian_call_step_robust/model_artifacts/seed_2345/risk_cvar/proto_source_spot_delta_k_100_weighted_1_learnw_0,13.0,0.05567378043662757,val_loss,0.013131617568433285,0.19166457653045654,0.0,0.0,2369.0,20.0,2.0,spot_delta,100.0,True,False,0.051986418664455414,0.10980544239282608
proto_source=spot_delta_k=100_weighted=1_learnw=0,val,2345,proto,-0.013778801076114178,0.01788904145359993,-0.06328402042388916,-0.04946233406662941,-0.06437826156616211,-0.005569022614508867,0.0003378070250619202,0.9171597633136095,-0.013849038630723953,0.000248724187258631,0.00017848607967607677,0.013761602342128754,0.07921517640352249,0.2285444736480713,0.6202582716941833,0.0,0.0,0.0,0.0,,,cvar,/Users/yaniszaim/deephedging/.deephedging_real_runs/final_paper_asian_panel/panel_sweeps/IWM_full_paper_grid_800_asian_call_step_robust/model_artifacts/seed_2345/risk_cvar/proto_source_spot_delta_k_100_weighted_1_learnw_0,13.0,0.05567378043662757,val_loss,0.013131617568433285,0.19166457653045654,0.0,0.0,507.0,20.0,2.0,spot_delta,100.0,True,False,0.051986418664455414,0.10980544239282608
proto_source=spot_delta_k=100_weighted=1_learnw=0,test,2345,proto,-0.015488656237721443,0.01963771879673004,-0.08268153071403503,-0.05344442799687386,-0.07379523664712906,-0.006934747565537691,0.00023118724930099957,0.9410609037328095,-0.015620055608451366,0.0003098162997048348,0.00017841659428086132,0.013757433742284775,0.07921517640352249,0.22875715792179108,0.6170405745506287,0.0,0.0,0.0,0.0,,,cvar,/Users/yaniszaim/deephedging/.deephedging_real_runs/final_paper_asian_panel/panel_sweeps/IWM_full_paper_grid_800_asian_call_step_robust/model_artifacts/seed_2345/risk_cvar/proto_source_spot_delta_k_100_weighted_1_learnw_0,13.0,0.05567378043662757,val_loss,0.013131617568433285,0.19166457653045654,0.0,0.0,509.0,20.0,2.0,spot_delta,100.0,True,False,0.051986418664455414,0.10980544239282608
proto_source=vanilla_k=10_weighted=0_learnw=0,train,2345,proto,-0.0136801116168499,0.018643837422132492,-0.07575262784957885,-0.05220304653048515,-0.06862610578536987,-0.004522578790783882,0.00022340454743243745,0.9219079780498101,-0.013629855588078499,0.0001790052920114249,0.00022926150995772332,0.012114440090954304,0.03563068434596062,0.12373331189155579,0.42502933740615845,0.0,0.0,0.0,0.0,,,cvar,/Users/yaniszaim/deephedging/.deephedging_real_runs/final_paper_asian_panel/panel_sweeps/IWM_full_paper_grid_800_asian_call_step_robust/model_artifacts/seed_2345/risk_cvar/proto_source_vanilla_k_10_weighted_0_learnw_0,1.0,0.055995107628405094,val_loss,0.012306399643421173,0.12801843881607056,0.0,0.0,2369.0,20.0,2.0,vanilla,10.0,False,False,0.09720615297555923,0.14681513607501984
proto_source=vanilla_k=10_weighted=0_learnw=0,val,2345,proto,-0.01392093300819397,0.018906107172369957,-0.0658922204375267,-0.051893461123108865,-0.06763432919979095,-0.0043324995785951614,0.00022000036697136235,0.9112426035502958,-0.013849038630723953,0.0001578914379933849,0.00022978549532126635,0.012120310217142105,0.026713622733950615,0.12373701483011246,0.42496201395988464,0.0,0.0,0.0,0.0,,,cvar,/Users/yaniszaim/deephedging/.deephedging_real_runs/final_paper_asian_panel/panel_sweeps/IWM_full_paper_grid_800_asian_call_step_robust/model_artifacts/seed_2345/risk_cvar/proto_source_vanilla_k_10_weighted_0_learnw_0,1.0,0.055995107628405094,val_loss,0.012306399643421173,0.12801843881607056,0.0,0.0,507.0,20.0,2.0,vanilla,10.0,False,False,0.09720615297555923,0.14681513607501984
proto_source=vanilla_k=10_weighted=0_learnw=0,test,2345,proto,-0.015588277019560337,0.02074991911649704,-0.08664142400026321,-0.05689602494239807,-0.07690616697072983,-0.006146164145320654,0.00015181014314293595,0.9351669941060904,-0.015620055608451366,0.00026240741135552526,0.00023062789114192128,0.012123732827603817,0.030307818204164505,0.1237558051943779,0.42489129304885864,0.0,0.0,0.0,0.0,,,cvar,/Users/yaniszaim/deephedging/.deephedging_real_runs/final_paper_asian_panel/panel_sweeps/IWM_full_paper_grid_800_asian_call_step_robust/model_artifacts/seed_2345/risk_cvar/proto_source_vanilla_k_10_weighted_0_learnw_0,1.0,0.055995107628405094,val_loss,0.012306399643421173,0.12801843881607056,0.0,0.0,509.0,20.0,2.0,vanilla,10.0,False,False,0.09720615297555923,0.14681513607501984
proto_source=vanilla_k=10_weighted=1_learnw=0,train,2345,proto,-0.013599300757050514,0.018756551668047905,-0.07691875547170639,-0.05268959179520607,-0.06892053037881851,-0.004471256397664547,0.00038742107572033987,0.9008020261713803,-0.013629855588078499,0.00017233926337212324,0.00014178521814756095,0.011371531523764133,0.05161849409341812,0.11184508353471756,0.4312669038772583,0.0,0.0,0.0,0.0,,,cvar,/Users/yaniszaim/deephedging/.deephedging_real_runs/final_paper_asian_panel/panel_sweeps/IWM_full_paper_grid_800_asian_call_step_robust/model_artifacts/seed_2345/risk_cvar/proto_source_vanilla_k_10_weighted_1_learnw_0,2.0,0.05551725845318287,val_loss,0.011494389735162258,0.12281018495559692,0.0,0.0,2369.0,20.0,2.0,vanilla,10.0,True,False,0.10051552951335907,0.14872859418392181
proto_source=vanilla_k=10_weighted=1_learnw=0,val,2345,proto,-0.013847004622220993,0.0190442968159914,-0.06640485852956772,-0.0518558282405138,-0.06802701205015182,-0.0044463565573096275,0.00042549308273009956,0.8875739644970414,-0.013849038630723953,0.000145604251883924,0.0001435700833098963,0.011406856589019299,0.05167721211910248,0.1118326336145401,0.43127942085266113,0.0,0.0,0.0,0.0,,,cvar,/Users/yaniszaim/deephedging/.deephedging_real_runs/final_paper_asian_panel/panel_sweeps/IWM_full_paper_grid_800_asian_call_step_robust/model_artifacts/seed_2345/risk_cvar/proto_source_vanilla_k_10_weighted_1_learnw_0,2.0,0.05551725845318287,val_loss,0.011494389735162258,0.12281018495559692,0.0,0.0,507.0,20.0,2.0,vanilla,10.0,True,False,0.10051552951335907,0.14872859418392181
proto_source=vanilla_k=10_weighted=1_learnw=0,test,2345,proto,-0.015496792271733284,0.020861756056547165,-0.0870128694176674,-0.056894244998693465,-0.07703493535518646,-0.006175702437758446,0.00035882900701835705,0.9155206286836935,-0.015620055608451366,0.0002695840084925294,0.00014632096281275153,0.011456755921244621,0.051658570766448975,0.11174000054597855,0.43080848455429077,0.0,0.0,0.0,0.0,,,cvar,/Users/yaniszaim/deephedging/.deephedging_real_runs/final_paper_asian_panel/panel_sweeps/IWM_full_paper_grid_800_asian_call_step_robust/model_artifacts/seed_2345/risk_cvar/proto_source_vanilla_k_10_weighted_1_learnw_0,2.0,0.05551725845318287,val_loss,0.011494389735162258,0.12281018495559692,0.0,0.0,509.0,20.0,2.0,vanilla,10.0,True,False,0.10051552951335907,0.14872859418392181
proto_source=vanilla_k=25_weighted=0_learnw=0,train,2345,proto,-0.013887494802474976,0.01773344725370407,-0.07274309247732162,-0.049996311962604525,-0.06670259684324265,-0.006764697842299938,0.001075168931856748,0.8982693119459688,-0.013629855588078499,0.0003024502657353878,0.0005600888980552554,0.03073919005692005,0.23797160387039185,0.2947048842906952,1.0,0.01748628113127902,0.01748628113127902,0.0,0.1553398058252427,,,cvar,/Users/yaniszaim/deephedging/.deephedging_real_runs/final_paper_asian_panel/panel_sweeps/IWM_full_paper_grid_800_asian_call_step_robust/model_artifacts/seed_2345/risk_cvar/proto_source_vanilla_k_25_weighted_0_learnw_0,114.0,0.05691743424129204,val_loss,0.022577494382858276,0.2646626830101013,0.0073964497041420114,0.04930966469428008,2369.0,20.0,2.0,vanilla,25.0,False,False,0.14021892845630646,0.3196960687637329
proto_source=vanilla_k=25_weighted=0_learnw=0,val,2345,proto,-0.013664811849594116,0.017885427922010422,-0.06716639205813407,-0.04881329014897347,-0.06418177485466003,-0.006563653238117695,0.001805763621814549,0.8658777120315582,-0.013849038630723953,0.0007504391833208501,0.0005662117036990821,0.030818982049822807,0.2305784374475479,0.28970691561698914,1.0,0.014497041420118343,0.014497041420118343,0.0,0.14595660749506903,,,cvar,/Users/yaniszaim/deephedging/.deephedging_real_runs/final_paper_asian_panel/panel_sweeps/IWM_full_paper_grid_800_asian_call_step_robust/model_artifacts/seed_2345/risk_cvar/proto_source_vanilla_k_25_weighted_0_learnw_0,114.0,0.05691743424129204,val_loss,0.022577494382858276,0.2646626830101013,0.0073964497041420114,0.04930966469428008,507.0,20.0,2.0,vanilla,25.0,False,False,0.14021892845630646,0.3196960687637329
proto_source=vanilla_k=25_weighted=0_learnw=0,test,2345,proto,-0.01571466401219368,0.019524075090885162,-0.08613735944032669,-0.05445935353636742,-0.07365315407514572,-0.007689628284424543,0.0014189208857715119,0.9056974459724951,-0.015620055608451366,0.00047119383816607296,0.0005658000591211021,0.030722446739673615,0.2408449947834015,0.2869921922683716,1.0,0.017779960707269154,0.017779960707269154,0.0,0.14734774066797643,,,cvar,/Users/yaniszaim/deephedging/.deephedging_real_runs/final_paper_asian_panel/panel_sweeps/IWM_full_paper_grid_800_asian_call_step_robust/model_artifacts/seed_2345/risk_cvar/proto_source_vanilla_k_25_weighted_0_learnw_0,114.0,0.05691743424129204,val_loss,0.022577494382858276,0.2646626830101013,0.0073964497041420114,0.04930966469428008,509.0,20.0,2.0,vanilla,25.0,False,False,0.14021892845630646,0.3196960687637329
proto_source=vanilla_k=25_weighted=1_learnw=0,train,2345,proto,-0.013782190158963203,0.01763956993818283,-0.07358161211013795,-0.04959515780210495,-0.06593181937932968,-0.005946224555373192,0.0008303383132442827,0.908400168847615,-0.013629855588078499,0.000403303827624768,0.0005556389805860817,0.028055980801582336,0.5049266815185547,0.3136926293373108,1.0,0.027332207682566483,0.027332207682566483,0.0,0.22034613761080624,,,cvar,/Users/yaniszaim/deephedging/.deephedging_real_runs/final_paper_asian_panel/panel_sweeps/IWM_full_paper_grid_800_asian_call_step_robust/model_artifacts/seed_2345/risk_cvar/proto_source_vanilla_k_25_weighted_1_learnw_0,605.0,0.06176329829691518,val_loss,0.02678011730313301,0.33045870065689087,0.05029585798816568,0.9901380670611439,2369.0,20.0,2.0,vanilla,25.0,True,False,0.135631263256073,0.5416103601455688
proto_source=vanilla_k=25_weighted=1_learnw=0,val,2345,proto,-0.013981621712446213,0.017822882160544395,-0.06501863904297352,-0.050750689953565596,-0.06469935923814774,-0.006075025070458651,0.0009025647654198087,0.903353057199211,-0.013849038630723953,0.0004125497362110764,0.0005451323231682181,0.027990112081170082,0.4681466221809387,0.3128889203071594,1.0,0.027120315581854043,0.027120315581854043,0.0,0.22287968441814596,,,cvar,/Users/yaniszaim/deephedging/.deephedging_real_runs/final_paper_asian_panel/panel_sweeps/IWM_full_paper_grid_800_asian_call_step_robust/model_artifacts/seed_2345/risk_cvar/proto_source_vanilla_k_25_weighted_1_learnw_0,605.0,0.06176329829691518,val_loss,0.02678011730313301,0.33045870065689087,0.05029585798816568,0.9901380670611439,507.0,20.0,2.0,vanilla,25.0,True,False,0.135631263256073,0.5416103601455688
proto_source=vanilla_k=25_weighted=1_learnw=0,test,2345,proto,-0.015486928634345531,0.01959959976375103,-0.0832810640335083,-0.055127695202827454,-0.07369861751794815,-0.006567581091076136,0.00046438836725428686,0.9155206286836935,-0.015620055608451366,0.0006861634901724756,0.0005530359921976924,0.028025126084685326,0.506729245185852,0.3155210316181183,1.0,0.024656188605108056,0.024656188605108056,0.0,0.20039292730844793,,,cvar,/Users/yaniszaim/deephedging/.deephedging_real_runs/final_paper_asian_panel/panel_sweeps/IWM_full_paper_grid_800_asian_call_step_robust/model_artifacts/seed_2345/risk_cvar/proto_source_vanilla_k_25_weighted_1_learnw_0,605.0,0.06176329829691518,val_loss,0.02678011730313301,0.33045870065689087,0.05029585798816568,0.9901380670611439,509.0,20.0,2.0,vanilla,25.0,True,False,0.135631263256073,0.5416103601455688
proto_source=vanilla_k=50_weighted=0_learnw=0,train,2345,proto,-0.014211739413440228,0.01924619823694229,-0.07802313387393951,-0.05298756808042526,-0.07056260854005814,-0.005258279386907816,0.0011977044399827709,0.8433938370620515,-0.013629855588078499,-5.6325094192288816e-05,0.0005255573778413236,0.015043633058667183,0.3876734972000122,0.1002081036567688,0.9117365479469299,0.0,0.0,0.0,0.0,,,cvar,/Users/yaniszaim/deephedging/.deephedging_real_runs/final_paper_asian_panel/panel_sweeps/IWM_full_paper_grid_800_asian_call_step_robust/model_artifacts/seed_2345/risk_cvar/proto_source_vanilla_k_50_weighted_0_learnw_0,707.0,0.05688199945725501,val_loss,0.019771577790379524,0.109102763235569,0.0,0.0,2369.0,20.0,2.0,vanilla,50.0,False,False,0.1513626128435135,0.43092963099479675
proto_source=vanilla_k=50_weighted=0_learnw=0,val,2345,proto,-0.014336991123855114,0.019432706758379936,-0.06887519985437393,-0.05220013558864593,-0.06865401566028595,-0.0050546168349683285,0.0012492082663811744,0.834319526627219,-0.013849038630723953,4.3661661038640887e-05,0.0005316140595823526,0.015140751376748085,0.30783289670944214,0.10269221663475037,0.4322461783885956,0.0,0.0,0.0,0.0,,,cvar,/Users/yaniszaim/deephedging/.deephedging_real_runs/final_paper_asian_panel/panel_sweeps/IWM_full_paper_grid_800_asian_call_step_robust/model_artifacts/seed_2345/risk_cvar/proto_source_vanilla_k_50_weighted_0_learnw_0,707.0,0.05688199945725501,val_loss,0.019771577790379524,0.109102763235569,0.0,0.0,507.0,20.0,2.0,vanilla,50.0,False,False,0.1513626128435135,0.43092963099479675
proto_source=vanilla_k=50_weighted=0_learnw=0,test,2345,proto,-0.016227107495069504,0.02145557850599289,-0.09039582818746567,-0.057064234465360644,-0.07958731055259705,-0.006536714732646942,0.0011713917367160316,0.8408644400785854,-0.015620055608451366,-0.00010760831355582923,0.0004994432674720883,0.01454934198409319,0.2398442178964615,0.09906873106956482,0.7710320353507996,0.0,0.0,0.0,0.0,,,cvar,/Users/yaniszaim/deephedging/.deephedging_real_runs/final_paper_asian_panel/panel_sweeps/IWM_full_paper_grid_800_asian_call_step_robust/model_artifacts/seed_2345/risk_cvar/proto_source_vanilla_k_50_weighted_0_learnw_0,707.0,0.05688199945725501,val_loss,0.019771577790379524,0.109102763235569,0.0,0.0,509.0,20.0,2.0,vanilla,50.0,False,False,0.1513626128435135,0.43092963099479675
proto_source=vanilla_k=50_weighted=1_learnw=0,train,2345,proto,-0.013651503250002861,0.017462894320487976,-0.07197636812925338,-0.0496246762573719,-0.06548989564180374,-0.006146645173430443,0.0007753175334073603,0.912621359223301,-0.013629855588078499,0.00043970797560177743,0.00046135674347169697,0.027664508670568466,0.24199867248535156,0.3272971212863922,1.0,0.12546433094132545,0.12546433094132545,0.0,0.9818488813845504,,,cvar,/Users/yaniszaim/deephedging/.deephedging_real_runs/final_paper_asian_panel/panel_sweeps/IWM_full_paper_grid_800_asian_call_step_robust/model_artifacts/seed_2345/risk_cvar/proto_source_vanilla_k_50_weighted_1_learnw_0,195.0,0.0687727855272863,val_loss,0.028905557468533516,0.3483281433582306,0.11883629191321499,0.747534516765286,2369.0,20.0,2.0,vanilla,50.0,True,False,0.1350439488887787,0.300616592168808
proto_source=vanilla_k=50_weighted=1_learnw=0,val,2345,proto,-0.01398817915469408,0.017799515277147293,-0.06398647040128708,-0.04875897467136383,-0.06449775397777557,-0.007075105793774128,0.001408317487221211,0.8994082840236687,-0.013849038630723953,0.00033434026408940554,0.0004734801477752626,0.02775878831744194,0.24309813976287842,0.3261421024799347,1.0,0.1232741617357002,0.1232741617357002,0.0,0.9684418145956607,,,cvar,/Users/yaniszaim/deephedging/.deephedging_real_runs/final_paper_asian_panel/panel_sweeps/IWM_full_paper_grid_800_asian_call_step_robust/model_artifacts/seed_2345/risk_cvar/proto_source_vanilla_k_50_weighted_1_learnw_0,195.0,0.0687727855272863,val_loss,0.028905557468533516,0.3483281433582306,0.11883629191321499,0.747534516765286,507.0,20.0,2.0,vanilla,50.0,True,False,0.1350439488887787,0.300616592168808
proto_source=vanilla_k=50_weighted=1_learnw=0,test,2345,proto,-0.015572299249470234,0.019449863582849503,-0.08109370946884155,-0.05374762341380119,-0.07395832240581512,-0.007030143868178129,0.0003029950545169405,0.93713163064833,-0.015620055608451366,0.0005209377850405872,0.0004731807275675237,0.027748452499508858,0.24009156227111816,0.32721203565597534,1.0,0.12465618860510805,0.12465618860510805,0.0,0.9744597249508841,,,cvar,/Users/yaniszaim/deephedging/.deephedging_real_runs/final_paper_asian_panel/panel_sweeps/IWM_full_paper_grid_800_asian_call_step_robust/model_artifacts/seed_2345/risk_cvar/proto_source_vanilla_k_50_weighted_1_learnw_0,195.0,0.0687727855272863,val_loss,0.028905557468533516,0.3483281433582306,0.11883629191321499,0.747534516765286,509.0,20.0,2.0,vanilla,50.0,True,False,0.1350439488887787,0.300616592168808
proto_source=vanilla_k=100_weighted=0_learnw=0,train,2345,proto,-0.01373248640447855,0.018852969631552696,-0.07670136332511902,-0.05241353586316109,-0.0691620409488678,-0.00449020741507411,0.00012283482647035268,0.9295061207260448,-0.013629855588078499,4.824775896850042e-05,0.00015087903011590242,0.006075325887650251,0.08814531564712524,0.0817718356847763,0.2156364917755127,0.0,0.0,0.0,0.0,,,cvar,/Users/yaniszaim/deephedging/.deephedging_real_runs/final_paper_asian_panel/panel_sweeps/IWM_full_paper_grid_800_asian_call_step_robust/model_artifacts/seed_2345/risk_cvar/proto_source_vanilla_k_100_weighted_0_learnw_0,3.0,0.055657812703866515,val_loss,0.006232286337763071,0.08314158767461777,0.0,0.0,2369.0,20.0,2.0,vanilla,100.0,False,False,0.06457703560590744,0.14794552326202393
proto_source=vanilla_k=100_weighted=0_learnw=0,val,2345,proto,-0.01390525046736002,0.01904495432972908,-0.06646874234080315,-0.052359350770711896,-0.06772259622812271,-0.004402246791869402,0.00015015958633739465,0.9191321499013807,-0.013849038630723953,9.601131750969216e-05,0.0001522224920336157,0.0060860272496938705,0.0550040677189827,0.08184753358364105,0.2181992083787918,0.0,0.0,0.0,0.0,,,cvar,/Users/yaniszaim/deephedging/.deephedging_real_runs/final_paper_asian_panel/panel_sweeps/IWM_full_paper_grid_800_asian_call_step_robust/model_artifacts/seed_2345/risk_cvar/proto_source_vanilla_k_100_weighted_0_learnw_0,3.0,0.055657812703866515,val_loss,0.006232286337763071,0.08314158767461777,0.0,0.0,507.0,20.0,2.0,vanilla,100.0,False,False,0.06457703560590744,0.14794552326202393
proto_source=vanilla_k=100_weighted=0_learnw=0,test,2345,proto,-0.01562853716313839,0.02099679224193096,-0.08735650032758713,-0.05615463703870773,-0.07770033180713654,-0.006523841992020607,0.00011484749848023041,0.931237721021611,-0.015620055608451366,0.00014305513468571007,0.0001515364710940048,0.006063647102564573,0.05503283441066742,0.08169123530387878,0.21672101318836212,0.0,0.0,0.0,0.0,,,cvar,/Users/yaniszaim/deephedging/.deephedging_real_runs/final_paper_asian_panel/panel_sweeps/IWM_full_paper_grid_800_asian_call_step_robust/model_artifacts/seed_2345/risk_cvar/proto_source_vanilla_k_100_weighted_0_learnw_0,3.0,0.055657812703866515,val_loss,0.006232286337763071,0.08314158767461777,0.0,0.0,509.0,20.0,2.0,vanilla,100.0,False,False,0.06457703560590744,0.14794552326202393
proto_source=vanilla_k=100_weighted=1_learnw=0,train,2345,proto,-0.013898312114179134,0.018593572080135345,-0.07517483919858932,-0.05139356106519699,-0.06864611059427261,-0.004781206604093313,0.00029936732607893494,0.9159983115238497,-0.013629855588078499,0.00010381400352343917,0.00037227023858577013,0.009947337210178375,0.14554402232170105,0.1318085789680481,0.30716294050216675,0.0,0.0,0.0,0.0,,,cvar,/Users/yaniszaim/deephedging/.deephedging_real_runs/final_paper_asian_panel/panel_sweeps/IWM_full_paper_grid_800_asian_call_step_robust/model_artifacts/seed_2345/risk_cvar/proto_source_vanilla_k_100_weighted_1_learnw_0,674.0,0.05637670312076807,val_loss,0.012650914490222931,0.1858801543712616,0.0,0.0,2369.0,20.0,2.0,vanilla,100.0,True,False,0.1401866376399994,0.47366946935653687
proto_source=vanilla_k=100_weighted=1_learnw=0,val,2345,proto,-0.01406368799507618,0.01874687895178795,-0.0666299356520176,-0.05143320895731449,-0.06688684970140457,-0.0046937959268689156,0.00017566043534316108,0.9230769230769231,-0.013849038630723953,0.00015785354480613023,0.00037250385503284633,0.009952147491276264,0.12388002127408981,0.13190479576587677,0.2854962944984436,0.0,0.0,0.0,0.0,,,cvar,/Users/yaniszaim/deephedging/.deephedging_real_runs/final_paper_asian_panel/panel_sweeps/IWM_full_paper_grid_800_asian_call_step_robust/model_artifacts/seed_2345/risk_cvar/proto_source_vanilla_k_100_weighted_1_learnw_0,674.0,0.05637670312076807,val_loss,0.012650914490222931,0.1858801543712616,0.0,0.0,507.0,20.0,2.0,vanilla,100.0,True,False,0.1401866376399994,0.47366946935653687
proto_source=vanilla_k=100_weighted=1_learnw=0,test,2345,proto,-0.01587703265249729,0.02077893353998661,-0.0880179426074028,-0.05737612098455429,-0.07756685465574265,-0.006911721080541611,0.0003164238645695118,0.925343811394892,-0.015620055608451366,0.00011604976316448301,0.0003730237949639559,0.009967762045562267,0.14319895207881927,0.13221706449985504,0.304817259311676,0.0,0.0,0.0,0.0,,,cvar,/Users/yaniszaim/deephedging/.deephedging_real_runs/final_paper_asian_panel/panel_sweeps/IWM_full_paper_grid_800_asian_call_step_robust/model_artifacts/seed_2345/risk_cvar/proto_source_vanilla_k_100_weighted_1_learnw_0,674.0,0.05637670312076807,val_loss,0.012650914490222931,0.1858801543712616,0.0,0.0,509.0,20.0,2.0,vanilla,100.0,True,False,0.1401866376399994,0.47366946935653687
unhedged,train,3456,baseline,-0.013634586706757545,0.019428405910730362,-0.07710946559906005,-0.05371756553649902,-0.07029592245817184,-0.004092574119567871,-0.0,0.566061629379485,-0.013634586706757545,0.0,0.0,0.0,0.0,0.0,0.0,0.0,0.0,0.0,0.0,,,,,,,,,,,,,,,,,,,,
spot_delta,train,3456,baseline,-0.0136189553886652,0.01799452304840088,-0.07052752912044526,-0.04924486428499222,-0.06459656357765198,-0.00822505634278059,0.004872584808617825,0.7944280287040946,-0.013634586706757545,0.00017022801330313087,0.00015459784481208771,0.019282249733805656,0.5942999720573425,0.2584984302520752,0.5942999720573425,0.0,0.0,0.0,0.0,,,,,,,,,,,,,,,,,,,,
spot_delta_band,train,3456,baseline,-0.013545886613428593,0.018029477447271347,-0.07109770834445954,-0.0503912515938282,-0.06542829424142838,-0.006940239109098911,0.0034150269813835615,0.8108906711692697,-0.013634586706757545,0.0001663532166276127,7.765399641357362e-05,0.009706588461995125,0.44429996609687805,0.1917475312948227,0.44429996609687805,0.0,0.0,0.0,0.0,0.15,gains_mean,,,,,,,,,,,,,,,,,,
unhedged,val,3456,baseline,-0.014029338955879211,0.019355183467268944,-0.07508760213851928,-0.05218614339828491,-0.06813699752092361,-0.004807710647583008,-0.0,0.5818540433925049,-0.014029338955879211,0.0,0.0,0.0,0.0,0.0,0.0,0.0,0.0,0.0,0.0,,,,,,,,,,,,,,,,,,,,
spot_delta,val,3456,baseline,-0.014139579609036446,0.018512044101953506,-0.07456798672676086,-0.050609052181243896,-0.06583185493946075,-0.008304620161652565,0.005292363604530689,0.7869822485207101,-0.014029338955879211,4.57798050774727e-05,0.0001560204545967281,0.019451605156064034,0.5744969844818115,0.25823140144348145,0.5868099927902222,0.0,0.0,0.0,0.0,,,,,,,,,,,,,,,,,,,,
spot_delta_band,val,3456,baseline,-0.014074674807488918,0.01834053359925747,-0.07286302655935288,-0.04943096749484539,-0.06535027176141739,-0.00760709447786212,0.0032817147905006994,0.8067061143984221,-0.014029338955879211,3.234229370718822e-05,7.767800707370043e-05,0.009710283949971199,0.42449697852134705,0.19173085689544678,0.4368099868297577,0.0,0.0,0.0,0.0,0.15,gains_mean,,,,,,,,,,,,,,,,,,
unhedged,test,3456,baseline,-0.015418445691466331,0.02151649259030819,-0.10776471614837646,-0.05640273094177246,-0.08103827387094498,-0.005122065544128418,-0.0,0.593320235756385,-0.015418445691466331,0.0,0.0,0.0,0.0,0.0,0.0,0.0,0.0,0.0,0.0,,,,,,,,,,,,,,,,,,,,
spot_delta,test,3456,baseline,-0.015317720361053944,0.021144045516848564,-0.10545599341392517,-0.05274422466754913,-0.07942743599414825,-0.00803547352552414,0.004712228290736667,0.8153241650294696,-0.015418445691466331,0.00025755437673069537,0.00015682932280469686,0.019540468230843544,0.5765039920806885,0.2579158544540405,0.5868099927902222,0.0,0.0,0.0,0.0,,,,,,,,,,,,,,,,,,,,
spot_delta_band,test,3456,baseline,-0.015341741964221,0.02091883309185505,-0.10624763935804367,-0.053396431356668474,-0.07925735414028168,-0.007497822865843773,0.003269416838884347,0.8212180746561886,-0.015418445691466331,0.00015437332331202924,7.766942144371569e-05,0.009708060882985592,0.426503986120224,0.19167231023311615,0.4368099868297577,0.0,0.0,0.0,0.0,0.15,gains_mean,,,,,,,,,,,,,,,,,,
vanilla,train,3456,vanilla,-0.013794380240142345,0.01915249601006508,-0.07646571278572083,-0.05346170142292976,-0.06977692246437073,-0.004183012992143631,-0.0001476278004702181,0.9848037146475306,-0.013634586706757545,5.7151752116624266e-05,0.00021694620954804122,0.0055112075060606,0.009130343794822693,0.05861973389983177,0.16867098212242126,0.0,0.0,0.0,0.0,,,cvar,/Users/yaniszaim/deephedging/.deephedging_real_runs/final_paper_asian_panel/panel_sweeps/IWM_full_paper_grid_800_asian_call_step_robust/model_artifacts/seed_3456/risk_cvar/vanilla,2.0,0.055829229862429205,val_loss,0.005778198130428791,0.06201208010315895,0.0,0.0,2369.0,20.0,2.0,,,,,,
vanilla,val,3456,vanilla,-0.014176242984831333,0.0190789382904768,-0.07463727787137031,-0.05176268257200718,-0.06755700707435608,-0.005018227733671665,-0.0001583341232617386,0.9881656804733728,-0.014029338955879211,6.993449642322958e-05,0.00021683942759409547,0.005509715992957354,0.009080648422241211,0.05863455310463905,0.16771379113197327,0.0,0.0,0.0,0.0,,,cvar,/Users/yaniszaim/deephedging/.deephedging_real_runs/final_paper_asian_panel/panel_sweeps/IWM_full_paper_grid_800_asian_call_step_robust/model_artifacts/seed_3456/risk_cvar/vanilla,2.0,0.055829229862429205,val_loss,0.005778198130428791,0.06201208010315895,0.0,0.0,507.0,20.0,2.0,,,,,,
vanilla,test,3456,vanilla,-0.015551561489701271,0.02120615728199482,-0.10701424419879914,-0.05591638460755347,-0.08034858107566833,-0.005239685531705618,-0.00015704620454926098,0.9901768172888016,-0.015418445691466331,8.34743696032092e-05,0.00021659096819348633,0.005501200444996357,0.00896841287612915,0.05854929983615875,0.16551074385643005,0.0,0.0,0.0,0.0,,,cvar,/Users/yaniszaim/deephedging/.deephedging_real_runs/final_paper_asian_panel/panel_sweeps/IWM_full_paper_grid_800_asian_call_step_robust/model_artifacts/seed_3456/risk_cvar/vanilla,2.0,0.055829229862429205,val_loss,0.005778198130428791,0.06201208010315895,0.0,0.0,509.0,20.0,2.0,,,,,,
proto_source=spot_delta_k=10_weighted=0_learnw=0,train,3456,proto,-0.01369534432888031,0.017819641157984734,-0.07273726940155029,-0.05043391436338425,-0.06609845161437988,-0.0049301437102258205,-9.965772333089275e-05,0.9565217391304348,-0.013634586706757545,0.0002442160912323743,0.0003049744700547308,0.014856237918138504,0.06743773818016052,0.22382058203220367,0.7536012530326843,0.0,0.0,0.0,0.0,,,cvar,/Users/yaniszaim/deephedging/.deephedging_real_runs/final_paper_asian_panel/panel_sweeps/IWM_full_paper_grid_800_asian_call_step_robust/model_artifacts/seed_3456/risk_cvar/proto_source_spot_delta_k_10_weighted_0_learnw_0,6.0,0.055891266022808854,val_loss,0.01190683338791132,0.1482529193162918,0.0,0.0,2369.0,20.0,2.0,spot_delta,10.0,False,False,0.08702000230550766,0.1392045021057129
proto_source=spot_delta_k=10_weighted=0_learnw=0,val,3456,proto,-0.01415954902768135,0.017759423702955246,-0.06975260600447654,-0.04980476498603821,-0.06441248208284378,-0.005522419232875109,-0.0004108267108676957,0.9684418145956607,-0.014029338955879211,0.00017348499386571348,0.00030369567684829235,0.014824372716248035,0.06808483600616455,0.22374558448791504,0.7383463978767395,0.0,0.0,0.0,0.0,,,cvar,/Users/yaniszaim/deephedging/.deephedging_real_runs/final_paper_asian_panel/panel_sweeps/IWM_full_paper_grid_800_asian_call_step_robust/model_artifacts/seed_3456/risk_cvar/proto_source_spot_delta_k_10_weighted_0_learnw_0,6.0,0.055891266022808854,val_loss,0.01190683338791132,0.1482529193162918,0.0,0.0,507.0,20.0,2.0,spot_delta,10.0,False,False,0.08702000230550766,0.1392045021057129
proto_source=spot_delta_k=10_weighted=0_learnw=0,test,3456,proto,-0.015319369733333588,0.01978995092213154,-0.10050509840250015,-0.05366375520825386,-0.07587401568889618,-0.0059139118529856205,-0.00015731540624983617,0.9666011787819253,-0.015418445691466331,0.00040480884490534663,0.00030573317781090736,0.01489223912358284,0.06777989864349365,0.22429636120796204,0.7366765141487122,0.0,0.0,0.0,0.0,,,cvar,/Users/yaniszaim/deephedging/.deephedging_real_runs/final_paper_asian_panel/panel_sweeps/IWM_full_paper_grid_800_asian_call_step_robust/model_artifacts/seed_3456/risk_cvar/proto_source_spot_delta_k_10_weighted_0_learnw_0,6.0,0.055891266022808854,val_loss,0.01190683338791132,0.1482529193162918,0.0,0.0,509.0,20.0,2.0,spot_delta,10.0,False,False,0.08702000230550766,0.1392045021057129
proto_source=spot_delta_k=10_weighted=1_learnw=0,train,3456,proto,-0.013567502610385418,0.01810477115213871,-0.07262416183948517,-0.05094261392951011,-0.06682997196912766,-0.0045049190521240234,-0.00019118341442663227,0.9788940481215703,-0.013634586706757545,0.00016732176300138235,0.00010023911454482004,0.01173170655965805,0.065375417470932,0.17329084873199463,0.5319604277610779,0.0,0.0,0.0,0.0,,,cvar,/Users/yaniszaim/deephedging/.deephedging_real_runs/final_paper_asian_panel/panel_sweeps/IWM_full_paper_grid_800_asian_call_step_robust/model_artifacts/seed_3456/risk_cvar/proto_source_spot_delta_k_10_weighted_1_learnw_0,5.0,0.05575821709819138,val_loss,0.011645877733826637,0.1422511786222458,0.0,0.0,2369.0,20.0,2.0,spot_delta,10.0,True,False,0.07946548610925674,0.14484478533267975
proto_source=spot_delta_k=10_weighted=1_learnw=0,val,3456,proto,-0.013944375328719616,0.018029579892754555,-0.07126503676176071,-0.049424991384148596,-0.06491777300834656,-0.005116086918860674,-0.00024471534707117833,0.980276134122288,-0.014029338955879211,0.00018534007540438324,0.00010037679021479562,0.011752935126423836,0.04590948298573494,0.17352516949176788,0.5282308459281921,0.0,0.0,0.0,0.0,,,cvar,/Users/yaniszaim/deephedging/.deephedging_real_runs/final_paper_asian_panel/panel_sweeps/IWM_full_paper_grid_800_asian_call_step_robust/model_artifacts/seed_3456/risk_cvar/proto_source_spot_delta_k_10_weighted_1_learnw_0,5.0,0.05575821709819138,val_loss,0.011645877733826637,0.1422511786222458,0.0,0.0,507.0,20.0,2.0,spot_delta,10.0,True,False,0.07946548610925674,0.14484478533267975
proto_source=spot_delta_k=10_weighted=1_learnw=0,test,3456,proto,-0.015231871046125889,0.02004643902182579,-0.10181623220443725,-0.053737504035234446,-0.07687263190746307,-0.006110387854278088,-0.00025260504335165076,0.9803536345776032,-0.015418445691466331,0.0002877833030652255,0.00010120785009348765,0.01179098803550005,0.04591041058301926,0.17367267608642578,0.5317057967185974,0.0,0.0,0.0,0.0,,,cvar,/Users/yaniszaim/deephedging/.deephedging_real_runs/final_paper_asian_panel/panel_sweeps/IWM_full_paper_grid_800_asian_call_step_robust/model_artifacts/seed_3456/risk_cvar/proto_source_spot_delta_k_10_weighted_1_learnw_0,5.0,0.05575821709819138,val_loss,0.011645877733826637,0.1422511786222458,0.0,0.0,509.0,20.0,2.0,spot_delta,10.0,True,False,0.07946548610925674,0.14484478533267975
proto_source=spot_delta_k=25_weighted=0_learnw=0,train,3456,proto,-0.0135369673371315,0.017755236476659775,-0.07326066941022873,-0.050525874644517896,-0.06603153795003891,-0.004586777184158564,-0.00011824571702163708,0.9586323343182778,-0.013634586706757545,0.00031056851730681956,0.00021294924954418093,0.017919158563017845,0.17027407884597778,0.2095298320055008,1.0,0.00031658927817644573,0.0,0.00031658927817644573,0.0029548332629801602,,,cvar,/Users/yaniszaim/deephedging/.deephedging_real_runs/final_paper_asian_panel/panel_sweeps/IWM_full_paper_grid_800_asian_call_step_robust/model_artifacts/seed_3456/risk_cvar/proto_source_spot_delta_k_25_weighted_0_learnw_0,6.0,0.0559882303088705,val_loss,0.017664549872279167,0.20653283596038818,0.0004437869822485207,0.0039447731755424065,2369.0,20.0,2.0,spot_delta,25.0,False,False,0.06730608642101288,0.1780240535736084
proto_source=spot_delta_k=25_weighted=0_learnw=0,val,3456,proto,-0.013956811279058456,0.017733676359057426,-0.06822441399097443,-0.04875103011727333,-0.0641205757856369,-0.004951186012476683,-0.00022132860322017224,0.9644970414201184,-0.014029338955879211,0.0002824403054546565,0.00020991369092371315,0.017950167879462242,0.16364309191703796,0.2092597633600235,1.0,0.0003944773175542406,0.0,0.0003944773175542406,0.0039447731755424065,,,cvar,/Users/yaniszaim/deephedging/.deephedging_real_runs/final_paper_asian_panel/panel_sweeps/IWM_full_paper_grid_800_asian_call_step_robust/model_artifacts/seed_3456/risk_cvar/proto_source_spot_delta_k_25_weighted_0_learnw_0,6.0,0.0559882303088705,val_loss,0.017664549872279167,0.20653283596038818,0.0004437869822485207,0.0039447731755424065,507.0,20.0,2.0,spot_delta,25.0,False,False,0.06730608642101288,0.1780240535736084
proto_source=spot_delta_k=25_weighted=0_learnw=0,test,3456,proto,-0.015194484032690525,0.019823916256427765,-0.10398851335048676,-0.05259460359811783,-0.07571928948163986,-0.005825510714203119,-0.00027910909266211104,0.9724950884086444,-0.015418445691466331,0.00043359710252843797,0.00020963630231563002,0.017952987924218178,0.1641835868358612,0.208185613155365,1.0,0.00019646365422396856,0.0,0.00019646365422396856,0.0019646365422396855,,,cvar,/Users/yaniszaim/deephedging/.deephedging_real_runs/final_paper_asian_panel/panel_sweeps/IWM_full_paper_grid_800_asian_call_step_robust/model_artifacts/seed_3456/risk_cvar/proto_source_spot_delta_k_25_weighted_0_learnw_0,6.0,0.0559882303088705,val_loss,0.017664549872279167,0.20653283596038818,0.0004437869822485207,0.0039447731755424065,509.0,20.0,2.0,spot_delta,25.0,False,False,0.06730608642101288,0.1780240535736084
proto_source=spot_delta_k=25_weighted=1_learnw=0,train,3456,proto,-0.013635600917041302,0.017876559868454933,-0.07315530240535736,-0.051059520989656444,-0.0662030279636383,-0.004925625864416361,-0.00014578023692593005,0.9658083579569439,-0.013634586706757545,0.000363822968211025,0.0003648380807135254,0.01566077396273613,0.1644495725631714,0.1879272311925888,0.949844479560852,0.0,0.0,0.0,0.0,,,cvar,/Users/yaniszaim/deephedging/.deephedging_real_runs/final_paper_asian_panel/panel_sweeps/IWM_full_paper_grid_800_asian_call_step_robust/model_artifacts/seed_3456/risk_cvar/proto_source_spot_delta_k_25_weighted_1_learnw_0,6.0,0.05583202922716737,val_loss,0.015754837542772293,0.16454586386680603,0.0,0.0,2369.0,20.0,2.0,spot_delta,25.0,True,False,0.06748274713754654,0.176813542842865
proto_source=spot_delta_k=25_weighted=1_learnw=0,val,3456,proto,-0.014144820161163807,0.017998741939663887,-0.0706823843717575,-0.04975774958729744,-0.06494294852018356,-0.005558564327657223,-0.00021475640387507168,0.9723865877712031,-0.014029338955879211,0.00024778020451776683,0.00036326225381344557,0.015631308779120445,0.16332441568374634,0.18765582144260406,0.9125220775604248,0.0,0.0,0.0,0.0,,,cvar,/Users/yaniszaim/deephedging/.deephedging_real_runs/final_paper_asian_panel/panel_sweeps/IWM_full_paper_grid_800_asian_call_step_robust/model_artifacts/seed_3456/risk_cvar/proto_source_spot_delta_k_25_weighted_1_learnw_0,6.0,0.05583202922716737,val_loss,0.015754837542772293,0.16454586386680603,0.0,0.0,507.0,20.0,2.0,spot_delta,25.0,True,False,0.06748274713754654,0.176813542842865
proto_source=spot_delta_k=25_weighted=1_learnw=0,test,3456,proto,-0.01531158946454525,0.020029423758387566,-0.10382616817951203,-0.052278923243284224,-0.07599041610956192,-0.006343130953609943,-0.00013785332266707007,0.9685658153241651,-0.015418445691466331,0.00046940241008996964,0.00036254682345315814,0.01556087564677,0.16028034687042236,0.18605256080627441,0.8583937287330627,0.0,0.0,0.0,0.0,,,cvar,/Users/yaniszaim/deephedging/.deephedging_real_runs/final_paper_asian_panel/panel_sweeps/IWM_full_paper_grid_800_asian_call_step_robust/model_artifacts/seed_3456/risk_cvar/proto_source_spot_delta_k_25_weighted_1_learnw_0,6.0,0.05583202922716737,val_loss,0.015754837542772293,0.16454586386680603,0.0,0.0,509.0,20.0,2.0,spot_delta,25.0,True,False,0.06748274713754654,0.176813542842865
proto_source=spot_delta_k=50_weighted=0_learnw=0,train,3456,proto,-0.013589098118245602,0.01828789710998535,-0.07347738236188889,-0.051147496700286864,-0.0673050731420517,-0.004504311829805374,8.243760530603953e-05,0.9425918108906711,-0.013634586706757545,0.000149328654515557,0.00010383886547060683,0.011208206415176392,0.047059446573257446,0.14191406965255737,0.4040694534778595,0.0,0.0,0.0,0.0,,,cvar,/Users/yaniszaim/deephedging/.deephedging_real_runs/final_paper_asian_panel/panel_sweeps/IWM_full_paper_grid_800_asian_call_step_robust/model_artifacts/seed_3456/risk_cvar/proto_source_spot_delta_k_50_weighted_0_learnw_0,6.0,0.055735286097042265,val_loss,0.01088197436183691,0.13643592596054077,0.0,0.0,2369.0,20.0,2.0,spot_delta,50.0,False,False,0.09316056966781616,0.15989886224269867
proto_source=spot_delta_k=50_weighted=0_learnw=0,val,3456,proto,-0.013923252001404762,0.018180573359131813,-0.07109209910035133,-0.049364518746733664,-0.0648583471775055,-0.0048046959564089775,3.0421090923482304e-05,0.9447731755424064,-0.014029338955879211,0.0002094423252856359,0.00010335523256799206,0.011170396581292152,0.04728811979293823,0.1418541520833969,0.40399014949798584,0.0,0.0,0.0,0.0,,,cvar,/Users/yaniszaim/deephedging/.deephedging_real_runs/final_paper_asian_panel/panel_sweeps/IWM_full_paper_grid_800_asian_call_step_robust/model_artifacts/seed_3456/risk_cvar/proto_source_spot_delta_k_50_weighted_0_learnw_0,6.0,0.055735286097042265,val_loss,0.01088197436183691,0.13643592596054077,0.0,0.0,507.0,20.0,2.0,spot_delta,50.0,False,False,0.09316056966781616,0.15989886224269867
proto_source=spot_delta_k=50_weighted=0_learnw=0,test,3456,proto,-0.015208586119115353,0.020260656252503395,-0.10349316388368607,-0.053971645981073374,-0.07712347060441971,-0.005477370694279671,1.3723669690079884e-05,0.9469548133595285,-0.015418445691466331,0.00031242435215972364,0.00010256536188535392,0.011090856045484543,0.04484647512435913,0.1412900984287262,0.40386471152305603,0.0,0.0,0.0,0.0,,,cvar,/Users/yaniszaim/deephedging/.deephedging_real_runs/final_paper_asian_panel/panel_sweeps/IWM_full_paper_grid_800_asian_call_step_robust/model_artifacts/seed_3456/risk_cvar/proto_source_spot_delta_k_50_weighted_0_learnw_0,6.0,0.055735286097042265,val_loss,0.01088197436183691,0.13643592596054077,0.0,0.0,509.0,20.0,2.0,spot_delta,50.0,False,False,0.09316056966781616,0.15989886224269867
proto_source=spot_delta_k=50_weighted=1_learnw=0,train,3456,proto,-0.01392726507037878,0.018484555184841156,-0.07436432033777236,-0.05160506591200829,-0.06808917224407196,-0.006618571933358908,0.00193494651466608,0.8737864077669902,-0.013634586706757545,6.538318302773405e-06,0.0002992169465869665,0.03604576736688614,0.25805920362472534,0.24398651719093323,0.6607438325881958,0.0,0.0,0.0,0.0,,,cvar,/Users/yaniszaim/deephedging/.deephedging_real_runs/final_paper_asian_panel/panel_sweeps/IWM_full_paper_grid_800_asian_call_step_robust/model_artifacts/seed_3456/risk_cvar/proto_source_spot_delta_k_50_weighted_1_learnw_0,77.0,0.055794891482219104,val_loss,0.01900698058307171,0.1996205747127533,0.0,0.0,2369.0,20.0,2.0,spot_delta,50.0,True,False,0.07893145084381104,0.2718798816204071
proto_source=spot_delta_k=50_weighted=1_learnw=0,val,3456,proto,-0.01429261825978756,0.017874564975500107,-0.07401588678359985,-0.04885264970362187,-0.06547697633504868,-0.006884253118187189,0.001486403902526942,0.893491124260355,-0.014029338955879211,3.595520320232026e-05,0.00029923496185801923,0.036008648574352264,0.2585449814796448,0.2443535327911377,0.6497666239738464,0.0,0.0,0.0,0.0,,,cvar,/Users/yaniszaim/deephedging/.deephedging_real_runs/final_paper_asian_panel/panel_sweeps/IWM_full_paper_grid_800_asian_call_step_robust/model_artifacts/seed_3456/risk_cvar/proto_source_spot_delta_k_50_weighted_1_learnw_0,77.0,0.055794891482219104,val_loss,0.01900698058307171,0.1996205747127533,0.0,0.0,507.0,20.0,2.0,spot_delta,50.0,True,False,0.07893145084381104,0.2718798816204071
proto_source=spot_delta_k=50_weighted=1_learnw=0,test,3456,proto,-0.01568453572690487,0.0198014285415411,-0.09888429790735245,-0.05509541556239128,-0.0756511464715004,-0.007794111967086792,0.0012247081845998759,0.8860510805500982,-0.015418445691466331,4.1704279283294454e-05,0.00030779375811107457,0.036950524896383286,0.2544613778591156,0.24426501989364624,0.6575903296470642,0.0,0.0,0.0,0.0,,,cvar,/Users/yaniszaim/deephedging/.deephedging_real_runs/final_paper_asian_panel/panel_sweeps/IWM_full_paper_grid_800_asian_call_step_robust/model_artifacts/seed_3456/risk_cvar/proto_source_spot_delta_k_50_weighted_1_learnw_0,77.0,0.055794891482219104,val_loss,0.01900698058307171,0.1996205747127533,0.0,0.0,509.0,20.0,2.0,spot_delta,50.0,True,False,0.07893145084381104,0.2718798816204071
proto_source=spot_delta_k=100_weighted=0_learnw=0,train,3456,proto,-0.013757631182670593,0.018089912831783295,-0.07367760896682739,-0.05142475813627243,-0.06700345128774643,-0.004782137926667929,-0.00021215596934780494,0.9721401435204727,-0.013634586706757545,0.00017715367721393704,0.00030019908444955945,0.016182994470000267,0.050592005252838135,0.19705890119075775,0.6862759590148926,0.0,0.0,0.0,0.0,,,cvar,/Users/yaniszaim/deephedging/.deephedging_real_runs/final_paper_asian_panel/panel_sweeps/IWM_full_paper_grid_800_asian_call_step_robust/model_artifacts/seed_3456/risk_cvar/proto_source_spot_delta_k_100_weighted_0_learnw_0,5.0,0.05589145560283214,val_loss,0.013137766160070896,0.14730362594127655,0.0,0.0,2369.0,20.0,2.0,spot_delta,100.0,False,False,0.07043784856796265,0.1570415496826172
proto_source=spot_delta_k=100_weighted=0_learnw=0,val,3456,proto,-0.014114603400230408,0.018050597980618477,-0.07216361001133918,-0.05010077990591526,-0.06494223326444626,-0.005423892289400101,-0.0002367846565903165,0.9664694280078896,-0.014029338955879211,0.00021516541892196983,0.0003004304599016905,0.016219791024923325,0.040487661957740784,0.19762516021728516,0.6802356243133545,0.0,0.0,0.0,0.0,,,cvar,/Users/yaniszaim/deephedging/.deephedging_real_runs/final_paper_asian_panel/panel_sweeps/IWM_full_paper_grid_800_asian_call_step_robust/model_artifacts/seed_3456/risk_cvar/proto_source_spot_delta_k_100_weighted_0_learnw_0,5.0,0.05589145560283214,val_loss,0.013137766160070896,0.14730362594127655,0.0,0.0,507.0,20.0,2.0,spot_delta,100.0,False,False,0.07043784856796265,0.1570415496826172
proto_source=spot_delta_k=100_weighted=0_learnw=0,test,3456,proto,-0.015395465306937695,0.020048314705491066,-0.10317826747894288,-0.05390377268195152,-0.07692985236644745,-0.00613567978143692,-0.00026109207537956613,0.9685658153241651,-0.015418445691466331,0.0003252759634051472,0.00030229537514969707,0.01628606766462326,0.04610031843185425,0.1976826786994934,0.6862608194351196,0.0,0.0,0.0,0.0,,,cvar,/Users/yaniszaim/deephedging/.deephedging_real_runs/final_paper_asian_panel/panel_sweeps/IWM_full_paper_grid_800_asian_call_step_robust/model_artifacts/seed_3456/risk_cvar/proto_source_spot_delta_k_100_weighted_0_learnw_0,5.0,0.05589145560283214,val_loss,0.013137766160070896,0.14730362594127655,0.0,0.0,509.0,20.0,2.0,spot_delta,100.0,False,False,0.07043784856796265,0.1570415496826172
proto_source=spot_delta_k=100_weighted=1_learnw=0,train,3456,proto,-0.013540821149945259,0.01733291707932949,-0.06894438952207566,-0.04976285472512245,-0.06399566680192947,-0.005146109964698553,0.00014343467191793016,0.9409033347403968,-0.013634586706757545,0.00023406054242514074,0.0001402946945745498,0.014938108623027802,0.17186497151851654,0.19884665310382843,1.0,2.1105951878429718e-05,0.0,2.1105951878429718e-05,0.00042211903756859433,,,cvar,/Users/yaniszaim/deephedging/.deephedging_real_runs/final_paper_asian_panel/panel_sweeps/IWM_full_paper_grid_800_asian_call_step_robust/model_artifacts/seed_3456/risk_cvar/proto_source_spot_delta_k_100_weighted_1_learnw_0,7.0,0.05558961539529264,val_loss,0.013461856171488762,0.14927221834659576,0.0,0.0,2369.0,20.0,2.0,spot_delta,100.0,True,False,0.07690098881721497,0.17261925339698792
proto_source=spot_delta_k=100_weighted=1_learnw=0,val,3456,proto,-0.014042407274246216,0.01745755784213543,-0.06328385457396507,-0.04828660972416401,-0.06300467252731323,-0.006011336110532284,-0.00020910108141833966,0.9625246548323472,-0.014029338955879211,0.00012614844308700413,0.00013921693607699126,0.01489252969622612,0.16846249997615814,0.1986214965581894,0.6517487168312073,0.0,0.0,0.0,0.0,,,cvar,/Users/yaniszaim/deephedging/.deephedging_real_runs/final_paper_asian_panel/panel_sweeps/IWM_full_paper_grid_800_asian_call_step_robust/model_artifacts/seed_3456/risk_cvar/proto_source_spot_delta_k_100_weighted_1_learnw_0,7.0,0.05558961539529264,val_loss,0.013461856171488762,0.14927221834659576,0.0,0.0,507.0,20.0,2.0,spot_delta,100.0,True,False,0.07690098881721497,0.17261925339698792
proto_source=spot_delta_k=100_weighted=1_learnw=0,test,3456,proto,-0.015181925147771835,0.01947605051100254,-0.10147736251354217,-0.05137523263692856,-0.07379810512065887,-0.00674345763400197,-1.9593571778414614e-06,0.9489194499017681,-0.015418445691466331,0.00037672638427466154,0.00014020683011040092,0.015047460794448853,0.16680675745010376,0.19852466881275177,0.6610128283500671,0.0,0.0,0.0,0.0,,,cvar,/Users/yaniszaim/deephedging/.deephedging_real_runs/final_paper_asian_panel/panel_sweeps/IWM_full_paper_grid_800_asian_call_step_robust/model_artifacts/seed_3456/risk_cvar/proto_source_spot_delta_k_100_weighted_1_learnw_0,7.0,0.05558961539529264,val_loss,0.013461856171488762,0.14927221834659576,0.0,0.0,509.0,20.0,2.0,spot_delta,100.0,True,False,0.07690098881721497,0.17261925339698792
proto_source=vanilla_k=10_weighted=0_learnw=0,train,3456,proto,-0.0136880399659276,0.018030252307653427,-0.07572325587272644,-0.0519592709839344,-0.06685510277748108,-0.005496500991284847,0.000950943084899336,0.8999577880962432,-0.013634586706757545,0.00038739084266126156,0.00044084532419219613,0.027414266020059586,0.10378547757863998,0.27576372027397156,0.9413309693336487,0.0,0.0,0.0,0.0,,,cvar,/Users/yaniszaim/deephedging/.deephedging_real_runs/final_paper_asian_panel/panel_sweeps/IWM_full_paper_grid_800_asian_call_step_robust/model_artifacts/seed_3456/risk_cvar/proto_source_vanilla_k_10_weighted_0_learnw_0,3.0,0.056952021392062305,val_loss,0.02738037146627903,0.2751914858818054,0.0,0.0,2369.0,20.0,2.0,vanilla,10.0,False,False,0.10846777260303497,0.14918917417526245
proto_source=vanilla_k=10_weighted=0_learnw=0,val,3456,proto,-0.013981097377836704,0.01784484274685383,-0.07052300751209259,-0.05014618337154388,-0.06360276788473129,-0.005896781105548143,0.0009218871186021713,0.9132149901380671,-0.014029338955879211,0.0004896632744930685,0.0004414223076310009,0.027419360354542732,0.10354834794998169,0.27577197551727295,0.9413943886756897,0.0,0.0,0.0,0.0,,,cvar,/Users/yaniszaim/deephedging/.deephedging_real_runs/final_paper_asian_panel/panel_sweeps/IWM_full_paper_grid_800_asian_call_step_robust/model_artifacts/seed_3456/risk_cvar/proto_source_vanilla_k_10_weighted_0_learnw_0,3.0,0.056952021392062305,val_loss,0.02738037146627903,0.2751914858818054,0.0,0.0,507.0,20.0,2.0,vanilla,10.0,False,False,0.10846777260303497,0.14918917417526245
proto_source=vanilla_k=10_weighted=0_learnw=0,test,3456,proto,-0.015293501317501068,0.019660498946905136,-0.09967362821102142,-0.051387368142604826,-0.07558929920196533,-0.006585194729268551,0.0008237283444032049,0.9115913555992141,-0.015418445691466331,0.0005677316221408546,0.00044278710265643895,0.027408946305513382,0.10379450768232346,0.2755754590034485,0.9413674473762512,0.0,0.0,0.0,0.0,,,cvar,/Users/yaniszaim/deephedging/.deephedging_real_runs/final_paper_asian_panel/panel_sweeps/IWM_full_paper_grid_800_asian_call_step_robust/model_artifacts/seed_3456/risk_cvar/proto_source_vanilla_k_10_weighted_0_learnw_0,3.0,0.056952021392062305,val_loss,0.02738037146627903,0.2751914858818054,0.0,0.0,509.0,20.0,2.0,vanilla,10.0,False,False,0.10846777260303497,0.14918917417526245
proto_source=vanilla_k=10_weighted=1_learnw=0,train,3456,proto,-0.01381004136055708,0.018960263580083847,-0.07689619690179825,-0.05179147943854332,-0.06973264366388321,-0.004761061165481806,0.0003554484283085908,0.9193752638243985,-0.013634586706757545,0.00012217731273267418,0.0002976330288220197,0.015577663667500019,0.2030237466096878,0.149384543299675,0.9322764873504639,0.0,0.0,0.0,0.0,,,cvar,/Users/yaniszaim/deephedging/.deephedging_real_runs/final_paper_asian_panel/panel_sweeps/IWM_full_paper_grid_800_asian_call_step_robust/model_artifacts/seed_3456/risk_cvar/proto_source_vanilla_k_10_weighted_1_learnw_0,122.0,0.0569433169994371,val_loss,0.018207719549536705,0.14145128428936005,0.0002958579881656805,0.0019723865877712033,2369.0,20.0,2.0,vanilla,10.0,True,False,0.09894592314958572,0.2098044604063034
proto_source=vanilla_k=10_weighted=1_learnw=0,val,3456,proto,-0.014126026071608067,0.018886318430304527,-0.07314720675349236,-0.05187536627054214,-0.06784018874168396,-0.0049819061532616615,0.00031759182747918976,0.9309664694280079,-0.014029338955879211,0.00019840341701637954,0.0002950914786197245,0.015614792704582214,0.20240312814712524,0.15086746215820312,0.8612608909606934,0.0,0.0,0.0,0.0,,,cvar,/Users/yaniszaim/deephedging/.deephedging_real_runs/final_paper_asian_panel/panel_sweeps/IWM_full_paper_grid_800_asian_call_step_robust/model_artifacts/seed_3456/risk_cvar/proto_source_vanilla_k_10_weighted_1_learnw_0,122.0,0.0569433169994371,val_loss,0.018207719549536705,0.14145128428936005,0.0002958579881656805,0.0019723865877712033,507.0,20.0,2.0,vanilla,10.0,True,False,0.09894592314958572,0.2098044604063034
proto_source=vanilla_k=10_weighted=1_learnw=0,test,3456,proto,-0.015685737133026123,0.020720520988106728,-0.10689212948083877,-0.05585130527615547,-0.07930929213762283,-0.00671903882175684,1.7719337483867747e-05,0.9469548133595285,-0.015418445691466331,2.2904372599441558e-05,0.0002901962725445628,0.015380267053842545,0.20352092385292053,0.15061981976032257,0.8076906204223633,0.0,0.0,0.0,0.0,,,cvar,/Users/yaniszaim/deephedging/.deephedging_real_runs/final_paper_asian_panel/panel_sweeps/IWM_full_paper_grid_800_asian_call_step_robust/model_artifacts/seed_3456/risk_cvar/proto_source_vanilla_k_10_weighted_1_learnw_0,122.0,0.0569433169994371,val_loss,0.018207719549536705,0.14145128428936005,0.0002958579881656805,0.0019723865877712033,509.0,20.0,2.0,vanilla,10.0,True,False,0.09894592314958572,0.2098044604063034
proto_source=vanilla_k=25_weighted=0_learnw=0,train,3456,proto,-0.014610517770051956,0.01876005157828331,-0.07570321828126908,-0.05292568877339363,-0.0685286745429039,-0.00806347280740738,0.00307247573509812,0.8433938370620515,-0.013634586706757545,0.0003600454656407237,0.0013359757140278816,0.036922749131917953,0.3422374725341797,0.17772236466407776,1.0,0.011492190797804981,0.011492190797804981,0.0,0.16040523427606584,,,cvar,/Users/yaniszaim/deephedging/.deephedging_real_runs/final_paper_asian_panel/panel_sweeps/IWM_full_paper_grid_800_asian_call_step_robust/model_artifacts/seed_3456/risk_cvar/proto_source_vanilla_k_25_weighted_0_learnw_0,720.0,0.058314235554328395,val_loss,0.03729886934161186,0.1420874446630478,0.004092702169625246,0.07495069033530571,2369.0,20.0,2.0,vanilla,25.0,False,False,0.1531067043542862,0.35111039876937866
proto_source=vanilla_k=25_weighted=0_learnw=0,val,3456,proto,-0.015056475065648556,0.019204681739211082,-0.08568478062748908,-0.05220670849084854,-0.06888939440250397,-0.007543726358562708,0.002212229615543032,0.8362919132149902,-0.014029338955879211,0.00030417085508815944,0.0013313067611306906,0.03678390383720398,0.34251412749290466,0.17868058383464813,1.0,0.013165680473372781,0.013165680473372781,0.0,0.16765285996055226,,,cvar,/Users/yaniszaim/deephedging/.deephedging_real_runs/final_paper_asian_panel/panel_sweeps/IWM_full_paper_grid_800_asian_call_step_robust/model_artifacts/seed_3456/risk_cvar/proto_source_vanilla_k_25_weighted_0_learnw_0,720.0,0.058314235554328395,val_loss,0.03729886934161186,0.1420874446630478,0.004092702169625246,0.07495069033530571,507.0,20.0,2.0,vanilla,25.0,False,False,0.1531067043542862,0.35111039876937866
proto_source=vanilla_k=25_weighted=0_learnw=0,test,3456,proto,-0.016691291704773903,0.021317340433597565,-0.10475743114948273,-0.05676775276660919,-0.08077617734670639,-0.008545338176190853,0.003434555558487764,0.8605108055009824,-0.015418445691466331,8.05589952506125e-05,0.0013534066965803504,0.036851439625024796,0.33787214756011963,0.17315039038658142,1.0,0.010609037328094302,0.010609037328094302,0.0,0.16110019646365423,,,cvar,/Users/yaniszaim/deephedging/.deephedging_real_runs/final_paper_asian_panel/panel_sweeps/IWM_full_paper_grid_800_asian_call_step_robust/model_artifacts/seed_3456/risk_cvar/proto_source_vanilla_k_25_weighted_0_learnw_0,720.0,0.058314235554328395,val_loss,0.03729886934161186,0.1420874446630478,0.004092702169625246,0.07495069033530571,509.0,20.0,2.0,vanilla,25.0,False,False,0.1531067043542862,0.35111039876937866
proto_source=vanilla_k=25_weighted=1_learnw=0,train,3456,proto,-0.014933961443603039,0.020775366574525833,-0.08586498320102692,-0.05566811561584473,-0.07499043643474579,-0.007100146263837814,0.004736620560288428,0.8151118615449556,-0.013634586706757545,0.00024919139104895294,0.0015485677868127823,0.04764527827501297,0.40674474835395813,0.14444616436958313,1.0,0.0020261713803292527,0.0015407344871253693,0.0004854368932038835,0.027437737441958633,,,cvar,/Users/yaniszaim/deephedging/.deephedging_real_runs/final_paper_asian_panel/panel_sweeps/IWM_full_paper_grid_800_asian_call_step_robust/model_artifacts/seed_3456/risk_cvar/proto_source_vanilla_k_25_weighted_1_learnw_0,759.0,0.056286911399616196,val_loss,0.02635994367301464,0.314486563205719,0.0010355029585798817,0.029585798816568046,2369.0,20.0,2.0,vanilla,25.0,True,False,0.13067898154258728,0.4068956971168518
proto_source=vanilla_k=25_weighted=1_learnw=0,val,3456,proto,-0.015136358328163624,0.020257551223039627,-0.08371614307165146,-0.05528813675045967,-0.07162491977214813,-0.007956048473715782,0.004020021995529532,0.8165680473372781,-0.014029338955879211,0.0004725106409750879,0.0015795306535437703,0.048909228295087814,0.40674471855163574,0.14637552201747894,1.0,0.0027120315581854043,0.0017751479289940828,0.0009368836291913214,0.03353057199211045,,,cvar,/Users/yaniszaim/deephedging/.deephedging_real_runs/final_paper_asian_panel/panel_sweeps/IWM_full_paper_grid_800_asian_call_step_robust/model_artifacts/seed_3456/risk_cvar/proto_source_vanilla_k_25_weighted_1_learnw_0,759.0,0.056286911399616196,val_loss,0.02635994367301464,0.314486563205719,0.0010355029585798817,0.029585798816568046,507.0,20.0,2.0,vanilla,25.0,True,False,0.13067898154258728,0.4068956971168518
proto_source=vanilla_k=25_weighted=1_learnw=0,test,3456,proto,-0.01661565899848938,0.02262483909726143,-0.10347597777843476,-0.056091643124818805,-0.08413191139698029,-0.007815295830368996,0.005052298586815595,0.8133595284872298,-0.015418445691466331,0.00037492738920263946,0.001572141540236771,0.04831027239561081,0.40674471855163574,0.14289353787899017,1.0,0.0019646365422396855,0.0004420432220039293,0.0015225933202357564,0.029469548133595286,,,cvar,/Users/yaniszaim/deephedging/.deephedging_real_runs/final_paper_asian_panel/panel_sweeps/IWM_full_paper_grid_800_asian_call_step_robust/model_artifacts/seed_3456/risk_cvar/proto_source_vanilla_k_25_weighted_1_learnw_0,759.0,0.056286911399616196,val_loss,0.02635994367301464,0.314486563205719,0.0010355029585798817,0.029585798816568046,509.0,20.0,2.0,vanilla,25.0,True,False,0.13067898154258728,0.4068956971168518
proto_source=vanilla_k=50_weighted=0_learnw=0,train,3456,proto,-0.014387295581400394,0.01809011958539486,-0.07394812852144242,-0.04979657009243965,-0.06663098186254501,-0.008319748565554619,0.0026304205879569046,0.8805403123680878,-0.013634586706757545,0.00043249904410913587,0.001185209141112864,0.044797178357839584,0.6618137955665588,0.402730256319046,1.0,0.10303925707049388,0.10303925707049388,0.0,0.8484592655128746,,,cvar,/Users/yaniszaim/deephedging/.deephedging_real_runs/final_paper_asian_panel/panel_sweeps/IWM_full_paper_grid_800_asian_call_step_robust/model_artifacts/seed_3456/risk_cvar/proto_source_vanilla_k_50_weighted_0_learnw_0,508.0,0.06609886358556369,val_loss,0.04619283229112625,0.35425281524658203,0.0745069033530572,0.7909270216962525,2369.0,20.0,2.0,vanilla,50.0,False,False,0.19084064662456512,0.6703762412071228
proto_source=vanilla_k=50_weighted=0_learnw=0,val,3456,proto,-0.014924095943570137,0.017962899059057236,-0.07524675711989402,-0.05024857595562935,-0.06489630043506622,-0.008678633719682693,0.0022764137247577292,0.873767258382643,-0.014029338955879211,0.00029048591386526823,0.0011852433672174811,0.044664911925792694,0.661392331123352,0.4020474851131439,1.0,0.10216962524654832,0.10216962524654832,0.0,0.8382642998027613,,,cvar,/Users/yaniszaim/deephedging/.deephedging_real_runs/final_paper_asian_panel/panel_sweeps/IWM_full_paper_grid_800_asian_call_step_robust/model_artifacts/seed_3456/risk_cvar/proto_source_vanilla_k_50_weighted_0_learnw_0,508.0,0.06609886358556369,val_loss,0.04619283229112625,0.35425281524658203,0.0745069033530572,0.7909270216962525,507.0,20.0,2.0,vanilla,50.0,False,False,0.19084064662456512,0.6703762412071228
proto_source=vanilla_k=50_weighted=0_learnw=0,test,3456,proto,-0.015821896493434906,0.019311824813485146,-0.0835462561249733,-0.053986547887325285,-0.07334395498037338,-0.009206769987940788,0.003572586551308627,0.8585461689587426,-0.015418445691466331,0.0007949588471092284,0.0011984104057773948,0.04494255408644676,0.6486726403236389,0.40426090359687805,1.0,0.10122789783889981,0.10122789783889981,0.0,0.8369351669941061,,,cvar,/Users/yaniszaim/deephedging/.deephedging_real_runs/final_paper_asian_panel/panel_sweeps/IWM_full_paper_grid_800_asian_call_step_robust/model_artifacts/seed_3456/risk_cvar/proto_source_vanilla_k_50_weighted_0_learnw_0,508.0,0.06609886358556369,val_loss,0.04619283229112625,0.35425281524658203,0.0745069033530572,0.7909270216962525,509.0,20.0,2.0,vanilla,50.0,False,False,0.19084064662456512,0.6703762412071228
proto_source=vanilla_k=50_weighted=1_learnw=0,train,3456,proto,-0.013797085732221603,0.018623100593686104,-0.07622820317745209,-0.052967093884944916,-0.06855060905218124,-0.004611985292285681,0.00036288205883465695,0.9143098353735754,-0.013634586706757545,0.00024061431759037077,0.000403112469939515,0.016936151310801506,0.08026600629091263,0.17578357458114624,0.6457526683807373,0.0,0.0,0.0,0.0,,,cvar,/Users/yaniszaim/deephedging/.deephedging_real_runs/final_paper_asian_panel/panel_sweeps/IWM_full_paper_grid_800_asian_call_step_robust/model_artifacts/seed_3456/risk_cvar/proto_source_vanilla_k_50_weighted_1_learnw_0,2.0,0.056861070459708576,val_loss,0.0199324619024992,0.1908348798751831,0.0,0.0,2369.0,20.0,2.0,vanilla,50.0,True,False,0.11081979423761368,0.17282091081142426
proto_source=vanilla_k=50_weighted=1_learnw=0,val,3456,proto,-0.014144507236778736,0.018526926636695862,-0.07394139856100082,-0.05077436752617359,-0.06593732535839081,-0.005409047938883305,0.00034523619979154297,0.9289940828402367,-0.014029338955879211,0.0002882338303606957,0.0004034025187138468,0.016928473487496376,0.07910992950201035,0.17583997547626495,0.6458701491355896,0.0,0.0,0.0,0.0,,,cvar,/Users/yaniszaim/deephedging/.deephedging_real_runs/final_paper_asian_panel/panel_sweeps/IWM_full_paper_grid_800_asian_call_step_robust/model_artifacts/seed_3456/risk_cvar/proto_source_vanilla_k_50_weighted_1_learnw_0,2.0,0.056861070459708576,val_loss,0.0199324619024992,0.1908348798751831,0.0,0.0,507.0,20.0,2.0,vanilla,50.0,True,False,0.11081979423761368,0.17282091081142426
proto_source=vanilla_k=50_weighted=1_learnw=0,test,3456,proto,-0.015485471114516258,0.020437248051166534,-0.10507942110300064,-0.05377443730831146,-0.07805128395557404,-0.006432402413338423,0.0002903991495259105,0.9214145383104125,-0.015418445691466331,0.00033916052780114114,0.0004061866202391684,0.016934484243392944,0.08354128152132034,0.17577598989009857,0.6374503374099731,0.0,0.0,0.0,0.0,,,cvar,/Users/yaniszaim/deephedging/.deephedging_real_runs/final_paper_asian_panel/panel_sweeps/IWM_full_paper_grid_800_asian_call_step_robust/model_artifacts/seed_3456/risk_cvar/proto_source_vanilla_k_50_weighted_1_learnw_0,2.0,0.056861070459708576,val_loss,0.0199324619024992,0.1908348798751831,0.0,0.0,509.0,20.0,2.0,vanilla,50.0,True,False,0.11081979423761368,0.17282091081142426
proto_source=vanilla_k=100_weighted=0_learnw=0,train,3456,proto,-0.013438545167446136,0.017624791711568832,-0.07259113222360611,-0.04847813844680786,-0.06456011533737183,-0.007409450598061085,0.0026877562515437597,0.8598564795272267,-0.013634586706757545,0.0005328086554072797,0.0003367670869920403,0.021395869553089142,0.5652798414230347,0.32300835847854614,1.0,0.0010869565217391304,0.0010869565217391304,0.0,0.009708737864077669,,,cvar,/Users/yaniszaim/deephedging/.deephedging_real_runs/final_paper_asian_panel/panel_sweeps/IWM_full_paper_grid_800_asian_call_step_robust/model_artifacts/seed_3456/risk_cvar/proto_source_vanilla_k_100_weighted_0_learnw_0,639.0,0.05675721058034185,val_loss,0.020555514842271805,0.2537381947040558,0.0009368836291913214,0.007889546351084813,2369.0,20.0,2.0,vanilla,100.0,False,False,0.2008989006280899,0.5784578919410706
proto_source=vanilla_k=100_weighted=0_learnw=0,val,3456,proto,-0.014210269786417484,0.01800263673067093,-0.06989269927144051,-0.04820473529398441,-0.0656990110874176,-0.008280680514872074,0.0018458034610375758,0.8717948717948718,-0.014029338955879211,0.00015641696518287063,0.0003373485815245658,0.021483205258846283,0.5652793049812317,0.3228360116481781,1.0,0.0011341222879684418,0.0011341222879684418,0.0,0.007889546351084813,,,cvar,/Users/yaniszaim/deephedging/.deephedging_real_runs/final_paper_asian_panel/panel_sweeps/IWM_full_paper_grid_800_asian_call_step_robust/model_artifacts/seed_3456/risk_cvar/proto_source_vanilla_k_100_weighted_0_learnw_0,639.0,0.05675721058034185,val_loss,0.020555514842271805,0.2537381947040558,0.0009368836291913214,0.007889546351084813,507.0,20.0,2.0,vanilla,100.0,False,False,0.2008989006280899,0.5784578919410706
proto_source=vanilla_k=100_weighted=0_learnw=0,test,3456,proto,-0.015396403148770332,0.019912751391530037,-0.09980842024087906,-0.05304196998476982,-0.07691133767366409,-0.007753556594252586,0.00233843876048922,0.8526522593320236,-0.015418445691466331,0.00035834734444506466,0.00033630564576014876,0.021459858864545822,0.5652785301208496,0.3239598870277405,1.0,0.0010805500982318272,0.0010805500982318272,0.0,0.011787819253438114,,,cvar,/Users/yaniszaim/deephedging/.deephedging_real_runs/final_paper_asian_panel/panel_sweeps/IWM_full_paper_grid_800_asian_call_step_robust/model_artifacts/seed_3456/risk_cvar/proto_source_vanilla_k_100_weighted_0_learnw_0,639.0,0.05675721058034185,val_loss,0.020555514842271805,0.2537381947040558,0.0009368836291913214,0.007889546351084813,509.0,20.0,2.0,vanilla,100.0,False,False,0.2008989006280899,0.5784578919410706
proto_source=vanilla_k=100_weighted=1_learnw=0,train,3456,proto,-0.014274228364229202,0.01831270381808281,-0.07606718301773072,-0.04945520162582397,-0.06697073578834534,-0.009040053002536297,0.004826621804386377,0.8581680033769523,-0.013634586706757545,0.0005698215682059526,0.0012094636913388968,0.0411321222782135,0.4059639871120453,0.4678994417190552,1.0,0.08446601941747572,0.08442380751371886,4.2211903756859436e-05,0.5268045588856057,,,cvar,/Users/yaniszaim/deephedging/.deephedging_real_runs/final_paper_asian_panel/panel_sweeps/IWM_full_paper_grid_800_asian_call_step_robust/model_artifacts/seed_3456/risk_cvar/proto_source_vanilla_k_100_weighted_1_learnw_0,752.0,0.05889577370105749,val_loss,0.024993734434247017,0.37405553460121155,0.01809664694280079,0.16370808678500987,2369.0,20.0,2.0,vanilla,100.0,True,False,0.13971498608589172,0.4091835916042328
proto_source=vanilla_k=100_weighted=1_learnw=0,val,3456,proto,-0.014352582395076752,0.01786118373274803,-0.07999165698885917,-0.050183411687612534,-0.06294194608926773,-0.008629243820905685,0.004716999293304967,0.8619329388560157,-0.014029338955879211,0.0008779962663538754,0.0012012406950816512,0.04122491553425789,0.4059639871120453,0.4665800929069519,1.0,0.07672583826429981,0.07667652859960553,4.930966469428008e-05,0.4832347140039448,,,cvar,/Users/yaniszaim/deephedging/.deephedging_real_runs/final_paper_asian_panel/panel_sweeps/IWM_full_paper_grid_800_asian_call_step_robust/model_artifacts/seed_3456/risk_cvar/proto_source_vanilla_k_100_weighted_1_learnw_0,752.0,0.05889577370105749,val_loss,0.024993734434247017,0.37405553460121155,0.01809664694280079,0.16370808678500987,507.0,20.0,2.0,vanilla,100.0,True,False,0.13971498608589172,0.4091835916042328
proto_source=vanilla_k=100_weighted=1_learnw=0,test,3456,proto,-0.01522112637758255,0.020035922527313232,-0.09042905151844025,-0.051606277376413344,-0.07386448234319687,-0.009110050275921822,0.004343002568930387,0.8605108055009824,-0.015418445691466331,0.0013853606069460511,0.0011880418751388788,0.040648240596055984,0.4059639871120453,0.4645853042602539,1.0,0.07652259332023575,0.07652259332023575,0.0,0.48526522593320237,,,cvar,/Users/yaniszaim/deephedging/.deephedging_real_runs/final_paper_asian_panel/panel_sweeps/IWM_full_paper_grid_800_asian_call_step_robust/model_artifacts/seed_3456/risk_cvar/proto_source_vanilla_k_100_weighted_1_learnw_0,752.0,0.05889577370105749,val_loss,0.024993734434247017,0.37405553460121155,0.01809664694280079,0.16370808678500987,509.0,20.0,2.0,vanilla,100.0,True,False,0.13971498608589172,0.4091835916042328
