terminal_return,realized_vol,avg_ivol,max_drawdown,return_regime,vol_regime,drawdown_regime,unhedged_gains,unhedged_pnl,unhedged_cost,spot_delta_gains,spot_delta_pnl,spot_delta_cost,vanilla_gains,vanilla_pnl,vanilla_cost,proto_mean_gains,proto_mean_pnl,proto_mean_cost,proto_tail_gains,proto_tail_pnl,proto_tail_cost
-0.08094823360443115,0.018818454272134317,0.9805957525968552,-0.08094823360443115,down,mid_vol,mild_dd,-0.0,0.0,0.0,-0.017424032,-0.017213838,0.00021019393,0.5528474,0.55999446,0.007147073,0.11984933,0.12581912,0.005969782,0.08247916,0.08909977,0.0066206134
-0.005677163600921631,0.00850494871154173,0.7926801979541779,-0.025965910762639544,down,mid_vol,mid_dd,-0.0,0.0,0.0,0.00066456606,0.00087579066,0.00021122457,1.1350077,1.1433117,0.008304018,1.1711698,1.1795052,0.00833542,0.86071324,0.8688632,0.00814999
0.010829925537109375,0.005703546675554328,1.6421438939869404,-0.017129584116955754,middle,high_vol,deep_dd,-0.010829926,0.0,0.0,-0.011166611,-0.00012751365,0.00020917147,1.9828193,1.9990156,0.0053662704,2.0273519,2.0431385,0.0049566966,1.9744674,1.9903879,0.005090543
-0.0914650559425354,0.016785415842634224,0.8476555846631527,-0.0914650559425354,down,mid_vol,mild_dd,-0.0,0.0,0.0,-0.027414825,-0.027195092,0.00021973294,2.2265782,2.2352996,0.008721251,2.4770222,2.4828975,0.0058752587,2.4441328,2.4500232,0.0058903513
-0.06866997480392456,0.013812339655507176,1.1550835967063904,-0.07673823833465576,down,high_vol,mild_dd,-0.0,0.0,0.0,-0.0017048771,-0.0014823079,0.0002225692,1.3881643,1.3954517,0.0072873337,1.6218772,1.627305,0.005427874,1.6036826,1.6092072,0.0055244737
0.019458532333374023,0.00530672870575216,0.49324329756200314,-0.010689867143117482,middle,low_vol,deep_dd,-0.019458532,0.0,0.0,-0.025817893,-0.0061397324,0.00021962749,1.841368,1.8698654,0.009038953,1.5776149,1.6041635,0.007090043,1.9568583,1.9838208,0.0075039696
0.005298972129821777,0.01141973905749913,0.6929150991141796,-0.040322027926689485,middle,low_vol,mid_dd,-0.005298972,0.0,0.0,0.008185121,0.013697094,0.00021300129,4.042696,4.0589094,0.010914449,3.6647172,3.6785889,0.008572637,4.0140934,4.0288544,0.009461675
0.06946289539337158,0.008356935370543692,0.5943017035722733,-0.017378032207489014,up,low_vol,deep_dd,-0.069462895,0.0,0.0,-0.08703651,-0.017358067,0.00021555347,0.7071249,0.78410995,0.0075221676,0.51174146,0.58628356,0.0050791837,0.90326726,0.97886366,0.006133522
0.041612982749938965,0.007221395023540557,0.9300994947552681,-0.019416590851038085,up,mid_vol,mid_dd,-0.041612983,0.0,0.0,-0.0371939,0.004629869,0.00021078692,1.5379895,1.5851161,0.005513719,1.8100224,1.8579088,0.0062735598,1.3243634,1.3726981,0.0067216973
-0.04240536689758301,0.011391150579391517,0.6293615452945233,-0.05377405881881714,down,low_vol,mild_dd,-0.0,0.0,0.0,-0.019923372,-0.019705083,0.00021828947,1.1685882,1.1758432,0.00725511,1.0497512,1.0564135,0.0066624274,1.4454634,1.453381,0.007917475
0.03149604797363281,0.0042766296690677314,0.5157853469252587,-0.014295231734777647,up,low_vol,deep_dd,-0.031496048,0.0,0.0,-0.022612529,0.009088652,0.00020513307,1.5826281,1.6214708,0.0073466673,1.382318,1.4208745,0.0070603774,0.9244322,0.9635531,0.007624782
0.012342095375061035,0.006394177329113437,0.7012765429913997,-0.017056085426043976,middle,low_vol,deep_dd,-0.012342095,0.0,0.0,-0.013830044,-0.0012730743,0.00021487453,-0.008501084,0.007764742,0.00392373,-0.099321425,-0.083534755,0.0034445752,-0.062862545,-0.04775168,0.002768773
-0.020787417888641357,0.01992744905015642,0.996035996824503,-0.0818747878074646,down,high_vol,mild_dd,-0.0,0.0,0.0,-0.030573398,-0.030330079,0.00024331904,1.3151916,1.324403,0.009211467,1.2068624,1.2147465,0.007884043,1.3800206,1.3880761,0.008055431
-0.0820993185043335,0.014533466837674716,0.9442561890929937,-0.09550261497497559,down,mid_vol,mild_dd,-0.0,0.0,0.0,-0.008396806,-0.008185692,0.0002111144,0.77749854,0.78521407,0.0077154967,0.8641379,0.87145305,0.007315176,1.2776195,1.2852049,0.0075853593
0.0337979793548584,0.005553636821553922,0.6209084972739219,-0.01646713517378262,up,low_vol,deep_dd,-0.03379798,0.0,0.0,-0.028254325,0.0057558706,0.0002122165,2.6084647,2.6498635,0.0076006777,2.9721117,3.0127277,0.0068181558,3.039196,3.0800445,0.0070505966
-0.004081249237060547,0.007900064019476434,0.8258819468319416,-0.040094878616014906,down,mid_vol,mid_dd,-0.0,0.0,0.0,-0.0019970932,-0.0017780333,0.00021905982,2.5843573,2.5943184,0.009961051,2.3660462,2.3737714,0.0077252025,2.5078619,2.5162868,0.008424935
0.03435158729553223,0.01646023325831584,0.9176566988229752,-0.04758045509773945,up,mid_vol,mild_dd,-0.034351587,0.0,0.0,-0.033832166,0.0007393919,0.0002199692,3.0823493,3.126588,0.009887134,3.193231,3.2366316,0.00904896,2.84761,2.8913732,0.00941155
0.018420934677124023,0.006027935862137414,0.6128953039646149,-0.012198581393530694,middle,low_vol,deep_dd,-0.018420935,0.0,0.0,-0.018394396,0.00023449356,0.00020795561,2.6478667,2.675594,0.00930651,2.173652,2.1981542,0.0060813734,2.6011176,2.628068,0.008529431
0.015822768211364746,0.004894712323240282,0.6219615925103426,-0.020499156577688193,middle,low_vol,mid_dd,-0.015822768,0.0,0.0,-0.014296124,0.0017598233,0.00023317899,2.8631268,2.8879492,0.0089997705,2.4811647,2.5039983,0.007010793,2.742275,2.765669,0.007571446
0.0017895698547363281,0.019255047610285212,1.096408200263977,-0.05610239505767822,middle,high_vol,mild_dd,-0.0017895699,0.0,0.0,-0.03995098,-0.037945315,0.00021609511,3.3009512,3.3122017,0.00946098,2.903066,2.913198,0.008342415,3.270828,3.2808452,0.008227598
0.03169810771942139,0.007026374597220296,0.6150776997208596,-0.02770655854426962,up,low_vol,mid_dd,-0.031698108,0.0,0.0,-0.031403847,0.0005017669,0.00020750726,1.1872976,1.2257729,0.006777194,1.2108188,1.2494179,0.0069010006,1.5031314,1.5434208,0.008591288
0.032071828842163086,0.00740037299402005,0.7801575973629952,-0.019221365451812744,up,mid_vol,mid_dd,-0.03207183,0.0,0.0,-0.034867153,-0.0025856334,0.00020968841,0.42376563,0.4618485,0.006011036,0.3229587,0.36014837,0.0051178406,0.7187669,0.75846976,0.0076310243
0.031154274940490723,0.0075847191340802,1.3436625368893147,-0.01998387913671873,up,high_vol,mid_dd,-0.031154275,0.0,0.0,-0.040002495,-0.008632363,0.00021585746,4.818292,4.858381,0.008934596,4.957462,4.996549,0.007933362,5.108648,5.148499,0.008697137
-0.011119186878204346,0.006056211299646696,1.485802198946476,-0.02081735756333547,down,high_vol,mid_dd,-0.0,0.0,0.0,0.0002674468,0.00047260136,0.00020515456,0.57322097,0.5767863,0.0035652851,0.31030503,0.31307137,0.002766346,0.6149078,0.61849844,0.0035906462
0.05211031436920166,0.008323837459827179,0.9481925569474697,-0.024518077981997788,up,mid_vol,mid_dd,-0.052110314,0.0,0.0,-0.03423464,0.018100124,0.00022444942,1.4195011,1.4795783,0.007966839,1.7747608,1.8339361,0.007064893,1.0388498,1.0978476,0.0068874704
0.009887099266052246,0.004822414332950885,1.5351182520389557,-0.0217282772064209,middle,high_vol,mid_dd,-0.009887099,0.0,0.0,-0.013165094,-0.0030694809,0.0002085141,0.6736789,0.6873412,0.0037752257,0.5733387,0.5867419,0.0035161604,0.566444,0.5803839,0.004052839
0.07326352596282959,0.008841687310782904,1.0123766958713531,-0.007380386523127891,up,high_vol,deep_dd,-0.073263526,0.0,0.0,-0.07834106,-0.0048657297,0.00021180506,5.3604593,5.4433312,0.009608354,4.952375,5.033719,0.008080469,5.4838586,5.5659776,0.008855315
0.022658348083496094,0.005095671687656407,0.3251400995999575,-0.017740562004367022,middle,low_vol,deep_dd,-0.022658348,0.0,0.0,-0.015448241,0.0074488153,0.00023870693,0.15339005,0.17994517,0.0038967764,0.44757742,0.47388706,0.0036512953,0.14642937,0.17287302,0.0037852982
0.044097065925598145,0.010056284046363589,0.7039580561220646,-0.0174629215372456,up,low_vol,deep_dd,-0.044097066,0.0,0.0,-0.046217218,-0.0019092048,0.00021094753,2.507895,2.560616,0.008624059,1.6883781,1.738847,0.0063718157,1.8414499,1.8931379,0.007591012
-0.011693358421325684,0.012663286493378672,1.2007370449602603,-0.04427486600796837,down,high_vol,mild_dd,-0.0,0.0,0.0,0.0046236855,0.004834606,0.00021092038,2.222719,2.2293763,0.0066572907,2.469277,2.474865,0.005588093,2.3015883,2.307063,0.005474719
0.06307053565979004,0.020382126216890954,1.203600138425827,-0.041915532914316156,up,high_vol,mild_dd,-0.063070536,0.0,0.0,-0.052479103,0.010800471,0.00020903595,4.1005063,4.17372,0.010142676,3.9831514,4.056531,0.010309061,3.9863057,4.0603595,0.010983119
-0.04176008701324463,0.014040568813086778,0.6182451508939266,-0.052277445793151855,down,low_vol,mild_dd,-0.0,0.0,0.0,-0.019393984,-0.01917693,0.00021705315,1.4971024,1.5053207,0.008218236,1.6018069,1.6092277,0.0074207997,1.8034618,1.8117328,0.008270984
0.007042288780212402,0.011009572834209861,0.8722602069377899,-0.03881181850702575,middle,mid_vol,mid_dd,-0.007042289,0.0,0.0,-0.016376054,-0.009086683,0.00024708133,0.16635638,0.17680733,0.0034086495,0.040586542,0.050285947,0.0026571148,0.25164607,0.2627546,0.0040662317
0.02928638458251953,0.011518887504789245,0.830294194072485,-0.041533785851359584,up,mid_vol,mild_dd,-0.029286385,0.0,0.0,-0.029638944,-0.00012470082,0.00022785977,2.7483165,2.7875288,0.0099257305,2.3648841,2.4024968,0.00832621,2.3741307,2.4125066,0.009089538
0.044884562492370605,0.007807264029664396,1.2745766386389732,-0.017237835873584406,up,high_vol,deep_dd,-0.044884562,0.0,0.0,-0.042576786,0.0025282612,0.00022048409,2.028701,2.0824525,0.008867074,2.147399,2.2002485,0.007965027,1.9380988,1.9916952,0.008711851
0.04841780662536621,0.007615114155853891,0.7777486450970172,-0.014206033308892807,up,mid_vol,deep_dd,-0.048417807,0.0,0.0,-0.035509977,0.013116255,0.00020842733,1.251438,1.30837,0.0085142,1.6743282,1.7306218,0.007875836,0.8626659,0.91891414,0.007830441
-0.13163280487060547,0.02590585118982097,1.263958603143692,-0.18587142630104114,down,high_vol,mild_dd,-0.0,0.0,0.0,0.0048005222,0.0050365743,0.0002360522,0.31484482,0.31932408,0.0044792546,0.45964143,0.4651398,0.005498372,0.019119998,0.022380687,0.0032606884
0.014089465141296387,0.004282583015989339,0.2819035042077303,-0.010336110237247231,middle,low_vol,deep_dd,-0.014089465,0.0,0.0,-0.012420657,0.001891159,0.00022235072,0.56616044,0.5833097,0.0030597958,0.46085206,0.47747457,0.0025330454,0.55511326,0.5722788,0.0030760765
-0.08538734912872314,0.01877859183456788,0.9955172464251518,-0.11073641226480446,down,mid_vol,mild_dd,-0.0,0.0,0.0,-0.008733257,-0.008514627,0.00021862988,2.6296806,2.638505,0.008824268,2.3981743,2.4051619,0.006987628,2.483431,2.4906614,0.007230198
-0.1140480637550354,0.01632368856430334,0.9038295909762383,-0.11695092455202971,down,mid_vol,mild_dd,-0.0,0.0,0.0,-0.012495567,-0.012279091,0.00021647563,0.8395351,0.84668183,0.0071467254,1.2179266,1.2218707,0.0039440747,0.9398087,0.94403064,0.0042218864
-0.0382915735244751,0.006764089418978143,0.8655011564493179,-0.043236432607685726,down,mid_vol,mild_dd,-0.0,0.0,0.0,0.0028716666,0.0030917104,0.00022004372,1.0503948,1.0578086,0.007413878,1.1680903,1.175798,0.007707702,1.0499659,1.0580791,0.008113241
0.015568375587463379,0.005090427401223453,0.7762921996414661,-0.0203889648707678,middle,mid_vol,mid_dd,-0.015568376,0.0,0.0,-0.015469599,0.00031262566,0.00021384863,1.7551903,1.7784138,0.0076551656,1.8404572,1.8622872,0.006261557,2.1073885,2.1308308,0.007874006
-0.09500622749328613,0.013877060394350717,0.9337272372096777,-0.09550265142832093,down,mid_vol,mild_dd,-0.0,0.0,0.0,-2.9384682e-07,0.00020997443,0.00021026828,0.8935344,0.9007268,0.0071923495,1.3352989,1.3427817,0.0074827266,1.38865,1.3959744,0.0073243985
0.00900256633758545,0.0069602372433870555,0.5498376481235028,-0.03422651710521518,middle,low_vol,mid_dd,-0.009002566,0.0,0.0,-0.008632911,0.00060903886,0.00023938363,0.3471862,0.36007982,0.0038910485,0.5394581,0.5520166,0.0035559817,0.5330683,0.5460474,0.003976518
-0.05306822061538696,0.008329594516084834,0.8037708558142185,-0.05306822061538696,down,mid_vol,mild_dd,-0.0,0.0,0.0,-0.00044408644,-0.00022999107,0.00021409539,0.9723582,0.97993135,0.0075731548,1.270032,1.2772821,0.007250014,1.1893657,1.197286,0.007920257
-0.07512009143829346,0.01585230990731986,0.8711395531892776,-0.08677468852033443,down,mid_vol,mild_dd,-0.0,0.0,0.0,0.0025474292,0.0027650539,0.00021762477,2.4766457,2.4836278,0.0069821943,2.3895369,2.3975415,0.008004753,2.4190135,2.4262662,0.007252763
0.010884761810302734,0.008758008598005719,0.8101689420640469,-0.04137097312800597,middle,mid_vol,mild_dd,-0.010884762,0.0,0.0,-0.008993242,0.0021068826,0.0002153632,4.412241,4.4325824,0.009456725,4.1893144,4.2083607,0.008161699,4.5970683,4.6169853,0.009032464
0.04165196418762207,0.007013741712690575,1.8335034936666488,-0.014583202601804568,up,high_vol,deep_dd,-0.041651964,0.0,0.0,-0.037909828,0.0039521665,0.00021003149,0.49430758,0.5393899,0.003430368,0.44931045,0.49372703,0.0027646006,0.27087578,0.3155568,0.003029048
-0.035934507846832275,0.010171966126489188,0.7219949960708618,-0.04132997989654541,down,low_vol,mid_dd,-0.0,0.0,0.0,-0.01002605,-0.009818531,0.00020751939,0.54016536,0.54755795,0.007392606,1.2459254,1.2532486,0.0073231524,1.2333047,1.2414252,0.008120464
0.0912172794342041,0.010021565683544344,0.5447059445083141,-0.012629607611584936,up,low_vol,deep_dd,-0.09121728,0.0,0.0,-0.07112217,0.020313287,0.00021817198,1.347896,1.4458754,0.006762134,1.0990311,1.1956944,0.0054460685,1.5317712,1.6303571,0.0073686303
0.00014078617095947266,0.005103194244528327,0.2534529026597738,-0.012434806109827501,middle,low_vol,deep_dd,-0.00014078617,0.0,0.0,-0.004068851,-0.0037044329,0.00022363175,0.26324615,0.26523915,0.0018522072,0.3172284,0.31940368,0.002034493,0.3893096,0.392198,0.0027475997
0.015325069427490234,0.005992257628665268,1.8006647109985352,-0.014605820178985596,middle,high_vol,deep_dd,-0.015325069,0.0,0.0,-0.02689811,-0.011358874,0.00021416695,0.96258503,0.9821581,0.004248048,1.0007364,1.0201519,0.0040904228,0.9514043,0.97168154,0.00495219
0.10098755359649658,0.018152279575969456,1.0186779461801052,-0.025173182668758676,up,high_vol,mid_dd,-0.10098755,0.0,0.0,-0.107616074,-0.0064129666,0.00021554914,3.9492736,4.0611053,0.010844127,4.30849,4.4205785,0.011101111,3.959148,4.0707593,0.010623814
0.0036324262619018555,0.009086311692517533,1.0388704508543014,-0.025684058666229248,middle,high_vol,mid_dd,-0.0036324263,0.0,0.0,-0.0044930675,-0.00064710557,0.00021353547,-0.43123546,-0.4213384,0.0062646293,-0.2918381,-0.2827496,0.005456104,-0.27471876,-0.26510003,0.005986305
0.0038995742797851562,0.0030088389244469762,0.8035604022443295,-0.008215849857946655,middle,mid_vol,deep_dd,-0.0038995743,0.0,0.0,-0.006468344,-0.002357817,0.00021095267,3.600809,3.6136239,0.008915202,3.0689428,3.0796332,0.006790835,3.399242,3.4105477,0.007406147
-0.04867488145828247,0.016009596138448164,1.2377418488264085,-0.1010188636144762,down,high_vol,mild_dd,-0.0,0.0,0.0,-0.0014094948,-0.0011868477,0.00022264716,1.64187,1.6487736,0.0069034924,1.1176094,1.1240448,0.006435367,0.5297683,0.53566617,0.005897898
-0.003353595733642578,0.009405472575823899,1.7287160441279412,-0.041769458186724506,down,high_vol,mild_dd,-0.0,0.0,0.0,-0.0012677576,-0.0010588379,0.00020891972,2.5701723,2.5787373,0.008564934,1.6219742,1.6288711,0.0068968707,2.2427254,2.2500606,0.007335224
0.04092895984649658,0.004238283749415,0.5901062034070492,-0.0037772748023783276,up,low_vol,deep_dd,-0.04092896,0.0,0.0,-0.03521311,0.005924346,0.00020849447,0.5130012,0.5609787,0.0070485673,1.1041064,1.1508482,0.00581276,1.1502355,1.1981134,0.006948909
0.03932678699493408,0.0053179045558700185,0.9402365036308765,-0.018218093850956074,up,mid_vol,deep_dd,-0.039326787,0.0,0.0,-0.029083908,0.010454461,0.00021158221,1.4199816,1.4676098,0.008301434,1.3897403,1.435909,0.0068419324,1.5871981,1.633748,0.007223117
0.041719913482666016,0.016506691879708667,1.0967194527387618,-0.04618934993836965,up,high_vol,mild_dd,-0.041719913,0.0,0.0,-0.057868112,-0.015939888,0.0002083124,3.4041317,3.4552345,0.009383069,3.0739088,3.1245558,0.008927215,3.4014447,3.453372,0.010207338
-0.007863342761993408,0.009886453911805981,0.7840304024517536,-0.050843057004986814,down,mid_vol,mild_dd,-0.0,0.0,0.0,0.0036730934,0.0038995908,0.00022649743,2.1764312,2.1842756,0.007844461,1.3520007,1.3575808,0.0055800946,1.9917153,1.998467,0.0067516873
-0.05962967872619629,0.018979947672283008,0.9191947989165783,-0.11073643124321964,down,mid_vol,mild_dd,-0.0,0.0,0.0,0.012408971,0.012627511,0.00021854075,2.19121,2.2003126,0.009102491,2.1816719,2.1892104,0.0075384537,1.8497425,1.8571076,0.007365147
-0.0271151065826416,0.011058373128814641,1.0345919474959373,-0.04900256057268082,down,high_vol,mild_dd,-0.0,0.0,0.0,-0.0015751831,-0.0013405697,0.00023461337,3.4025276,3.411303,0.00877558,3.6128335,3.6200907,0.0072571766,3.645247,3.6528947,0.0076477844
0.006807446479797363,0.009220163644921984,1.1127085521817208,-0.04051469892532933,middle,high_vol,mid_dd,-0.0068074465,0.0,0.0,-0.0039775553,0.003055924,0.00022603304,3.920937,3.937343,0.009598356,4.2012978,4.216282,0.008176949,4.3067684,4.322192,0.008616492
0.007847905158996582,0.005951496084215924,1.7906584098935128,-0.01813670594798955,middle,high_vol,deep_dd,-0.007847905,0.0,0.0,-0.005659822,0.002404096,0.0002160128,0.7857798,0.7992784,0.005650684,0.81937903,0.83229357,0.0050666467,0.8413284,0.854966,0.0057897056
0.04690980911254883,0.007075521638944348,0.8715385362505913,-0.01707815925026046,up,mid_vol,deep_dd,-0.04690981,0.0,0.0,-0.045932498,0.0011908197,0.00021350716,0.31283215,0.36413425,0.0043923077,0.62754273,0.67968804,0.0052355165,0.726127,0.77890027,0.005863453
0.01793062686920166,0.01755361310284708,1.044594556093216,-0.05674472466970282,middle,high_vol,mild_dd,-0.017930627,0.0,0.0,-0.015674472,0.0024710286,0.00021487412,2.0948637,2.1214542,0.008660132,1.6437017,1.668459,0.006826746,1.0908237,1.1160513,0.007297084
-0.03195267915725708,0.013646214936669636,1.188082404434681,-0.06022977828979492,down,high_vol,mild_dd,-0.0,0.0,0.0,-0.0032475665,-0.003013368,0.00023419845,0.5084208,0.5117864,0.0033655828,0.7235035,0.726733,0.0032295773,0.85064584,0.8543665,0.0037206216
0.02915489673614502,0.007505264630500859,0.6041637476533651,-0.027732432954948205,up,low_vol,mid_dd,-0.029154897,0.0,0.0,-0.03061319,-0.0012026342,0.0002556589,1.9785862,2.0168355,0.009094348,1.4182256,1.4556937,0.008313132,1.3033564,1.3411812,0.008669867
0.01961386203765869,0.008209017267491521,0.9907247640192509,-0.030787725451017933,middle,mid_vol,mid_dd,-0.019613862,0.0,0.0,-0.014758475,0.0050635007,0.00020811315,0.15569854,0.18011133,0.004798941,0.08647934,0.10997522,0.0038820147,0.09564264,0.11980784,0.004551339
-0.03380012512207031,0.013727025698951147,1.102653694152832,-0.07673822503999295,down,high_vol,mild_dd,-0.0,0.0,0.0,0.0044833743,0.0047085932,0.00022521883,1.8726071,1.8804395,0.007832466,1.4967072,1.5026369,0.0059297,1.7931249,1.7995166,0.0063916664
0.01727581024169922,0.003730976670823108,1.0385514415800572,-0.007182036229694155,middle,high_vol,deep_dd,-0.01727581,0.0,0.0,-0.012779447,0.004719656,0.00022329316,4.8936443,4.9210873,0.010167358,4.9354672,4.961579,0.008835886,4.803271,4.829617,0.009070428
0.01164400577545166,0.00599096816605761,0.877755307406187,-0.024314524525031467,middle,mid_vol,mid_dd,-0.011644006,0.0,0.0,-0.009770728,0.0020876634,0.00021438539,0.6268281,0.6451185,0.0066463673,1.282405,1.3007137,0.0066646393,1.351496,1.3699147,0.0067746243
-0.0021225810050964355,0.005032114629095001,1.740829014033079,-0.018136675178383688,middle,high_vol,deep_dd,-0.0,0.0,0.0,-0.003295046,-0.0030726849,0.00022236112,2.8270168,2.8358886,0.008871832,1.8595527,1.8674057,0.007852912,1.60921,1.6171551,0.007945029
0.05033385753631592,0.005945012862285159,0.7641823433339596,-0.01643067162993339,up,mid_vol,deep_dd,-0.050333858,0.0,0.0,-0.030589465,0.019970603,0.00022621112,2.7348201,2.7941072,0.008953308,2.3821905,2.4394789,0.0069544013,2.6632204,2.7217464,0.008192085
0.025278210639953613,0.00742815983827028,0.6092849962413311,-0.027732434273512463,middle,low_vol,mid_dd,-0.02527821,0.0,0.0,-0.02019724,0.0053106355,0.00022966514,1.3457094,1.378383,0.0073953443,1.0087934,1.0404963,0.0064248196,1.0676916,1.1007928,0.007823042
0.009428262710571289,0.0065623555493734,1.1345912963151932,-0.03283730371884419,middle,high_vol,mid_dd,-0.009428263,0.0,0.0,-0.0009208906,0.008725269,0.00021789668,6.4049225,6.4248157,0.010464628,6.29517,6.3140025,0.009404061,6.2909937,6.309995,0.009572953
0.05305182933807373,0.008546290388600386,1.010443951189518,-0.014989835276057017,up,high_vol,deep_dd,-0.05305183,0.0,0.0,-0.052663874,0.00061964936,0.00023169264,3.4694624,3.5329905,0.010476017,3.5830734,3.6455858,0.009460617,3.598425,3.6611166,0.009639846
0.048550963401794434,0.006153911638284246,0.6399606510996818,-0.012198685330503722,up,low_vol,deep_dd,-0.048550963,0.0,0.0,-0.034545135,0.014216316,0.00021048523,2.5582254,2.6171222,0.010345793,2.509258,2.5656667,0.007857462,2.5947437,2.6525187,0.009223975
0.02507305145263672,0.00841829026154342,0.9208923012018204,-0.027284073640180928,middle,mid_vol,mid_dd,-0.025073051,0.0,0.0,-0.025322724,-3.4021938e-05,0.00021565089,-0.37512982,-0.34298864,0.007068138,-0.39387146,-0.36221868,0.0065797367,-0.21873435,-0.18709822,0.0065630795
-0.005489230155944824,0.0037051420269258394,0.9442650064826011,-0.013311386108398438,down,mid_vol,deep_dd,-0.0,0.0,0.0,-0.0041711614,-0.003944346,0.00022681522,3.1012878,3.1100066,0.008718801,3.143387,3.1506338,0.007246629,3.0093966,3.0167654,0.007368809
0.018528103828430176,0.005841093537913359,0.9203230105340481,-0.02431454274991296,middle,mid_vol,mid_dd,-0.018528104,0.0,0.0,-0.019608403,-0.0008659328,0.00021436678,0.49626294,0.5223322,0.007541137,0.56513864,0.5898747,0.006207924,0.52317494,0.54805213,0.0063490774
0.017425060272216797,0.005179349963043278,0.8065033033490181,-0.011942391024319599,middle,mid_vol,deep_dd,-0.01742506,0.0,0.0,-0.022905692,-0.005243406,0.00023722657,0.6257225,0.6488085,0.005660867,0.5946331,0.6170785,0.0050203265,0.6318539,0.65488786,0.00560892
0.023091793060302734,0.005568990547139845,0.9617151409387589,-0.021253933131733738,middle,mid_vol,mid_dd,-0.023091793,0.0,0.0,-0.025773412,-0.0024671603,0.00021445684,1.6972553,1.7287434,0.008396349,1.7769955,1.8076305,0.0075432,2.508306,2.539498,0.008100293
0.009884357452392578,0.004822520776299172,1.5814422011375426,-0.019156329388349325,middle,high_vol,mid_dd,-0.009884357,0.0,0.0,-0.009530301,0.0005645127,0.00021045633,0.95953184,0.9737809,0.0043646884,0.8367598,0.85075104,0.0041068858,0.99891025,1.0137253,0.004930701
0.01838076114654541,0.0053461114198908154,1.3675103463232516,-0.01864337178393438,middle,high_vol,deep_dd,-0.018380761,0.0,0.0,-0.020216072,-0.0016248473,0.00021046463,1.218497,1.2426592,0.005781361,1.0645558,1.0880142,0.005077742,0.71602464,0.7400634,0.0056580394
0.010665535926818848,0.005434612432490617,0.35935420356690884,-0.017740573249597325,middle,low_vol,deep_dd,-0.010665536,0.0,0.0,-0.008882504,0.0020224582,0.00023942614,1.5585492,1.5746697,0.0054550734,1.5819278,1.5974665,0.0048731905,1.5789394,1.5946063,0.005001256
0.027626872062683105,0.004935230152369174,0.2779202491044998,-0.01127349982885284,up,low_vol,deep_dd,-0.027626872,0.0,0.0,-0.027483819,0.00039538834,0.00025233376,0.6167731,0.64756405,0.0031640674,0.6354152,0.6656312,0.0025890805,0.6660849,0.69744074,0.0037290105
0.02825641632080078,0.006165748601136006,0.8843521431088448,-0.01344874417665276,up,mid_vol,deep_dd,-0.028256416,0.0,0.0,-0.032256603,-0.0037843483,0.0002158409,1.1739376,1.2112647,0.009070733,0.81433314,0.85049653,0.007906984,0.906775,0.9441024,0.009070996
0.02869391441345215,0.005703448582430277,0.5955203488469124,-0.01224491618420731,up,low_vol,deep_dd,-0.028693914,0.0,0.0,-0.026571877,0.0023583078,0.00023627016,0.9040062,0.9411236,0.008423534,1.1398746,1.1761037,0.0075352215,0.87041783,0.9073493,0.008237556
-0.05300253629684448,0.00899663606138553,0.8747942045331001,-0.07181940322730085,down,mid_vol,mild_dd,-0.0,0.0,0.0,0.009274511,0.009487431,0.00021291991,2.8334785,2.841999,0.008520717,3.1396646,3.1474056,0.0077408785,3.0331306,3.040791,0.00766043
0.03503906726837158,0.013497707165992369,1.0534832566976546,-0.02442969982213694,up,high_vol,mid_dd,-0.035039067,0.0,0.0,-0.050221603,-0.014960618,0.00022191911,0.6964232,0.7362449,0.0047826534,0.6897749,0.72966534,0.004851417,0.6997144,0.7399461,0.005192615
-0.27878737449645996,0.05219366290013399,1.7087174564599992,-0.28076648712158203,down,high_vol,mild_dd,-0.0,0.0,0.0,-0.035494376,-0.035266247,0.00022812927,1.6041588,1.6132358,0.009077063,2.2168505,2.2259212,0.009070523,1.1633725,1.1696668,0.0062942337
0.030320286750793457,0.005541751324407725,1.0120174966752529,-0.012643266081658,up,high_vol,deep_dd,-0.030320287,0.0,0.0,-0.028289137,0.0022419468,0.00021079734,2.1637595,2.2018416,0.0077615995,2.2045238,2.2417333,0.006889146,1.493659,1.5309108,0.006931496
0.006964564323425293,0.009222507506927923,1.1054961018264293,-0.04051470756530762,middle,high_vol,mid_dd,-0.0069645643,0.0,0.0,-0.007545443,-0.00035441687,0.00022646178,3.7392452,3.755857,0.009647143,4.0009594,4.016095,0.0081712855,4.1393185,4.1549273,0.0086441375
-0.01226186752319336,0.00865360753638001,0.49787805154919623,-0.03244652238871126,down,low_vol,mid_dd,-0.0,0.0,0.0,0.0030552684,0.003276806,0.00022153773,0.8891835,0.8944642,0.005280682,0.3019,0.30617473,0.0042747194,0.52592355,0.53089416,0.0049706176
0.010115385055541992,0.0069900756518349325,1.210450705140829,-0.01552149638307887,middle,high_vol,deep_dd,-0.010115385,0.0,0.0,-0.020469071,-0.0101370895,0.00021659756,1.334809,1.3496938,0.004769392,1.3271413,1.3416208,0.004364171,1.3423748,1.3569851,0.0044948584
-0.01372593641281128,0.008244014174678132,2.127293789386749,-0.030166361693672705,down,high_vol,mid_dd,-0.0,0.0,0.0,0.0059201214,0.006127696,0.00020757435,2.4277244,2.4353423,0.007617847,2.0711958,2.0778086,0.0066127796,1.9952979,2.002152,0.006854087
0.06953275203704834,0.005878559558935155,0.549595507979393,-0.007032060255498407,up,low_vol,deep_dd,-0.06953275,0.0,0.0,-0.07081172,-0.0010610747,0.0002178956,2.5442038,2.6209111,0.007174585,3.0217104,3.0978112,0.006567959,3.1647217,3.2413979,0.0071432125
0.02517879009246826,0.007546607727884175,0.6597503907978535,-0.021636489239006962,middle,low_vol,mid_dd,-0.02517879,0.0,0.0,-0.020599259,0.004793663,0.00021413212,4.7777324,4.8128242,0.009913025,4.791035,4.825054,0.008839897,4.30138,4.336091,0.009532015
0.024873852729797363,0.007229636882802484,1.9945520535111427,-0.01488510243640595,middle,high_vol,deep_dd,-0.024873853,0.0,0.0,-0.037313294,-0.012226332,0.00021310715,2.392032,2.4247062,0.0078003006,2.5108943,2.5425167,0.00674864,2.492519,2.5242815,0.0068889754
-0.0651940107345581,0.010184482992201965,1.5217960733920335,-0.07140082783499857,down,high_vol,mild_dd,-0.0,0.0,0.0,0.000965733,0.0012295835,0.0002638505,3.7382472,3.7458901,0.007642943,3.3163838,3.3226504,0.006266639,2.41713,2.4234447,0.0063146492
0.0073708295822143555,0.008994180050225259,0.7510110005736351,-0.025965824975389684,middle,mid_vol,mid_dd,-0.0073708296,0.0,0.0,-0.011445114,-0.0038616005,0.00021268417,0.6977908,0.71318525,0.008023618,1.026829,1.0428802,0.008680348,0.98544496,1.0014628,0.008647027
0.04399597644805908,0.009079590200055903,0.6102698974311351,-0.02019041737886973,up,low_vol,mid_dd,-0.043995976,0.0,0.0,-0.034537103,0.009699899,0.0002410258,1.4992023,1.5525926,0.009394381,1.4196607,1.4710683,0.007411566,1.4084793,1.4610319,0.008556556
0.02517712116241455,0.00505923685130685,0.5071072950959206,-0.01646723372614134,middle,low_vol,deep_dd,-0.025177121,0.0,0.0,-0.02415009,0.0012371506,0.0002101192,2.279445,2.3123999,0.0077778134,2.6126792,2.644582,0.006725616,2.066931,2.0988104,0.0067022843
0.016364097595214844,0.019368433024628776,0.6511971522122622,-0.04356276988983154,middle,low_vol,mild_dd,-0.016364098,0.0,0.0,-0.035313632,-0.01870285,0.00024668677,0.37334645,0.39587435,0.0061638164,0.53798497,0.5601179,0.005768829,0.5271554,0.5494054,0.0058859107
-0.023431897163391113,0.004648776502521965,0.9037460468709468,-0.03431098002104194,down,mid_vol,mid_dd,-0.0,0.0,0.0,-0.00045584395,-0.00024074066,0.0002151033,2.3405533,2.3488648,0.008311496,2.264393,2.2719371,0.007544009,2.0812972,2.089069,0.00777167
0.047728776931762695,0.00427318379910973,1.012020494043827,-0.011323619189014145,up,high_vol,deep_dd,-0.047728777,0.0,0.0,-0.04029993,0.0076347566,0.00020590653,3.6548042,3.7139053,0.011372444,3.30569,3.3632169,0.009798071,3.2911184,3.3489764,0.010129177
0.022296905517578125,0.01556598051754693,0.6608280435204505,-0.04629576256455403,middle,low_vol,mild_dd,-0.022296906,0.0,0.0,-0.044765085,-0.022257207,0.0002109691,-0.11641413,-0.087166935,0.0069502858,0.016989492,0.045974657,0.0066882586,0.22037147,0.2506992,0.008030815
0.031402587890625,0.0036221608945584136,0.7482976004481315,-0.010483374750956842,up,mid_vol,deep_dd,-0.031402588,0.0,0.0,-0.031638805,-2.3972376e-05,0.00021224537,1.6433728,1.6833894,0.008614006,1.6925669,1.7312523,0.007282813,0.75391483,0.7917219,0.006404436
0.009988546371459961,0.011343786077752754,1.2812909431755544,-0.03561610492088385,middle,high_vol,mid_dd,-0.009988546,0.0,0.0,-0.013233585,-0.0030355018,0.00020953703,2.8085296,2.8248532,0.006335106,2.6243684,2.6394448,0.005087773,2.8470635,2.8624072,0.005355012
0.04025089740753174,0.01210407625163359,0.6104375950992107,-0.04561584277014241,up,low_vol,mild_dd,-0.040250897,0.0,0.0,-0.03920257,0.001262977,0.00021465082,1.3933647,1.4412856,0.007670056,1.1199005,1.1669041,0.0067527853,1.2087964,1.2561154,0.0070681702
-0.010940134525299072,0.01036143882547128,0.3949683986604214,-0.04128056491197807,down,low_vol,mid_dd,-0.0,0.0,0.0,0.00069097144,0.00090444257,0.00021347111,0.18999852,0.1946778,0.004679275,0.009193057,0.010362517,0.0011694598,0.14695473,0.14991923,0.0029644927
0.07283616065979004,0.006568084046144916,0.4155459009110928,-0.010949103082229517,up,low_vol,deep_dd,-0.07283616,0.0,0.0,-0.06081907,0.01223257,0.00021548271,1.4765866,1.5554032,0.0059804786,1.5796851,1.6576269,0.005105626,1.639373,1.7180226,0.0058134655
0.009563803672790527,0.009978401644655252,0.8030536934733391,-0.058116614818573,middle,mid_vol,mild_dd,-0.009563804,0.0,0.0,-0.022728687,-0.012948827,0.00021605793,0.33108792,0.34706512,0.006413394,0.25230825,0.26848882,0.0066167735,-0.10171249,-0.0856687,0.006479988
0.00542294979095459,0.009635197592507264,0.7981831952929497,-0.05815980619257022,middle,mid_vol,mild_dd,-0.00542295,0.0,0.0,0.0050906376,0.010733469,0.00021988206,0.5871185,0.59947747,0.006936021,0.2988692,0.31040192,0.006109778,0.16716996,0.17978549,0.007192577
0.03839075565338135,0.011746460592677468,0.6624713942408562,-0.031079328962096198,up,low_vol,mid_dd,-0.038390756,0.0,0.0,-0.039824788,-0.0011989787,0.0002350529,1.0969305,1.1446376,0.0093162665,1.3083106,1.3552879,0.008586513,0.8433316,0.88978744,0.008065119
-0.05612671375274658,0.011284447800164625,0.9405531834810972,-0.06704831142420697,down,mid_vol,mild_dd,-0.0,0.0,0.0,0.002507774,0.0027162049,0.00020843098,1.3028473,1.3106117,0.007764451,1.780053,1.7871128,0.0070598302,1.7084489,1.7156675,0.0072185495
0.03159332275390625,0.008615227325595299,0.3645497977733612,-0.021532847221131468,up,low_vol,mid_dd,-0.031593323,0.0,0.0,-0.03181748,-8.297626e-06,0.00021586187,0.3550747,0.39154723,0.0048792204,0.01917881,0.052189063,0.001416931,0.10174754,0.13612542,0.0027845479
-0.08635562658309937,0.012441537979764878,0.9625177949666976,-0.08914619003725555,down,mid_vol,mild_dd,-0.0,0.0,0.0,-0.009741855,-0.009523488,0.0002183669,0.6169097,0.6219265,0.005016801,0.4949563,0.49846318,0.0035068758,0.660021,0.66397846,0.0039574713
0.01231837272644043,0.004008776659204746,0.40880534537136554,-0.009889020094080991,middle,low_vol,deep_dd,-0.012318373,0.0,0.0,-0.0049519446,0.007598649,0.00023222044,1.1193299,1.1378132,0.0061649634,0.8573333,0.8737155,0.0040638596,1.1801295,1.1990147,0.006566732
0.02731001377105713,0.006003583258887279,0.9175381608307361,-0.02431456279564248,up,mid_vol,mid_dd,-0.027310014,0.0,0.0,-0.027174838,0.00034862908,0.00021345381,0.24985914,0.28367427,0.006505124,0.31763014,0.35033062,0.005390452,0.33289418,0.36617395,0.005969775
0.028695106506347656,0.005364039104422037,1.00341130271554,-0.01821807091179173,up,high_vol,deep_dd,-0.028695107,0.0,0.0,-0.030648733,-0.0017371696,0.00021645668,1.5459676,1.5831343,0.008471616,1.1825268,1.2181726,0.006950675,1.6811968,1.7173514,0.0074595455
0.02612590789794922,0.005459423461238771,0.3661598928272724,-0.01336669921875,middle,low_vol,deep_dd,-0.026125908,0.0,0.0,-0.035458706,-0.00908782,0.00024498036,0.83909744,0.87150586,0.006282506,0.83681154,0.86795425,0.0050168154,1.1694613,1.2021068,0.0065197167
0.03603184223175049,0.005131629598726994,0.3829159550368786,-0.013366639262083257,up,low_vol,deep_dd,-0.036031842,0.0,0.0,-0.02493268,0.011353202,0.0002540405,0.36834228,0.40906322,0.0046890904,0.2842162,0.32419682,0.00394877,0.33832332,0.37889853,0.0045433557
0.05526304244995117,0.011537049979425682,0.8342466995120048,-0.02435600757598877,up,mid_vol,mid_dd,-0.055263042,0.0,0.0,-0.060178053,-0.004697539,0.00021747177,2.1140554,2.1789768,0.009658395,1.552298,1.6148559,0.0072948774,1.9512088,2.0150247,0.008552838
0.017547965049743652,0.0033911397648995934,1.7312169764190912,-0.00686772117867418,middle,high_vol,deep_dd,-0.017547965,0.0,0.0,-0.008876001,0.008894831,0.00022286711,2.4714944,2.4963171,0.007274957,1.083679,1.1064293,0.005202357,1.1506267,1.1734012,0.005226626
-0.0006096959114074707,0.006431146793295367,2.0782542884349824,-0.022906841289108915,middle,high_vol,mid_dd,-0.0,0.0,0.0,0.0014800881,0.0016850529,0.0002049648,2.7057333,2.7142045,0.008471285,2.42789,2.4354594,0.0075693782,2.2013252,2.2092268,0.007901693
0.07635176181793213,0.008927606764657625,1.0149127960205078,-0.00738042267414829,up,high_vol,deep_dd,-0.07635176,0.0,0.0,-0.06618751,0.010375689,0.0002114345,6.298318,6.385796,0.011126401,5.8754606,5.960856,0.009043615,6.3919606,6.478075,0.009762722
0.019185543060302734,0.005494798586804166,0.8821467518806457,-0.018572269169912836,middle,mid_vol,deep_dd,-0.019185543,0.0,0.0,-0.016848397,0.002572755,0.0002356073,1.3004925,1.325563,0.005884904,1.1162906,1.1400863,0.0046101273,1.5129099,1.5379457,0.005850282
0.01538395881652832,0.0032099672397042376,0.5929492548108101,-0.00707864295176297,middle,low_vol,deep_dd,-0.015383959,0.0,0.0,-0.014430517,0.0011604804,0.00020703893,0.91043293,0.93204796,0.006231045,0.944637,0.96616566,0.0061447276,0.9319731,0.95415354,0.0067964857
0.013971447944641113,0.004604498242698716,0.8864009439945221,-0.012612521648406982,middle,mid_vol,deep_dd,-0.013971448,0.0,0.0,-0.017256966,-0.0030577274,0.00022779005,0.9722531,0.9940481,0.007823564,0.9011401,0.9226748,0.007563241,0.97933364,1.0016035,0.008298378
-0.04629230499267578,0.012645099409913348,1.2582967080175878,-0.07932849491358307,down,high_vol,mild_dd,-0.0,0.0,0.0,0.0029495065,0.0031607852,0.00021127873,2.284325,2.2907443,0.0064195246,1.5793778,1.5848927,0.0055149677,1.5067787,1.5125227,0.0057439995
-0.045515596866607666,0.008614728362278948,0.8093693368136883,-0.05288165807723999,down,mid_vol,mild_dd,-0.0,0.0,0.0,-0.010486695,-0.010270098,0.00021659645,1.8183639,1.8258073,0.007443407,1.9247097,1.931003,0.0062932707,1.61893,1.6265627,0.007632775
0.028849363327026367,0.004791280404278077,0.5297339059412479,-0.007032026311465489,up,low_vol,deep_dd,-0.028849363,0.0,0.0,-0.02870129,0.0003701953,0.00022212227,2.8287892,2.8654406,0.0078020743,3.1331296,3.1693518,0.007372941,3.1654139,3.2020109,0.007747756
0.00982820987701416,0.008852577297760837,0.7654659017920494,-0.03226862985472012,middle,mid_vol,mid_dd,-0.00982821,0.0,0.0,-0.0022646745,0.0077810334,0.00021749808,1.7154293,1.7333496,0.008092,0.4822973,0.49861062,0.0064851097,1.0793513,1.0961579,0.0069784513
-0.00014954805374145508,0.005117064506772487,0.33836239874362944,-0.024416951263540043,middle,low_vol,mid_dd,-0.0,0.0,0.0,0.009932554,0.01014715,0.00021459576,0.34727716,0.34977967,0.0025025017,0.25893643,0.26138422,0.0024477877,0.20463666,0.20834582,0.0037091512
-0.08585280179977417,0.0235382188629033,1.6212262630462646,-0.09348896612958724,down,high_vol,mild_dd,-0.0,0.0,0.0,0.006388238,0.0066010705,0.00021283228,1.469451,1.4742062,0.0047553163,1.4408393,1.4460902,0.0052509364,1.5578836,1.5633698,0.005486187
0.013675093650817871,0.004308951431410747,0.5587590515613556,-0.014295246638790338,middle,low_vol,deep_dd,-0.013675094,0.0,0.0,-0.009819873,0.0040614554,0.0002062339,1.6261014,1.6479499,0.008173508,1.6163546,1.6376951,0.007665374,0.97747856,0.99840367,0.0072499868
-0.071369469165802,0.018548072323655133,0.7713681519031524,-0.11997884603160025,down,mid_vol,mild_dd,-0.0,0.0,0.0,0.004100889,0.004327854,0.00022696535,2.0847933,2.0935042,0.00871077,1.8677268,1.8765976,0.0088708615,2.3664043,2.3746617,0.008257435
0.023409366607666016,0.005611870705317427,1.2230756983160973,-0.014780938625335693,middle,high_vol,deep_dd,-0.023409367,0.0,0.0,-0.031279493,-0.0076681795,0.00020194649,0.36459178,0.39172804,0.0037269027,0.27461532,0.30185506,0.003830382,0.3967171,0.4246836,0.004557132
0.01971292495727539,0.002431029857537783,0.6839869469404221,-0.004638373851776123,middle,low_vol,deep_dd,-0.019712925,0.0,0.0,-0.023474013,-0.0035574082,0.00020368073,4.0437474,4.0716066,0.008146361,3.9127502,3.939019,0.006555895,3.9869225,4.013765,0.0071293456
0.03869295120239258,0.003965715549965714,0.9952732488512993,-0.005124888176201603,up,mid_vol,deep_dd,-0.03869295,0.0,0.0,-0.027085442,0.011811528,0.00020401878,3.783195,3.8294573,0.007569402,4.399956,4.446005,0.00735559,4.6217575,4.6688,0.008349358
0.09741735458374023,0.012063100950949762,0.9033434018492699,-0.024355916105310293,up,mid_vol,mid_dd,-0.097417355,0.0,0.0,-0.07104947,0.026588807,0.00022091373,2.2742884,2.3811057,0.009399892,2.3168056,2.421616,0.0073930374,2.5267372,2.6325138,0.008359132
-0.003918945789337158,0.004601533818568225,0.4116586450487375,-0.012563100896556545,down,low_vol,deep_dd,-0.0,0.0,0.0,-0.0026174653,-0.0023947046,0.00022276076,1.3888259,1.3955458,0.0067199366,1.402701,1.4086101,0.0059091216,0.96238023,0.9685736,0.0061933165
0.01272594928741455,0.010617350942529224,2.0873859971761703,-0.040938452630794986,middle,high_vol,mid_dd,-0.012725949,0.0,0.0,-0.012166015,0.00077163696,0.00021170265,1.8942176,1.9142852,0.007341615,1.84517,1.8645378,0.0066418624,1.8061616,1.8257519,0.006864363
0.03719627857208252,0.01176405648520841,0.6487749442458153,-0.031079391938635736,up,low_vol,mid_dd,-0.03719628,0.0,0.0,-0.025385683,0.012046654,0.00023605897,1.3405086,1.3877151,0.010010235,1.2053441,1.2509313,0.008390951,0.89118546,0.93661076,0.008229033
0.048307061195373535,0.010169952439788691,1.0909870371222496,-0.029566159145772652,up,high_vol,mid_dd,-0.04830706,0.0,0.0,-0.032505006,0.016023817,0.00022175982,1.9201328,1.975801,0.007361228,1.8913915,1.947562,0.007863388,1.9366883,1.9930955,0.0081001995
0.044295310974121094,0.005405206327131152,0.49590800441801547,-0.015127945980655477,up,low_vol,deep_dd,-0.04429531,0.0,0.0,-0.037311338,0.00723223,0.00024825858,1.7073815,1.761033,0.009356206,1.6626108,1.7145058,0.007599746,1.063158,1.1138238,0.0063703842
0.02222919464111328,0.004623139169339521,0.5666675552725792,-0.013813611016294969,middle,low_vol,deep_dd,-0.022229195,0.0,0.0,-0.011927127,0.010509841,0.00020777297,0.33874014,0.3679603,0.0069909603,-0.048780546,-0.020988297,0.005563054,0.28275633,0.3115944,0.0066088736
0.02940547466278076,0.003969608809804296,0.8491476085036993,-0.010531772980350906,up,mid_vol,deep_dd,-0.029405475,0.0,0.0,-0.03591092,-0.006294719,0.00021072329,4.097744,4.136373,0.0092232935,4.647789,4.686314,0.009119563,4.737577,4.7764587,0.009476279
0.014595508575439453,0.012048200614394572,1.711508294939995,-0.06320065329154856,middle,high_vol,mild_dd,-0.014595509,0.0,0.0,-0.004147464,0.010652018,0.00020397313,1.2794963,1.2999206,0.005828721,1.1540236,1.1735489,0.0049298173,0.9551558,0.97478676,0.005035472
0.027616500854492188,0.003958522477318958,1.593710945919156,-0.006867721253996817,up,high_vol,deep_dd,-0.0276165,0.0,0.0,-0.028684596,-0.00083936047,0.00022873537,2.317605,2.354666,0.009444543,2.1784587,2.214392,0.008316845,0.9502325,0.98562527,0.0077762785
0.020943403244018555,0.0022469387749677037,0.6498641476035119,-0.004518912970419509,middle,low_vol,deep_dd,-0.020943403,0.0,0.0,-0.020164894,0.0009819244,0.00020341508,3.5193129,3.547253,0.0069965674,3.4446013,3.471422,0.0058772503,3.5463176,3.5734785,0.006217538
0.03241002559661865,0.007269878639075506,0.8966499403119087,-0.01344875868586437,up,mid_vol,deep_dd,-0.032410026,0.0,0.0,-0.031856127,0.0007694938,0.00021559322,0.9022306,0.94328153,0.008640899,0.8931659,0.9327338,0.007157835,0.7566815,0.79799974,0.008908196
0.023003458976745605,0.005099497496654855,0.2740602497011423,-0.017740597438919314,middle,low_vol,deep_dd,-0.023003459,0.0,0.0,-0.020684492,0.0025502539,0.0002312869,1.0741048,1.1016028,0.0044944906,0.8849506,0.91148263,0.0035285882,1.1308641,1.158321,0.0044534258
0.022324681282043457,0.006486163446134958,0.43795929923653604,-0.014353435107212986,middle,low_vol,deep_dd,-0.022324681,0.0,0.0,-0.023037463,-0.00049909943,0.00021368306,1.124422,1.1527301,0.00598351,0.69578415,0.7225852,0.0044763666,1.083515,1.1120304,0.006190714
0.015766382217407227,0.008548810593945142,1.098331955820322,-0.030115723609924316,middle,high_vol,mid_dd,-0.015766382,0.0,0.0,-0.024984427,-0.009006963,0.00021108268,2.096387,2.118812,0.0066587217,1.9292891,1.9510517,0.0059961714,2.2132158,2.235217,0.0062348843
-0.05603080987930298,0.021290095469139212,0.9239668488502503,-0.0922947764157257,down,mid_vol,mild_dd,-0.0,0.0,0.0,0.025127692,0.025338383,0.00021069053,0.57509977,0.5823312,0.0072314166,1.0164798,1.0235487,0.00706882,0.38554358,0.39337772,0.007834128
-0.006393492221832275,0.008764276420254482,0.8519451946020127,-0.03958586428131616,down,mid_vol,mid_dd,-0.0,0.0,0.0,-0.00046725903,-0.00025875738,0.00020850166,1.1335858,1.1395541,0.005968298,0.7798856,0.78457093,0.004685335,0.30898833,0.31430796,0.0053196307
0.033623695373535156,0.005570424897149522,0.42511724680662155,-0.023178093823159607,up,low_vol,mid_dd,-0.033623695,0.0,0.0,-0.037563957,-0.0037020654,0.00023819502,0.7414278,0.7792228,0.0041713277,0.71473765,0.7521376,0.0037762595,1.0107071,1.0485444,0.004213521
0.06396019458770752,0.015250987877859876,2.5809621065855026,-0.039596161677386554,up,high_vol,mid_dd,-0.063960195,0.0,0.0,-0.04973489,0.014435862,0.0002105576,2.4629114,2.535478,0.008606616,2.5641885,2.6368082,0.008659344,2.755517,2.8286364,0.009159041
0.007017374038696289,0.011442665244038884,0.6928418047726155,-0.04188474220410976,middle,low_vol,mild_dd,-0.007017374,0.0,0.0,-0.010049867,-0.0028043834,0.00022811015,2.580316,2.5980875,0.010754207,3.0112312,3.0271776,0.008929115,3.5154114,3.5323448,0.009915951
0.072135329246521,0.009188766120493075,0.8042021438479423,-0.030569154480088567,up,mid_vol,mid_dd,-0.07213533,0.0,0.0,-0.064584196,0.0077659064,0.00021477023,0.3575951,0.43632323,0.006592802,0.19097605,0.26917452,0.006063129,0.7123142,0.79117787,0.0067283665
-0.05239373445510864,0.0132698172047904,0.8364980988204479,-0.08405619058424219,down,mid_vol,mild_dd,-0.0,0.0,0.0,0.0019650802,0.0021824886,0.00021740842,0.94081306,0.9490726,0.008259515,0.91207206,0.919062,0.0069899578,0.8585023,0.8677563,0.009253988
-0.02783864736557007,0.010915824644975898,0.5454876966774463,-0.049149762046117984,down,low_vol,mild_dd,-0.0,0.0,0.0,-0.00046857732,-0.00025837915,0.00021019815,1.2685255,1.277155,0.008629522,1.5943384,1.6020675,0.00772906,1.1881067,1.1981857,0.010078992
0.12707781791687012,0.009872081532344633,1.2892255455255508,-0.01596443268833536,up,high_vol,deep_dd,-0.12707782,0.0,0.0,-0.105637476,0.021665165,0.0002248196,0.35740012,0.4905003,0.0060223546,0.30117676,0.4337178,0.0054631988,0.60632896,0.7395254,0.006118576
0.0005804300308227539,0.011684021397847785,0.6404666967689991,-0.04724704227513543,middle,low_vol,mild_dd,-0.00058043003,0.0,0.0,-0.0042413273,-0.0034489853,0.00021191184,0.7463063,0.75473386,0.007847151,0.49002615,0.49761146,0.007004885,1.1195395,1.1275489,0.0074290615
-0.05546379089355469,0.009834382177705337,1.0252693995833397,-0.07586010945133803,down,high_vol,mild_dd,-0.0,0.0,0.0,0.006583326,0.006802545,0.00021921883,0.8108846,0.8193276,0.008443009,0.8598609,0.8677315,0.007870631,-0.038779095,-0.031981815,0.0067972816
-0.047737836837768555,0.008120829393097802,0.4135255962610245,-0.06686829728752441,down,low_vol,mild_dd,-0.0,0.0,0.0,0.009674806,0.009902053,0.00022724616,-0.013010351,-0.008461062,0.0045492887,0.03220044,0.033694666,0.0014942252,-0.20021647,-0.19568883,0.004527644
-0.03896963596343994,0.006159669179117382,1.009360708296299,-0.046964829438792544,down,high_vol,mild_dd,-0.0,0.0,0.0,0.002752686,0.0029652356,0.0002125496,1.1007773,1.1075438,0.0067666145,1.2072705,1.213816,0.006545545,0.919056,0.9270062,0.007950159
0.038051605224609375,0.012804093128366065,0.5661046452820301,-0.0560641444358293,up,low_vol,mild_dd,-0.038051605,0.0,0.0,-0.024991445,0.013277675,0.0002175157,1.2307491,1.2759053,0.0071044704,1.7425141,1.7874868,0.00692107,1.6631197,1.7088687,0.0076974668
0.022166013717651367,0.006436484094901259,0.870532401651144,-0.02038864089335335,middle,mid_vol,mid_dd,-0.022166014,0.0,0.0,-0.02149627,0.0008814275,0.00021168364,2.9160779,2.946935,0.008691008,2.9369576,2.966565,0.0074412897,3.0321023,3.062818,0.008549802
0.003991127014160156,0.008856692154236777,1.1898494943976403,-0.03670381480959928,middle,high_vol,mid_dd,-0.003991127,0.0,0.0,-0.010633563,-0.0064226934,0.00021974271,2.490494,2.5032427,0.00875764,2.3689046,2.380196,0.0073003247,2.6132944,2.6250086,0.00772308
0.06690895557403564,0.008816761811399457,1.3639783442020417,-0.03462292359676922,up,high_vol,mid_dd,-0.066908956,0.0,0.0,-0.058393776,0.008735185,0.00022000495,1.7807586,1.8568695,0.009201828,1.3808134,1.4563928,0.008670454,1.4515108,1.5274947,0.009074949
-0.04627770185470581,0.009907572328973236,0.9351145945489406,-0.07292726870065158,down,mid_vol,mild_dd,-0.0,0.0,0.0,0.0051046084,0.005325966,0.00022135754,3.3789437,3.3890984,0.010154616,3.2807312,3.2890584,0.008327127,3.3663642,3.3749342,0.008569898
0.032396793365478516,0.005645259449866176,0.5041604496538639,-0.012643271498132158,up,low_vol,deep_dd,-0.032396793,0.0,0.0,-0.026976163,0.005636971,0.00021634037,1.2322793,1.2688484,0.004172374,1.1070795,1.1430476,0.003571291,1.6870536,1.7245679,0.0051175808
0.04353916645050049,0.00893696782464591,0.40840794816613196,-0.018310031652354897,up,low_vol,deep_dd,-0.043539166,0.0,0.0,-0.040946137,0.002811905,0.00021887563,0.06461576,0.11411116,0.0059562344,-0.0036046142,0.041055545,0.0011209928,0.06998208,0.117364354,0.0038431063
-0.09517425298690796,0.0139910429322941,0.9936712428927421,-0.11353629042806845,down,mid_vol,mild_dd,-0.0,0.0,0.0,-0.0113850795,-0.011168038,0.00021704199,2.8324196,2.8408315,0.008411826,2.3602302,2.3678634,0.007633146,2.8690104,2.8766286,0.007618149
0.02849411964416504,0.006303426069563543,1.3587326467037202,-0.015912521731928142,up,high_vol,deep_dd,-0.02849412,0.0,0.0,-0.025449652,0.0032505163,0.00020605032,0.8613494,0.8939573,0.004113784,0.9053957,0.9377121,0.0038222696,0.8704145,0.9035951,0.0046864687
-0.1079593300819397,0.015225005124237832,0.9794753924012184,-0.1079593300819397,down,mid_vol,mild_dd,-0.0,0.0,0.0,-0.03422176,-0.034000725,0.00022103751,2.9192538,2.927744,0.008489981,2.2496026,2.2575684,0.007965703,2.7453465,2.753493,0.00814654
0.02523183822631836,0.006266358619880356,0.41329330056905744,-0.027282555156083688,middle,low_vol,mid_dd,-0.025231838,0.0,0.0,-0.01307642,0.01237707,0.00022165157,0.5764367,0.6084136,0.006745015,0.9813215,1.0132195,0.0066661267,1.0998906,1.1326184,0.007495974
0.014862537384033203,0.005489810616027349,1.9624176666140556,-0.01488503863871038,middle,high_vol,deep_dd,-0.014862537,0.0,0.0,-0.012907431,0.0021769418,0.00022183597,3.7721028,3.7949839,0.008018379,3.784417,3.8063815,0.007102088,3.8923626,3.915001,0.0077758473
-0.04213082790374756,0.012895470775733312,0.8972541049122811,-0.06022979078694979,down,mid_vol,mild_dd,-0.0,0.0,0.0,0.00096403575,0.0011991508,0.00023511505,0.43726754,0.44217658,0.0049090455,0.72407717,0.7287507,0.0046735494,0.56355125,0.56832767,0.0047764103
-0.03966069221496582,0.0061364691367649426,1.7064501196146011,-0.04457437992095947,down,high_vol,mild_dd,-0.0,0.0,0.0,-0.0016883346,-0.0014774805,0.00021085417,0.54786444,0.5510968,0.0032323464,0.537347,0.54027516,0.002928122,0.5379585,0.5411131,0.0031545484
-0.009776651859283447,0.005843277310565192,1.1616507962346077,-0.022101484942964267,down,high_vol,mid_dd,-0.0,0.0,0.0,0.0056698387,0.0058850464,0.00021520788,1.5794924,1.5863659,0.0068734805,1.66104,1.6674838,0.006443859,1.7799928,1.7865394,0.0065466547
0.03905010223388672,0.004590290664467157,0.6270256593823433,-0.010989838962504939,up,low_vol,deep_dd,-0.039050102,0.0,0.0,-0.03026733,0.008991305,0.0002085316,-0.006189943,0.038365558,0.0055053984,0.19009888,0.2337276,0.0045786267,0.114644706,0.15892974,0.005234929
-0.00517040491104126,0.004115051978019865,0.28348805494606494,-0.016559481620788574,down,low_vol,deep_dd,-0.0,0.0,0.0,-0.0056458586,-0.005424872,0.00022098672,0.8476938,0.8513628,0.003669024,0.9383201,0.94150835,0.0031882473,0.79106915,0.795106,0.0040368172
-0.021651923656463623,0.004907150888268099,0.7350268416106701,-0.029950289402270736,down,low_vol,mid_dd,-0.0,0.0,0.0,-0.0022207666,-0.0020013265,0.0002194402,0.2611555,0.26420584,0.0030503431,0.27228037,0.27542165,0.0031412803,0.17042148,0.1738407,0.0034192211
0.06261885166168213,0.006229212910197067,0.40430520474910736,-0.010452416297649925,up,low_vol,deep_dd,-0.06261885,0.0,0.0,-0.062664054,0.0001628042,0.00020800704,0.9185685,0.9854238,0.004236448,0.94371617,1.0099561,0.0036211007,0.9496368,1.0164849,0.004229213
-0.0009431838989257812,0.007969869879790249,0.43615044802427294,-0.031944201733330346,middle,low_vol,mid_dd,-0.0,0.0,0.0,0.00086174096,0.0010748424,0.00021310145,1.0491406,1.0568886,0.0077479896,1.0496888,1.05647,0.0067812153,0.77407026,0.7817166,0.007646343
0.05301082134246826,0.006939200085208704,0.8025926515460015,-0.007380276177212153,up,mid_vol,deep_dd,-0.05301082,0.0,0.0,-0.050716672,0.0025055364,0.00021138761,5.2370605,5.300216,0.010144824,4.9777064,5.0392947,0.008577255,5.4437866,5.5061994,0.009401874
0.017830371856689453,0.006568618957888896,1.0507349900901317,-0.029503467431960417,middle,high_vol,mid_dd,-0.017830372,0.0,0.0,-0.021348806,-0.0032983557,0.00022007884,3.0167646,3.0424857,0.007890766,3.0468261,3.0721753,0.0075187255,2.9295673,2.955735,0.008337283
0.012164115905761719,0.011922942055837134,0.7231649518013,-0.04724705219268799,middle,low_vol,mild_dd,-0.012164116,0.0,0.0,-0.027604938,-0.015229985,0.00021083698,0.91519713,0.93513584,0.0077745914,0.59409094,0.6139205,0.007665444,0.82366675,0.8438388,0.008007929
0.009733438491821289,0.003353468907542437,0.7199952520430088,-0.007783132756030486,middle,low_vol,deep_dd,-0.0097334385,0.0,0.0,-0.005425712,0.0045133187,0.00020559215,1.6824987,1.6993916,0.007159514,1.7683046,1.7839123,0.0058742263,1.8188099,1.8345642,0.006020911
0.01835644245147705,0.004563758157776119,0.8687751948833465,-0.012025177478790283,middle,mid_vol,deep_dd,-0.018356442,0.0,0.0,-0.019823724,-0.0012432187,0.00022406406,1.0701785,1.0953813,0.006846271,1.1240401,1.1494275,0.0070309686,1.0241493,1.050154,0.0076481705
-0.06165069341659546,0.023363115333059428,0.7314583547413349,-0.09457248449325562,down,low_vol,mild_dd,-0.0,0.0,0.0,-0.0042174966,-0.003965968,0.00025152863,1.5711687,1.5782119,0.0070432215,1.5639658,1.5704623,0.0064965757,1.8783658,1.885264,0.0068983235
0.0060689449310302734,0.006335031001220925,2.112388314306736,-0.01488502409441217,middle,high_vol,deep_dd,-0.006068945,0.0,0.0,-0.0031440486,0.003147272,0.0002223757,4.1164446,4.1304092,0.007895363,4.3447633,4.35744,0.006607698,4.10952,4.1223307,0.0067417603
0.04305541515350342,0.02135260377739214,0.8644729971885681,-0.061923325061798096,up,mid_vol,mild_dd,-0.043055415,0.0,0.0,-0.044115406,-0.00084907335,0.00021091929,2.3254707,2.3777199,0.009193549,2.3713443,2.4227726,0.008373036,2.5681527,2.6207168,0.009508769
0.0033292770385742188,0.011181661146408535,0.7204083420336247,-0.046094163433371915,middle,low_vol,mild_dd,-0.003329277,0.0,0.0,0.0064401235,0.009992749,0.00022334908,2.3276064,2.3385434,0.0076077953,2.1187556,2.1276612,0.0055762874,2.2074258,2.2167149,0.005959669
-0.0213468074798584,0.011283984450661118,0.7821247965097428,-0.047256203786936624,down,mid_vol,mild_dd,-0.0,0.0,0.0,0.0061008413,0.0063129715,0.00021213003,-0.047355432,-0.042120427,0.0052350056,-0.006354731,-0.002203824,0.004150907,-0.0105802305,-0.0058053844,0.0047748457
0.01558232307434082,0.006893195285178138,0.9691915944218635,-0.023895027687819925,middle,mid_vol,mid_dd,-0.015582323,0.0,0.0,-0.012202967,0.0035892916,0.00020993508,5.547054,5.572401,0.009765313,5.511981,5.536546,0.008982475,5.6842217,5.7096252,0.009821394
0.031757354736328125,0.004520626764851843,0.5731446541845798,-0.007783203507879977,up,low_vol,deep_dd,-0.031757355,0.0,0.0,-0.017104488,0.0148613015,0.00020843443,0.93965966,0.97920525,0.0077882307,1.5251944,1.5634727,0.006520989,1.2133676,1.2519932,0.0068682535
0.05575132369995117,0.0051005688071986514,0.7252773001790047,-0.009649850968770579,up,low_vol,deep_dd,-0.055751324,0.0,0.0,-0.055186898,0.0007913745,0.00022694911,2.4901357,2.55596,0.010072971,2.5856757,2.649848,0.008421003,2.7195709,2.7841115,0.008789205
0.017063260078430176,0.012943107639756282,0.7133582025766373,-0.04886750302974441,middle,low_vol,mild_dd,-0.01706326,0.0,0.0,-0.0059671137,0.011314875,0.00021872905,1.3943181,1.4195688,0.008187397,1.5174416,1.5410368,0.0065319687,1.5875173,1.6118479,0.007267385
-0.019005298614501953,0.01772120122159375,0.6405522033572197,-0.07487714641761656,down,low_vol,mild_dd,-0.0,0.0,0.0,0.00524338,0.005558337,0.0003149569,-0.045664907,-0.040600985,0.0050639207,0.0767208,0.08154673,0.004825935,-0.107582524,-0.10305767,0.0045248573
0.01640141010284424,0.01171335183213008,0.7767427504062653,-0.031079382820634383,middle,mid_vol,mid_dd,-0.01640141,0.0,0.0,-0.031240461,-0.014615359,0.00022369235,0.2679993,0.29062855,0.0062278598,0.5032763,0.5259644,0.0062866868,0.03187329,0.053813364,0.0055386657
-0.09207147359848022,0.015838521893184822,1.338522306829691,-0.12067736734867296,down,high_vol,mild_dd,-0.0,0.0,0.0,-0.018423073,-0.01821102,0.00021205295,2.3187299,2.3251302,0.006400393,1.7764413,1.7819893,0.0055479957,1.6691027,1.6748455,0.005742829
-0.009185373783111572,0.00907720476936311,0.8224293544888497,-0.02740493532435262,down,mid_vol,mid_dd,-0.0,0.0,0.0,-0.022239594,-0.022034237,0.00020535672,0.50732553,0.5126339,0.0053083617,-0.14909896,-0.14365572,0.00544324,0.7546649,0.7615417,0.0068768132
-0.05080920457839966,0.016546448428876624,1.2422978430986404,-0.0823317258640961,down,high_vol,mild_dd,-0.0,0.0,0.0,0.007533216,0.0077426773,0.00020946132,1.6547054,1.6627262,0.008020811,1.4365427,1.4426211,0.006078337,1.272328,1.2782366,0.005908613
0.0647200345993042,0.018863581283378675,1.0245065078139306,-0.0567447029903686,up,high_vol,mild_dd,-0.064720035,0.0,0.0,-0.037410565,0.027524283,0.00021481533,0.653991,0.72637707,0.007666031,0.7287503,0.79989195,0.0064215995,0.51366645,0.58508295,0.0066964338
0.027733564376831055,0.006754250734580664,1.115034095942974,-0.019983881640460388,up,high_vol,mid_dd,-0.027733564,0.0,0.0,-0.027819006,0.00012076879,0.00020621039,3.4372969,3.4727468,0.007716452,3.6043932,3.6390877,0.00696079,3.6145644,3.650106,0.0078079533
0.005399942398071289,0.004939162645773649,0.4187378019094467,-0.013476504911986154,middle,low_vol,deep_dd,-0.0053999424,0.0,0.0,-0.0012303571,0.0044001243,0.00023053904,1.2254887,1.2362024,0.005313799,1.5110704,1.5202202,0.003749882,1.3651966,1.3754237,0.0048271823
-0.03731036186218262,0.012564550198242963,0.9330677539110184,-0.08445500043232912,down,mid_vol,mild_dd,-0.0,0.0,0.0,-0.0019374245,-0.0017243129,0.00021311165,1.8786347,1.8854356,0.0068009123,1.586167,1.591948,0.0057810866,1.776264,1.781695,0.0054310416
-0.0827869176864624,0.01932713609067563,1.9660457506775857,-0.1609738514456751,down,high_vol,mild_dd,-0.0,0.0,0.0,0.022516564,0.022730233,0.00021366941,2.1135676,2.120119,0.0065514767,2.28562,2.2912514,0.0056315144,2.1571908,2.1627645,0.005573631
-0.04560410976409912,0.012470178837133207,0.9033535033464432,-0.08445500153840291,down,mid_vol,mild_dd,-0.0,0.0,0.0,-0.004627907,-0.0044126697,0.00021523752,1.7700499,1.7768831,0.006833229,1.9607381,1.9674525,0.006714468,1.7673341,1.7727314,0.005397279
0.020416736602783203,0.0032914626599461713,1.0114131473004817,-0.0133114031738496,middle,high_vol,deep_dd,-0.020416737,0.0,0.0,-0.018414214,0.002211989,0.00020946619,1.4039673,1.4318564,0.007472355,1.359597,1.387125,0.0071113366,1.41987,1.4482586,0.007971852
-0.014323651790618896,0.008775852974394907,0.7544405549764633,-0.04652244403399164,down,mid_vol,mild_dd,-0.0,0.0,0.0,0.0008020424,0.0010258623,0.00022381985,1.5512215,1.558898,0.0076764817,1.6456918,1.6532164,0.0075246124,1.7972666,1.8051627,0.00789602
0.025104284286499023,0.004772436994369603,0.3202054038643837,-0.016559506790523315,middle,low_vol,deep_dd,-0.025104284,0.0,0.0,-0.014786676,0.010553415,0.00023580593,1.2890671,1.3187159,0.004544547,1.2697119,1.2987562,0.0039401473,1.2611449,1.2904834,0.004234152
-0.06915909051895142,0.012112964335243769,0.9378537945449352,-0.08405618412202542,down,mid_vol,mild_dd,-0.0,0.0,0.0,0.009075179,0.00929116,0.00021598098,1.3888884,1.396942,0.008053667,1.3790781,1.3864254,0.0073471717,1.3212328,1.3303279,0.009095067
0.021282553672790527,0.002247444501294564,0.6066477999091149,-0.004518908607483607,middle,low_vol,deep_dd,-0.021282554,0.0,0.0,-0.02114424,0.00034182414,0.00020350887,3.3676906,3.396508,0.007535059,3.2938845,3.321392,0.006224865,3.2715929,3.2995923,0.0067170034
0.021607041358947754,0.007050312759504388,0.6073652472347021,-0.019026928550744282,middle,low_vol,mid_dd,-0.021607041,0.0,0.0,-0.027338166,-0.005481178,0.0002499473,1.5014431,1.5316329,0.008582723,1.2676204,1.2967596,0.0075320746,0.7184651,0.7485173,0.00844516
-0.006901860237121582,0.007266428850232899,0.7928329117596149,-0.04316068729732503,down,mid_vol,mild_dd,-0.0,0.0,0.0,0.008757221,0.00897189,0.00021466972,1.6429889,1.6517662,0.008777281,1.8798589,1.8877305,0.0078716,1.7861614,1.7945803,0.008418899
0.030219078063964844,0.006085376498862355,1.094495353847742,-0.01798936089835812,up,high_vol,deep_dd,-0.030219078,0.0,0.0,-0.017551208,0.01288039,0.00021251848,2.809163,2.8499067,0.010524625,2.6599252,2.6983469,0.008202492,2.6789012,2.7182517,0.0091315145
-0.002377152442932129,0.007394832116989254,0.9127160504460334,-0.026377417780200307,middle,mid_vol,mid_dd,-0.0,0.0,0.0,-0.0008386324,-0.00062618434,0.00021244805,2.3785427,2.3875022,0.008959429,2.0831263,2.0912926,0.008166406,2.3666973,2.3751137,0.0084164115
-0.014446794986724854,0.010243884808395184,0.8700294002890587,-0.05147861166864143,down,mid_vol,mild_dd,-0.0,0.0,0.0,0.011550026,0.011760304,0.00021027727,2.2873507,2.2960434,0.008692635,2.1771069,2.184752,0.007645035,1.6340929,1.6423023,0.008209376
0.037959933280944824,0.005458145293370236,0.6813387997448445,-0.020346591205076314,up,low_vol,mid_dd,-0.037959933,0.0,0.0,-0.035277564,0.0029161691,0.00023379998,-0.21652782,-0.17550361,0.003064279,-0.25313613,-0.21253017,0.0026460404,-0.1254243,-0.08470605,0.0027583062
-0.07814979553222656,0.018340631180467436,0.7377078026533127,-0.11997884511947632,down,low_vol,mild_dd,-0.0,0.0,0.0,-0.009707998,-0.009482894,0.00022510334,1.1315327,1.1396574,0.0081247315,0.9875026,0.996176,0.0086734155,1.4823661,1.4902637,0.007897569
-0.03252297639846802,0.030346748695474123,1.1001857578754426,-0.08857804536819458,down,high_vol,mild_dd,-0.0,0.0,0.0,-0.092025794,-0.09175321,0.00027259008,-0.0983348,-0.09197102,0.006363781,-0.37167728,-0.36343762,0.008239659,0.7767471,0.78539145,0.008644325
-0.021623671054840088,0.009665809136002826,2.1910696923732758,-0.04093839295606683,down,high_vol,mid_dd,-0.0,0.0,0.0,-0.0031156833,-0.002903871,0.00021181241,2.6919215,2.6991668,0.0072453087,2.6684752,2.6751833,0.0067081945,2.6066241,2.613523,0.006898775
-0.008209168910980225,0.006706765470104253,0.45948769673705103,-0.03835892023655263,down,low_vol,mid_dd,-0.0,0.0,0.0,0.004307924,0.004549335,0.00024141154,1.6853667,1.6905086,0.005141884,1.7570683,1.7617075,0.0046392605,1.8783084,1.8835628,0.005254437
0.05281352996826172,0.0074960436786117805,0.8687845632433892,-0.013510493012908409,up,mid_vol,deep_dd,-0.05281353,0.0,0.0,-0.0506745,0.0023496721,0.00021064252,1.3609954,1.4226379,0.008828942,0.9377747,0.997994,0.007405774,1.1622351,1.2232555,0.008206824
0.023947834968566895,0.007387534566956444,0.6215172573924065,-0.023805772253830404,middle,low_vol,mid_dd,-0.023947835,0.0,0.0,-0.014846347,0.009311472,0.00020998428,0.4562245,0.48555857,0.0053862412,0.41072026,0.43965468,0.0049865753,0.45332143,0.48244372,0.0051744543
-0.013295948505401611,0.015430371231135982,0.8591588996350765,-0.0824762383717993,down,mid_vol,mild_dd,-0.0,0.0,0.0,0.0053188773,0.0055257822,0.00020690495,0.57251054,0.5783987,0.005888185,0.69328964,0.69783765,0.004547995,0.6779642,0.68263954,0.0046753353
0.0371934175491333,0.012790920108712293,0.7449885040521622,-0.053175811768764736,up,mid_vol,mild_dd,-0.037193418,0.0,0.0,-0.046361353,-0.008952629,0.00021530512,0.64148533,0.684554,0.0058752024,0.6106984,0.65233254,0.004440712,0.59900016,0.6421579,0.005964359
0.04538595676422119,0.004048513322198065,0.8668528966605663,-0.010483383269766167,up,mid_vol,deep_dd,-0.045385957,0.0,0.0,-0.03747867,0.008120613,0.00021332451,1.8599783,1.9142506,0.008886352,1.7600427,1.813238,0.007809383,0.7080045,0.7594984,0.006107959
0.03159308433532715,0.010452295857056402,1.2586298927664756,-0.026742512521269357,up,high_vol,mid_dd,-0.031593084,0.0,0.0,-0.026821362,0.0050068647,0.00023514162,4.183699,4.2258024,0.010510194,4.3980265,4.438313,0.008693506,4.4290805,4.469758,0.00908416
0.009693264961242676,0.011420209784403956,1.3111799962818622,-0.03561607544450118,middle,high_vol,mid_dd,-0.009693265,0.0,0.0,-0.0014159948,0.008484608,0.00020733746,2.2324405,2.2477777,0.005643932,2.0952055,2.109271,0.0043724296,2.2098582,2.2240531,0.004501619
0.059778451919555664,0.003939815080003904,1.1144488960504533,-0.0037705212323725368,up,high_vol,deep_dd,-0.059778452,0.0,0.0,-0.057984855,0.0020007938,0.00020719733,2.1514087,2.2181892,0.0070021213,1.6909839,1.7567354,0.0059730974,2.0826013,2.1491575,0.0067777103
0.00040435791015625,0.008724223859141735,0.9470691479742527,-0.04682577994345305,middle,mid_vol,mild_dd,-0.0004043579,0.0,0.0,0.0013082286,0.001922597,0.00021001046,1.7540367,1.7630215,0.008580496,1.7469685,1.7551457,0.0077728257,1.7340003,1.7431906,0.008785963
0.009202361106872559,0.005947739232577281,0.9790267527103425,-0.011289996299263305,middle,mid_vol,deep_dd,-0.009202361,0.0,0.0,-0.018258242,-0.0088478355,0.00020804511,0.10069174,0.1137629,0.003868794,-0.0179707,-0.0048540775,0.0039142617,0.17856826,0.19179848,0.0040278514
0.02210080623626709,0.006833630297491123,0.5344856023788452,-0.014353373389918489,middle,low_vol,deep_dd,-0.022100806,0.0,0.0,-0.0062478166,0.016078487,0.00022549761,1.9198484,1.9500608,0.008111542,1.3331517,1.3608178,0.005565337,1.7712567,1.8002015,0.006844035
0.0009157657623291016,0.0052296381489645005,0.5231050997972488,-0.01824009418487549,middle,low_vol,deep_dd,-0.00091576576,0.0,0.0,-0.0041901655,-0.0030616873,0.00021271208,1.1915556,1.2009985,0.008527147,1.0812874,1.0892504,0.007047292,0.7697427,0.779195,0.008536547
0.09907829761505127,0.0094219939359036,1.2637943416833877,-0.026742432104711833,up,high_vol,mid_dd,-0.0990783,0.0,0.0,-0.09088748,0.008430536,0.0002397175,4.446071,4.5550804,0.009930951,4.4367423,4.544553,0.00873235,4.260007,4.3682084,0.009123551
-0.018441081047058105,0.012968218702333003,0.40950534790754317,-0.05840808153152466,down,low_vol,mild_dd,-0.0,0.0,0.0,-0.00305801,-0.0028380342,0.00021997582,1.8511816,1.8569465,0.005764816,1.7716041,1.7769943,0.005390346,2.270736,2.2766647,0.0059287464
0.012652397155761719,0.013685371610582975,1.230862094461918,-0.06737494468688965,middle,high_vol,mild_dd,-0.012652397,0.0,0.0,-0.018427271,-0.0055608703,0.00021400324,1.0429031,1.0621779,0.006622392,1.1689098,1.18866,0.0070978985,1.0233724,1.0433958,0.0073709995
0.014507532119750977,0.004948786777424381,1.0282607555389405,-0.011903548112113471,middle,high_vol,deep_dd,-0.014507532,0.0,0.0,-0.024520261,-0.009805804,0.00020692463,2.8031006,2.8262024,0.008594332,2.6894343,2.7110162,0.00707444,2.7835143,2.8050413,0.007019586
0.03856468200683594,0.008608872670309126,0.5984440006315708,-0.03249175278976446,up,low_vol,mid_dd,-0.038564682,0.0,0.0,-0.025970666,0.012809474,0.00021545755,0.4966293,0.54262596,0.00743199,0.1329281,0.17713739,0.005644602,0.2481907,0.2929409,0.0061855325
0.026250481605529785,0.0075043262419478935,0.6861609421670437,-0.021636473713944504,up,low_vol,mid_dd,-0.026250482,0.0,0.0,-0.030705784,-0.0042416365,0.00021366666,4.066659,4.102622,0.0097127,4.310879,4.345701,0.008571753,3.8483315,3.8837454,0.009163477
-0.03504931926727295,0.01141839643787897,0.7730467483401299,-0.06296483412212861,down,mid_vol,mild_dd,-0.0,0.0,0.0,0.007504758,0.0077188085,0.00021405052,2.3922276,2.4008546,0.008626937,2.4668887,2.4748998,0.008011174,1.8771191,1.8844112,0.007292191
0.007166743278503418,0.010029735244998297,0.55818090736866,-0.04715794324874878,middle,low_vol,mild_dd,-0.0071667433,0.0,0.0,-0.030366788,-0.022894949,0.00030509615,1.0715752,1.086106,0.007363994,1.0252706,1.0387704,0.006333128,1.0414833,1.0556527,0.0070027085
0.006786942481994629,0.007817992065551945,1.2827951461076736,-0.03673379243275876,middle,high_vol,mid_dd,-0.0067869425,0.0,0.0,-0.007366597,-0.000330282,0.0002493726,1.7529806,1.7684302,0.0086627565,1.7417904,1.7556101,0.007032775,1.920346,1.934813,0.0076800305
-0.01156240701675415,0.013114835925703937,1.1234356448054315,-0.0731208976424419,down,high_vol,mild_dd,-0.0,0.0,0.0,0.017567212,0.017783782,0.0002165691,1.3128989,1.3197548,0.0068559395,1.3312055,1.338323,0.007117463,1.2768705,1.2847562,0.007885659
-0.013781547546386719,0.012421019694568856,0.7475476518273354,-0.0629649176314575,down,mid_vol,mild_dd,-0.0,0.0,0.0,0.014034575,0.014249501,0.00021492556,1.3188838,1.3271189,0.008235126,1.8825725,1.8904439,0.007871442,1.0309505,1.038106,0.0071554384
0.06435048580169678,0.010557208325253021,0.5731441460549831,-0.025097310543060303,up,low_vol,mid_dd,-0.064350486,0.0,0.0,-0.0899782,-0.025411643,0.00021607574,1.8332223,1.9061198,0.008547066,1.9947191,2.0652268,0.00615722,1.6904458,1.7630529,0.008256646
0.07713711261749268,0.010793784042139433,1.0393136963248253,-0.015509247779846191,up,high_vol,deep_dd,-0.07713711,0.0,0.0,-0.08229182,-0.004949636,0.00020507105,3.0326757,3.1188693,0.009056559,2.9875507,3.0735164,0.008828558,3.0765293,3.1628356,0.009169406
0.012354254722595215,0.0035480134468966786,0.9640869483351707,-0.012602983552468805,middle,mid_vol,deep_dd,-0.012354255,0.0,0.0,-0.014413554,-0.0018321758,0.00022712327,3.3301039,3.351266,0.0088076545,3.5565732,3.5763097,0.0073820828,3.471461,3.4912567,0.007441239
0.01708674430847168,0.007865034243938513,0.3693822488188744,-0.02153283699798536,middle,low_vol,mid_dd,-0.017086744,0.0,0.0,-0.02346779,-0.0061744195,0.00020662749,0.3921488,0.4131326,0.003897079,0.108406246,0.12695089,0.0014579012,0.31427923,0.3342815,0.0029155356
0.01090693473815918,0.003791003597322597,0.7602148547768592,-0.008886252162266128,middle,mid_vol,deep_dd,-0.010906935,0.0,0.0,-0.0113248965,-0.00018032521,0.00023763662,2.5856369,2.6060963,0.009552448,2.8341818,2.8542912,0.009202448,2.9522417,2.9730372,0.00988875
0.014034032821655273,0.009228875399898398,0.4426201477646828,-0.03172306638429123,middle,low_vol,mid_dd,-0.014034033,0.0,0.0,-0.009989739,0.0042799613,0.00023566834,0.59230137,0.61267585,0.0063404697,0.9272661,0.9480168,0.0067166453,1.0898511,1.1118922,0.008007017
0.01417696475982666,0.0054833066229283,1.9954044178128243,-0.01488510981099489,middle,high_vol,deep_dd,-0.014176965,0.0,0.0,-0.0145939095,-0.0001954231,0.00022152177,3.8444571,3.867417,0.008782898,3.857913,3.8795013,0.007411496,3.830153,3.8521736,0.007843495
0.024985074996948242,0.011034247060176446,0.6223049983382225,-0.024778008460998535,middle,low_vol,mid_dd,-0.024985075,0.0,0.0,-0.03991793,-0.014721137,0.00021171774,0.22200903,0.2538075,0.0068133743,0.29788354,0.3285627,0.0056940974,0.8929766,0.92449087,0.0065292246
0.010233879089355469,0.009017041941640092,0.5550181966274976,-0.025819491106520376,middle,low_vol,mid_dd,-0.010233879,0.0,0.0,-0.010261202,0.00020007144,0.00022739457,1.9484586,1.966382,0.0076896157,2.0354626,2.0530462,0.007349659,1.9771749,1.9947135,0.007304792
0.03266561031341553,0.006999648878904007,0.4553668528795242,-0.01831001043319702,up,low_vol,deep_dd,-0.03266561,0.0,0.0,-0.043044545,-0.010155357,0.0002235786,-0.039733596,-7.364154e-05,0.006994343,0.032085307,0.06750228,0.0027513662,-0.00532832,0.030554568,0.003217278
-0.017270565032958984,0.010274281413241148,0.6923064455389977,-0.03341478545157428,down,low_vol,mid_dd,-0.0,0.0,0.0,-0.00067518064,-0.00046511015,0.0002100705,1.0904734,1.0985839,0.008110497,1.0983634,1.1055005,0.007137116,1.4135126,1.4218644,0.008351769
0.07055807113647461,0.011096853459480355,0.7037301018834115,-0.023862720864553655,up,low_vol,mid_dd,-0.07055807,0.0,0.0,-0.063856676,0.006924455,0.0002230597,1.4518182,1.5308906,0.008514307,1.7865988,1.8648677,0.0077107633,1.9068873,1.9859428,0.008497438
0.027089715003967285,0.008915198714003505,1.2816784024238586,-0.02256906032562256,up,high_vol,mid_dd,-0.027089715,0.0,0.0,-0.030416831,-0.0031151064,0.00021201011,0.2635163,0.29665396,0.006047938,0.27182952,0.30293822,0.004019004,0.15021554,0.1826941,0.0053888536
0.0066558122634887695,0.012680164136675543,0.6205571502447128,-0.0488674329626998,middle,low_vol,mild_dd,-0.0066558123,0.0,0.0,-0.007986549,-0.0011139913,0.00021674535,1.0541152,1.0684651,0.0076941345,1.8218428,1.8355632,0.0070646163,1.5468696,1.5614133,0.007887879
0.08181428909301758,0.010286757453826808,0.5930415950715542,-0.013859598095614989,up,low_vol,deep_dd,-0.08181429,0.0,0.0,-0.08221819,-0.00018819631,0.00021570796,1.4776287,1.5675175,0.008074483,1.4722826,1.5609399,0.006842997,1.2903184,1.3796958,0.0075630704
0.024494051933288574,0.0065755653448396475,0.8696651503443718,-0.023895017406890262,middle,mid_vol,mid_dd,-0.024494052,0.0,0.0,-0.024018995,0.0006846494,0.00020959199,4.999746,5.034212,0.00997191,5.0093074,5.042229,0.008427445,5.0832295,5.117052,0.009328379
0.009737849235534668,0.011741364840871448,0.6858256489038468,-0.027679800987243652,middle,low_vol,mid_dd,-0.009737849,0.0,0.0,-0.020211583,-0.010260842,0.0002128915,1.161038,1.1792799,0.008504092,0.9330025,0.9510007,0.008260377,2.0040286,2.023429,0.009662307
0.011669278144836426,0.010580521533586351,0.7100493967533111,-0.032276963396490665,middle,low_vol,mid_dd,-0.011669278,0.0,0.0,-0.011551835,0.0003434753,0.00022603173,4.6001096,4.6222057,0.010426782,4.271612,4.291625,0.008343623,4.97668,4.9973125,0.008963447
-0.06210702657699585,0.018960166992797678,0.8571195505559445,-0.11073649026777976,down,mid_vol,mild_dd,-0.0,0.0,0.0,-0.0018440223,-0.0016262538,0.00021776852,1.5696752,1.5779455,0.008270319,1.5770656,1.5839431,0.006877595,1.5159109,1.5227004,0.006789603
0.008905649185180664,0.007797659947825496,0.49461699798703196,-0.029825194841596958,middle,low_vol,mid_dd,-0.008905649,0.0,0.0,-0.019787697,-0.010646879,0.00023516851,0.47265875,0.4887137,0.0071493047,0.56301713,0.5779965,0.006073735,0.10018572,0.11611499,0.0070236176
0.06995296478271484,0.012792211694400568,1.246498355269432,-0.03186982870101929,up,high_vol,mid_dd,-0.069952965,0.0,0.0,-0.07200284,-0.0018270977,0.00022277671,0.60319537,0.6809095,0.007761172,0.8117655,0.8893486,0.0076301433,0.53110635,0.60867,0.0076106912
0.0020966529846191406,0.010027532477272975,0.5416177049279213,-0.054964754662853665,middle,low_vol,mild_dd,-0.002096653,0.0,0.0,-0.0011148575,0.0012875685,0.00030577296,1.4521605,1.4603795,0.006122397,1.431623,1.4397193,0.0059997365,2.289417,2.2995274,0.008013741
0.033078670501708984,0.006380691794096923,0.7382074989378452,-0.015106827712587867,up,low_vol,deep_dd,-0.03307867,0.0,0.0,-0.041277956,-0.007973328,0.00022595774,2.2798743,2.323409,0.010456068,1.8523527,1.8935274,0.008096035,1.902212,1.9440883,0.0087976325
0.07856965065002441,0.021547242572864632,1.323107197880745,-0.04191545323652901,up,high_vol,mild_dd,-0.07856965,0.0,0.0,-0.09804094,-0.019255554,0.00021573104,1.5987438,1.685718,0.008404603,1.5259823,1.6119758,0.007423899,1.3785642,1.4652512,0.008117329
0.041763901710510254,0.006539517430241708,0.4450306534767151,-0.012964818530523003,up,low_vol,deep_dd,-0.0417639,0.0,0.0,-0.05490514,-0.012916695,0.00022454174,-0.09498611,-0.046527937,0.0066942754,-0.06651391,-0.022068882,0.00268113,-0.010879918,0.034158096,0.003274112
-0.09230881929397583,0.027526208459060328,0.5704625457525253,-0.1656263900734175,down,low_vol,mild_dd,-0.0,0.0,0.0,-0.00601225,-0.005794047,0.00021820326,1.2798733,1.2882168,0.008343614,1.160377,1.1681652,0.0077881813,1.1212895,1.1287042,0.007414654
-0.05669748783111572,0.009012140934538575,0.8030407503247261,-0.07024687058505041,down,mid_vol,mild_dd,-0.0,0.0,0.0,-0.0056612333,-0.0054488303,0.00021240299,2.8698153,2.8783333,0.008517982,2.7142544,2.721704,0.0074496316,2.82444,2.8324049,0.007964786
0.024181365966796875,0.004892334455090871,0.9050849050283432,-0.01742849121246748,middle,mid_vol,deep_dd,-0.024181366,0.0,0.0,-0.025195539,-0.0008086128,0.00020556053,2.9154425,2.9489405,0.00931662,3.1434746,3.1762502,0.008594176,3.8403847,3.8741777,0.009611552
0.06578123569488525,0.008745909682023729,0.5784385472536087,-0.012629628811426707,up,low_vol,deep_dd,-0.065781236,0.0,0.0,-0.051590472,0.014422043,0.00023127931,1.671085,1.7455792,0.008712999,1.6905965,1.7633506,0.0069728503,1.3798702,1.4527353,0.0070839142
0.018224120140075684,0.00605856534364483,1.8442631654441357,-0.018136716496813254,middle,high_vol,deep_dd,-0.01822412,0.0,0.0,-0.02267874,-0.004244441,0.00021017894,1.6367908,1.6622753,0.007260382,1.7117158,1.7364852,0.006545271,1.4778545,1.5035274,0.00744878
-0.032771527767181396,0.006161697562265738,0.7421064488589764,-0.04391118391826121,down,low_vol,mild_dd,-0.0,0.0,0.0,0.00062043784,0.00083816226,0.00021772442,3.3004124,3.3100355,0.009623085,3.1418595,3.1494358,0.0075761494,3.1289828,3.1366768,0.007693946
-0.03765261173248291,0.013607110908911558,1.0073175489902497,-0.06022973489107586,down,high_vol,mild_dd,-0.0,0.0,0.0,-0.0062333965,-0.00599835,0.00023504636,0.451133,0.45465112,0.003518111,0.6826022,0.6859276,0.003325387,0.75534546,0.75944215,0.004096684
0.005922913551330566,0.0065189631950411855,0.7870146065950394,-0.01930528229235695,middle,mid_vol,mid_dd,-0.0059229136,0.0,0.0,-0.016100576,-0.009959782,0.00021788098,1.001299,1.0149608,0.0077388757,1.1627895,1.1764148,0.00770246,0.9543871,0.9687454,0.008435387
0.010646462440490723,0.006905477029117769,1.0847656920552253,-0.032837308705998214,middle,high_vol,mid_dd,-0.010646462,0.0,0.0,-0.005163972,0.0056916033,0.00020911245,5.6832952,5.703497,0.009555332,5.5990796,5.6187077,0.008981756,5.6455145,5.6658764,0.0097156465
0.05793130397796631,0.006111601698643048,0.6048445053398609,-0.005604932572632171,up,low_vol,deep_dd,-0.057931304,0.0,0.0,-0.032801222,0.025365643,0.00023556236,0.048773836,0.109959476,0.0032543363,0.103288844,0.16424914,0.0030289893,0.112742,0.17413948,0.0034661798
0.07323074340820312,0.008004599630467308,0.7154556468129158,-0.011955787821435249,up,low_vol,deep_dd,-0.07323074,0.0,0.0,-0.05715741,0.016283186,0.00020984866,1.3996884,1.4799193,0.007000264,1.4667906,1.5458553,0.005833994,1.3550905,1.4343559,0.006034666
-0.0036208033561706543,0.0027478616219178973,0.7992533028125763,-0.008215849857946655,down,mid_vol,deep_dd,-0.0,0.0,0.0,-0.0007124681,-0.0005019208,0.00021054731,3.67773,3.686908,0.009177877,3.4299421,3.437104,0.007161805,3.5987256,3.606588,0.007862303
-0.030192315578460693,0.010592094125411736,1.618284209817648,-0.04850959777832031,down,high_vol,mild_dd,-0.0,0.0,0.0,-0.006542569,-0.0063268854,0.00021568351,2.4265947,2.4350872,0.008492481,2.3720112,2.379574,0.007562916,2.354436,2.361821,0.0073849666
0.03545677661895752,0.016677615795914598,0.8858876965939999,-0.03768562807774434,up,mid_vol,mid_dd,-0.035456777,0.0,0.0,0.005155203,0.04087419,0.00026221122,1.8637872,1.9108776,0.011633647,1.5498443,1.5943773,0.009076263,1.5649065,1.6097642,0.009400985
0.04070723056793213,0.0059371086276553625,0.680960801243782,-0.00815178167542141,up,low_vol,deep_dd,-0.04070723,0.0,0.0,-0.043219075,-0.0023047244,0.00020711904,1.6434093,1.6926723,0.008555736,1.5385656,1.587382,0.008109048,1.6751238,1.7247704,0.008939436
0.019363045692443848,0.006402334382949984,0.2579687997698784,-0.012434799709334254,middle,low_vol,deep_dd,-0.019363046,0.0,0.0,-0.017870545,0.0017293921,0.0002368915,0.5864579,0.6085032,0.0026822828,0.63576186,0.65777785,0.0026529697,0.6861549,0.7084634,0.0029454285
-0.006120920181274414,0.005792051424245188,0.6536115530878306,-0.029543686854519025,down,low_vol,mid_dd,-0.0,0.0,0.0,0.004050323,0.004360188,0.00030986505,2.383695,2.3922575,0.008562546,2.453163,2.461035,0.007872031,2.4382555,2.4463263,0.008070671
-0.019736826419830322,0.010607292429832516,0.909355154633522,-0.0699635276501479,down,mid_vol,mild_dd,-0.0,0.0,0.0,0.009965251,0.010185257,0.00022000524,2.5985947,2.6049066,0.0063119824,2.5688846,2.574016,0.0051314137,2.7441983,2.7494993,0.0053009763
-0.03542828559875488,0.04381103234781866,1.2573024958372117,-0.17242515087127686,down,high_vol,mild_dd,-0.0,0.0,0.0,-0.053463865,-0.05319113,0.0002727352,-0.13222332,-0.12491694,0.0073063793,-0.5205071,-0.5105414,0.009965738,-0.49872318,-0.4911059,0.007617257
0.028931140899658203,0.005347756143335095,0.9259659618139267,-0.017428527980002828,up,mid_vol,deep_dd,-0.02893114,0.0,0.0,-0.020997416,0.008138982,0.00020525612,2.1366997,2.1746051,0.008974218,2.6867027,2.7249336,0.009299811,3.0220296,3.0597491,0.008788416
0.009942293167114258,0.0060031421317371355,1.0095260053873063,-0.011290092186119982,middle,high_vol,deep_dd,-0.009942293,0.0,0.0,-0.011515447,-0.0013656633,0.00020748985,0.09809365,0.113339186,0.0053032446,0.07496634,0.08982817,0.004919537,0.18509552,0.1981912,0.0031533903
-0.03196674585342407,0.013163549182399804,0.9345726512372494,-0.03768564872048963,down,mid_vol,mid_dd,-0.0,0.0,0.0,0.0026267616,0.0028840133,0.00025725173,1.4591119,1.4692645,0.010152527,1.329835,1.3382571,0.008422017,1.393496,1.4023565,0.008860509
0.08913445472717285,0.02099211568091879,1.330708199739456,-0.041915506664643276,up,high_vol,mild_dd,-0.089134455,0.0,0.0,-0.06881932,0.020524262,0.00020913317,2.7600965,2.8580337,0.008802701,2.5996602,2.6971262,0.008331478,2.5125997,2.6108174,0.00908327
0.028163671493530273,0.010657884532150889,0.7653934426605702,-0.027626557672796204,up,mid_vol,mid_dd,-0.028163671,0.0,0.0,-0.021136135,0.0072424375,0.00021490037,3.0770702,3.1153517,0.010117714,2.9987376,3.0346797,0.007778413,2.548282,2.5841196,0.0076738745
0.031222224235534668,0.006891064185834358,1.612235391139984,-0.014583241694239857,up,high_vol,deep_dd,-0.031222224,0.0,0.0,-0.03333251,-0.0018994537,0.0002108328,0.31353655,0.34843886,0.0036800767,0.11640254,0.1499751,0.0023503434,0.22145681,0.25604904,0.0033700014
-0.009225308895111084,0.006047678508257575,0.9384528629481792,-0.018874168395996094,down,mid_vol,mid_dd,-0.0,0.0,0.0,-0.0060779275,-0.0058412408,0.00023668697,3.6101372,3.6203988,0.010261504,3.4504194,3.4587193,0.00829973,3.5104477,3.5193563,0.008908399
-0.021900415420532227,0.007673514704530974,0.769275352358818,-0.04968102205425684,down,mid_vol,mild_dd,-0.0,0.0,0.0,0.00071716204,0.00093457475,0.00021741269,0.88741535,0.89485496,0.0074396073,1.0232319,1.0302889,0.0070570842,0.8679059,0.87507933,0.0071733925
-0.03230082988739014,0.013995765917197452,0.8416285492479801,-0.04731542698673774,down,mid_vol,mild_dd,-0.0,0.0,0.0,-0.021488406,-0.021273484,0.00021492128,1.4337262,1.4400184,0.006292272,1.222577,1.2279842,0.0054071746,1.306093,1.3119739,0.005880948
-0.010975122451782227,0.004532024082963789,0.8068013995885849,-0.022305966635191354,down,mid_vol,mid_dd,-0.0,0.0,0.0,-0.0043932656,-0.004167363,0.0002259023,1.9865749,1.9951359,0.00856098,1.8071722,1.8160374,0.008865292,2.0491557,2.0589578,0.009802055
0.03321480751037598,0.012778149053172498,0.7352770030498504,-0.053175770266931766,up,low_vol,mild_dd,-0.033214808,0.0,0.0,-0.034980353,-0.0015493616,0.0002161836,1.6523216,1.6927147,0.0071783364,1.3988824,1.4375397,0.0054424936,1.4727397,1.5128416,0.0068870652
0.04752528667449951,0.007791329217568872,0.38146174848079684,-0.021532875470349322,up,low_vol,mid_dd,-0.047525287,0.0,0.0,-0.04980136,-0.0020683797,0.00020769559,0.29960364,0.35172144,0.0045925123,-0.03571675,0.012484334,0.00067579607,0.19715378,0.24683738,0.0021583068
0.013065814971923828,0.0033246750543745743,0.5466069005429744,-0.007783111325874281,middle,low_vol,deep_dd,-0.013065815,0.0,0.0,-0.010617289,0.0026552612,0.00020673462,1.8169626,1.8386884,0.008659932,1.3564886,1.3764355,0.006881076,1.8905497,1.9114373,0.007821755
-0.005244791507720947,0.004007184632157296,1.1376091998070479,-0.013229664607813496,down,high_vol,deep_dd,-0.0,0.0,0.0,0.00028100412,0.0005218179,0.00024081375,4.2767277,4.2853703,0.008642639,4.4807982,4.4882684,0.0074701696,4.482633,4.490158,0.0075250715
-0.22204190492630005,0.05532504920939826,0.9000485576689243,-0.28606550425489674,down,mid_vol,mild_dd,-0.0,0.0,0.0,0.0055140364,0.0057746465,0.00026061028,1.6771482,1.6880412,0.010892989,2.0396132,2.050934,0.011320836,2.1208107,2.1298985,0.0090878885
-0.009908974170684814,0.007491231228120921,0.7870096519589425,-0.027815322631148054,down,mid_vol,mid_dd,-0.0,0.0,0.0,-0.01410439,-0.013893089,0.0002113007,2.050872,2.059131,0.008258717,2.1802583,2.188856,0.008597691,2.1012108,2.1098545,0.0086436
-0.02790701389312744,0.010327962295550294,1.021865700930357,-0.07181942462921143,down,high_vol,mild_dd,-0.0,0.0,0.0,-0.002625503,-0.0024045655,0.00022093755,4.3256426,4.3356466,0.01000384,4.353153,4.3621407,0.008987271,4.3382225,4.3473606,0.009138086
0.039901137351989746,0.003971860926390198,0.4069372475147247,-0.006268847189133342,up,low_vol,deep_dd,-0.039901137,0.0,0.0,-0.038750973,0.0014005764,0.00025041113,2.28453,2.3322957,0.00786478,2.7444308,2.7912662,0.0069344942,3.1315064,3.1792855,0.007877802
-0.014231860637664795,0.008656236338210617,0.7551567435264588,-0.05876424649138379,down,mid_vol,mild_dd,-0.0,0.0,0.0,0.0074193403,0.0076450105,0.00022567004,0.05964326,0.06586192,0.0062186588,-0.036256365,-0.031396918,0.0048594465,-0.017387746,-0.011010939,0.006376807
0.03670704364776611,0.005437359813692662,0.8788550019264221,-0.017447160774664572,up,mid_vol,deep_dd,-0.036707044,0.0,0.0,-0.02994256,0.0069838725,0.00021938753,0.72204715,0.765407,0.0066528167,0.7494662,0.79210895,0.005935733,1.3286266,1.3725204,0.0071868137
-0.07768285274505615,0.022619736648057692,1.4401465058326721,-0.12309528558411165,down,high_vol,mild_dd,-0.0,0.0,0.0,-0.023633186,-0.02340076,0.00023242559,1.0242885,1.0309219,0.00663338,0.9959557,1.0020449,0.006089222,0.75992477,0.76565063,0.005725851
0.04987132549285889,0.005360776983951565,0.6369529508054257,-0.00722881238954054,up,low_vol,deep_dd,-0.049871325,0.0,0.0,-0.035569455,0.014513303,0.00021143408,1.5989455,1.6560849,0.0072680158,1.3533252,1.4085147,0.0053181215,1.6428185,1.6992425,0.0065526776
-0.025700688362121582,0.010189300866260543,2.0175806537270544,-0.04696284449472632,down,high_vol,mild_dd,-0.0,0.0,0.0,-0.001894161,-0.0016846465,0.00020951452,0.54065496,0.54485476,0.004199826,0.56262946,0.566827,0.004197546,0.5489064,0.55333257,0.0044261585
-0.039461493492126465,0.021749837279259346,1.6685478150844575,-0.07560815977527136,down,high_vol,mild_dd,-0.0,0.0,0.0,0.0064209583,0.006632825,0.00021186644,1.1036589,1.1084667,0.004807851,1.2471651,1.2525328,0.0053677983,1.2240409,1.2297907,0.0057498296
0.011556029319763184,0.003488373551089909,0.9914351962506771,-0.007182037769072669,middle,mid_vol,deep_dd,-0.011556029,0.0,0.0,-0.010384683,0.001392735,0.00022138866,6.5110884,6.534077,0.011432647,6.252459,6.27372,0.009704664,6.3606653,6.382183,0.009961615
-0.03136003017425537,0.009789756166822873,0.7942585043609143,-0.04530268907546997,down,mid_vol,mild_dd,-0.0,0.0,0.0,-0.008380173,-0.008163602,0.00021657068,0.84988225,0.85636955,0.006487328,0.9475346,0.95330256,0.0057679685,0.915491,0.92190146,0.006410495
-0.2599950432777405,0.06311152882219652,1.1127376109361649,-0.3079712986946106,down,high_vol,mild_dd,-0.0,0.0,0.0,-0.027226329,-0.026971696,0.00025463352,1.9067123,1.9180124,0.011300091,1.854684,1.8671229,0.012438855,2.1038218,2.1119516,0.008129828
0.03570520877838135,0.0029821055355153643,1.0613329418003559,-0.003931664178842387,up,high_vol,deep_dd,-0.03570521,0.0,0.0,-0.03200537,0.0039174575,0.00021761683,1.1388713,1.1809981,0.0064215832,1.0438378,1.0852404,0.005697366,0.5916488,0.6334336,0.00607955
-0.004584968090057373,0.004903798815626338,0.8205962523818016,-0.015165071360358717,down,mid_vol,deep_dd,-0.0,0.0,0.0,-0.0015081033,-0.0012944204,0.00021368291,3.1554315,3.1654305,0.00999896,3.1626997,3.170701,0.008001442,3.3001668,3.308535,0.008368206
0.02102816104888916,0.00883268836860525,0.7755607411265373,-0.04137101561802636,middle,mid_vol,mild_dd,-0.021028161,0.0,0.0,-0.021287272,-4.606692e-05,0.00021304288,2.483713,2.5129473,0.008206065,2.2057743,2.2341294,0.0073270705,2.4872158,2.516557,0.008312844
-0.10099321603775024,0.01457343684725482,1.4256463006138802,-0.11716774252929629,down,high_vol,mild_dd,-0.0,0.0,0.0,0.008685234,0.008892929,0.00020769503,0.8781218,0.8839202,0.005798405,1.0092539,1.0140216,0.0047677676,0.8261758,0.83136475,0.0051889177
0.027598142623901367,0.006374832756584912,1.9696560591459273,-0.013614045002939501,up,high_vol,deep_dd,-0.027598143,0.0,0.0,-0.025977435,0.0018406617,0.00021995437,2.762503,2.795814,0.005712963,2.9528341,2.9846842,0.0042518415,3.008175,3.0401015,0.004328416
0.047277092933654785,0.005883533263168975,0.5179940558969974,-0.00795782449121818,up,low_vol,deep_dd,-0.047277093,0.0,0.0,-0.0295229,0.017970921,0.00021672828,1.1635013,1.2191033,0.008325024,1.1070967,1.1611392,0.0067655314,1.0535874,1.1082919,0.0074273525
-0.023321866989135742,0.01927818620230723,1.3649157866835595,-0.11723049686105125,down,high_vol,mild_dd,-0.0,0.0,0.0,0.0039940467,0.004219648,0.00022560116,1.8381903,1.8467226,0.008532245,1.9361761,1.944092,0.007915916,1.6975039,1.7054194,0.007915521
-0.02243119478225708,0.012833711658074804,1.0117413025349378,-0.045369088649749756,down,high_vol,mild_dd,-0.0,0.0,0.0,-0.0009158547,-0.0007057155,0.00021013917,1.0682977,1.0765502,0.008252501,1.5810957,1.5897526,0.008656907,1.4121665,1.4208117,0.008645211
-0.0068343281745910645,0.008448038156752683,1.3297388948500157,-0.035281391610447965,down,high_vol,mid_dd,-0.0,0.0,0.0,0.009090716,0.009310128,0.0002194117,2.986823,2.994566,0.007742899,2.0862,2.0928056,0.0066056843,2.9686577,2.975812,0.007154108
0.005563139915466309,0.010746871663054986,1.9645072489976882,-0.04093839846749425,middle,high_vol,mid_dd,-0.00556314,0.0,0.0,0.0022151587,0.007990425,0.00021212695,1.8973372,1.9107696,0.007869216,1.8946422,1.9073387,0.0071334,1.7198125,1.7326378,0.0072621102
-0.03403812646865845,0.007716315727481276,1.6561444755643606,-0.04241411262584671,down,high_vol,mild_dd,-0.0,0.0,0.0,0.000790733,0.0010248043,0.00023407134,3.6538012,3.6622014,0.00840011,2.9657073,2.972449,0.006741681,3.5200925,3.5271928,0.007100345
0.05345618724822998,0.007011148153049726,0.40062194541096685,-0.020773781602872132,up,low_vol,mid_dd,-0.053456187,0.0,0.0,-0.039144278,0.014538153,0.00022624519,0.4145212,0.4727745,0.004797123,0.8001507,0.8578519,0.004245016,0.6673777,0.7244283,0.003594398
0.013859748840332031,0.005113371286062224,0.7716683499515057,-0.021754415830218643,middle,mid_vol,mid_dd,-0.013859749,0.0,0.0,-0.017504415,-0.00342979,0.00021487677,2.0905912,2.1123273,0.0078764735,2.202604,2.2232502,0.006786237,2.3961854,2.4178042,0.007759073
0.0035821199417114258,0.00436110648922397,0.8631518438458443,-0.016581260582227975,middle,mid_vol,deep_dd,-0.00358212,0.0,0.0,0.0015290534,0.005326455,0.00021528162,0.5430592,0.5520251,0.0053837975,0.2507908,0.25858936,0.004216447,0.55611306,0.56485295,0.005157791
-0.09049469232559204,0.013915734901325406,0.9471240859478712,-0.09052890539169312,down,mid_vol,mild_dd,-0.0,0.0,0.0,-0.0011461467,-0.00093622087,0.0002099258,0.76823765,0.774915,0.0066773514,1.2106308,1.2175138,0.006882991,1.2669603,1.2741381,0.0071778423
0.033600449562072754,0.0053284382509817905,0.9557747542858124,-0.018218014106015423,up,mid_vol,deep_dd,-0.03360045,0.0,0.0,-0.034898657,-0.0010845861,0.00021362393,1.5178069,1.5596783,0.008270937,1.4878865,1.528449,0.0069620493,1.7260541,1.7669376,0.007283073
-0.021159708499908447,0.008762234285406338,0.986781258881092,-0.0464742357315886,down,mid_vol,mild_dd,-0.0,0.0,0.0,0.0012806198,0.0014891465,0.00020852669,1.2342683,1.241972,0.0077036787,1.0459077,1.0535331,0.007625325,1.1494855,1.1577377,0.008252235
0.0030329227447509766,0.007561363879256587,1.0148104414343835,-0.037818959494506976,middle,high_vol,mid_dd,-0.0030329227,0.0,0.0,-0.0026731053,0.00057443307,0.00021461559,0.40437225,0.41377822,0.0063730413,0.6402498,0.64851314,0.0052304496,0.5508366,0.559133,0.0052634575
-0.02559971809387207,0.008207048523236296,0.7093628451228142,-0.04301886633403185,down,low_vol,mild_dd,-0.0,0.0,0.0,-0.0021178278,-0.0018930385,0.00022478934,-0.034788072,-0.028296974,0.0064910986,-0.050615896,-0.04570032,0.0049155774,0.05900749,0.06496285,0.005955361
-0.020716965198516846,0.007553030390918907,0.558335703983903,-0.048333487410504916,down,low_vol,mild_dd,-0.0,0.0,0.0,-0.0015541272,-0.0013424401,0.00021168707,1.3987379,1.4067606,0.008022696,1.7045345,1.7105167,0.0059821266,1.7281321,1.7346944,0.006562198
0.028089284896850586,0.004537599914934182,0.5790791533887386,-0.007783119156620555,up,low_vol,deep_dd,-0.028089285,0.0,0.0,-0.028980134,-0.00068121124,0.00020963971,0.6973037,0.73299325,0.0076002614,1.3207084,1.3552512,0.006453517,1.0412571,1.0762655,0.0069190376
0.03506278991699219,0.0031276063814127063,0.6613942511379719,-0.0025856825396642913,up,low_vol,deep_dd,-0.03506279,0.0,0.0,-0.0364136,-0.0011358487,0.00021495871,2.1038747,2.146469,0.007531654,2.4106514,2.451999,0.0062847435,2.4115427,2.4531941,0.006588719
-0.1117754578590393,0.016280887430263683,0.883786241710186,-0.12591106073988534,down,mid_vol,mild_dd,-0.0,0.0,0.0,-0.014012809,-0.013794546,0.00021826333,1.2709339,1.2773285,0.006394624,1.1509912,1.154878,0.0038868415,1.2940526,1.2978724,0.003819808
0.025124073028564453,0.006195041516016737,0.9018347024917602,-0.010387565887812311,middle,mid_vol,deep_dd,-0.025124073,0.0,0.0,-0.023863472,0.0014692232,0.00020862266,0.24790832,0.27884513,0.0058127283,0.20856379,0.23791233,0.0042244666,0.5022162,0.5322015,0.0048612356
-0.04004257917404175,0.012526629657636101,0.9184915542602539,-0.08445503048463332,down,mid_vol,mild_dd,-0.0,0.0,0.0,0.0019747622,0.002189117,0.00021435483,2.2074268,2.2144017,0.006974985,1.943407,1.9495671,0.006159976,2.0081053,2.0141938,0.0060885097
-0.07541900873184204,0.022675345055516053,1.3965245544910432,-0.12309533367418823,down,high_vol,mild_dd,-0.0,0.0,0.0,0.006853111,0.00708636,0.00023324895,1.9075799,1.9153986,0.007818639,1.4074572,1.4142953,0.006838061,1.0021344,1.0084231,0.0062886025
-0.004363000392913818,0.007141788052629187,1.682807869464159,-0.03702610731124878,down,high_vol,mid_dd,-0.0,0.0,0.0,-0.00531243,-0.005103035,0.00020939509,0.42264816,0.42553514,0.0028869682,0.41549325,0.4182937,0.0028004728,0.41969422,0.422683,0.002988782
-0.012853145599365234,0.00854982774933403,0.6889031060039997,-0.03249174356460571,down,low_vol,mid_dd,-0.0,0.0,0.0,-0.0139938565,-0.013783284,0.000210572,0.23396765,0.24057904,0.0066113933,-0.05528837,-0.050290976,0.004997395,0.0028470983,0.008114124,0.0052670254
0.06772112846374512,0.005490868219483246,1.755354155600071,-0.008254684690440772,up,high_vol,deep_dd,-0.06772113,0.0,0.0,-0.055712778,0.012220707,0.00021235693,2.2877047,2.3645535,0.009127598,2.0721755,2.148331,0.008434311,1.0613892,1.1373388,0.008228392
-0.014150023460388184,0.005376758801632187,0.8402476534247398,-0.031091752520067906,down,mid_vol,mid_dd,-0.0,0.0,0.0,0.0009827106,0.0012001103,0.00021739965,3.5245962,3.5338278,0.00923148,3.5067174,3.514111,0.0073935664,3.2579813,3.2658246,0.007843169
0.04785358905792236,0.010514538854016386,0.7421163991093636,-0.03107938162602275,up,low_vol,mid_dd,-0.04785359,0.0,0.0,-0.029823544,0.018253116,0.00022306976,0.48729095,0.54209834,0.0069538145,0.64567745,0.6999855,0.0064544776,-0.23888378,-0.18531954,0.005710651
0.04423177242279053,0.007428342630764822,0.8182023592293263,-0.02451804947279257,up,mid_vol,mid_dd,-0.044231772,0.0,0.0,-0.0383221,0.0061353236,0.00022564651,1.023206,1.0759159,0.008478186,1.1214378,1.1719725,0.0063029793,0.86258626,0.91383445,0.0070164143
-0.04420733451843262,0.018337302923746964,0.7510432451963425,-0.07658325080352113,down,mid_vol,mild_dd,-0.0,0.0,0.0,-0.016379729,-0.016153142,0.00022658696,1.1758534,1.1858655,0.0100121545,1.274399,1.2828053,0.008406247,1.0219163,1.030021,0.008104665
0.08642768859863281,0.009699201630437323,0.5242595456540584,-0.012629566968652695,up,low_vol,deep_dd,-0.08642769,0.0,0.0,-0.06984601,0.01680125,0.00021957536,0.7384297,0.83151394,0.00665652,0.7757284,0.8674093,0.0052532153,0.70719564,0.8004231,0.0067997575
0.04061472415924072,0.009953764428424612,0.6728013001382351,-0.01761568019541193,up,low_vol,deep_dd,-0.040614724,0.0,0.0,-0.048353784,-0.0075295772,0.00020948125,1.1999938,1.2480147,0.0074060867,1.1394743,1.18642,0.0063309134,1.483313,1.5319314,0.008003658
0.01210010051727295,0.006792932317937004,0.41313809901475906,-0.01705596662941289,middle,low_vol,deep_dd,-0.0121001005,0.0,0.0,-0.010493549,0.0018205161,0.00021396358,-0.21383019,-0.19866942,0.003060664,0.33476025,0.34978488,0.0029245338,0.4044482,0.42014176,0.0035934432
-0.019789040088653564,0.009296854792021655,0.8076373375952244,-0.04925457441368686,down,mid_vol,mild_dd,-0.0,0.0,0.0,-0.0059863417,-0.0057709073,0.00021543431,2.0855048,2.092684,0.0071792565,2.0244727,2.0304651,0.005992365,1.8827758,1.8899428,0.007167025
0.04266691207885742,0.012110029435514653,0.6061254441738129,-0.04561591148376465,up,low_vol,mild_dd,-0.042666912,0.0,0.0,-0.06197262,-0.019090347,0.00021536308,1.2423773,1.2927651,0.007720962,1.0170047,1.0664138,0.0067421263,1.0938606,1.1435184,0.0069909655
0.03620040416717529,0.008266520846523696,1.2934915490448475,-0.015317123680137379,up,high_vol,deep_dd,-0.036200404,0.0,0.0,-0.033415295,0.0030461669,0.00026105755,3.7203379,3.76464,0.008102035,3.2116516,3.2544281,0.0065763555,4.0546665,4.098303,0.00743559
0.03526878356933594,0.005045817974818519,0.5530493967235088,-0.013589803186078275,up,low_vol,deep_dd,-0.035268784,0.0,0.0,-0.028776031,0.006703993,0.00021123998,2.1035645,2.1472225,0.008389262,2.3863451,2.428699,0.007085016,1.4825569,1.5246441,0.0068184515
0.05988907814025879,0.010850032295966261,1.1766658045351506,-0.03347913237023825,up,high_vol,mid_dd,-0.05988908,0.0,0.0,-0.044782218,0.015317276,0.00021041482,4.1983814,4.26958,0.011309747,3.4652116,3.5340543,0.008953554,4.006022,4.076237,0.010325916
0.040726542472839355,0.0029559340117724818,0.6637951016426087,-0.0024906796062795777,up,low_vol,deep_dd,-0.040726542,0.0,0.0,-0.03803982,0.0029004088,0.00021368684,1.047786,1.0955546,0.0070420834,1.3026098,1.3493934,0.006057021,1.2996254,1.3466465,0.0062945504
0.02364647388458252,0.0046708744905586685,1.2499382995069026,-0.018796801567077637,middle,high_vol,mid_dd,-0.023646474,0.0,0.0,-0.027553871,-0.0036981502,0.00020924846,2.924568,2.9560337,0.007819414,3.6753511,3.7060804,0.007082852,3.9619923,3.9931715,0.007532582
0.02957773208618164,0.008535609283468098,1.2145002529025077,-0.02598738670349121,up,high_vol,mid_dd,-0.029577732,0.0,0.0,-0.030122295,-0.0003373461,0.00020721693,2.0847719,2.1238177,0.009468123,2.0750635,2.1120365,0.0073953858,2.0175724,2.0543127,0.0071625025
0.018252968788146973,0.010077447928532242,0.9564677476882935,-0.040377039971060236,middle,mid_vol,mid_dd,-0.018252969,0.0,0.0,-0.021375448,-0.0029195428,0.00020293597,1.2167186,1.2396699,0.004698354,0.98782057,1.0102941,0.0042205425,0.94911647,0.97170657,0.004337134
-0.038401901721954346,0.00811837471496655,0.7516982086002827,-0.04316074423219096,down,mid_vol,mild_dd,-0.0,0.0,0.0,0.002860569,0.003072708,0.00021213901,0.59295285,0.5998783,0.00692549,0.90360117,0.9102785,0.006677318,0.8212203,0.8285693,0.0073490245
0.020770549774169922,0.006692263063296765,0.7312036573886871,-0.022495687007904053,middle,low_vol,mid_dd,-0.02077055,0.0,0.0,-0.028810868,-0.007834074,0.00020624475,1.4477575,1.476028,0.0074999915,1.5492333,1.5773368,0.007332928,1.8064961,1.8359684,0.0087017
-0.08214461803436279,0.017385998224390787,1.3037919417023658,-0.13088549678101746,down,high_vol,mild_dd,-0.0,0.0,0.0,0.010455035,0.010666033,0.00021099886,2.6232073,2.631655,0.008447551,2.994221,3.0030413,0.008820391,2.955764,2.963973,0.008208874
0.03058493137359619,0.008291265961125387,0.5406737960875034,-0.029204167524950475,up,low_vol,mid_dd,-0.030584931,0.0,0.0,-0.027943991,0.0028586984,0.00021775784,2.3128307,2.3518102,0.008394558,1.9355156,1.972102,0.0060014687,2.2317574,2.2696943,0.007352162
0.0189208984375,0.004250812418979317,0.8472232446074486,-0.009659253844343962,middle,mid_vol,deep_dd,-0.018920898,0.0,0.0,-0.018185977,0.0009458915,0.00021096993,3.876003,3.9019217,0.0069978377,4.3814487,4.4070516,0.0066820877,4.3013577,4.3274393,0.0071607246
0.02875840663909912,0.008365976303835114,0.4261880502104759,-0.02481001615524292,up,low_vol,mid_dd,-0.028758407,0.0,0.0,-0.033230454,-0.004252982,0.00021906637,0.27840108,0.31250978,0.005350286,0.18367888,0.21666837,0.0042310804,0.42492065,0.46000934,0.0063302806
0.032682180404663086,0.0034221687626591465,0.38095674738287927,-0.005608678368881792,up,low_vol,deep_dd,-0.03268218,0.0,0.0,-0.03555957,-0.002672687,0.00020470259,0.72742915,0.76320285,0.0030915332,0.79762155,0.8329936,0.0026898696,1.1016562,1.1374218,0.003083505
-0.04725676774978638,0.012971225547230684,0.7236892946064473,-0.056064171469105806,down,low_vol,mild_dd,-0.0,0.0,0.0,-0.02147088,-0.021245228,0.00022565156,1.1020702,1.1097138,0.007643571,1.2571367,1.2646905,0.007553811,1.1521392,1.1600094,0.00787015
0.02652299404144287,0.00649476788153044,0.9212776988744735,-0.020388574372864676,up,mid_vol,mid_dd,-0.026522994,0.0,0.0,-0.014329255,0.012406915,0.00021317604,3.4518666,3.4877558,0.009366091,3.463039,3.4975822,0.008020494,3.5264058,3.561969,0.009040366
0.035585641860961914,0.008889156111401463,1.374966448545456,-0.021728248050442822,up,high_vol,mid_dd,-0.03558564,0.0,0.0,-0.055393633,-0.019595511,0.0002124789,0.7840198,0.82542586,0.005820384,0.26050085,0.30045542,0.00436894,0.5216739,0.56192464,0.0046650534
0.019876837730407715,0.0039319755714917306,0.42635044977068903,-0.010531770273207397,middle,low_vol,deep_dd,-0.019876838,0.0,0.0,-0.013683186,0.0064193252,0.00022567365,0.96587425,0.9921947,0.0064436006,2.3923695,2.418908,0.0066617588,1.9587829,1.9859626,0.0073028947
0.005764365196228027,0.006774072609380662,1.9946932032704354,-0.019968628883361816,middle,high_vol,mid_dd,-0.005764365,0.0,0.0,-0.011505881,-0.0055291015,0.00021241455,2.3655787,2.380094,0.008750955,2.5070646,2.520296,0.0074671498,2.4655333,2.478869,0.007571203
0.047821998596191406,0.02183701133688745,0.8641504511237145,-0.04251738083792511,up,mid_vol,mild_dd,-0.047822,0.0,0.0,-0.06798284,-0.019944614,0.00021622273,2.2422009,2.2997034,0.009680457,2.4882798,2.5438678,0.0077660405,3.0097895,3.0680258,0.010414473
0.05262768268585205,0.006463436161573115,1.0547379091382028,-0.010838441714299263,up,high_vol,deep_dd,-0.052627683,0.0,0.0,-0.0443599,0.0084726615,0.00020487969,1.5420223,1.6027633,0.008113223,1.3954263,1.4557474,0.007693389,1.2977,1.3582051,0.007877372
0.08065783977508545,0.011914739898932774,0.6264208525419235,-0.02848401152686575,up,low_vol,mid_dd,-0.08065784,0.0,0.0,-0.07875613,0.0021107974,0.00020908653,-0.35128328,-0.26423916,0.006386271,0.23598461,0.32326517,0.00662271,0.01987641,0.10718659,0.006652345
0.007215380668640137,0.008826076542209276,1.135447147488594,-0.03670372585244208,middle,high_vol,mid_dd,-0.0072153807,0.0,0.0,-0.0072659347,0.00017074854,0.00022130266,2.9888504,3.0049672,0.008901285,2.7198136,2.7344499,0.0074207396,2.832773,2.8475084,0.007519905
0.08049941062927246,0.010764829168762311,1.1431339517235757,-0.015509240645656841,up,high_vol,deep_dd,-0.08049941,0.0,0.0,-0.07718282,0.0035320015,0.00021541084,2.8955564,2.984427,0.008371233,2.9288313,3.017779,0.008448439,2.973672,3.0627863,0.008614923
0.03233468532562256,0.004619105134424519,0.8699944972991943,-0.01048336173068376,up,mid_vol,deep_dd,-0.032334685,0.0,0.0,-0.031994097,0.0005511175,0.00021052612,1.606777,1.647436,0.008324394,1.419369,1.4586529,0.0069491994,0.67483723,0.7124872,0.0053153057
-0.009207963943481445,0.005231643955556771,0.6417637497186661,-0.027454455432289082,down,low_vol,mid_dd,-0.0,0.0,0.0,0.0063746693,0.0065895063,0.00021483697,0.8152035,0.8241886,0.008985101,0.17786348,0.18514185,0.00727837,0.387454,0.39632556,0.0088715535
0.04686546325683594,0.004563456725348554,0.38618769869208336,-0.005781780963724947,up,low_vol,deep_dd,-0.046865463,0.0,0.0,-0.04134132,0.005744531,0.00022038653,-0.0573679,-0.005556629,0.004945808,0.17304873,0.22388026,0.003966065,0.44137028,0.4949876,0.0067518605
0.05518007278442383,0.007439979546730234,1.5092940509319306,-0.021728282887195083,up,high_vol,mid_dd,-0.055180073,0.0,0.0,-0.057467602,-0.0020821667,0.00020536245,0.58997154,0.649058,0.0039063864,0.23556003,0.2945152,0.0037750925,0.5483747,0.60621214,0.002657333
0.0075571537017822266,0.009748591793554582,0.5639129485934973,-0.025829326902183203,middle,low_vol,mid_dd,-0.0075571537,0.0,0.0,-0.007215069,0.00055807026,0.0002159859,0.72127444,0.7355794,0.0067477967,0.81002253,0.8232358,0.0056561,0.83925074,0.8535332,0.0067253285
-0.21986091136932373,0.04797822639307983,0.7450840063393116,-0.21986091136932373,down,mid_vol,mild_dd,-0.0,0.0,0.0,0.0031168482,0.0033647576,0.00024790943,1.587919,1.5958123,0.007893355,1.7161517,1.7233181,0.0071663875,1.9346119,1.9418927,0.0072808666
-0.0791657567024231,0.015528025245354182,1.2610651604831218,-0.12437184633732756,down,high_vol,mild_dd,-0.0,0.0,0.0,0.007147512,0.0073663592,0.00021884713,2.9000928,2.9075308,0.0074380087,2.0762901,2.0825093,0.0062192474,2.0571437,2.0638092,0.0066653993
0.016475319862365723,0.011663929314791488,0.6861106537282466,-0.043519863959808,middle,low_vol,mild_dd,-0.01647532,0.0,0.0,0.012521905,0.029223382,0.00022615798,1.6494658,1.676027,0.010085944,1.2225114,1.2457352,0.0067484216,1.7103871,1.7355356,0.008673164
0.008723735809326172,0.0031967798972022308,0.7714908041059971,-0.0072346739058805065,middle,mid_vol,deep_dd,-0.008723736,0.0,0.0,-0.008465907,0.00046256426,0.00020473536,1.6937894,1.7094179,0.0069048633,1.5385827,1.5530709,0.0057645105,1.9833531,1.9984314,0.006354547
-0.050243377685546875,0.012649850624362916,1.0114344492554665,-0.08717716045563595,down,high_vol,mild_dd,-0.0,0.0,0.0,-0.004331106,-0.004117578,0.00021352812,1.1939701,1.1988286,0.004858521,1.0100274,1.0150018,0.004974376,1.1631218,1.1682757,0.0051538795
0.013538837432861328,0.005751034587558975,2.0441893175244332,-0.01488498444346864,middle,high_vol,deep_dd,-0.013538837,0.0,0.0,-0.0109930225,0.0027701925,0.00022437828,5.045806,5.0698175,0.010472651,4.9460435,4.968321,0.0087383315,5.0438833,5.066467,0.009044582
-0.009211361408233643,0.0064422654165681775,0.41166175007820127,-0.027282526270240526,down,low_vol,mid_dd,-0.0,0.0,0.0,0.007720192,0.0079466645,0.0002264724,0.3124193,0.31769574,0.0052764304,0.6429866,0.6484222,0.005435606,0.6897153,0.6960357,0.0063203564
0.027146577835083008,0.004338988202356089,1.475421941280365,-0.013428984250135056,up,high_vol,deep_dd,-0.027146578,0.0,0.0,-0.023534283,0.0038506766,0.0002383815,0.5774933,0.61216766,0.0075277844,-0.011846484,0.02191925,0.0066191563,0.79791784,0.83244145,0.007377045
0.03228461742401123,0.006209189181609876,0.8652644500136375,-0.010387610604460584,up,mid_vol,deep_dd,-0.032284617,0.0,0.0,-0.027283283,0.0052091796,0.00020784509,0.16071475,0.19918294,0.0061835763,0.24683656,0.2836075,0.004486331,0.4792719,0.5176415,0.006084968
0.00412440299987793,0.01011086825439787,0.786577758193016,-0.05465648971009829,middle,mid_vol,mild_dd,-0.004124403,0.0,0.0,-0.0020124656,0.0023233406,0.0002114032,0.80325353,0.81395054,0.00657262,1.0593866,1.069263,0.005751994,1.1270189,1.1375473,0.0064039747
0.01774883270263672,0.006466757943117761,1.8162501618266105,-0.018136603897312642,middle,high_vol,deep_dd,-0.017748833,0.0,0.0,-0.022378465,-0.004418914,0.00021071843,1.1247475,1.1482774,0.00578105,1.0134119,1.0363055,0.0051447945,0.9695874,0.99338067,0.0060444423
0.0042226314544677734,0.007320689643702524,0.4695276491343975,-0.029825210571289062,middle,low_vol,mid_dd,-0.0042226315,0.0,0.0,-0.02535005,-0.020901205,0.00022621185,0.5156418,0.52639973,0.0065353084,0.63730764,0.6457561,0.0042258576,0.54078656,0.55018914,0.005179913
0.002840280532836914,0.009608287027988277,0.7557852432131767,-0.05876428834727121,middle,mid_vol,mild_dd,-0.0028402805,0.0,0.0,0.0034436504,0.0065028844,0.00021895353,-0.009859101,-0.0006392151,0.0063796053,0.20455003,0.21376407,0.0063737663,0.15870287,0.16818705,0.006643906
-0.05821967124938965,0.011313432490689642,0.9921032950282097,-0.06812045154052382,down,mid_vol,mild_dd,-0.0,0.0,0.0,0.0053715054,0.005595157,0.00022365131,0.5736223,0.5793518,0.005729506,0.770332,0.7746566,0.004324609,0.8692032,0.87409383,0.00489065
0.026676058769226074,0.042326373164738376,1.1122939467430115,-0.1335553664230461,up,high_vol,mild_dd,-0.026676059,0.0,0.0,-0.01262738,0.014326563,0.0002778839,0.43191493,0.46654928,0.007958306,0.27402845,0.30742365,0.006719152,-0.009828079,0.025112154,0.008264174
0.0389864444732666,0.004677810086164747,0.9048463955521584,-0.009453306481043922,up,mid_vol,deep_dd,-0.038986444,0.0,0.0,-0.04134937,-0.0021500604,0.00021286626,1.1657739,1.2131913,0.008430998,0.9889789,1.034481,0.006515656,0.46806756,0.51526344,0.008209434
0.05094015598297119,0.012873397772043993,0.7490620918571949,-0.046094092503288,up,mid_vol,mild_dd,-0.050940156,0.0,0.0,-0.039777823,0.0113843735,0.00022204287,1.6052663,1.662717,0.0065105143,1.5504563,1.6067891,0.0053926185,1.5606241,1.6170623,0.005498063
0.02417576313018799,0.005827699264273577,0.8404491886496543,-0.01974033628395988,middle,mid_vol,mid_dd,-0.024175763,0.0,0.0,-0.024036096,0.0003481427,0.00020847637,0.7525229,0.782789,0.0060903155,0.75742006,0.78753227,0.005936468,0.27899668,0.30865902,0.005486589
-0.0011260509490966797,0.009894512723440232,1.3141317069530487,-0.0312755125818982,middle,high_vol,mid_dd,-0.0,0.0,0.0,0.010849176,0.011056413,0.00020723722,1.6338301,1.6401395,0.0063093756,1.2521056,1.2575438,0.0054382547,1.5233117,1.5293365,0.0060246876
0.03227841854095459,0.012873313711752604,0.8239266984164715,-0.0606924022119949,up,mid_vol,mild_dd,-0.03227842,0.0,0.0,-0.038109824,-0.0056116087,0.00021979572,0.8347801,0.87421906,0.007160552,0.9840348,1.0233284,0.0070151994,0.9462459,0.98843485,0.009910553
0.025932908058166504,0.005576174580614287,0.813029295951128,-0.01247709341730563,middle,mid_vol,deep_dd,-0.025932908,0.0,0.0,-0.01625204,0.00989473,0.0002138623,2.2010388,2.2348926,0.007920631,2.3787417,2.4116633,0.0069886013,2.451497,2.4854681,0.00803813
-0.009503364562988281,0.014449270454138444,1.100790649652481,-0.07778553103683339,down,high_vol,mild_dd,-0.0,0.0,0.0,0.0174791,0.017690642,0.00021154238,2.1209376,2.1288888,0.0079511665,2.6608412,2.6680863,0.007245105,2.1318562,2.1389484,0.007092195
0.034252166748046875,0.0035364713617587707,0.8855830982327462,-0.009453343596117936,up,mid_vol,deep_dd,-0.034252167,0.0,0.0,-0.032421555,0.0020406102,0.00020999675,1.6931753,1.7356879,0.008260419,1.724355,1.7655665,0.0069593154,1.2877558,1.3301458,0.008137829
-0.0035033822059631348,0.00877987111930489,0.8948112934827804,-0.0395858938250796,down,mid_vol,mid_dd,-0.0,0.0,0.0,0.0018286154,0.0020370164,0.00020840103,1.3231752,1.3299067,0.0067314743,0.83731085,0.8424096,0.0050987815,0.6030945,0.60890216,0.0058076466
0.05330085754394531,0.017237681402469375,0.8672632485628128,-0.04629575361660754,up,mid_vol,mild_dd,-0.053300858,0.0,0.0,-0.040906556,0.012603496,0.00020919317,0.26186043,0.3206259,0.005464617,0.139975,0.19789746,0.0046216142,0.22501977,0.28097457,0.002653938
-0.0032460689544677734,0.009187440558189751,0.8012089610099793,-0.04831045500879394,middle,mid_vol,mild_dd,-0.0,0.0,0.0,-0.007840221,-0.007627863,0.0002123574,0.6323556,0.64048505,0.008129465,1.1606259,1.1673874,0.0067614443,1.04547,1.0516236,0.0061535677
0.015390634536743164,0.012539247723096583,0.9255151011049747,-0.024429534446915646,middle,mid_vol,mid_dd,-0.015390635,0.0,0.0,-0.0050434587,0.010565713,0.00021853724,1.0336789,1.0552548,0.0061853006,1.0139902,1.0345613,0.005180522,1.0349789,1.0564038,0.006034216
-0.04767566919326782,0.01153709834373398,0.8555353492498398,-0.06368404626846313,down,mid_vol,mild_dd,-0.0,0.0,0.0,-0.008066817,-0.007852828,0.00021398884,0.05158034,0.056543484,0.004963144,0.40314305,0.40823644,0.0050933952,0.18774207,0.19243842,0.0046963557
0.03623628616333008,0.0051865586148872045,0.43315030112862585,-0.010452488782262126,up,low_vol,deep_dd,-0.036236286,0.0,0.0,-0.035273366,0.0011727976,0.00020987478,1.3250713,1.3677065,0.0063989647,0.65558475,0.6964033,0.004582282,1.1632696,1.2058282,0.0063222386
0.02806878089904785,0.007407990532400498,0.5992544967681169,-0.027732423814195495,up,low_vol,mid_dd,-0.02806878,0.0,0.0,-0.026891671,0.0014168286,0.00023971821,1.1692595,1.2052661,0.00793773,1.1409643,1.1764011,0.007368075,0.6513655,0.68726146,0.007827157
-0.014664769172668457,0.018679043580552914,0.7754939943552017,-0.07658324873254152,down,mid_vol,mild_dd,-0.0,0.0,0.0,0.027414633,0.027639966,0.00022533277,1.2290723,1.239191,0.010118705,1.3789349,1.3868054,0.007870522,1.4042153,1.4120487,0.007833395
0.07399237155914307,0.004623595187941411,0.8322382941842079,-0.004430226436703322,up,mid_vol,deep_dd,-0.07399237,0.0,0.0,-0.057394363,0.016804881,0.00020687097,2.8539126,2.9386234,0.010718538,2.5628662,2.6460638,0.009205416,2.34336,2.4267468,0.009394604
0.030405163764953613,0.009631221173984524,0.3891209982335567,-0.018310071696128194,up,low_vol,deep_dd,-0.030405164,0.0,0.0,-0.04483978,-0.014220013,0.00021460257,0.033185855,0.068743974,0.0051529575,-0.023228938,0.008168922,0.0009926957,0.20341593,0.23765804,0.0038369396
0.03482472896575928,0.006666423688062728,0.7177269481122494,-0.01903694278048007,up,low_vol,mid_dd,-0.03482473,0.0,0.0,-0.031399615,0.0036422606,0.00021714749,2.0416882,2.0842824,0.007769287,2.0874343,2.129542,0.0072832885,1.9387039,1.9823672,0.008838522
0.03825342655181885,0.01027927200657314,0.7843046978116035,-0.02474274448399283,up,mid_vol,mid_dd,-0.038253427,0.0,0.0,-0.03477042,0.003690886,0.00020788309,1.2135166,1.2588077,0.0070376,1.0245721,1.0699061,0.007080535,1.0159258,1.0611385,0.0069593154
-0.007286429405212402,0.005139005379944109,1.6029846705496311,-0.023653480601006138,down,high_vol,mid_dd,-0.0,0.0,0.0,-0.00014865573,6.78156e-05,0.00021647134,3.0018282,3.0091681,0.007340056,2.8778892,2.8841867,0.0062975036,2.9998422,3.0062191,0.0063769566
-0.025868654251098633,0.00526172947818542,0.9892072312533855,-0.03737933088276524,down,mid_vol,mid_dd,-0.0,0.0,0.0,0.00093989633,0.0011570056,0.00021710919,-0.015346434,-0.013111979,0.0022344547,-0.034319825,-0.03220723,0.0021125956,-0.03429903,-0.032104008,0.0021950218
-0.04886937141418457,0.014134793627142922,1.014844150096178,-0.06079533134646853,down,high_vol,mild_dd,-0.0,0.0,0.0,-0.027134852,-0.026878837,0.0002560149,0.9955397,1.0047007,0.009160956,1.1405426,1.1484632,0.007920579,1.0736107,1.0815053,0.007894594
-0.06232500076293945,0.009213260751435947,1.9950349047780036,-0.06232500076293945,down,high_vol,mild_dd,-0.0,0.0,0.0,-0.016902301,-0.016691456,0.0002108462,0.48087215,0.48473465,0.0038625044,0.5137715,0.5175349,0.0037634582,0.48859373,0.49240592,0.003812188
0.04397869110107422,0.012825924401826276,0.6859249010682106,-0.03289055656151352,up,low_vol,mid_dd,-0.04397869,0.0,0.0,-0.018790383,0.025404848,0.00021653954,0.33888793,0.39075336,0.00788675,0.13177703,0.18195567,0.006199945,0.49331355,0.54563284,0.008340586
0.0644369125366211,0.0064748879980907025,0.7486678928136825,-0.016430598395779983,up,mid_vol,deep_dd,-0.06443691,0.0,0.0,-0.05056441,0.014098349,0.00022584482,2.9212458,2.9946694,0.008986803,2.6759593,2.7476418,0.0072455658,2.8606286,2.9348278,0.009762388
0.03758037090301514,0.005162023591065591,1.0125657983124257,-0.018217943558855643,up,high_vol,deep_dd,-0.03758037,0.0,0.0,-0.033219613,0.0045765066,0.0002157505,1.7900118,1.8353745,0.0077823107,1.5803742,1.6243612,0.0064065196,1.3753241,1.41931,0.006405469
-0.012660682201385498,0.006805017092714651,1.2882732950150966,-0.03528139481141257,down,high_vol,mid_dd,-0.0,0.0,0.0,-0.0032131467,-0.0029959895,0.00021715717,2.138526,2.144268,0.0057421834,2.3125274,2.3180268,0.005499385,2.0109985,2.0173607,0.0063622785
-0.04123634099960327,0.012514994423448021,1.0277147501707078,-0.08033522568768947,down,high_vol,mild_dd,-0.0,0.0,0.0,-0.0013746077,-0.0011619823,0.0002126254,1.0043056,1.0090855,0.0047799447,1.0880575,1.0929343,0.004876756,1.0017372,1.0066432,0.0049059433
0.037821292877197266,0.006918484282552868,0.927414134144783,-0.01707816380314653,up,mid_vol,deep_dd,-0.037821293,0.0,0.0,-0.03943575,-0.0014005774,0.00021387845,0.4325385,0.47525507,0.0048952773,0.78352976,0.827414,0.0060629467,1.1011851,1.1459445,0.0069381306
-0.0033761262893676758,0.008658909628638486,0.48709730580449107,-0.03244650113790071,down,low_vol,mid_dd,-0.0,0.0,0.0,0.0036129565,0.0038344334,0.00022147693,0.5903927,0.5949783,0.004585574,0.66860116,0.67288554,0.0042843977,0.6585886,0.6634541,0.0048655006
0.009381532669067383,0.017878444388744197,1.3317376419901847,-0.05674475431442261,middle,high_vol,mild_dd,-0.009381533,0.0,0.0,-0.01611374,-0.0065183234,0.0002138831,1.4512058,1.4665865,0.0059990482,1.3097013,1.324563,0.0054801847,0.58341044,0.5983099,0.0055179293
0.047045350074768066,0.013611647312080892,1.3588086873292924,-0.05564229114324648,up,high_vol,mild_dd,-0.04704535,0.0,0.0,-0.04264807,0.004610283,0.00021300245,0.06738984,0.12030311,0.0058679185,-0.26028287,-0.20748514,0.0057523884,0.3423988,0.39610213,0.006657987
0.035535335540771484,0.0047309398563922175,0.4182972997426987,-0.00870399137157174,up,low_vol,deep_dd,-0.035535336,0.0,0.0,-0.027953407,0.007808614,0.00022668621,0.490367,0.5317839,0.0058815554,0.67508125,0.7149685,0.0043519204,0.47360733,0.5135141,0.00437144
0.0044672489166259766,0.0036699064793857556,0.7463303990662098,-0.007810341885418515,middle,mid_vol,deep_dd,-0.004467249,0.0,0.0,-0.0042556142,0.00045025055,0.00023861615,1.5842779,1.5959923,0.007247228,1.426857,1.4377098,0.0063855182,1.2226375,1.2344621,0.007357326
0.012033700942993164,0.014065560840340536,0.8251593999564648,-0.047315545663218495,middle,mid_vol,mild_dd,-0.012033701,0.0,0.0,0.017511727,0.029762264,0.00021683583,0.7498056,0.7668884,0.0050490308,0.7171453,0.73355854,0.004379511,0.73983335,0.757227,0.0053599672
0.03236806392669678,0.01037356339867153,1.0736383855342866,-0.0372538981001046,up,high_vol,mid_dd,-0.032368064,0.0,0.0,-0.0398941,-0.0073119,0.00021413698,1.452377,1.4915038,0.006758833,1.3607993,1.3988782,0.0057108365,1.35993,1.3987596,0.006461546
0.028174519538879395,0.005084148324055824,0.48884135447442534,-0.015127954843871083,up,low_vol,deep_dd,-0.02817452,0.0,0.0,-0.029885875,-0.0014596361,0.0002517192,2.3413103,2.3789537,0.009468853,2.3992763,2.4350379,0.0075869835,2.038619,2.0746202,0.0078267995
0.0013914108276367188,0.008558579705429894,0.8696165889501571,-0.04137101712689528,middle,mid_vol,mild_dd,-0.0013914108,0.0,0.0,-0.009567988,-0.007960363,0.00021621372,4.564153,4.574806,0.009261384,4.3704953,4.3802943,0.008407645,4.812048,4.822764,0.009324788
0.1309211254119873,0.029784879407219945,1.6995083421468735,-0.05923938171148335,up,high_vol,mild_dd,-0.13092113,0.0,0.0,-0.07298782,0.05814578,0.00021246822,1.2996517,1.4369905,0.006417658,1.2472721,1.3842368,0.006043544,1.3264332,1.4642551,0.0069007366
-0.003704845905303955,0.005351577020491285,0.8526549510657787,-0.028395296767002143,down,mid_vol,mid_dd,-0.0,0.0,0.0,-0.006307603,-0.0060946215,0.00021298151,1.4889001,1.4972062,0.008306164,1.3259573,1.3326629,0.0067056087,1.1756244,1.1827255,0.00710118
0.0718909502029419,0.017363369123246732,3.139034076035023,-0.06989483709619737,up,high_vol,mild_dd,-0.07189095,0.0,0.0,-0.055675585,0.016426042,0.00021067604,-0.72788537,-0.6488373,0.007157097,-0.7518862,-0.67317647,0.006818745,-0.5212789,-0.4421409,0.0072470563
0.038277626037597656,0.007680367725066738,1.9232584089040756,-0.019968632797597974,up,high_vol,mid_dd,-0.038277626,0.0,0.0,-0.024817303,0.013673293,0.00021297095,2.5980628,2.6442075,0.007867034,2.5479352,2.5927687,0.006555779,2.159724,2.2044644,0.0064628315
0.010915040969848633,0.006887577852778857,0.8594035506248474,-0.02038857422048057,middle,mid_vol,mid_dd,-0.010915041,0.0,0.0,-0.019828519,-0.008705024,0.00020845396,2.4928696,2.5118084,0.008023747,2.5451562,2.5632956,0.0072244117,2.4997087,2.5182335,0.007609736
0.07920539379119873,0.004719598334001601,0.4803639009594917,-0.004097373141080385,up,low_vol,deep_dd,-0.079205394,0.0,0.0,-0.07008787,0.009341911,0.00022438877,0.15572277,0.24143395,0.006505787,0.12214667,0.20436174,0.0030096662,-0.10150118,-0.017980956,0.0043148315
-0.008098244667053223,0.011628765949611257,0.6502635948359966,-0.047247038108408135,down,low_vol,mild_dd,-0.0,0.0,0.0,0.0035269484,0.0037475028,0.00022055433,0.58316225,0.5901863,0.007024072,0.62739444,0.63477343,0.0073790182,1.2961941,1.3043326,0.008138532
-0.09291219711303711,0.01320200505869719,0.7490531980991364,-0.10486984252929688,down,mid_vol,mild_dd,-0.0,0.0,0.0,-0.006832563,-0.006604273,0.0002282902,0.54766434,0.55485296,0.0071886475,1.094344,1.1019214,0.007577381,0.6929436,0.69889206,0.005948507
0.04648637771606445,0.0065791222884619225,0.5699790485203267,-0.012575864791870117,up,low_vol,deep_dd,-0.046486378,0.0,0.0,-0.05873768,-0.012038696,0.00021260581,1.6254089,1.6788943,0.0069990708,1.3250014,1.3765469,0.0050591477,1.6052982,1.6583074,0.006522893
0.0271834135055542,0.0055599729219713645,0.9986173965036869,-0.012643240839291026,up,high_vol,deep_dd,-0.027183414,0.0,0.0,-0.02403486,0.0033596095,0.00021105634,1.863788,1.898318,0.0073465756,2.8487422,2.8831124,0.0071865884,2.1491063,2.1836207,0.0073311836
0.024672865867614746,0.007453136829849675,0.6144515473395586,-0.027732507219618396,middle,low_vol,mid_dd,-0.024672866,0.0,0.0,-0.024073873,0.0008482417,0.00024924826,1.4981598,1.5310252,0.008192534,1.4425738,1.4751799,0.007933272,0.9436004,0.97629696,0.008023657
0.025370478630065918,0.012432998376958361,2.0011340007185936,-0.041251246042575795,middle,high_vol,mid_dd,-0.025370479,0.0,0.0,-0.006279218,0.019310711,0.00021945014,2.288127,2.3230734,0.009575901,2.392998,2.4261448,0.0077765575,2.237054,2.2703533,0.007928692
0.02751326560974121,0.0034863200920085143,1.7582868188619614,-0.004996407675846304,up,high_vol,deep_dd,-0.027513266,0.0,0.0,-0.027680814,4.552406e-05,0.0002130739,2.3760555,2.4090157,0.005446852,1.9251003,1.9566054,0.003991787,1.5670321,1.5979731,0.0034277048
0.07768917083740234,0.004843779349794183,0.3988926477730274,-0.008767557035552875,up,low_vol,deep_dd,-0.07768917,0.0,0.0,-0.06903261,0.008880581,0.00022401688,0.2801777,0.36280692,0.0049400455,0.12980609,0.21093547,0.003440209,0.62919587,0.71119475,0.0043097027
0.04605114459991455,0.0044142483010720535,0.4403786465525627,-0.007848424972996426,up,low_vol,deep_dd,-0.046051145,0.0,0.0,-0.04122565,0.005055052,0.0002295572,2.1666033,2.22122,0.008565746,1.9879552,2.0399604,0.0059540602,2.068113,2.1213534,0.0071889204
0.05010676383972168,0.0038532026546371813,1.38088406175375,-0.0037705306098778646,up,high_vol,deep_dd,-0.050106764,0.0,0.0,-0.048340786,0.0019717042,0.00020572435,1.4514604,1.5075886,0.0060214517,1.0562631,1.111248,0.0048781564,0.8863912,0.9421101,0.0056121303
-0.09495681524276733,0.055913847357978774,1.589818650484085,-0.2269954149965384,down,high_vol,mild_dd,-0.0,0.0,0.0,0.050462835,0.05067382,0.00021098412,1.5228212,1.5306482,0.007827076,1.9218605,1.9306732,0.008812759,1.403076,1.4105235,0.0074474374
-0.03188908100128174,0.006752226231476372,1.4266891703009605,-0.04457443160193808,down,high_vol,mild_dd,-0.0,0.0,0.0,0.011247692,0.011458563,0.00021087078,0.6224923,0.6258373,0.0033449857,0.59854996,0.6017188,0.0031688064,0.5923757,0.59565717,0.0032814622
-0.004853188991546631,0.0064845824347618,1.7400592483580113,-0.018401622772216797,down,high_vol,deep_dd,-0.0,0.0,0.0,-0.00027027336,-6.46434e-05,0.00020562996,1.1490318,1.1526089,0.0035771036,1.0581646,1.0612686,0.003103972,0.9638488,0.9668246,0.0029757468
0.00977623462677002,0.004620351601096686,0.897700947523117,-0.01599729061126709,middle,mid_vol,deep_dd,-0.009776235,0.0,0.0,-0.01234406,-0.0023421536,0.0002256714,1.3857436,1.4037762,0.008256279,1.5705441,1.5888951,0.008574724,1.3778386,1.3961439,0.008529056
0.024075746536254883,0.007453588653147837,0.5865754965692759,-0.02773240166121127,middle,low_vol,mid_dd,-0.024075747,0.0,0.0,-0.023587054,0.000736404,0.00024771108,1.2693396,1.3010736,0.0076582185,1.2371805,1.2687056,0.007449366,0.6398917,0.6715476,0.007580181
-0.015212178230285645,0.008610512288297999,0.7677605450153351,-0.05876421405147925,down,mid_vol,mild_dd,-0.0,0.0,0.0,-0.00027784196,-6.170174e-05,0.00021614021,0.08735974,0.09366081,0.0063010687,-0.05958999,-0.053657774,0.0059322156,0.12229316,0.1291725,0.006879344
0.006315350532531738,0.009081429890900017,0.46339804530143736,-0.025402605533599854,middle,low_vol,mid_dd,-0.0063153505,0.0,0.0,-0.008756654,-0.0022177962,0.00022350768,1.9594676,1.9728961,0.0071130972,2.3756218,2.388437,0.006499821,2.3896797,2.4027495,0.0067546456
-0.02282625436782837,0.006457988386924617,0.6566853478550911,-0.024599939884781596,down,low_vol,mid_dd,-0.0,0.0,0.0,-0.0017601603,-0.0015467098,0.0002134505,1.6186836,1.6238637,0.005180073,1.5957719,1.6004245,0.004652565,1.5291725,1.5343972,0.0052246815
0.013080120086669922,0.005729887205707212,1.5214204020798205,-0.01712965965270996,middle,high_vol,deep_dd,-0.01308012,0.0,0.0,-0.02888167,-0.015581418,0.00022013365,1.9706568,1.9896623,0.0059254565,1.726612,1.7446728,0.0049806917,1.6009041,1.6189088,0.0049245795
0.010215401649475098,0.013091752038806486,1.4972044035792351,-0.033104037906832806,middle,high_vol,mid_dd,-0.010215402,0.0,0.0,-0.010462666,-3.3000688e-05,0.00021426416,0.9747743,0.9904989,0.005509207,0.78248775,0.79704064,0.004337462,0.78963286,0.8041548,0.004306527
-0.08758282661437988,0.01899418408041391,1.1874060042202472,-0.12437195513600874,down,high_vol,mild_dd,-0.0,0.0,0.0,0.008232427,0.008456117,0.00022369003,2.5101113,2.516972,0.006860733,2.279288,2.285714,0.006425956,1.7076743,1.7140386,0.0063643022
-0.29036664962768555,0.05258704718160736,1.8428200587630272,-0.29036664962768555,down,high_vol,mild_dd,-0.0,0.0,0.0,-0.0331712,-0.03294276,0.00022843931,1.443715,1.4522018,0.0084868865,1.5907404,1.5988466,0.008106168,0.75446635,0.76087034,0.0064039743
-0.07739269733428955,0.01273404431552493,1.1103668853640556,-0.09229439496994019,down,high_vol,mild_dd,-0.0,0.0,0.0,-0.015166256,-0.014943272,0.0002229842,1.7402114,1.7484789,0.008267464,1.7193053,1.7271183,0.007812924,1.8301187,1.8375756,0.0074569294
0.0006260871887207031,0.009790980598652372,1.6995836548507213,-0.04850959497102991,middle,high_vol,mild_dd,-0.0006260872,0.0,0.0,-0.0025756168,-0.0017298567,0.00021967289,5.024781,5.0359273,0.010519886,4.6335382,4.6427693,0.008605181,5.0038056,5.013317,0.008885303
-0.0002917051315307617,0.007402721304043203,0.8682468980550766,-0.026377391207235923,middle,mid_vol,mid_dd,-0.0,0.0,0.0,0.005256802,0.005469471,0.0002126695,1.1762785,1.184286,0.008007533,1.1923144,1.1999836,0.007669263,1.6495782,1.6574744,0.007896223
0.035709381103515625,0.004857866883788552,1.0223795861005782,-0.00880287624025955,up,high_vol,deep_dd,-0.03570938,0.0,0.0,-0.03846134,-0.0025152636,0.00023669534,0.9410016,0.98268247,0.005971479,1.3657583,1.4076023,0.0061346884,1.24563,1.2872429,0.0059034317
0.1493016481399536,0.039215667853517884,1.6545444011688233,-0.11807752417399442,up,high_vol,mild_dd,-0.14930165,0.0,0.0,-0.095917985,0.053599812,0.00021614524,1.0064198,1.1624291,0.006707654,0.10788692,0.2633115,0.0061229398,0.44924343,0.60526776,0.0067226933
0.043970704078674316,0.007446103599022739,0.8169473424553871,-0.011955839366994181,up,mid_vol,deep_dd,-0.043970704,0.0,0.0,-0.052864324,-0.0086783925,0.0002152299,1.3838598,1.4350432,0.007212768,1.6405272,1.6907383,0.006240381,1.4678793,1.5181493,0.006299232
0.014752030372619629,0.0052038230044728915,1.0247328497469426,-0.02125394968752614,middle,high_vol,mid_dd,-0.01475203,0.0,0.0,-0.014481523,0.00047922033,0.00020871317,2.2235806,2.2464104,0.008077954,2.3131418,2.3352642,0.007370502,2.9771013,2.999625,0.0077714445
0.022184014320373535,0.00603957748718709,0.9540152095258236,-0.02431452162458847,middle,mid_vol,mid_dd,-0.022184014,0.0,0.0,-0.013159719,0.0092379525,0.0002136577,0.72643703,0.75534296,0.006721895,0.61788744,0.6458323,0.005760838,0.7244095,0.75275236,0.006158812
0.036483168601989746,0.007068478911419282,0.7489191003143787,-0.015106827332040385,up,mid_vol,deep_dd,-0.03648317,0.0,0.0,-0.038365446,-0.0016564385,0.00022583696,1.8675821,1.9131552,0.009089983,1.6119858,1.6560941,0.007625102,1.6386416,1.6830577,0.007932951
-0.045534729957580566,0.016542295287033226,1.4974974989891052,-0.10101888700206108,down,high_vol,mild_dd,-0.0,0.0,0.0,0.011794084,0.012016791,0.00022270756,1.8937267,1.9004563,0.00672958,1.1100532,1.1165549,0.006501729,2.2006216,2.2079847,0.0073631364
-0.004208207130432129,0.006074075208128574,0.9205323487520218,-0.03365257473250027,down,mid_vol,mid_dd,-0.0,0.0,0.0,0.0022000838,0.002414653,0.00021456924,2.4022496,2.4102073,0.007957766,2.049268,2.0566194,0.0073514436,2.2248964,2.2328167,0.007920201
-0.013049781322479248,0.005787941229369032,1.3524316765367985,-0.02365347403318807,down,high_vol,mid_dd,-0.0,0.0,0.0,-0.0011746902,-0.00094769965,0.0002269906,3.264175,3.27306,0.008885148,3.1303802,3.1373806,0.0070003555,3.2641757,3.2714217,0.007245915
-0.0040680766105651855,0.005272749527580675,0.7584449946880341,-0.01679882145070699,down,mid_vol,deep_dd,-0.0,0.0,0.0,0.0049493713,0.0051828423,0.00023347116,1.9864129,1.9947033,0.008290425,2.0243328,2.0323164,0.007983753,2.15517,2.163814,0.00864405
0.01693117618560791,0.0075132040235216056,0.4201367512345314,-0.027282546047793454,middle,low_vol,mid_dd,-0.016931176,0.0,0.0,-0.019796168,-0.0026420404,0.00022295039,0.5481751,0.5708161,0.005709855,0.37531012,0.39751494,0.005273649,0.60541236,0.62840205,0.006058524
-0.2877082824707031,0.04920442349504049,1.7529597461223603,-0.2910977187984505,down,high_vol,mild_dd,-0.0,0.0,0.0,0.0020384565,0.002261898,0.0002234414,2.297561,2.3065197,0.008958753,2.8723688,2.881266,0.00889731,2.0879536,2.0947163,0.0067628045
0.04529261589050293,0.01710166563193207,0.9385899484157563,-0.04629574590112551,up,mid_vol,mild_dd,-0.045292616,0.0,0.0,-0.029178182,0.01632356,0.00020912688,-0.073482685,-0.025249854,0.0029402182,-0.100176014,-0.050770976,0.004112422,-0.1177669,-0.07000689,0.0024673927
-0.0053408145904541016,0.005264053410545155,0.7076471462845803,-0.016798892084110784,down,low_vol,deep_dd,-0.0,0.0,0.0,-0.000141594,0.0001030585,0.0002446525,2.0291173,2.0361605,0.007043145,2.072861,2.079667,0.006806024,2.2101426,2.2175953,0.007452844
-0.037735581398010254,0.01053552785146778,1.2566261425614358,-0.04347567967002519,down,high_vol,mild_dd,-0.0,0.0,0.0,0.00599431,0.0062169256,0.00022261559,1.7577546,1.7654458,0.0076913116,1.7197663,1.7267644,0.0069981813,2.0073936,2.0143142,0.0069206813
-0.0225028395652771,0.005129041703520078,0.6283157989382744,-0.030585217532041797,down,low_vol,mid_dd,-0.0,0.0,0.0,-0.0031446838,-0.0029298589,0.00021482499,0.10028413,0.10833995,0.008055819,0.5629636,0.5700138,0.007050213,0.68465656,0.6936416,0.008985029
-0.01865983009338379,0.004014588518714288,0.8270193487405777,-0.020379066467285156,down,mid_vol,mid_dd,-0.0,0.0,0.0,-0.006582446,-0.0063553806,0.00022706523,2.3331878,2.3418646,0.0086768465,2.2213163,2.230745,0.009428802,2.3700602,2.380309,0.010248943
0.04760396480560303,0.005333787165720464,1.0349835976958275,-0.0182180220361553,up,high_vol,deep_dd,-0.047603965,0.0,0.0,-0.041344743,0.0064772074,0.00021798446,0.8789118,0.934685,0.008169242,1.978361,2.033046,0.0070809973,1.3738871,1.4287292,0.00723818
0.008259773254394531,0.005079244411068995,0.5946592930704355,-0.025819554638108477,middle,low_vol,mid_dd,-0.008259773,0.0,0.0,0.00045010375,0.008944558,0.00023468098,2.9273505,2.9446042,0.0089939125,2.2506578,2.2655206,0.00660312,2.6607516,2.676159,0.0071475063
-0.05393260717391968,0.008854660992857186,0.8378070496022701,-0.057524047648058185,down,mid_vol,mild_dd,-0.0,0.0,0.0,-0.010558918,-0.010346529,0.00021238867,1.8975264,1.9053378,0.0078114104,2.0518038,2.0591836,0.0073797097,1.9987818,2.0065205,0.007738756
0.06800365447998047,0.00748580858260639,0.6621801048517227,-0.009649848611460787,up,low_vol,deep_dd,-0.068003654,0.0,0.0,-0.06712883,0.0010995776,0.00022475695,1.7387727,1.816591,0.00981462,1.7994652,1.8750792,0.007610276,1.7373674,1.8136648,0.008293737
0.08639109134674072,0.017840643251503245,0.7065566435456276,-0.04629571865206239,up,low_vol,mild_dd,-0.08639109,0.0,0.0,-0.074522465,0.012079746,0.00021112032,-0.26393297,-0.17115231,0.0063895867,-0.15051283,-0.058161642,0.005960097,-0.076354966,0.016259685,0.006223562
0.01809525489807129,0.0065913798556737875,0.7092605084180832,-0.025455685093779823,middle,low_vol,mid_dd,-0.018095255,0.0,0.0,-0.016006637,0.002302879,0.00021426145,0.14168689,0.16323303,0.0034508915,0.13667004,0.15833664,0.0035713462,0.10083152,0.122488074,0.0035612935
0.011587142944335938,0.009592323498563834,0.49320119991898537,-0.031944175147744946,middle,low_vol,mid_dd,-0.011587143,0.0,0.0,-0.004635946,0.0071774377,0.00022624042,2.5018132,2.5224853,0.00908486,1.9247605,1.9436492,0.0073016,2.3703632,2.3902829,0.008332563
-0.012042641639709473,0.01261066479907247,0.7728294529020786,-0.058845698833465576,down,mid_vol,mild_dd,-0.0,0.0,0.0,-0.0097956,-0.009580038,0.00021556241,1.5201813,1.527349,0.007167676,1.5734484,1.5784334,0.004984969,1.6545815,1.6613617,0.006780195
-0.03482627868652344,0.013958753203491273,0.6230171494185924,-0.05366790294647217,down,low_vol,mild_dd,-0.0,0.0,0.0,-0.0019694844,-0.0017539738,0.0002155105,1.4364492,1.4443153,0.007866089,1.5520126,1.558892,0.0068794414,1.5270357,1.5345403,0.0075045545
-0.03215289115905762,0.010996534960781703,0.8782876014709473,-0.0635817206615864,down,mid_vol,mild_dd,-0.0,0.0,0.0,0.01017371,0.010383368,0.00020965775,1.9254289,1.9346118,0.009182951,1.8814708,1.8903571,0.008886319,1.9441448,1.9536237,0.009478822
0.006051301956176758,0.003631990666257472,0.7288200542330742,-0.008886248680941011,middle,low_vol,deep_dd,-0.006051302,0.0,0.0,-0.0028369422,0.0034550924,0.0002407328,2.8147008,2.8305247,0.009772448,2.7594776,2.7745414,0.009012487,2.9218354,2.9377909,0.00990425
-0.01250690221786499,0.01383334435132359,1.1197792038321495,-0.04540121555328369,down,high_vol,mild_dd,-0.0,0.0,0.0,-0.011593916,-0.011377731,0.0002161855,0.9917104,0.99777186,0.0060614445,1.0202332,1.0260203,0.0057871295,0.75518405,0.7611825,0.0059984094
0.028317809104919434,0.0065680093100249845,0.8209892526268959,-0.02521463668341184,up,mid_vol,mid_dd,-0.02831781,0.0,0.0,-0.016174624,0.012353706,0.00021052199,1.5430466,1.5785563,0.007191915,1.5635393,1.5984855,0.006628387,1.3044678,1.3405164,0.007730838
0.0041931867599487305,0.006021288356841383,0.41969719976186753,-0.027282579483223768,middle,low_vol,mid_dd,-0.0041931868,0.0,0.0,0.0064922767,0.010909664,0.00022420107,0.78527474,0.7961983,0.00673036,1.1938614,1.2044879,0.0064333337,1.077347,1.0885633,0.007023082
-0.008545398712158203,0.007764438647567642,1.172565246373415,-0.035331859490119855,down,high_vol,mid_dd,-0.0,0.0,0.0,-0.0011241081,-0.00091309997,0.00021100816,1.7361839,1.7426493,0.006465478,1.6500431,1.6559856,0.0059425165,1.6049515,1.6108365,0.0058849896
-0.0021091103553771973,0.007394305160571915,0.9998690642416477,-0.03078776411328976,middle,high_vol,mid_dd,-0.0,0.0,0.0,0.00343005,0.0036366808,0.00020663068,0.15961841,0.16324425,0.0036258402,0.10342148,0.10640053,0.0029790478,0.10433125,0.10802552,0.0036942735
0.03905975818634033,0.003651971482703849,0.9215087607502938,-0.008886193190198677,up,mid_vol,deep_dd,-0.03905976,0.0,0.0,-0.030948954,0.00836004,0.00024923432,3.2470753,3.2960694,0.009934093,3.6854866,3.7339606,0.00941437,3.6810758,3.7297165,0.009580758
0.045766353607177734,0.00449233697313526,0.4141357995569706,-0.005781645763369037,up,low_vol,deep_dd,-0.045766354,0.0,0.0,-0.04555501,0.000430863,0.00021952062,-0.10141957,-0.0503664,0.005286811,-0.106999576,-0.056351982,0.00488124,0.57118154,0.62295246,0.0060045496
0.003044605255126953,0.008313657424792335,0.3526103988289833,-0.024441204921594517,middle,low_vol,mid_dd,-0.0030446053,0.0,0.0,0.0069704107,0.0102216955,0.00020667948,0.32469487,0.33111608,0.0033765929,0.01001134,0.014327058,0.0012711124,0.23406103,0.24041976,0.0033141295
-0.13540047407150269,0.029799000845776982,0.6835125491023064,-0.1656263874872963,down,low_vol,mild_dd,-0.0,0.0,0.0,0.0016427935,0.0018616953,0.0002189018,1.3393986,1.3478237,0.008425086,1.367512,1.3759055,0.008393541,1.6447685,1.6535394,0.008770995
0.03682851791381836,0.004140870808373935,1.4515728317201138,-0.00880280862164351,up,high_vol,deep_dd,-0.036828518,0.0,0.0,-0.032514878,0.0045206766,0.00020703558,2.865618,2.9105537,0.008107285,2.8739438,2.91862,0.007847679,2.3650749,2.4109344,0.0090310555
0.05574500560760498,0.007004369878414814,0.8177469469606876,-0.01941657066345215,up,mid_vol,mid_dd,-0.055745006,0.0,0.0,-0.057411622,-0.0014527723,0.00021384317,0.23078921,0.290877,0.004342788,0.0679006,0.1280354,0.0043897955,0.16781959,0.22897163,0.0054070423
-0.004017829895019531,0.011822045494014308,0.6501840025186538,-0.04886747308697814,down,low_vol,mild_dd,-0.0,0.0,0.0,5.072057e-05,0.0002651856,0.00021446504,1.6231397,1.6315658,0.008426096,2.142835,2.1499438,0.007108896,1.9497691,1.9580197,0.008250592
0.019643187522888184,0.003920369024210529,0.9145231083035469,-0.008886177696200925,middle,mid_vol,deep_dd,-0.019643188,0.0,0.0,-0.023453467,-0.0035812012,0.00022907776,3.696581,3.7261746,0.009950707,4.0798135,4.109197,0.009740184,4.120214,4.149682,0.009824566
0.027517199516296387,0.007540122722123689,0.7548940010368824,-0.015106842081454297,up,mid_vol,deep_dd,-0.0275172,0.0,0.0,-0.03888778,-0.011146067,0.00022451283,2.4086683,2.4452693,0.009084051,2.2585044,2.2936442,0.0076228017,2.116513,2.1519513,0.007920923
0.04101443290710449,0.01052912373943565,1.1341053552925586,-0.033479126077518795,up,high_vol,mid_dd,-0.041014433,0.0,0.0,-0.04963444,-0.008411968,0.00020804364,3.7930613,3.844152,0.010076266,3.8222291,3.8722637,0.009020053,3.8845756,3.9355304,0.009940295
0.026566505432128906,0.009542732300032738,0.5195191979408265,-0.052342582005569294,up,low_vol,mild_dd,-0.026566505,0.0,0.0,-0.018779717,0.008019417,0.00023262962,0.9374551,0.9733051,0.009283457,0.27034983,0.30350268,0.0065863286,0.38496357,0.41803595,0.0065058833
0.030286550521850586,0.006663545238154582,0.7789518073201179,-0.016707301139831543,up,mid_vol,deep_dd,-0.03028655,0.0,0.0,-0.047077127,-0.016580755,0.00020982305,0.63908285,0.67593867,0.006569257,0.7792611,0.81596744,0.0064197485,0.7372852,0.7748737,0.0073019173
0.06007039546966553,0.006312361143529363,0.41809760481119157,-0.010452608157489163,up,low_vol,deep_dd,-0.060070395,0.0,0.0,-0.04198276,0.018295404,0.0002077677,0.7279354,0.79268,0.004674263,0.5043567,0.567946,0.0035189241,0.6273401,0.69173414,0.004323667
0.03207802772521973,0.016669832770433594,2.0565678387880326,-0.0474462710897986,up,high_vol,mild_dd,-0.032078028,0.0,0.0,-0.027067551,0.005222834,0.00021235857,1.675211,1.7142696,0.0069807023,1.9000347,1.9396071,0.0074944333,1.9814762,2.0216446,0.008090364
0.013827681541442871,0.009462703074805361,0.885262394696474,-0.04137097225977948,middle,mid_vol,mid_dd,-0.013827682,0.0,0.0,-0.013538919,0.0005021026,0.00021334125,5.613478,5.638299,0.010992846,5.404503,5.4273896,0.009059169,5.2304764,5.25393,0.00962581
0.0020505189895629883,0.010152473535373666,0.8701196983456612,-0.051478745981684115,middle,mid_vol,mild_dd,-0.002050519,0.0,0.0,0.01284762,0.015108719,0.00021057935,1.941327,1.9517919,0.008414331,1.5999466,1.6091259,0.00712868,1.9298126,1.9401803,0.00831722
0.010104537010192871,0.004536223472604742,0.5982434555888176,-0.014295261515302915,middle,low_vol,deep_dd,-0.010104537,0.0,0.0,-0.014115051,-0.003800623,0.00020989147,1.7317266,1.7501925,0.00836136,1.3094885,1.3264512,0.0068580853,0.9685864,0.9853682,0.006677282
-0.01340550184249878,0.010847148830529604,0.6356196947395801,-0.04724706564293324,down,low_vol,mild_dd,-0.0,0.0,0.0,-0.0011941621,-0.0009760107,0.0002181514,0.9754252,0.98320705,0.007781871,1.0417621,1.0488921,0.007130082,1.5242745,1.5326123,0.008337893
-0.005742669105529785,0.003722374084214713,0.8243529453873635,-0.016581282166792333,down,mid_vol,deep_dd,-0.0,0.0,0.0,0.00022626325,0.00044141774,0.00021515449,0.5949554,0.6003551,0.0053997017,0.53877234,0.5440766,0.0053042765,0.5454725,0.5504359,0.0049634087
-0.05334913730621338,0.017236024946950323,0.711405748873949,-0.11073641767575915,down,low_vol,mild_dd,-0.0,0.0,0.0,-0.003006924,-0.0027822314,0.00022469257,1.1307592,1.1366682,0.0059089437,1.1948122,1.1998961,0.005083956,1.1589465,1.1642112,0.0052646473
0.017673492431640625,0.005105249711467095,0.9267439618706703,-0.0174284475920905,middle,mid_vol,deep_dd,-0.017673492,0.0,0.0,-0.019959364,-0.0020812978,0.00020457475,2.7501397,2.7774148,0.009601658,1.960448,1.9868159,0.008694418,2.860017,2.8872552,0.009564642
0.006397724151611328,0.003991818965158207,0.9531977489590645,-0.01410178406475282,middle,mid_vol,deep_dd,-0.006397724,0.0,0.0,-0.004777535,0.0018460827,0.00022589343,3.3355966,3.3511848,0.009190666,3.5936325,3.6078756,0.007845322,3.5079584,3.5223203,0.007964198
0.02694547176361084,0.009947322178011366,0.8592667929828167,-0.024886405594791827,up,mid_vol,mid_dd,-0.026945472,0.0,0.0,-0.026327346,0.00084227405,0.00022414754,1.667999,1.7033783,0.008433804,1.3777958,1.4116071,0.006865846,1.2841345,1.3179733,0.0068932422
0.0024869441986083984,0.009646034537591898,1.5721324115991593,-0.048509656142601276,middle,high_vol,mild_dd,-0.0024869442,0.0,0.0,0.0014388424,0.0041433587,0.00021757207,2.8608422,2.8717918,0.00846257,2.9135427,2.92357,0.0075403037,2.9442463,2.9542978,0.007564468
0.01854872703552246,0.0062100306903476645,0.4923097036778927,-0.014353403258138941,middle,low_vol,deep_dd,-0.018548727,0.0,0.0,-0.012914701,0.0058473945,0.0002133688,0.43634903,0.46125856,0.006360803,0.33172107,0.35550058,0.0052307914,0.39734852,0.4220674,0.0061701396
0.013596534729003906,0.005994851202397832,1.0120514541864396,-0.011290033313534176,middle,high_vol,deep_dd,-0.013596535,0.0,0.0,-0.009744616,0.00406032,0.00020840175,0.1504798,0.16933271,0.005256388,0.07927076,0.09702862,0.0041613253,0.19627607,0.21387655,0.0040039453
0.0009148120880126953,0.008826878442857799,0.9604557551443577,-0.026759953084873556,middle,mid_vol,mid_dd,-0.0009148121,0.0,0.0,-0.0007634965,0.00035766722,0.00020635163,1.4436933,1.4521122,0.0075040557,1.4940618,1.5016943,0.00671773,1.1441709,1.1526002,0.0075144684
0.01342463493347168,0.0071051020089965685,0.8110733062028885,-0.02873636596310336,middle,mid_vol,mid_dd,-0.013424635,0.0,0.0,-0.016557828,-0.002928776,0.00020441531,0.599094,0.6173389,0.0048202653,-0.16349314,-0.14517128,0.004897229,0.6777864,0.6971462,0.0059351493
0.009744524955749512,0.008723105527776479,0.9495980441570282,-0.039585905772435925,middle,mid_vol,mid_dd,-0.009744525,0.0,0.0,-0.009640493,0.00031035175,0.00020632026,0.9155605,0.93224573,0.006940732,1.3174876,1.3331579,0.0059257667,0.65196127,0.66818017,0.0064743552
0.012864828109741211,0.005497445667360004,0.8337253533303738,-0.027546235901441007,middle,mid_vol,mid_dd,-0.012864828,0.0,0.0,-0.00017450638,0.012904424,0.00021410249,2.5730357,2.5939553,0.008054615,2.5061727,2.525283,0.006245563,2.6314325,2.651447,0.007149596
0.03205132484436035,0.018118612401598507,0.7461619514971971,-0.03242838382720947,up,mid_vol,mid_dd,-0.032051325,0.0,0.0,-0.041398216,-0.009105367,0.00024152556,0.3375182,0.37657887,0.0070093446,0.51106864,0.54940975,0.0062897885,0.4515971,0.4901413,0.0064928774
0.05026721954345703,0.006377633062976079,0.986205805838108,-0.010838498666534302,up,mid_vol,deep_dd,-0.05026722,0.0,0.0,-0.05803124,-0.0075590783,0.00020493954,1.1116047,1.1686316,0.0067596957,1.3747948,1.4322495,0.00718753,1.5704585,1.6286899,0.007964134
-0.01168513298034668,0.005794571855007426,1.134424375742674,-0.03737939740673568,down,high_vol,mid_dd,-0.0,0.0,0.0,-0.00012693848,8.5363594e-05,0.00021230208,0.6088251,0.61224276,0.003417649,0.5871046,0.59032655,0.003221934,0.59381264,0.5972254,0.0034128034
-0.07314461469650269,0.01357500327134077,0.7445338979363442,-0.10486987049386243,down,mid_vol,mild_dd,-0.0,0.0,0.0,0.010891145,0.0111208595,0.0002297148,0.71433544,0.7213544,0.0070189815,0.77602965,0.7831134,0.007083796,1.0098659,1.0171856,0.007319651
0.044806599617004395,0.004522374907171362,0.40883890017867086,-0.005781691578580994,up,low_vol,deep_dd,-0.0448066,0.0,0.0,-0.04595775,-0.0009297064,0.00022144752,0.2775223,0.32837936,0.006050467,-0.030095983,0.019550588,0.0048399726,0.4033673,0.45438817,0.006214248
-0.002427995204925537,0.01017139786582281,1.2126578025519847,-0.03347918441501929,middle,high_vol,mid_dd,-0.0,0.0,0.0,-0.006850485,-0.0066403258,0.00021015934,3.6465583,3.656157,0.009598627,3.7851999,3.793688,0.008488083,4.0089355,4.0186267,0.009691012
0.005305886268615723,0.004883320033842747,0.8338428601622582,-0.01742852058209432,middle,mid_vol,deep_dd,-0.0053058863,0.0,0.0,-0.010070213,-0.004558054,0.00020627312,2.14615,2.1599975,0.008541679,1.8060809,1.8198609,0.008474142,2.6490407,2.6629162,0.008569672
0.025570034980773926,0.00585920493483261,0.7523808471858502,-0.011955820710611742,middle,mid_vol,deep_dd,-0.025570035,0.0,0.0,-0.024687523,0.0010958923,0.00021338084,1.7095113,1.7431533,0.008072056,1.9606469,1.9930623,0.0068453713,1.8302954,1.8628085,0.006942949
-0.02014821767807007,0.011137488304595945,1.6107541091740132,-0.042640863120300465,down,high_vol,mild_dd,-0.0,0.0,0.0,-0.015925648,-0.01570844,0.00021720647,2.3451743,2.3536463,0.00847206,2.2754583,2.28308,0.007621882,2.3164792,2.324394,0.007914689
0.03503525257110596,0.006948475962514882,0.4671054031699896,-0.019026957635875807,up,low_vol,mid_dd,-0.035035253,0.0,0.0,-0.02493704,0.010348338,0.00025012612,0.8403916,0.8832228,0.0077960035,0.7676188,0.8101785,0.007524493,0.007818408,0.050038725,0.0071850643
-0.022924423217773438,0.010485566877476961,0.8359357863664627,-0.04894668021484472,down,mid_vol,mild_dd,-0.0,0.0,0.0,-0.012705284,-0.012497557,0.00020772648,2.0590916,2.0663333,0.007241842,1.7057498,1.7118337,0.006083928,2.008398,2.0154917,0.00709365
-0.0303574800491333,0.01028798048163375,0.7548819549381733,-0.06022986428970556,down,mid_vol,mild_dd,-0.0,0.0,0.0,-0.005004089,-0.0047685253,0.00023556352,1.9693605,1.9758422,0.006481762,1.9957777,2.0011182,0.0053404756,1.925927,1.93233,0.0064029414
-0.05371206998825073,0.013404028417010204,1.0366278015077115,-0.06784734303699835,down,high_vol,mild_dd,-0.0,0.0,0.0,-0.015886439,-0.01567393,0.00021250919,2.9603267,2.9685206,0.008193852,3.0024443,3.0094824,0.007038234,2.9626155,2.9696116,0.006996226
0.062256693840026855,0.009643419730652707,0.9173488445580006,-0.022583718202055625,up,mid_vol,mid_dd,-0.062256694,0.0,0.0,-0.039400168,0.023070566,0.0002140398,5.171387,5.2447267,0.011082522,4.9290433,5.0002394,0.008939215,4.8175206,4.8891983,0.009420973
0.01691758632659912,0.010496891154437197,1.5393264904618262,-0.03725379028610787,middle,high_vol,mid_dd,-0.016917586,0.0,0.0,-0.023937339,-0.006805927,0.00021382596,0.69982105,0.72188663,0.005147968,0.7505026,0.7716513,0.004231165,0.89723384,0.91925836,0.0051069343
-0.15142548084259033,0.022686070149123754,1.4499769151210784,-0.19819199442278512,down,high_vol,mild_dd,-0.0,0.0,0.0,0.03308517,0.03331092,0.00022574882,0.19752876,0.20196618,0.0044374126,0.31529483,0.32046512,0.005170292,0.3752901,0.3801217,0.0048316238
0.018140196800231934,0.004032395590977272,0.9737668499350548,-0.013311456809520839,middle,mid_vol,deep_dd,-0.018140197,0.0,0.0,-0.025823597,-0.0074750795,0.00020831928,1.128773,1.1540613,0.007148154,1.1978394,1.2231199,0.007140262,1.0717202,1.0978634,0.008003035
-0.0075743794441223145,0.0069602001999528665,0.9329585015773774,-0.02728413102963423,down,mid_vol,mid_dd,-0.0,0.0,0.0,-0.009217378,-0.009003885,0.0002134922,0.07420076,0.078991346,0.004790589,0.025018465,0.03018213,0.005163665,0.11165437,0.11658059,0.004926222
-0.04348182678222656,0.01152728283731653,0.5676712974905967,-0.04914981126785278,down,low_vol,mild_dd,-0.0,0.0,0.0,-0.0033000424,-0.0030894221,0.0002106203,0.8850518,0.8931248,0.008073055,1.0643599,1.0718743,0.0075144153,1.070261,1.0788959,0.008634901
-0.034823834896087646,0.014599504241785953,0.7827355928719044,-0.04284926108980036,down,mid_vol,mild_dd,-0.0,0.0,0.0,0.007846641,0.008068381,0.00022173971,1.2474059,1.2541684,0.006762557,1.2846591,1.2912285,0.0065694023,1.2256029,1.2324219,0.0068190563
0.005117654800415039,0.007433290085994675,0.6708809994161129,-0.016250669956207275,middle,low_vol,deep_dd,-0.005117655,0.0,0.0,-0.021695137,-0.016346935,0.00023054697,2.3105235,2.325874,0.010232985,2.4150279,2.4285626,0.008417136,2.5388987,2.5532641,0.009247856
0.0022960901260375977,0.006394020989281684,0.9269466497004032,-0.033652663230895996,middle,mid_vol,mid_dd,-0.0022960901,0.0,0.0,-0.008303269,-0.0057966504,0.00021052794,2.9565327,2.9674952,0.008666198,2.84681,2.857416,0.008309684,2.753905,2.7647715,0.008570374
-0.017701327800750732,0.014206386346950725,2.0283865563571455,-0.06320067962940634,down,high_vol,mild_dd,-0.0,0.0,0.0,0.021303546,0.0215079,0.00020435471,1.082096,1.0872506,0.0051545934,1.5935034,1.5971961,0.0036927923,1.259706,1.2641343,0.0044282526
-0.062325239181518555,0.01524488900961905,1.3141811475157739,-0.09801512447460126,down,high_vol,mild_dd,-0.0,0.0,0.0,-0.003574288,-0.0033408094,0.00023347868,1.7713873,1.7770824,0.005695102,1.8519406,1.8573177,0.005377017,1.8254638,1.8307549,0.005291095
0.02569890022277832,0.009126732929723835,0.39528499618172647,-0.02934509515762329,middle,low_vol,mid_dd,-0.0256989,0.0,0.0,-0.04920207,-0.02327155,0.00023162138,0.7751953,0.80624706,0.0053528524,0.9487587,0.98000014,0.005542519,0.84607875,0.87752676,0.0057491222
0.020705342292785645,0.0024034726277749495,0.7426452487707138,-0.004956642514917009,middle,low_vol,deep_dd,-0.020705342,0.0,0.0,-0.017552504,0.0033701165,0.00021727869,4.4755425,4.5049057,0.00865796,4.3219647,4.349789,0.0071191755,4.433573,4.461509,0.0072311605
0.026949405670166016,0.01262859308751253,0.6552963934838771,-0.05606416051682939,up,low_vol,mild_dd,-0.026949406,0.0,0.0,-0.02226739,0.004900024,0.00021800812,1.6867162,1.721679,0.008013367,1.9392362,1.973482,0.0072963918,1.9181107,1.953104,0.008043893
0.04544997215270996,0.007192285017744365,0.7480730548501014,-0.019036944851557935,up,mid_vol,mid_dd,-0.045449972,0.0,0.0,-0.04751536,-0.0018430306,0.00022235696,1.6459247,1.70136,0.009985269,0.7643436,0.81809074,0.008297136,1.712891,1.768417,0.010076041
-0.08746635913848877,0.013934887084992183,0.9868751928210259,-0.11579920918593645,down,mid_vol,mild_dd,-0.0,0.0,0.0,-0.008072018,-0.007854212,0.00021780538,3.245855,3.2544885,0.008633413,2.6070495,2.613852,0.0068024956,3.193549,3.2012916,0.0077425377
-0.030244648456573486,0.010138742443797049,0.40812099650502204,-0.04658174514770508,down,low_vol,mild_dd,-0.0,0.0,0.0,-0.0069993157,-0.0067924233,0.00020689251,0.068589106,0.07252008,0.0039309734,0.015424251,0.017235756,0.0018115056,0.104139246,0.10821089,0.0040716445
0.24723827838897705,0.025745842907629976,1.217989544570446,-0.04028521413634378,up,high_vol,mid_dd,-0.24723828,0.0,0.0,-0.24363558,0.0038237972,0.0002210995,0.21236265,0.4682215,0.008620557,0.28475562,0.5401748,0.008180893,0.44587612,0.7020999,0.008985506
0.016905546188354492,0.007574489347111756,0.3686467528343201,-0.027282654240257997,middle,low_vol,mid_dd,-0.016905546,0.0,0.0,-0.009466699,0.0076697287,0.00023088125,0.6114673,0.63331753,0.004944701,0.47235954,0.4938896,0.004624516,0.6610535,0.6830286,0.0050695566
-0.09032052755355835,0.01236651158843889,1.0445987552404403,-0.09287118911743164,down,high_vol,mild_dd,-0.0,0.0,0.0,-0.015525234,-0.015315179,0.00021005531,1.5668786,1.5741956,0.007317099,1.1743869,1.1806089,0.0062220446,1.2169296,1.2236478,0.006718325
0.05623149871826172,0.00811549060002351,1.686764132976532,-0.019968551359282216,up,high_vol,mid_dd,-0.0562315,0.0,0.0,-0.044097673,0.012345102,0.00021127492,2.0606554,2.123611,0.0067241,1.7101063,1.7724972,0.0061594024,2.8642876,2.9272068,0.006687698
0.011433601379394531,0.0050885007869822235,1.3818876996636391,-0.018643362917079687,middle,high_vol,deep_dd,-0.011433601,0.0,0.0,-0.012837948,-0.0011937818,0.0002105649,0.17081088,0.18587846,0.003633976,0.17371042,0.18832935,0.003185328,0.1044838,0.119248495,0.0033310973
0.12127602100372314,0.02539659780660634,1.3686760917305947,-0.041915537727130636,up,high_vol,mild_dd,-0.12127602,0.0,0.0,-0.0901879,0.03130598,0.00021786174,1.1801649,1.3103924,0.008951428,1.3419051,1.4719708,0.0087896455,1.1789058,1.3096163,0.009434447
0.060527682304382324,0.008550193615123243,0.6971645966172219,-0.01761561632156372,up,low_vol,deep_dd,-0.060527682,0.0,0.0,-0.078226805,-0.017489469,0.0002096502,1.7115357,1.7793564,0.007293013,1.5175647,1.5849776,0.0068853423,1.622223,1.6900963,0.007345615
0.029922962188720703,0.00961980011133619,1.2401460967957973,-0.036733837818017645,up,high_vol,mid_dd,-0.029922962,0.0,0.0,-0.025777131,0.0043948544,0.00024902396,1.0872555,1.1253966,0.008218202,1.1333628,1.170438,0.0071523753,1.1362014,1.1732497,0.007125325
0.0461125373840332,0.01492233377945686,2.4356097668409347,-0.03959616448857828,up,high_vol,mid_dd,-0.046112537,0.0,0.0,-0.04583283,0.0004903941,0.0002106865,2.0217445,2.0764527,0.008595806,2.175579,2.2303371,0.0086455485,2.3187687,2.3741937,0.009312421
0.018715977668762207,0.010108933642176354,0.9721670478582383,-0.04037702057181469,middle,mid_vol,mid_dd,-0.018715978,0.0,0.0,-0.004302141,0.014616709,0.00020287214,1.2583681,1.2814288,0.004344708,1.229133,1.2521101,0.0042611635,1.2159398,1.2394061,0.004750407
0.016686677932739258,0.003690898449025915,0.5631923504173756,-0.010531736014175785,middle,low_vol,deep_dd,-0.016686678,0.0,0.0,-0.015324014,0.0015840824,0.00022141878,1.6024914,1.6260773,0.006899198,3.534189,3.5595803,0.008704621,3.5880227,3.6143892,0.0096798455
0.003156304359436035,0.008725004561077013,0.5062233000993729,-0.0387724900428581,middle,low_vol,mid_dd,-0.0031563044,0.0,0.0,0.002133396,0.005551296,0.00026159539,0.67482716,0.6840418,0.0060583646,0.72385687,0.73296887,0.005955709,0.5706273,0.57941896,0.0056353686
0.046291232109069824,0.0068930571077398285,1.820713296532631,-0.014583312760410139,up,high_vol,deep_dd,-0.046291232,0.0,0.0,-0.045530364,0.0009706982,0.00020982954,-0.13491888,-0.08540082,0.0032268341,0.08705444,0.13600652,0.002660847,-0.018911924,0.030309146,0.0029298388
-0.1227303147315979,0.029772682635572898,0.6514912486076355,-0.16562638255656992,down,low_vol,mild_dd,-0.0,0.0,0.0,0.00031324016,0.0005298433,0.00021660315,1.6816504,1.6911805,0.009530091,1.7317287,1.7408334,0.009104724,1.788683,1.7976801,0.008997115
0.005904674530029297,0.0061075490337360525,1.2334848433732986,-0.02228264007786296,middle,high_vol,mid_dd,-0.0059046745,0.0,0.0,-0.0018202945,0.0043015606,0.00021718054,2.2800345,2.2917776,0.0058383234,2.4451888,2.4566798,0.005586268,2.1563723,2.1688313,0.0065542525
-0.016357481479644775,0.007915030203497249,0.782854100316763,-0.026849295814073693,down,mid_vol,mid_dd,-0.0,0.0,0.0,-0.001994352,-0.0017666838,0.00022766826,4.1060753,4.116915,0.010840065,3.5764601,3.584471,0.008010836,3.3111477,3.3205209,0.009373084
-0.02250903844833374,0.010638208048445485,1.3166145533323288,-0.0405970195970935,down,high_vol,mid_dd,-0.0,0.0,0.0,-0.0010551566,-0.0008458036,0.00020935303,1.0566112,1.0633059,0.0066947094,1.0046023,1.0098668,0.0052645328,1.0265205,1.0321026,0.0055821
0.022528529167175293,0.010276824246304557,0.5433843068778514,-0.05273592472076416,middle,low_vol,mild_dd,-0.02252853,0.0,0.0,-0.043622557,-0.020819582,0.00027444444,1.69244,1.7233672,0.0083986465,1.4405309,1.4695919,0.006532465,0.9645242,0.99352926,0.006476522
0.012910127639770508,0.004082464616165878,0.46359615251421926,-0.01336670483481095,middle,low_vol,deep_dd,-0.012910128,0.0,0.0,-0.013607066,-0.0004446588,0.00025227983,0.52967894,0.5485343,0.0059452318,0.60188437,0.6200363,0.005241832,0.7487076,0.76790065,0.0062829456
-0.007259249687194824,0.005779966887550348,0.43838920146226884,-0.02441698196625619,down,low_vol,mid_dd,-0.0,0.0,0.0,-0.0011667584,-0.0009517249,0.00021503346,0.3337464,0.33703557,0.0032891587,0.30061266,0.30361181,0.0029991644,0.3653203,0.36993527,0.0046149925
-0.007434964179992676,0.013269394688493799,0.8604536473751068,-0.06358170028238519,down,mid_vol,mild_dd,-0.0,0.0,0.0,-0.000121201054,9.278642e-05,0.00021398747,1.3908086,1.3998569,0.009048335,1.4009638,1.4095949,0.008631061,1.1505741,1.159385,0.008810837
0.0299149751663208,0.003251792311136882,1.3748374044895173,-0.009054098216642936,up,high_vol,deep_dd,-0.029914975,0.0,0.0,-0.023685332,0.006445939,0.0002162963,2.050753,2.0895905,0.008922649,2.9910474,3.0290709,0.008108621,2.7710788,2.8091016,0.008107905
0.01571822166442871,0.006106602714645875,1.8357932157814503,-0.018136654222491222,middle,high_vol,deep_dd,-0.015718222,0.0,0.0,-0.018461956,-0.00252105,0.00022268471,1.3518617,1.374141,0.0065610292,1.2472034,1.2690974,0.006175845,1.2220587,1.2445985,0.006821674
0.030060887336730957,0.004302688441272313,0.5944913074374198,-0.010989866583739571,up,low_vol,deep_dd,-0.030060887,0.0,0.0,-0.028481737,0.0017876006,0.0002084509,0.012027636,0.048198458,0.0061099343,0.018374404,0.054209143,0.005773851,0.11375754,0.14963149,0.005813058
-0.003921926021575928,0.005145228671650947,1.5953052058815955,-0.023268836746946242,down,high_vol,mid_dd,-0.0,0.0,0.0,0.0010650739,0.001276591,0.00021151708,3.5352416,3.5466194,0.011377735,3.5602672,3.5696146,0.009347321,3.327971,3.337437,0.009465835
-0.014948487281799316,0.006853515039517591,1.4437415964901448,-0.03673385693199349,down,high_vol,mid_dd,-0.0,0.0,0.0,-0.0041101705,-0.0038608338,0.00024933688,2.083871,2.0926473,0.00877652,2.2836509,2.2911527,0.0075018853,2.5569787,2.565054,0.008075347
0.013112664222717285,0.006334931250888541,0.8079366460442543,-0.01930527906708568,middle,mid_vol,mid_dd,-0.013112664,0.0,0.0,-0.014060911,-0.0007325525,0.00021569397,0.8599948,0.88124347,0.008135956,0.9698368,0.99042,0.0074705747,0.6669114,0.6878007,0.0077766473
-0.0328025221824646,0.010136088124902565,1.0450578592717648,-0.06996341789853322,down,high_vol,mild_dd,-0.0,0.0,0.0,-0.011636995,-0.011416273,0.0002207219,3.7697809,3.7789445,0.009163699,3.3234649,3.3292408,0.005775876,3.442373,3.4484584,0.006085457
-0.03850167989730835,0.013290827535116656,0.8726806536316871,-0.08397746548640506,down,mid_vol,mild_dd,-0.0,0.0,0.0,0.002823438,0.00304055,0.00021711204,1.3991517,1.4060879,0.0069361576,0.9717317,0.9782186,0.006486878,1.0473325,1.0539478,0.0066153
0.01053476333618164,0.003427549559836294,1.070503743737936,-0.010586198652597245,middle,high_vol,deep_dd,-0.010534763,0.0,0.0,-0.008099613,0.0026531164,0.00021796615,2.7159495,2.7347705,0.008286273,2.695581,2.7132857,0.0071699535,2.6272287,2.644945,0.0071813525
0.02888357639312744,0.005281359176576173,1.3153454944491387,-0.008906452705380152,up,high_vol,deep_dd,-0.028883576,0.0,0.0,-0.027344173,0.0017415253,0.00020212182,0.47525975,0.50783473,0.0036914046,0.23086067,0.26297688,0.0032326414,0.34211808,0.37521398,0.004212311
0.016397833824157715,0.004837872727400294,0.48349250517785547,-0.015128028466182664,middle,low_vol,deep_dd,-0.016397834,0.0,0.0,-0.014975486,0.0016721117,0.00024976354,2.2237077,2.2491603,0.009054736,2.9375494,2.9618046,0.0078575155,2.9001436,2.924005,0.0074634952
0.008651375770568848,0.01775098333772024,1.0853032022714615,-0.05884343385696411,middle,high_vol,mild_dd,-0.008651376,0.0,0.0,-0.0145550305,-0.005695049,0.00020860565,1.7581648,1.7746456,0.00782945,2.300317,2.3170266,0.008058311,1.863949,1.8807256,0.008125285
-0.012047052383422852,0.0083889994960892,0.5351936012506485,-0.03877246623909181,down,low_vol,mid_dd,-0.0,0.0,0.0,-0.004578688,-0.0043151476,0.00026354066,1.5865548,1.5937337,0.0071789147,1.09261,1.0983567,0.005746761,1.2159108,1.2217748,0.0058640605
0.011165857315063477,0.007470695638695683,0.781935054063797,-0.02873631592416781,middle,mid_vol,mid_dd,-0.011165857,0.0,0.0,-0.0063488814,0.005020944,0.00020396801,0.30332467,0.31961495,0.005124434,0.5804199,0.5973432,0.0057574674,0.46910203,0.48672497,0.006457083
-0.03636038303375244,0.01717255400036431,1.546444645524025,-0.08609431982040405,down,high_vol,mild_dd,-0.0,0.0,0.0,-0.001002102,-0.00079051376,0.00021158824,2.1437442,2.150388,0.00664372,1.4132634,1.4195263,0.0062629106,1.9570937,1.9626856,0.0055919252
-0.03925853967666626,0.014151110947808944,0.4709996499121189,-0.04541206359863281,down,low_vol,mild_dd,-0.0,0.0,0.0,-0.04591041,-0.045685418,0.00022499352,2.2681143,2.276546,0.008431784,2.0999017,2.1069474,0.00704564,2.3820605,2.3899975,0.007936987
-0.023429274559020996,0.008118704389157683,0.787985797971487,-0.026849192514788567,down,mid_vol,mid_dd,-0.0,0.0,0.0,0.0012050986,0.0014335519,0.00022845331,4.283514,4.294421,0.01090741,4.069408,4.077632,0.00822399,2.8623533,2.871347,0.00899365
-0.05498194694519043,0.012352019140724054,1.4325220376253127,-0.06720185124411937,down,high_vol,mild_dd,-0.0,0.0,0.0,0.002547552,0.0027661647,0.00021861268,1.2710749,1.2775072,0.006432298,1.1825417,1.1886133,0.0060715787,1.2988378,1.3045131,0.005675322
0.05488288402557373,0.018163091351812072,3.0415092438459395,-0.06989494825403209,up,high_vol,mild_dd,-0.054882884,0.0,0.0,-0.050634716,0.00445574,0.00020757275,-0.6030919,-0.54101324,0.007195777,0.80150527,0.86386234,0.0074741705,0.04410695,0.10675291,0.0077630756
-0.0073729753494262695,0.009024162651789434,0.684883401542902,-0.04330790042877197,down,low_vol,mild_dd,-0.0,0.0,0.0,-2.1746862e-05,0.00019686545,0.00021861232,1.4883798,1.4952669,0.0068870448,1.3840774,1.3900832,0.006005781,1.283443,1.2894653,0.00602228
0.0541079044342041,0.004407685073283101,0.6681458495557309,-0.004377155120655396,up,low_vol,deep_dd,-0.054107904,0.0,0.0,-0.04761064,0.0067096665,0.00021240106,0.7783364,0.8386209,0.006176587,0.7392297,0.799114,0.005776392,0.73066396,0.7906632,0.0058913347
0.03926968574523926,0.007026721924918046,0.7423621982336044,-0.0212288498878479,up,low_vol,mid_dd,-0.039269686,0.0,0.0,-0.041703954,-0.002219673,0.00021459373,0.8416147,0.88785154,0.0069671026,1.0719845,1.1177894,0.0065352074,0.9934748,1.040394,0.0076495055
-0.023780405521392822,0.0065298766893728925,1.6633956596255302,-0.040817355591251214,down,high_vol,mid_dd,-0.0,0.0,0.0,0.0057305526,0.005941251,0.0002106983,3.2641296,3.2741647,0.010034967,3.374134,3.3824856,0.00835162,2.8084807,2.8169048,0.008424091
0.0075806379318237305,0.003762840259625493,1.1201128017157316,-0.010586204608413308,middle,high_vol,deep_dd,-0.007580638,0.0,0.0,-0.0024379853,0.0053834505,0.00024079783,3.65113,3.6670818,0.008370999,3.788153,3.802991,0.0072572078,3.7868545,3.801958,0.007522883
-0.023199021816253662,0.01311785277985645,0.8059418007731438,-0.06971839070545971,down,mid_vol,mild_dd,-0.0,0.0,0.0,0.0020269256,0.002249632,0.00022270653,1.0374534,1.0445184,0.0070649437,0.71684545,0.7230107,0.006165292,0.522328,0.5285927,0.0062646708
-0.0011369585990905762,0.005005364633638247,1.580555861443281,-0.018136684030207628,middle,high_vol,deep_dd,-0.0,0.0,0.0,-0.002338857,-0.0021165796,0.0002222774,2.4775171,2.4867005,0.009183475,2.1601043,2.168473,0.008368649,1.2494425,1.2578899,0.008447426
-0.021384119987487793,0.013102299423770367,0.8682721972465515,-0.06358168381175244,down,mid_vol,mild_dd,-0.0,0.0,0.0,-0.0048494264,-0.0046351124,0.00021431432,1.6020404,1.611761,0.009720577,1.4893354,1.4984246,0.00908929,1.6160506,1.6256987,0.0096480325
-0.01648324728012085,0.013574163947742888,0.9838536560535431,-0.042382814200245256,down,mid_vol,mild_dd,-0.0,0.0,0.0,-0.03053615,-0.030327449,0.00020870284,1.5226696,1.5317203,0.009050715,2.075557,2.0834277,0.007870611,2.058922,2.0671988,0.008276743
0.03218257427215576,0.006591864210742457,0.24593119882047176,-0.012434777001129937,up,low_vol,deep_dd,-0.032182574,0.0,0.0,-0.029184213,0.0032222408,0.00022387925,0.3710472,0.4053681,0.0021383096,0.4231455,0.45749596,0.002167875,0.5037618,0.5386786,0.0027341624
-0.0009658932685852051,0.00711270502788301,1.1265684381127357,-0.02125387582943994,middle,high_vol,mid_dd,-0.0,0.0,0.0,-0.0012230978,-0.0010050203,0.00021807748,4.424002,4.433818,0.009815593,5.612951,5.6217475,0.008796604,5.4277167,5.4360504,0.008333786
-0.0007218718528747559,0.008350003986205818,0.5082917958498001,-0.039019520825636866,middle,low_vol,mid_dd,-0.0,0.0,0.0,0.0066011646,0.006833316,0.00023215124,0.49572322,0.5028242,0.00710096,0.6266786,0.6330282,0.006349653,0.12812732,0.13544649,0.0073191687
0.0009284019470214844,0.011270275459709867,0.5892826475203037,-0.04724708328316751,middle,low_vol,mild_dd,-0.00092840195,0.0,0.0,0.004563344,0.005710136,0.00021838995,0.9695108,0.9776701,0.007230859,0.87106556,0.878926,0.006932005,0.9147089,0.92311573,0.007478393
0.024269819259643555,0.004776008557732375,0.4695856966078281,-0.011785309912556885,middle,low_vol,deep_dd,-0.02426982,0.0,0.0,-0.028059037,-0.003567381,0.00022183819,0.8132559,0.84465116,0.00712542,0.77877957,0.8095019,0.0064525073,1.0803587,1.1111004,0.0064718416
-0.028033435344696045,0.010323934903915494,0.9502915017306804,-0.07181941481127319,down,mid_vol,mild_dd,-0.0,0.0,0.0,0.0044576656,0.004678574,0.00022090843,4.8921933,4.90261,0.010416629,4.695489,4.7045045,0.009015582,4.487572,4.49652,0.008947746
0.007860183715820312,0.003153176415910388,1.3954222604632378,-0.007078675464966766,middle,high_vol,deep_dd,-0.007860184,0.0,0.0,-0.007840677,0.00023471375,0.00021520701,0.70891505,0.72249943,0.005724172,0.7641506,0.77723384,0.0052230465,0.87986153,0.8930192,0.005297467
-0.18486106395721436,0.021203705585024605,1.2745381027460099,-0.18628031015396118,down,high_vol,mild_dd,-0.0,0.0,0.0,-0.02224531,-0.022013288,0.0002320226,0.7813893,0.7859222,0.004532921,0.8228554,0.82900435,0.0061489055,0.79478276,0.80014,0.0053572585
-0.0389178991317749,0.008559169884152775,0.7466028437018395,-0.05876421475257965,down,mid_vol,mild_dd,-0.0,0.0,0.0,-0.013133805,-0.012910219,0.00022358647,0.27020338,0.27641284,0.006209454,0.035549838,0.040734094,0.005184254,0.08597257,0.09173244,0.0057598753
-0.017978131771087646,0.00613071410527464,0.41815409883856774,-0.027282597026957456,down,low_vol,mid_dd,-0.0,0.0,0.0,0.00028189877,0.00050924905,0.00022735029,1.0530766,1.0590174,0.0059407563,1.44761,1.4530313,0.0054212427,1.5529082,1.5595416,0.0066333916
0.06738090515136719,0.010280216542383489,0.716540202498436,-0.024742716441381485,up,low_vol,mid_dd,-0.067380905,0.0,0.0,-0.060278594,0.007310348,0.00020804067,1.3931365,1.4678288,0.0073112855,1.3017035,1.3758289,0.0067444956,1.3804717,1.4555281,0.007675569
0.04656529426574707,0.018108285229420807,1.019750741124153,-0.06734061241149902,up,high_vol,mild_dd,-0.046565294,0.0,0.0,-0.06369824,-0.016910927,0.0002220199,3.440772,3.4975314,0.010193996,3.1170225,3.1730478,0.00945995,3.361818,3.418602,0.010218718
0.10531914234161377,0.00970650011112872,0.7522199049592018,-0.013510480947337533,up,mid_vol,deep_dd,-0.10531914,0.0,0.0,-0.072315864,0.033214185,0.0002109035,1.7944934,1.9082608,0.008448261,1.890297,2.0020514,0.0064351982,1.9639728,2.076943,0.0076509435
0.027093887329101562,0.01043805886735345,1.2158536911010742,-0.03725390334822065,up,high_vol,mid_dd,-0.027093887,0.0,0.0,-0.030834846,-0.0035269926,0.00021396646,0.8070777,0.84050953,0.0063379286,0.8295675,0.8620721,0.005410704,0.8521372,0.8853202,0.0060890983
-0.023912429809570312,0.010822097757111933,0.7180055029690265,-0.05234262882271579,down,low_vol,mild_dd,-0.0,0.0,0.0,-0.0049001235,-0.0046694567,0.00023066674,0.9844602,0.9932188,0.008758628,0.9773199,0.98537654,0.008056648,1.1420851,1.1492087,0.00712356
-0.08044958114624023,0.018043803060439647,0.9251768961548805,-0.1259110959456815,down,mid_vol,mild_dd,-0.0,0.0,0.0,0.00932413,0.009537612,0.00021348287,0.56136346,0.5670165,0.0056530386,0.6647394,0.6675373,0.0027978926,0.63478565,0.63751036,0.0027246852
-0.01726210117340088,0.01711259922424949,0.6735403537750244,-0.043562792078181145,down,low_vol,mild_dd,-0.0,0.0,0.0,-0.0046852436,-0.004360246,0.00032499767,0.27280003,0.27798134,0.0051813014,0.44860828,0.45352995,0.0049216677,0.5283018,0.53376114,0.005459382
0.00015151500701904297,0.007392318248255742,1.0732250913977623,-0.03203100591311825,middle,high_vol,mid_dd,-0.000151515,0.0,0.0,-0.011619482,-0.011257968,0.00020999952,5.486109,5.496458,0.010197866,5.4508123,5.4595895,0.008625487,5.560452,5.569644,0.009040293
0.11370742321014404,0.009932785207128238,1.8178619280457498,-0.019968658593828126,up,high_vol,mid_dd,-0.11370742,0.0,0.0,-0.10269315,0.011221476,0.00020720338,1.9614604,2.081715,0.006547368,3.4968994,3.6177285,0.007121785,3.7758284,3.898483,0.008947279
-0.027510464191436768,0.011741485839384459,0.9662487715482712,-0.06659650802612305,down,mid_vol,mild_dd,-0.0,0.0,0.0,-0.01767319,-0.017395118,0.0002780722,0.8019652,0.80766004,0.0056948643,0.5226546,0.52752864,0.004874028,0.32771778,0.3325098,0.004791999
-0.044702112674713135,0.011813662038221854,1.0094793982803822,-0.061001314076073676,down,high_vol,mild_dd,-0.0,0.0,0.0,-0.013431377,-0.013186434,0.00024494267,0.44438997,0.45261443,0.008224468,0.53777736,0.5456635,0.0078861145,1.0804117,1.0889032,0.008491536
0.01431262493133545,0.0029556014223533758,0.8432398572564125,-0.007078689841127694,middle,mid_vol,deep_dd,-0.014312625,0.0,0.0,-0.016055645,-0.0015278996,0.0002151199,1.2771891,1.299329,0.007827287,1.0060351,1.0274936,0.00714593,1.2316575,1.2532438,0.0072737182
0.031270384788513184,0.00472978877231056,0.37238925099372866,-0.008703977139634,up,low_vol,deep_dd,-0.031270385,0.0,0.0,-0.021083396,0.010417507,0.00023051724,0.12557758,0.16140923,0.0045612548,0.5346436,0.5697569,0.0038429736,0.41496295,0.45000663,0.0037733146
-0.003929018974304199,0.006428912195460626,1.408117950707674,-0.02619796026753407,down,high_vol,mid_dd,-0.0,0.0,0.0,0.001072367,0.001322639,0.00025027202,1.3535783,1.3623159,0.008737572,1.7394267,1.7470919,0.007665148,1.621553,1.6292282,0.007675281
0.0026464462280273438,0.009663286287481612,0.7633995428681374,-0.058764248240228856,middle,mid_vol,mild_dd,-0.0026464462,0.0,0.0,0.0014153634,0.004282374,0.00022056427,0.046797574,0.0556847,0.006240681,0.122011356,0.13108143,0.0064236303,0.34646317,0.35589853,0.0067889034
0.05693519115447998,0.013491204819105202,0.9366918962448836,-0.028431630123780582,up,mid_vol,mid_dd,-0.05693519,0.0,0.0,-0.03776778,0.01940057,0.00023315923,1.3447784,1.4100275,0.0083138505,1.3689897,1.4331229,0.0071980264,1.353075,1.4173418,0.007331646
0.049510836601257324,0.007490995392060111,0.7547401994466781,-0.013373196125030518,up,mid_vol,deep_dd,-0.049510837,0.0,0.0,-0.062256284,-0.01253191,0.00021353776,2.5873306,2.6468384,0.009997229,2.3605113,2.4181645,0.008142426,2.3323653,2.390133,0.008256653
-0.033549368381500244,0.01114847516292014,1.5117033816874028,-0.03997701406478882,down,high_vol,mid_dd,-0.0,0.0,0.0,-0.006491769,-0.006276444,0.00021532527,1.9509836,1.9582529,0.0072692917,1.8602093,1.8665298,0.006320526,2.2140265,2.220661,0.006634465
0.03545176982879639,0.004543757313879088,0.7443268969655037,-0.0075722411981051785,up,low_vol,deep_dd,-0.03545177,0.0,0.0,-0.031644743,0.0040264754,0.0002194493,3.603082,3.645133,0.0065992353,3.492225,3.5330107,0.005334212,3.6249855,3.666648,0.006210472
0.039376258850097656,0.005317104659578639,1.003945852816105,-0.018218046158226642,up,high_vol,deep_dd,-0.03937626,0.0,0.0,-0.03920211,0.00038788334,0.00021373578,2.0007877,2.0496373,0.009473301,1.5102248,1.5571449,0.0075437874,2.0934627,2.1409752,0.008136345
0.013962030410766602,0.005365150681684235,0.31761315278708935,-0.017740553358106648,middle,low_vol,deep_dd,-0.01396203,0.0,0.0,-0.013843388,0.0003585935,0.00023995164,0.9870757,1.0054138,0.004376053,0.96142745,0.9794162,0.004026728,0.9961593,1.0146,0.0044786874
0.018537163734436035,0.005342256829507575,1.2822231940925122,-0.018643398064456362,middle,high_vol,deep_dd,-0.018537164,0.0,0.0,-0.013180601,0.005567723,0.00021116108,1.0916142,1.1164318,0.0062804176,0.95360297,0.9776084,0.005468227,0.5985352,0.6228713,0.0057989424
0.008898735046386719,0.011982854477728507,0.6321825988590717,-0.04724701364642503,middle,low_vol,mild_dd,-0.008898735,0.0,0.0,0.007017632,0.016128555,0.00021218791,1.2420262,1.2587944,0.007869522,1.5702937,1.5866941,0.0075016962,1.4160359,1.4333284,0.008393737
0.06615161895751953,0.01089482464979506,1.1069937445223332,-0.017676711082458496,up,high_vol,deep_dd,-0.06615162,0.0,0.0,-0.07967927,-0.013274348,0.00025330496,3.8565423,3.935206,0.012511917,3.8478062,3.9241645,0.010206704,3.6676211,3.743611,0.00983842
0.020587801933288574,0.004483951052327261,1.0562900014221668,-0.012036182293994946,middle,high_vol,deep_dd,-0.020587802,0.0,0.0,-0.020442411,0.00036138622,0.00021599572,2.2219293,2.2520256,0.009508318,3.4156346,3.4458148,0.009592506,2.7146504,2.74508,0.009841612
0.04980802536010742,0.00902268619208462,0.5404264561831951,-0.03356856107711792,up,low_vol,mid_dd,-0.049808025,0.0,0.0,-0.0626334,-0.012552187,0.00027319175,1.6747793,1.7334765,0.008889167,1.464257,1.5209436,0.0068786354,0.8650123,0.9215182,0.0066978633
-0.008676230907440186,0.005472378857901019,0.40989945009350776,-0.027282577012809006,down,low_vol,mid_dd,-0.0,0.0,0.0,0.004198466,0.0044224313,0.0002239656,0.57907194,0.58504504,0.0059730853,0.63497823,0.6401186,0.005140372,0.6924583,0.69811875,0.0056604757
0.05188000202178955,0.018023185353295525,0.804858448728919,-0.028431632996239076,up,mid_vol,mid_dd,-0.051880002,0.0,0.0,-0.06728579,-0.0151612945,0.00024449543,0.8204264,0.88150334,0.009196921,0.71147364,0.7707045,0.0073508723,0.7831814,0.8428755,0.007814039
0.0005990266799926758,0.003617812614743792,0.7866096511483193,-0.015997312418496668,middle,mid_vol,deep_dd,-0.0005990267,0.0,0.0,0.0013390192,0.0021630712,0.00022502537,2.1637354,2.1731272,0.008792768,1.7806846,1.7907293,0.009445708,2.0045803,2.014856,0.009676613
-0.015303373336791992,0.006109249439005446,1.764498173072934,-0.027152972347513793,down,high_vol,mid_dd,-0.0,0.0,0.0,-0.00088254176,-0.0006489502,0.00023359155,4.9582424,4.9681454,0.009903032,4.0141034,4.022041,0.007937266,4.7109656,4.7195272,0.00856175
0.019402146339416504,0.005806584078401218,0.31893770173192026,-0.029130119495430984,middle,low_vol,mid_dd,-0.019402146,0.0,0.0,-0.019534187,0.00010996013,0.00024200123,0.40968522,0.433568,0.004480637,0.67409855,0.6976536,0.0041529,0.7022423,0.72630674,0.0046622586
0.012535452842712402,0.00643770838039543,0.7049865517765284,-0.02954361280982498,middle,low_vol,mid_dd,-0.012535453,0.0,0.0,0.0027549837,0.015593724,0.0003032878,1.8752447,1.895493,0.007712847,1.8835082,1.9030826,0.007039002,1.8590299,1.8787689,0.0072035575
0.027141451835632324,0.011615895874476818,0.8303133480250835,-0.060795282308270804,up,mid_vol,mild_dd,-0.027141452,0.0,0.0,-0.012613662,0.014785219,0.00025742908,1.8576156,1.8959568,0.011199741,1.501936,1.5375347,0.008457249,1.7660047,1.8032609,0.010114776
-0.005871593952178955,0.005779218311537896,0.4414757013320923,-0.02441704010234047,down,low_vol,mid_dd,-0.0,0.0,0.0,0.0069619226,0.0071762577,0.00021433484,0.61930954,0.62275475,0.0034452335,0.48904014,0.49182662,0.0027864985,0.6181956,0.622488,0.004292442
-0.01535099744796753,0.005833371638798851,1.29219132065773,-0.03737931065292166,down,high_vol,mid_dd,-0.0,0.0,0.0,0.00060640124,0.000817076,0.00021067476,0.42222074,0.42575404,0.0035333012,0.39985624,0.40323883,0.0033826013,0.41601995,0.41950783,0.003487873
-0.015435576438903809,0.006856529786563326,0.4254966974258423,-0.024036532788342946,down,low_vol,mid_dd,-0.0,0.0,0.0,-0.00018670736,5.7697267e-05,0.00024440463,0.8094743,0.8155544,0.0060801045,0.9771281,0.98254365,0.0054155784,0.63543814,0.6408124,0.005374263
0.03604912757873535,0.010110662680961092,1.058209240436554,-0.03725381562587626,up,high_vol,mid_dd,-0.036049128,0.0,0.0,-0.022453118,0.013809905,0.00021389412,0.62802255,0.66985184,0.005780156,0.5935019,0.6347214,0.005170331,0.545431,0.5875043,0.006024177
-0.008285701274871826,0.020228821351974336,1.0300256550312041,-0.09229481820245244,down,high_vol,mild_dd,-0.0,0.0,0.0,0.030115101,0.030321473,0.0002063725,1.2772092,1.2852901,0.008080915,1.813967,1.8214035,0.0074365414,1.4295292,1.4363371,0.006807911
0.030919790267944336,0.00963192407119447,1.2517948471009732,-0.036733753651079115,up,high_vol,mid_dd,-0.03091979,0.0,0.0,-0.027166551,0.004008448,0.00025520887,1.0008847,1.0400805,0.008276129,1.0086045,1.0463831,0.0068588443,0.95579404,0.99385124,0.0071374276
0.011023640632629395,0.007383408864857016,1.316868183761835,-0.019983892165240436,middle,high_vol,mid_dd,-0.011023641,0.0,0.0,-0.012870228,-0.0016305947,0.00021599204,5.2712865,5.292625,0.010314878,5.488724,5.5087934,0.0090457965,5.649714,5.670415,0.009677589
0.04554545879364014,0.0060976227556544796,0.9428791508078576,-0.013857203307317989,up,mid_vol,deep_dd,-0.04554546,0.0,0.0,-0.046347503,-0.0005898726,0.00021216938,0.56426626,0.61573297,0.005921247,0.40439823,0.4548368,0.0048930985,0.8960241,0.9478223,0.0062527345
0.025064945220947266,0.010653927565773396,0.8567367553710937,-0.041884745892440955,middle,mid_vol,mild_dd,-0.025064945,0.0,0.0,-0.033588357,-0.008287903,0.00023550892,1.6157253,1.6513261,0.010535886,1.8697283,1.9039823,0.009189001,1.9304837,1.9650007,0.009452134
0.006868600845336914,0.00391835742947133,0.34550475105643275,-0.010353961754400731,middle,low_vol,deep_dd,-0.006868601,0.0,0.0,-0.010675074,-0.0035860192,0.00022045319,-0.38446262,-0.3751086,0.002485414,-0.2325765,-0.2226173,0.0030906042,0.35311297,0.36393657,0.003955001
-0.003564774990081787,0.016203673774665143,0.7569751985371113,-0.08247618816999791,down,mid_vol,mild_dd,-0.0,0.0,0.0,0.0020044222,0.0022149484,0.00021052611,0.62612724,0.6319219,0.005794627,0.90237635,0.9070316,0.004655241,0.65038514,0.6553115,0.004926395
0.028746604919433594,0.0032933326748112004,0.45225999504327774,-0.005608620733759784,up,low_vol,deep_dd,-0.028746605,0.0,0.0,-0.02333864,0.0056131114,0.00020514558,1.1725208,1.2056434,0.0043761036,0.81572276,0.84708315,0.002613772,1.229581,1.2619405,0.0036128527
