model,split,seed,model_family,gains_mean,gains_std,gains_p01,gains_p05,gains_cvar05,gains_p50,gains_p95,shortfall_prob,payoff_mean,pnl_mean,cost_mean,action_abs_mean,action_abs_max,delta_abs_mean,delta_abs_max,pct_at_any_position_bound,pct_at_upper_position_bound,pct_at_lower_position_bound,pct_paths_touch_any_position_bound,selected_band,baseline_selection_metric,risk_measure,artifact_dir,selected_epoch,selected_score,selection_metric,selected_val_action_abs_mean,selected_val_delta_abs_mean,selected_val_pct_at_any_position_bound,selected_val_pct_paths_touch_any_position_bound,n_paths,n_steps,n_inst,prototype_source,n_prototypes,weighted_similarity,learn_distance_feature_weights,proto_action_norm_mean,proto_action_norm_max
unhedged,train,1234,baseline,-0.027801254764199257,0.03165970742702484,-0.12730738520622253,-0.08868418335914612,-0.11401500552892685,-0.01862126588821411,0.0,0.6656626506024096,-0.027801254764199257,0.0,0.0,0.0,0.0,0.0,0.0,0.0,0.0,0.0,0.0,,,,,,,,,,,,,,,,,,,,
spot_delta,train,1234,baseline,-0.027540218085050583,0.030768075957894325,-0.1195710239559412,-0.08567239157855511,-0.10900130122900009,-0.01974401529878378,0.00541150080971419,0.8433734939759037,-0.027801254764199257,0.0004624662396963686,0.00020142871653661132,0.02506070025265217,0.6374130249023438,0.2577696144580841,0.6374130249023438,0.0,0.0,0.0,0.0,,,,,,,,,,,,,,,,,,,,
spot_delta_band,train,1234,baseline,-0.027540218085050583,0.030768075957894325,-0.1195710239559412,-0.08567239157855511,-0.10900130122900009,-0.01974401529878378,0.00541150080971419,0.8433734939759037,-0.027801254764199257,0.0004624662396963686,0.00020142871653661132,0.02506070025265217,0.6374130249023438,0.2577696144580841,0.6374130249023438,0.0,0.0,0.0,0.0,0.0,gains_mean,,,,,,,,,,,,,,,,,,
unhedged,val,1234,baseline,-0.02913888543844223,0.03237207606434822,-0.12412756681442261,-0.08778160810470581,-0.11768434196710587,-0.020896434783935547,-0.0,0.7300469483568075,-0.02913888543844223,0.0,0.0,0.0,0.0,0.0,0.0,0.0,0.0,0.0,0.0,,,,,,,,,,,,,,,,,,,,
spot_delta,val,1234,baseline,-0.028540946543216705,0.030791427940130234,-0.11428319662809372,-0.08801802806556225,-0.10993579030036926,-0.021591531112790108,0.005109465564601123,0.863849765258216,-0.02913888543844223,0.0008001625537872314,0.00020222700550220907,0.02515173889696598,0.6312080025672913,0.2578669488430023,0.6312080025672913,0.0,0.0,0.0,0.0,,,,,,,,,,,,,,,,,,,,
spot_delta_band,val,1234,baseline,-0.028540946543216705,0.030791427940130234,-0.11428319662809372,-0.08801802806556225,-0.10993579030036926,-0.021591531112790108,0.005109465564601123,0.863849765258216,-0.02913888543844223,0.0008001625537872314,0.00020222700550220907,0.02515173889696598,0.6312080025672913,0.2578669488430023,0.6312080025672913,0.0,0.0,0.0,0.0,0.0,gains_mean,,,,,,,,,,,,,,,,,,
unhedged,test,1234,baseline,-0.028681358322501183,0.03261413425207138,-0.11549923062324524,-0.08832020759582519,-0.11221597343683243,-0.017145752906799316,-0.0,0.6425233644859814,-0.028681358322501183,0.0,0.0,0.0,0.0,0.0,0.0,0.0,0.0,0.0,0.0,,,,,,,,,,,,,,,,,,,,
spot_delta,test,1234,baseline,-0.028760312125086784,0.031708043068647385,-0.11745456151664257,-0.08550730682909488,-0.10976462811231613,-0.019769232720136642,0.007158061978407204,0.8364485981308412,-0.028681358322501183,0.00011368362174835056,0.00019263653666712344,0.02399340458214283,0.6284639835357666,0.2577458918094635,0.6312080025672913,0.0,0.0,0.0,0.0,,,,,,,,,,,,,,,,,,,,
spot_delta_band,test,1234,baseline,-0.028760312125086784,0.031708043068647385,-0.11745456151664257,-0.08550730682909488,-0.10976462811231613,-0.019769232720136642,0.007158061978407204,0.8364485981308412,-0.028681358322501183,0.00011368362174835056,0.00019263653666712344,0.02399340458214283,0.6284639835357666,0.2577458918094635,0.6312080025672913,0.0,0.0,0.0,0.0,0.0,gains_mean,,,,,,,,,,,,,,,,,,
vanilla,train,1234,vanilla,-0.02733350172638893,0.02966609224677086,-0.12164732865989208,-0.08476321585476398,-0.10895448923110962,-0.017915552482008934,-0.00045885071303928366,0.998995983935743,-0.027801254764199257,0.0006599175976589322,0.0001921652292367071,0.023406632244586945,0.052192091941833496,0.23977740108966827,0.9582832455635071,0.0,0.0,0.0,0.0,,,cvar,/Users/yaniszaim/deephedging/.deephedging_real_runs/final_paper_notebook/panel_sweeps/XLK_full_paper_grid_800_step_robust/model_artifacts/seed_1234/risk_cvar/vanilla,262.0,0.10653458793647587,val_loss,0.021945545449852943,0.22014375030994415,0.0,0.0,1992.0,20.0,2.0,,,,,,
vanilla,val,1234,vanilla,-0.028516540303826332,0.030406367033720016,-0.11851440370082855,-0.08394049108028412,-0.11239571124315262,-0.02005735505372286,-0.0005716020095860586,1.0,-0.02913888543844223,0.0008146909531205893,0.0001923469390021637,0.02340669557452202,0.052083492279052734,0.23979361355304718,0.9560218453407288,0.0,0.0,0.0,0.0,,,cvar,/Users/yaniszaim/deephedging/.deephedging_real_runs/final_paper_notebook/panel_sweeps/XLK_full_paper_grid_800_step_robust/model_artifacts/seed_1234/risk_cvar/vanilla,262.0,0.10653458793647587,val_loss,0.021945545449852943,0.22014375030994415,0.0,0.0,426.0,20.0,2.0,,,,,,
vanilla,test,1234,vanilla,-0.028122391551733017,0.03061133623123169,-0.11035550646483898,-0.0843477051705122,-0.10720963031053543,-0.016412360593676567,-0.00032666736515238884,0.9953271028037384,-0.028681358322501183,0.0007509968127124012,0.0001920318609336391,0.023411964997649193,0.052290380001068115,0.2398480325937271,0.9537591934204102,0.0,0.0,0.0,0.0,,,cvar,/Users/yaniszaim/deephedging/.deephedging_real_runs/final_paper_notebook/panel_sweeps/XLK_full_paper_grid_800_step_robust/model_artifacts/seed_1234/risk_cvar/vanilla,262.0,0.10653458793647587,val_loss,0.021945545449852943,0.22014375030994415,0.0,0.0,428.0,20.0,2.0,,,,,,
proto_source=spot_delta_k=10_weighted=0_learnw=0,train,1234,proto,-0.027114171534776688,0.030358072370290756,-0.12330879889428616,-0.0847380194813013,-0.10885443538427353,-0.018613687716424465,0.003803182777483012,0.8549196787148594,-0.027801254764199257,0.0009527626680210233,0.0002656781580299139,0.032015055418014526,0.3259392976760864,0.20047786831855774,0.9083878993988037,0.0,0.0,0.0,0.0,,,cvar,/Users/yaniszaim/deephedging/.deephedging_real_runs/final_paper_notebook/panel_sweeps/XLK_full_paper_grid_800_step_robust/model_artifacts/seed_1234/risk_cvar/proto_source_spot_delta_k_10_weighted_0_learnw_0,89.0,0.10597763887606561,val_loss,0.028719259425997734,0.1264205127954483,0.0,0.0,1992.0,20.0,2.0,spot_delta,10.0,False,False,0.12752948701381683,0.3260759115219116
proto_source=spot_delta_k=10_weighted=0_learnw=0,val,1234,proto,-0.028132589533925056,0.030671538785099983,-0.11898785084486008,-0.08495102822780609,-0.11101462692022324,-0.020790481008589268,0.004075000179000199,0.8755868544600939,-0.02913888543844223,0.001276755123399198,0.00027046073228120804,0.03256388381123543,0.3260018825531006,0.19961868226528168,0.9187073707580566,0.0,0.0,0.0,0.0,,,cvar,/Users/yaniszaim/deephedging/.deephedging_real_runs/final_paper_notebook/panel_sweeps/XLK_full_paper_grid_800_step_robust/model_artifacts/seed_1234/risk_cvar/proto_source_spot_delta_k_10_weighted_0_learnw_0,89.0,0.10597763887606561,val_loss,0.028719259425997734,0.1264205127954483,0.0,0.0,426.0,20.0,2.0,spot_delta,10.0,False,False,0.12752948701381683,0.3260759115219116
proto_source=spot_delta_k=10_weighted=0_learnw=0,test,1234,proto,-0.028176339343190193,0.031222781166434288,-0.1146737913787365,-0.08610420934855938,-0.10715769976377487,-0.016646751202642918,0.0038106362102553236,0.8621495327102804,-0.028681358322501183,0.0007739966968074441,0.00026897829957306385,0.03243035450577736,0.3249688744544983,0.2002059817314148,0.9262873530387878,0.0,0.0,0.0,0.0,,,cvar,/Users/yaniszaim/deephedging/.deephedging_real_runs/final_paper_notebook/panel_sweeps/XLK_full_paper_grid_800_step_robust/model_artifacts/seed_1234/risk_cvar/proto_source_spot_delta_k_10_weighted_0_learnw_0,89.0,0.10597763887606561,val_loss,0.028719259425997734,0.1264205127954483,0.0,0.0,428.0,20.0,2.0,spot_delta,10.0,False,False,0.12752948701381683,0.3260759115219116
proto_source=spot_delta_k=10_weighted=1_learnw=0,train,1234,proto,-0.02690397948026657,0.029727667570114136,-0.12060188978910447,-0.08339036479592324,-0.10731750726699829,-0.017851107753813267,0.0016257047886028859,0.8840361445783133,-0.027801254764199257,0.0010890772100538015,0.00019180185336153954,0.02371467463672161,0.26615095138549805,0.31816741824150085,1.0,0.00016315261044176708,0.00016315261044176708,0.0,0.004518072289156626,,,cvar,/Users/yaniszaim/deephedging/.deephedging_real_runs/final_paper_notebook/panel_sweeps/XLK_full_paper_grid_800_step_robust/model_artifacts/seed_1234/risk_cvar/proto_source_spot_delta_k_10_weighted_1_learnw_0,19.0,0.10524707507508252,val_loss,0.02431469038128853,0.13170042634010315,5.868544600938967e-05,0.002347417840375587,1992.0,20.0,2.0,spot_delta,10.0,True,False,0.10881753265857697,0.27058106660842896
proto_source=spot_delta_k=10_weighted=1_learnw=0,val,1234,proto,-0.027982443571090698,0.030710382387042046,-0.11684898287057877,-0.08269308507442474,-0.11127378791570663,-0.019912153482437134,0.001230201160069555,0.8873239436619719,-0.02913888543844223,0.0013501080684363842,0.00019366656488273293,0.023919109255075455,0.26711511611938477,0.3167172968387604,1.0,0.00011737089201877934,0.00011737089201877934,0.0,0.002347417840375587,,,cvar,/Users/yaniszaim/deephedging/.deephedging_real_runs/final_paper_notebook/panel_sweeps/XLK_full_paper_grid_800_step_robust/model_artifacts/seed_1234/risk_cvar/proto_source_spot_delta_k_10_weighted_1_learnw_0,19.0,0.10524707507508252,val_loss,0.02431469038128853,0.13170042634010315,5.868544600938967e-05,0.002347417840375587,426.0,20.0,2.0,spot_delta,10.0,True,False,0.10881753265857697,0.27058106660842896
proto_source=spot_delta_k=10_weighted=1_learnw=0,test,1234,proto,-0.027925986796617508,0.03045121766626835,-0.11554890193045139,-0.0844634611159563,-0.1060791090130806,-0.01709931343793869,0.0012547222315333775,0.8995327102803738,-0.028681358322501183,0.0009480619919486344,0.00019269286713097245,0.02382851205766201,0.26337575912475586,0.31755977869033813,1.0,0.00017523364485981307,0.00017523364485981307,0.0,0.004672897196261682,,,cvar,/Users/yaniszaim/deephedging/.deephedging_real_runs/final_paper_notebook/panel_sweeps/XLK_full_paper_grid_800_step_robust/model_artifacts/seed_1234/risk_cvar/proto_source_spot_delta_k_10_weighted_1_learnw_0,19.0,0.10524707507508252,val_loss,0.02431469038128853,0.13170042634010315,5.868544600938967e-05,0.002347417840375587,428.0,20.0,2.0,spot_delta,10.0,True,False,0.10881753265857697,0.27058106660842896
proto_source=spot_delta_k=25_weighted=0_learnw=0,train,1234,proto,-0.027048759162425995,0.029522299766540527,-0.11875540904700756,-0.08397269435226917,-0.10733310878276825,-0.01873957086354494,0.002594177925493558,0.8734939759036144,-0.027801254764199257,0.001061426242813468,0.00030892991344444454,0.03587193042039871,0.38182544708251953,0.34316688776016235,1.0,0.0042419678714859434,0.003714859437751004,0.0005271084337349398,0.07379518072289157,,,cvar,/Users/yaniszaim/deephedging/.deephedging_real_runs/final_paper_notebook/panel_sweeps/XLK_full_paper_grid_800_step_robust/model_artifacts/seed_1234/risk_cvar/proto_source_spot_delta_k_25_weighted_0_learnw_0,142.0,0.10485056375949141,val_loss,0.024954935535788536,0.11638318747282028,0.0009389671361502347,0.01643192488262911,1992.0,20.0,2.0,spot_delta,25.0,False,False,0.1393783688545227,0.38449254631996155
proto_source=spot_delta_k=25_weighted=0_learnw=0,val,1234,proto,-0.028685323894023895,0.029966939240694046,-0.12291263043880463,-0.08224658854305744,-0.11116933822631836,-0.021168550476431847,0.001654958148719743,0.9107981220657277,-0.02913888543844223,0.000782262475695461,0.000328702328260988,0.03685637190937996,0.38136595487594604,0.3441872298717499,1.0,0.004870892018779343,0.0038732394366197184,0.0009976525821596245,0.06572769953051644,,,cvar,/Users/yaniszaim/deephedging/.deephedging_real_runs/final_paper_notebook/panel_sweeps/XLK_full_paper_grid_800_step_robust/model_artifacts/seed_1234/risk_cvar/proto_source_spot_delta_k_25_weighted_0_learnw_0,142.0,0.10485056375949141,val_loss,0.024954935535788536,0.11638318747282028,0.0009389671361502347,0.01643192488262911,426.0,20.0,2.0,spot_delta,25.0,False,False,0.1393783688545227,0.38449254631996155
proto_source=spot_delta_k=25_weighted=0_learnw=0,test,1234,proto,-0.02814689464867115,0.030169302597641945,-0.11848134957253934,-0.0830033391714096,-0.10733471065759659,-0.01814338844269514,0.0020754100347403367,0.883177570093458,-0.028681358322501183,0.0008524329168722034,0.00031796988332644105,0.036874596029520035,0.37984955310821533,0.344033807516098,1.0,0.004030373831775701,0.0030373831775700934,0.0009929906542056075,0.07009345794392523,,,cvar,/Users/yaniszaim/deephedging/.deephedging_real_runs/final_paper_notebook/panel_sweeps/XLK_full_paper_grid_800_step_robust/model_artifacts/seed_1234/risk_cvar/proto_source_spot_delta_k_25_weighted_0_learnw_0,142.0,0.10485056375949141,val_loss,0.024954935535788536,0.11638318747282028,0.0009389671361502347,0.01643192488262911,428.0,20.0,2.0,spot_delta,25.0,False,False,0.1393783688545227,0.38449254631996155
proto_source=spot_delta_k=25_weighted=1_learnw=0,train,1234,proto,-0.027518978342413902,0.02967502363026142,-0.12193563759326935,-0.08437353931367397,-0.1080164983868599,-0.01942331437021494,0.005048325518146156,0.8619477911646586,-0.027801254764199257,0.0011474263155832887,0.0008651520474813879,0.05312143266201019,0.3464110195636749,0.3826221525669098,1.0,0.017105923694779115,0.015825803212851406,0.0012801204819277109,0.2710843373493976,,,cvar,/Users/yaniszaim/deephedging/.deephedging_real_runs/final_paper_notebook/panel_sweeps/XLK_full_paper_grid_800_step_robust/model_artifacts/seed_1234/risk_cvar/proto_source_spot_delta_k_25_weighted_1_learnw_0,30.0,0.1044096548199881,val_loss,0.030899198725819588,0.11342261731624603,0.0006455399061032864,0.02112676056338028,1992.0,20.0,2.0,spot_delta,25.0,True,False,0.12795525789260864,0.37120121717453003
proto_source=spot_delta_k=25_weighted=1_learnw=0,val,1234,proto,-0.028560325503349304,0.029714340344071388,-0.11946149356663227,-0.08427632786333561,-0.10902366787195206,-0.02123041544109583,0.004419362754561007,0.8849765258215962,-0.02913888543844223,0.0014381310902535915,0.0008595723193138838,0.05442236363887787,0.3526572585105896,0.38256171345710754,1.0,0.01754694835680751,0.015434272300469483,0.002112676056338028,0.2300469483568075,,,cvar,/Users/yaniszaim/deephedging/.deephedging_real_runs/final_paper_notebook/panel_sweeps/XLK_full_paper_grid_800_step_robust/model_artifacts/seed_1234/risk_cvar/proto_source_spot_delta_k_25_weighted_1_learnw_0,30.0,0.1044096548199881,val_loss,0.030899198725819588,0.11342261731624603,0.0006455399061032864,0.02112676056338028,426.0,20.0,2.0,spot_delta,25.0,True,False,0.12795525789260864,0.37120121717453003
proto_source=spot_delta_k=25_weighted=1_learnw=0,test,1234,proto,-0.028720108792185783,0.02990560047328472,-0.11308547511696815,-0.08686515688896179,-0.10555965453386307,-0.01935154665261507,0.003834142058622088,0.8621495327102804,-0.028681358322501183,0.0008754485752433538,0.0009142007911577821,0.054426129907369614,0.32049059867858887,0.3874656558036804,1.0,0.018457943925233644,0.016296728971962618,0.002161214953271028,0.2733644859813084,,,cvar,/Users/yaniszaim/deephedging/.deephedging_real_runs/final_paper_notebook/panel_sweeps/XLK_full_paper_grid_800_step_robust/model_artifacts/seed_1234/risk_cvar/proto_source_spot_delta_k_25_weighted_1_learnw_0,30.0,0.1044096548199881,val_loss,0.030899198725819588,0.11342261731624603,0.0006455399061032864,0.02112676056338028,428.0,20.0,2.0,spot_delta,25.0,True,False,0.12795525789260864,0.37120121717453003
proto_source=spot_delta_k=50_weighted=0_learnw=0,train,1234,proto,-0.02720303274691105,0.030307618901133537,-0.12201834417879581,-0.08738767951726913,-0.1076274961233139,-0.019459656439721584,0.006151390005834388,0.8227911646586346,-0.027801254764199257,0.0009362274431623518,0.00033800682285800576,0.03648364171385765,0.8045064210891724,0.2165578305721283,1.0,0.0014683734939759036,0.0014432730923694779,2.5100401606425704e-05,0.016566265060240965,,,cvar,/Users/yaniszaim/deephedging/.deephedging_real_runs/final_paper_notebook/panel_sweeps/XLK_full_paper_grid_800_step_robust/model_artifacts/seed_1234/risk_cvar/proto_source_spot_delta_k_50_weighted_0_learnw_0,562.0,0.10474154900820673,val_loss,0.02594824507832527,0.10378854721784592,0.001995305164319249,0.011737089201877934,1992.0,20.0,2.0,spot_delta,50.0,False,False,0.1495300978422165,0.9037439823150635
proto_source=spot_delta_k=50_weighted=0_learnw=0,val,1234,proto,-0.027973994612693787,0.030509572476148605,-0.12005474418401718,-0.0845069419592619,-0.10866601765155792,-0.021065196953713894,0.004956431803293526,0.8755868544600939,-0.02913888543844223,0.0015065757324919105,0.0003416843537706882,0.03632210195064545,0.8021101355552673,0.21920785307884216,1.0,0.002699530516431925,0.0025234741784037557,0.00017605633802816902,0.01643192488262911,,,cvar,/Users/yaniszaim/deephedging/.deephedging_real_runs/final_paper_notebook/panel_sweeps/XLK_full_paper_grid_800_step_robust/model_artifacts/seed_1234/risk_cvar/proto_source_spot_delta_k_50_weighted_0_learnw_0,562.0,0.10474154900820673,val_loss,0.02594824507832527,0.10378854721784592,0.001995305164319249,0.011737089201877934,426.0,20.0,2.0,spot_delta,50.0,False,False,0.1495300978422165,0.9037439823150635
proto_source=spot_delta_k=50_weighted=0_learnw=0,test,1234,proto,-0.028163865208625793,0.03129688650369644,-0.11430563904345035,-0.08534826524555683,-0.10816574096679688,-0.017500276677310467,0.00711972315330058,0.8387850467289719,-0.028681358322501183,0.0008562671719118953,0.0003387740580365062,0.036556169390678406,0.3944801688194275,0.2212623804807663,1.0,0.0012266355140186916,0.0012266355140186916,0.0,0.009345794392523364,,,cvar,/Users/yaniszaim/deephedging/.deephedging_real_runs/final_paper_notebook/panel_sweeps/XLK_full_paper_grid_800_step_robust/model_artifacts/seed_1234/risk_cvar/proto_source_spot_delta_k_50_weighted_0_learnw_0,562.0,0.10474154900820673,val_loss,0.02594824507832527,0.10378854721784592,0.001995305164319249,0.011737089201877934,428.0,20.0,2.0,spot_delta,50.0,False,False,0.1495300978422165,0.9037439823150635
proto_source=spot_delta_k=50_weighted=1_learnw=0,train,1234,proto,-0.0271498691290617,0.029535170644521713,-0.12058450520038605,-0.08504019156098366,-0.1080399677157402,-0.017919099889695644,0.001602138788439332,0.8980923694779116,-0.027801254764199257,0.0010125269182026386,0.0003611402935348451,0.029999300837516785,0.3208739757537842,0.38863617181777954,1.0,0.24110190763052208,0.2395456827309237,0.0015562248995983935,0.9678714859437751,,,cvar,/Users/yaniszaim/deephedging/.deephedging_real_runs/final_paper_notebook/panel_sweeps/XLK_full_paper_grid_800_step_robust/model_artifacts/seed_1234/risk_cvar/proto_source_spot_delta_k_50_weighted_1_learnw_0,58.0,0.10832815343330444,val_loss,0.03786717355251312,0.1580548882484436,0.019014084507042252,0.33568075117370894,1992.0,20.0,2.0,spot_delta,50.0,True,False,0.12317153811454773,0.4752523601055145
proto_source=spot_delta_k=50_weighted=1_learnw=0,val,1234,proto,-0.028537629172205925,0.029530292376875877,-0.11479774862527847,-0.08399191871285439,-0.109734445810318,-0.020676407031714916,0.0015923706523608416,0.9061032863849765,-0.02913888543844223,0.0009733295883052051,0.00037207372952252626,0.030293244868516922,0.3040034770965576,0.39058518409729004,1.0,0.24231220657276994,0.24055164319248826,0.0017605633802816902,0.9671361502347418,,,cvar,/Users/yaniszaim/deephedging/.deephedging_real_runs/final_paper_notebook/panel_sweeps/XLK_full_paper_grid_800_step_robust/model_artifacts/seed_1234/risk_cvar/proto_source_spot_delta_k_50_weighted_1_learnw_0,58.0,0.10832815343330444,val_loss,0.03786717355251312,0.1580548882484436,0.019014084507042252,0.33568075117370894,426.0,20.0,2.0,spot_delta,50.0,True,False,0.12317153811454773,0.4752523601055145
proto_source=spot_delta_k=50_weighted=1_learnw=0,test,1234,proto,-0.028142668306827545,0.030325165018439293,-0.11737137921154499,-0.08439270667731762,-0.10794902592897415,-0.017625578679144382,0.001990550383925434,0.883177570093458,-0.028681358322501183,0.0009009361383505166,0.0003622467629611492,0.03032671846449375,0.30834871530532837,0.3890916109085083,1.0,0.24223130841121496,0.2412967289719626,0.0009345794392523365,0.9766355140186916,,,cvar,/Users/yaniszaim/deephedging/.deephedging_real_runs/final_paper_notebook/panel_sweeps/XLK_full_paper_grid_800_step_robust/model_artifacts/seed_1234/risk_cvar/proto_source_spot_delta_k_50_weighted_1_learnw_0,58.0,0.10832815343330444,val_loss,0.03786717355251312,0.1580548882484436,0.019014084507042252,0.33568075117370894,428.0,20.0,2.0,spot_delta,50.0,True,False,0.12317153811454773,0.4752523601055145
proto_source=spot_delta_k=100_weighted=0_learnw=0,train,1234,proto,-0.026826241984963417,0.0293959379196167,-0.11657940328121186,-0.08511691205203532,-0.1042189672589302,-0.018867509439587593,0.0030465126968920154,0.8714859437751004,-0.027801254764199257,0.001358256908133626,0.00038324552588164806,0.029763830825686455,0.416453093290329,0.23045401275157928,1.0,0.031036646586345383,0.030446787148594376,0.000589859437751004,0.22289156626506024,,,cvar,/Users/yaniszaim/deephedging/.deephedging_real_runs/final_paper_notebook/panel_sweeps/XLK_full_paper_grid_800_step_robust/model_artifacts/seed_1234/risk_cvar/proto_source_spot_delta_k_100_weighted_0_learnw_0,403.0,0.10484724515808545,val_loss,0.028033224865794182,0.14408884942531586,0.002875586854460094,0.03755868544600939,1992.0,20.0,2.0,spot_delta,100.0,False,False,0.10826615989208221,0.5660771727561951
proto_source=spot_delta_k=100_weighted=0_learnw=0,val,1234,proto,-0.027740243822336197,0.03019862063229084,-0.11744453571736813,-0.08598291128873825,-0.10884354263544083,-0.020163833163678646,0.003457471262663603,0.8896713615023474,-0.02913888543844223,0.0018260279903188348,0.00042738713091239333,0.031108122318983078,0.3949998617172241,0.23159755766391754,1.0,0.027288732394366196,0.026056338028169014,0.0012323943661971832,0.22065727699530516,,,cvar,/Users/yaniszaim/deephedging/.deephedging_real_runs/final_paper_notebook/panel_sweeps/XLK_full_paper_grid_800_step_robust/model_artifacts/seed_1234/risk_cvar/proto_source_spot_delta_k_100_weighted_0_learnw_0,403.0,0.10484724515808545,val_loss,0.028033224865794182,0.14408884942531586,0.002875586854460094,0.03755868544600939,426.0,20.0,2.0,spot_delta,100.0,False,False,0.10826615989208221,0.5660771727561951
proto_source=spot_delta_k=100_weighted=0_learnw=0,test,1234,proto,-0.02793234959244728,0.030196094885468483,-0.11303255580365658,-0.08510262705385685,-0.10458795726299286,-0.018674527294933796,0.00233413988025859,0.8691588785046729,-0.028681358322501183,0.0011303859064355493,0.0003813780494965613,0.030200377106666565,0.3953357934951782,0.2381482869386673,1.0,0.035046728971962614,0.03457943925233645,0.00046728971962616824,0.24299065420560748,,,cvar,/Users/yaniszaim/deephedging/.deephedging_real_runs/final_paper_notebook/panel_sweeps/XLK_full_paper_grid_800_step_robust/model_artifacts/seed_1234/risk_cvar/proto_source_spot_delta_k_100_weighted_0_learnw_0,403.0,0.10484724515808545,val_loss,0.028033224865794182,0.14408884942531586,0.002875586854460094,0.03755868544600939,428.0,20.0,2.0,spot_delta,100.0,False,False,0.10826615989208221,0.5660771727561951
proto_source=spot_delta_k=100_weighted=1_learnw=0,train,1234,proto,-0.027434509247541428,0.029561705887317657,-0.12172872893512249,-0.08473314195871354,-0.10689683258533478,-0.018749024718999863,0.0017147399194072865,0.8835341365461847,-0.027801254764199257,0.0006741355173289776,0.00030739151407033205,0.02885887771844864,0.3265787661075592,0.2259439080953598,1.0,0.0007153614457831325,0.0,0.0007153614457831325,0.006526104417670682,,,cvar,/Users/yaniszaim/deephedging/.deephedging_real_runs/final_paper_notebook/panel_sweeps/XLK_full_paper_grid_800_step_robust/model_artifacts/seed_1234/risk_cvar/proto_source_spot_delta_k_100_weighted_1_learnw_0,46.0,0.10499305656477109,val_loss,0.028003890067338943,0.1311248540878296,0.0007629107981220657,0.004694835680751174,1992.0,20.0,2.0,spot_delta,100.0,True,False,0.11945029348134995,0.44945600628852844
proto_source=spot_delta_k=100_weighted=1_learnw=0,val,1234,proto,-0.028355902060866356,0.029790176078677177,-0.12051346898078918,-0.0835121925920248,-0.10915600508451462,-0.01954893209040165,0.0008468118321616203,0.9014084507042254,-0.02913888543844223,0.001107103656977415,0.00032412074506282806,0.02957982011139393,0.3338858485221863,0.2272917628288269,1.0,0.0017605633802816902,0.0,0.0017605633802816902,0.011737089201877934,,,cvar,/Users/yaniszaim/deephedging/.deephedging_real_runs/final_paper_notebook/panel_sweeps/XLK_full_paper_grid_800_step_robust/model_artifacts/seed_1234/risk_cvar/proto_source_spot_delta_k_100_weighted_1_learnw_0,46.0,0.10499305656477109,val_loss,0.028003890067338943,0.1311248540878296,0.0007629107981220657,0.004694835680751174,426.0,20.0,2.0,spot_delta,100.0,True,False,0.11945029348134995,0.44945600628852844
proto_source=spot_delta_k=100_weighted=1_learnw=0,test,1234,proto,-0.02866426296532154,0.030359409749507904,-0.11107813976705075,-0.08426291085779666,-0.10578107833862305,-0.018332162871956825,0.0011724246025551102,0.8995327102803738,-0.028681358322501183,0.00031942909117788076,0.00030233568395487964,0.028931347653269768,0.22785311937332153,0.22649545967578888,1.0,0.0011682242990654205,0.0,0.0011682242990654205,0.007009345794392523,,,cvar,/Users/yaniszaim/deephedging/.deephedging_real_runs/final_paper_notebook/panel_sweeps/XLK_full_paper_grid_800_step_robust/model_artifacts/seed_1234/risk_cvar/proto_source_spot_delta_k_100_weighted_1_learnw_0,46.0,0.10499305656477109,val_loss,0.028003890067338943,0.1311248540878296,0.0007629107981220657,0.004694835680751174,428.0,20.0,2.0,spot_delta,100.0,True,False,0.11945029348134995,0.44945600628852844
proto_source=vanilla_k=10_weighted=0_learnw=0,train,1234,proto,-0.027411634102463722,0.029720541089773178,-0.122145369425416,-0.08496078476309775,-0.10870847851037979,-0.01798513811081648,-0.0003418841952225196,0.9673694779116466,-0.027801254764199257,0.0006267303833737969,0.0002371094305999577,0.022966215386986732,0.15133358538150787,0.21999935805797577,1.0,0.001681726907630522,0.001681726907630522,0.0,0.0426706827309237,,,cvar,/Users/yaniszaim/deephedging/.deephedging_real_runs/final_paper_notebook/panel_sweeps/XLK_full_paper_grid_800_step_robust/model_artifacts/seed_1234/risk_cvar/proto_source_vanilla_k_10_weighted_0_learnw_0,225.0,0.1071243575533651,val_loss,0.023243889212608337,0.24184194207191467,0.003755868544600939,0.0892018779342723,1992.0,20.0,2.0,vanilla,10.0,False,False,0.10235611349344254,0.2071687877178192
proto_source=vanilla_k=10_weighted=0_learnw=0,val,1234,proto,-0.028535684570670128,0.03044763393700123,-0.11904335021972656,-0.08387643843889236,-0.11257500946521759,-0.02019856870174408,-0.0005701657792087644,0.9765258215962441,-0.02913888543844223,0.0008415773627348244,0.00023837765911594033,0.023000413551926613,0.15124773979187012,0.22145546972751617,1.0,0.00181924882629108,0.00181924882629108,0.0,0.03286384976525822,,,cvar,/Users/yaniszaim/deephedging/.deephedging_real_runs/final_paper_notebook/panel_sweeps/XLK_full_paper_grid_800_step_robust/model_artifacts/seed_1234/risk_cvar/proto_source_vanilla_k_10_weighted_0_learnw_0,225.0,0.1071243575533651,val_loss,0.023243889212608337,0.24184194207191467,0.003755868544600939,0.0892018779342723,426.0,20.0,2.0,vanilla,10.0,False,False,0.10235611349344254,0.2071687877178192
proto_source=vanilla_k=10_weighted=0_learnw=0,test,1234,proto,-0.02819681167602539,0.0306368600577116,-0.1106362595409155,-0.08516631163656711,-0.10721001029014587,-0.01594197377562523,-0.00011074518988607458,0.9532710280373832,-0.028681358322501183,0.0007221681298688054,0.00023762276396155357,0.022910000756382942,0.15114116668701172,0.21950608491897583,1.0,0.001869158878504673,0.001869158878504673,0.0,0.04439252336448598,,,cvar,/Users/yaniszaim/deephedging/.deephedging_real_runs/final_paper_notebook/panel_sweeps/XLK_full_paper_grid_800_step_robust/model_artifacts/seed_1234/risk_cvar/proto_source_vanilla_k_10_weighted_0_learnw_0,225.0,0.1071243575533651,val_loss,0.023243889212608337,0.24184194207191467,0.003755868544600939,0.0892018779342723,428.0,20.0,2.0,vanilla,10.0,False,False,0.10235611349344254,0.2071687877178192
proto_source=vanilla_k=10_weighted=1_learnw=0,train,1234,proto,-0.02753472700715065,0.029951684176921844,-0.12457204170525074,-0.0852108184248209,-0.11027799546718597,-0.017980990931391716,-0.00046821290161460705,0.9964859437751004,-0.027801254764199257,0.0005033018533140421,0.00023677288845647126,0.022564992308616638,0.11180318892002106,0.22742047905921936,0.8717237710952759,0.0,0.0,0.0,0.0,,,cvar,/Users/yaniszaim/deephedging/.deephedging_real_runs/final_paper_notebook/panel_sweeps/XLK_full_paper_grid_800_step_robust/model_artifacts/seed_1234/risk_cvar/proto_source_vanilla_k_10_weighted_1_learnw_0,263.0,0.10726402799598873,val_loss,0.02303915284574032,0.24375157058238983,0.0,0.0,1992.0,20.0,2.0,vanilla,10.0,True,False,0.07753323763608932,0.15461954474449158
proto_source=vanilla_k=10_weighted=1_learnw=0,val,1234,proto,-0.028712594881653786,0.03114856220781803,-0.11900591477751732,-0.08556884527206421,-0.11493074148893356,-0.020018983632326126,-0.0005209032533457503,0.9906103286384976,-0.02913888543844223,0.0006646853289566934,0.0002383940591244027,0.022603774443268776,0.11180318892002106,0.2263333946466446,0.8717228770256042,0.0,0.0,0.0,0.0,,,cvar,/Users/yaniszaim/deephedging/.deephedging_real_runs/final_paper_notebook/panel_sweeps/XLK_full_paper_grid_800_step_robust/model_artifacts/seed_1234/risk_cvar/proto_source_vanilla_k_10_weighted_1_learnw_0,263.0,0.10726402799598873,val_loss,0.02303915284574032,0.24375157058238983,0.0,0.0,426.0,20.0,2.0,vanilla,10.0,True,False,0.07753323763608932,0.15461954474449158
proto_source=vanilla_k=10_weighted=1_learnw=0,test,1234,proto,-0.028353657573461533,0.03107716143131256,-0.11043635994195938,-0.08651627004146575,-0.10899851471185684,-0.016509820707142353,-0.0003776602039579304,0.9953271028037384,-0.028681358322501183,0.0005643964395858347,0.0002366966218687594,0.02257104031741619,0.11180318146944046,0.2274760901927948,0.8717233538627625,0.0,0.0,0.0,0.0,,,cvar,/Users/yaniszaim/deephedging/.deephedging_real_runs/final_paper_notebook/panel_sweeps/XLK_full_paper_grid_800_step_robust/model_artifacts/seed_1234/risk_cvar/proto_source_vanilla_k_10_weighted_1_learnw_0,263.0,0.10726402799598873,val_loss,0.02303915284574032,0.24375157058238983,0.0,0.0,428.0,20.0,2.0,vanilla,10.0,True,False,0.07753323763608932,0.15461954474449158
proto_source=vanilla_k=25_weighted=0_learnw=0,train,1234,proto,-0.02788124606013298,0.029764845967292786,-0.12210702016949654,-0.08611493222415446,-0.10989987105131149,-0.01830202993005514,-0.0008681326988153164,0.9889558232931727,-0.027801254764199257,0.0006416182732209563,0.0007216113153845072,0.02882573939859867,0.1282762885093689,0.2392568737268448,1.0,2.5100401606425704e-05,2.5100401606425704e-05,0.0,0.001004016064257028,,,cvar,/Users/yaniszaim/deephedging/.deephedging_real_runs/final_paper_notebook/panel_sweeps/XLK_full_paper_grid_800_step_robust/model_artifacts/seed_1234/risk_cvar/proto_source_vanilla_k_25_weighted_0_learnw_0,614.0,0.10694281024491073,val_loss,0.025840360671281815,0.2583927512168884,0.000528169014084507,0.01643192488262911,1992.0,20.0,2.0,vanilla,25.0,False,False,0.09369097650051117,0.16726090013980865
proto_source=vanilla_k=25_weighted=0_learnw=0,val,1234,proto,-0.02903086505830288,0.030401308089494705,-0.11674515716731548,-0.08466226607561111,-0.1125170961022377,-0.01999393291771412,-0.0009708583675092086,0.9976525821596244,-0.02913888543844223,0.0008434051414951682,0.0007353874389082193,0.02885918691754341,0.1277603954076767,0.2377786636352539,1.0,5.868544600938967e-05,5.868544600938967e-05,0.0,0.002347417840375587,,,cvar,/Users/yaniszaim/deephedging/.deephedging_real_runs/final_paper_notebook/panel_sweeps/XLK_full_paper_grid_800_step_robust/model_artifacts/seed_1234/risk_cvar/proto_source_vanilla_k_25_weighted_0_learnw_0,614.0,0.10694281024491073,val_loss,0.025840360671281815,0.2583927512168884,0.000528169014084507,0.01643192488262911,426.0,20.0,2.0,vanilla,25.0,False,False,0.09369097650051117,0.16726090013980865
proto_source=vanilla_k=25_weighted=0_learnw=0,test,1234,proto,-0.0287106242030859,0.030677376314997673,-0.11182513162493705,-0.08565276116132736,-0.10786321759223938,-0.017045137472450733,-0.0004940830054692932,0.9836448598130841,-0.028681358322501183,0.0007028094842098653,0.0007320746663026512,0.028872309252619743,0.1275276392698288,0.23855040967464447,0.9900218844413757,0.0,0.0,0.0,0.0,,,cvar,/Users/yaniszaim/deephedging/.deephedging_real_runs/final_paper_notebook/panel_sweeps/XLK_full_paper_grid_800_step_robust/model_artifacts/seed_1234/risk_cvar/proto_source_vanilla_k_25_weighted_0_learnw_0,614.0,0.10694281024491073,val_loss,0.025840360671281815,0.2583927512168884,0.000528169014084507,0.01643192488262911,428.0,20.0,2.0,vanilla,25.0,False,False,0.09369097650051117,0.16726090013980865
proto_source=vanilla_k=25_weighted=1_learnw=0,train,1234,proto,-0.027558542788028717,0.029976222664117813,-0.12325451254844666,-0.0857610560953617,-0.10976756364107132,-0.01816573739051819,-0.000371039148012642,0.9723895582329317,-0.027801254764199257,0.000540456036105752,0.00029774458380416036,0.02050735242664814,0.09265012294054031,0.24053989350795746,0.7950497269630432,0.0,0.0,0.0,0.0,,,cvar,/Users/yaniszaim/deephedging/.deephedging_real_runs/final_paper_notebook/panel_sweeps/XLK_full_paper_grid_800_step_robust/model_artifacts/seed_1234/risk_cvar/proto_source_vanilla_k_25_weighted_1_learnw_0,420.0,0.1067905467748642,val_loss,0.01801079511642456,0.17901787161827087,0.0,0.0,1992.0,20.0,2.0,vanilla,25.0,True,False,0.08166129887104034,0.16927151381969452
proto_source=vanilla_k=25_weighted=1_learnw=0,val,1234,proto,-0.02879188396036625,0.030789023265242577,-0.1190721970051527,-0.0850503109395504,-0.11372946947813034,-0.02036324329674244,-0.000538947046152316,0.9835680751173709,-0.02913888543844223,0.0006446592160500586,0.00029765983344987035,0.020504629239439964,0.09265011548995972,0.24046579003334045,0.7953755259513855,0.0,0.0,0.0,0.0,,,cvar,/Users/yaniszaim/deephedging/.deephedging_real_runs/final_paper_notebook/panel_sweeps/XLK_full_paper_grid_800_step_robust/model_artifacts/seed_1234/risk_cvar/proto_source_vanilla_k_25_weighted_1_learnw_0,420.0,0.1067905467748642,val_loss,0.01801079511642456,0.17901787161827087,0.0,0.0,426.0,20.0,2.0,vanilla,25.0,True,False,0.08166129887104034,0.16927151381969452
proto_source=vanilla_k=25_weighted=1_learnw=0,test,1234,proto,-0.028440961614251137,0.030907372012734413,-0.11204189829528331,-0.08511722087860107,-0.10807821154594421,-0.017023886553943157,-0.000254403534927406,0.9672897196261683,-0.028681358322501183,0.0005371870938688517,0.00029679026920348406,0.020494719967246056,0.09057419747114182,0.24036259949207306,0.7608985304832458,0.0,0.0,0.0,0.0,,,cvar,/Users/yaniszaim/deephedging/.deephedging_real_runs/final_paper_notebook/panel_sweeps/XLK_full_paper_grid_800_step_robust/model_artifacts/seed_1234/risk_cvar/proto_source_vanilla_k_25_weighted_1_learnw_0,420.0,0.1067905467748642,val_loss,0.01801079511642456,0.17901787161827087,0.0,0.0,428.0,20.0,2.0,vanilla,25.0,True,False,0.08166129887104034,0.16927151381969452
proto_source=vanilla_k=50_weighted=0_learnw=0,train,1234,proto,-0.027774227783083916,0.031010203063488007,-0.12577512130141258,-0.08792387247085572,-0.11269400268793106,-0.018472569063305855,-0.0002173690925701523,0.9854417670682731,-0.027801254764199257,0.0002078615070786327,0.00018083435134030879,0.009266716428101063,0.10017386078834534,0.10354769974946976,0.4648846983909607,0.0,0.0,0.0,0.0,,,cvar,/Users/yaniszaim/deephedging/.deephedging_real_runs/final_paper_notebook/panel_sweeps/XLK_full_paper_grid_800_step_robust/model_artifacts/seed_1234/risk_cvar/proto_source_vanilla_k_50_weighted_0_learnw_0,342.0,0.1069323024759069,val_loss,0.009646755643188953,0.10127861797809601,0.0,0.0,1992.0,20.0,2.0,vanilla,50.0,False,False,0.0890444740653038,0.1846192479133606
proto_source=vanilla_k=50_weighted=0_learnw=0,val,1234,proto,-0.02905910275876522,0.03176354244351387,-0.12258481048047543,-0.08654062822461128,-0.11649349331855774,-0.02066330797970295,-0.00031766690517542884,0.9929577464788732,-0.02913888543844223,0.0002632992691360414,0.00018351941253058612,0.009292099624872208,0.08826176077127457,0.10338499397039413,0.41202616691589355,0.0,0.0,0.0,0.0,,,cvar,/Users/yaniszaim/deephedging/.deephedging_real_runs/final_paper_notebook/panel_sweeps/XLK_full_paper_grid_800_step_robust/model_artifacts/seed_1234/risk_cvar/proto_source_vanilla_k_50_weighted_0_learnw_0,342.0,0.1069323024759069,val_loss,0.009646755643188953,0.10127861797809601,0.0,0.0,426.0,20.0,2.0,vanilla,50.0,False,False,0.0890444740653038,0.1846192479133606
proto_source=vanilla_k=50_weighted=0_learnw=0,test,1234,proto,-0.02859022095799446,0.0318891815841198,-0.11400506965816021,-0.08722057230770587,-0.11039593815803528,-0.01684027910232544,-0.00014184636092977616,0.9742990654205608,-0.028681358322501183,0.00027406311710365117,0.00018292672757524997,0.009262549690902233,0.1352703869342804,0.10344738513231277,0.3782329261302948,0.0,0.0,0.0,0.0,,,cvar,/Users/yaniszaim/deephedging/.deephedging_real_runs/final_paper_notebook/panel_sweeps/XLK_full_paper_grid_800_step_robust/model_artifacts/seed_1234/risk_cvar/proto_source_vanilla_k_50_weighted_0_learnw_0,342.0,0.1069323024759069,val_loss,0.009646755643188953,0.10127861797809601,0.0,0.0,428.0,20.0,2.0,vanilla,50.0,False,False,0.0890444740653038,0.1846192479133606
proto_source=vanilla_k=50_weighted=1_learnw=0,train,1234,proto,-0.02993997186422348,0.0334375835955143,-0.13117912352085115,-0.09327312596142293,-0.11842498928308487,-0.02089220378547907,0.003853408375289285,0.8258032128514057,-0.027801254764199257,-0.0007085471297614276,0.0014301689807325602,0.03873578831553459,0.1292540282011032,0.3540691137313843,1.0,0.18589357429718875,0.0,0.18589357429718875,0.873995983935743,,,cvar,/Users/yaniszaim/deephedging/.deephedging_real_runs/final_paper_notebook/panel_sweeps/XLK_full_paper_grid_800_step_robust/model_artifacts/seed_1234/risk_cvar/proto_source_vanilla_k_50_weighted_1_learnw_0,10.0,0.10672395876941092,val_loss,0.013537606224417686,0.10320470482110977,0.00011737089201877934,0.002347417840375587,1992.0,20.0,2.0,vanilla,50.0,True,False,0.08932163566350937,0.165168896317482
proto_source=vanilla_k=50_weighted=1_learnw=0,val,1234,proto,-0.031332556158304214,0.03418824076652527,-0.12881305441260338,-0.09123151376843452,-0.12172925472259521,-0.02362542599439621,0.003939217247534543,0.8403755868544601,-0.02913888543844223,-0.0007666401215828955,0.0014270321698859334,0.0387556329369545,0.12986616790294647,0.351934552192688,1.0,0.18368544600938966,0.0,0.18368544600938966,0.8708920187793427,,,cvar,/Users/yaniszaim/deephedging/.deephedging_real_runs/final_paper_notebook/panel_sweeps/XLK_full_paper_grid_800_step_robust/model_artifacts/seed_1234/risk_cvar/proto_source_vanilla_k_50_weighted_1_learnw_0,10.0,0.10672395876941092,val_loss,0.013537606224417686,0.10320470482110977,0.00011737089201877934,0.002347417840375587,426.0,20.0,2.0,vanilla,50.0,True,False,0.08932163566350937,0.165168896317482
proto_source=vanilla_k=50_weighted=1_learnw=0,test,1234,proto,-0.030740154907107353,0.03487744554877281,-0.12132576517760753,-0.09348711296916008,-0.1168019250035286,-0.019644067622721195,0.005304116103798142,0.8154205607476636,-0.028681358322501183,-0.0006192135624587536,0.0014395833713933825,0.03874042257666588,0.1290542483329773,0.35618695616722107,1.0,0.18884345794392524,0.0,0.18884345794392524,0.8855140186915887,,,cvar,/Users/yaniszaim/deephedging/.deephedging_real_runs/final_paper_notebook/panel_sweeps/XLK_full_paper_grid_800_step_robust/model_artifacts/seed_1234/risk_cvar/proto_source_vanilla_k_50_weighted_1_learnw_0,10.0,0.10672395876941092,val_loss,0.013537606224417686,0.10320470482110977,0.00011737089201877934,0.002347417840375587,428.0,20.0,2.0,vanilla,50.0,True,False,0.08932163566350937,0.165168896317482
proto_source=vanilla_k=100_weighted=0_learnw=0,train,1234,proto,-0.027514388784766197,0.029970860108733177,-0.12201141074299812,-0.0855256825685501,-0.10959823429584503,-0.018260846845805645,-0.00048522011493332714,0.9889558232931727,-0.027801254764199257,0.0005485743167810142,0.000261707347817719,0.020278584212064743,0.11916568130254745,0.20774219930171967,0.8643914461135864,0.0,0.0,0.0,0.0,,,cvar,/Users/yaniszaim/deephedging/.deephedging_real_runs/final_paper_notebook/panel_sweeps/XLK_full_paper_grid_800_step_robust/model_artifacts/seed_1234/risk_cvar/proto_source_vanilla_k_100_weighted_0_learnw_0,144.0,0.10721883235499263,val_loss,0.01995282992720604,0.1976325809955597,0.0,0.0,1992.0,20.0,2.0,vanilla,100.0,False,False,0.08320492506027222,0.2552575170993805
proto_source=vanilla_k=100_weighted=0_learnw=0,val,1234,proto,-0.028672974556684494,0.03057580441236496,-0.11720821261405945,-0.08401844836771488,-0.11265028268098831,-0.020192747935652733,-0.0005183990579098463,0.9929577464788732,-0.02913888543844223,0.0007283214945346117,0.00026241326122544706,0.020296864211559296,0.11434265226125717,0.20816677808761597,0.8595110774040222,0.0,0.0,0.0,0.0,,,cvar,/Users/yaniszaim/deephedging/.deephedging_real_runs/final_paper_notebook/panel_sweeps/XLK_full_paper_grid_800_step_robust/model_artifacts/seed_1234/risk_cvar/proto_source_vanilla_k_100_weighted_0_learnw_0,144.0,0.10721883235499263,val_loss,0.01995282992720604,0.1976325809955597,0.0,0.0,426.0,20.0,2.0,vanilla,100.0,False,False,0.08320492506027222,0.2552575170993805
proto_source=vanilla_k=100_weighted=0_learnw=0,test,1234,proto,-0.028338534757494926,0.03089980036020279,-0.1112056589126587,-0.0853888377547264,-0.10812091082334518,-0.016388077288866043,-0.00035490064183250127,0.9813084112149533,-0.028681358322501183,0.0006043501780368388,0.0002615282719489187,0.02027275785803795,0.11915597319602966,0.20765790343284607,0.8643671870231628,0.0,0.0,0.0,0.0,,,cvar,/Users/yaniszaim/deephedging/.deephedging_real_runs/final_paper_notebook/panel_sweeps/XLK_full_paper_grid_800_step_robust/model_artifacts/seed_1234/risk_cvar/proto_source_vanilla_k_100_weighted_0_learnw_0,144.0,0.10721883235499263,val_loss,0.01995282992720604,0.1976325809955597,0.0,0.0,428.0,20.0,2.0,vanilla,100.0,False,False,0.08320492506027222,0.2552575170993805
proto_source=vanilla_k=100_weighted=1_learnw=0,train,1234,proto,-0.02774960920214653,0.03046519309282303,-0.1241150874644518,-0.08690510615706444,-0.11158674210309982,-0.018240747042000294,-2.205226919613826e-05,0.9513052208835341,-0.027801254764199257,0.0004252305079717189,0.0003735863429028541,0.02150491066277027,0.1507052481174469,0.16064253449440002,0.7253941893577576,0.0,0.0,0.0,0.0,,,cvar,/Users/yaniszaim/deephedging/.deephedging_real_runs/final_paper_notebook/panel_sweeps/XLK_full_paper_grid_800_step_robust/model_artifacts/seed_1234/risk_cvar/proto_source_vanilla_k_100_weighted_1_learnw_0,295.0,0.10685832498595119,val_loss,0.020967479795217514,0.1843702495098114,0.0,0.0,1992.0,20.0,2.0,vanilla,100.0,True,False,0.09387826919555664,0.23588590323925018
proto_source=vanilla_k=100_weighted=1_learnw=0,val,1234,proto,-0.028914200142025948,0.03106643818318844,-0.12124471552670002,-0.08547481335699558,-0.11443258076906204,-0.020534959621727467,-0.00026647414779290557,0.9624413145539906,-0.02913888543844223,0.0006000205175951123,0.00037533638533204794,0.021494394168257713,0.150551438331604,0.16041825711727142,0.7251001000404358,0.0,0.0,0.0,0.0,,,cvar,/Users/yaniszaim/deephedging/.deephedging_real_runs/final_paper_notebook/panel_sweeps/XLK_full_paper_grid_800_step_robust/model_artifacts/seed_1234/risk_cvar/proto_source_vanilla_k_100_weighted_1_learnw_0,295.0,0.10685832498595119,val_loss,0.020967479795217514,0.1843702495098114,0.0,0.0,426.0,20.0,2.0,vanilla,100.0,True,False,0.09387826919555664,0.23588590323925018
proto_source=vanilla_k=100_weighted=1_learnw=0,test,1234,proto,-0.028454136103391647,0.03132909908890724,-0.11278715588152409,-0.08573739156126976,-0.10909948498010635,-0.016004986129701138,0.0003853446673019755,0.9322429906542056,-0.028681358322501183,0.0006017640116624534,0.00037454403354786336,0.021478764712810516,0.1492866575717926,0.16129447519779205,0.725060224533081,0.0,0.0,0.0,0.0,,,cvar,/Users/yaniszaim/deephedging/.deephedging_real_runs/final_paper_notebook/panel_sweeps/XLK_full_paper_grid_800_step_robust/model_artifacts/seed_1234/risk_cvar/proto_source_vanilla_k_100_weighted_1_learnw_0,295.0,0.10685832498595119,val_loss,0.020967479795217514,0.1843702495098114,0.0,0.0,428.0,20.0,2.0,vanilla,100.0,True,False,0.09387826919555664,0.23588590323925018
unhedged,train,2345,baseline,-0.028206855058670044,0.031500887125730515,-0.1263875210285187,-0.08687911629676819,-0.11300711333751678,-0.01907271146774292,0.0,0.6792168674698795,-0.028206855058670044,0.0,0.0,0.0,0.0,0.0,0.0,0.0,0.0,0.0,0.0,,,,,,,,,,,,,,,,,,,,
spot_delta,train,2345,baseline,-0.028028639033436775,0.030584154650568962,-0.11581539519131184,-0.08614165335893631,-0.1082674190402031,-0.020292150788009167,0.005272767273709173,0.8473895582329317,-0.028206855058670044,0.0003784277359955013,0.00020020946976728737,0.024911241605877876,0.6374130249023438,0.257713258266449,0.6374130249023438,0.0,0.0,0.0,0.0,,,,,,,,,,,,,,,,,,,,
spot_delta_band,train,2345,baseline,-0.0279606394469738,0.030593322589993477,-0.117584123685956,-0.08622558377683162,-0.10879027098417282,-0.019685025326907635,0.004336818447336554,0.8428714859437751,-0.028206855058670044,0.0003521629550959915,0.00010594351624604315,0.013231616467237473,0.5874130129814148,0.24579641222953796,0.5874130129814148,0.0,0.0,0.0,0.0,0.05,gains_mean,,,,,,,,,,,,,,,,,,
unhedged,val,2345,baseline,-0.02739359624683857,0.031834058463573456,-0.12749749422073364,-0.09161683917045593,-0.1139749065041542,-0.017011940479278564,-0.0,0.6525821596244131,-0.02739359624683857,0.0,0.0,0.0,0.0,0.0,0.0,0.0,0.0,0.0,0.0,,,,,,,,,,,,,,,,,,,,
spot_delta,val,2345,baseline,-0.026911040768027306,0.030917691066861153,-0.1252894066274166,-0.08379419147968292,-0.10898495465517044,-0.018214748241007328,0.006319884676486254,0.8474178403755869,-0.02739359624683857,0.0006826024036854506,0.00020004931138828397,0.024896936491131783,0.6284639835357666,0.25822827219963074,0.6312080025672913,0.0,0.0,0.0,0.0,,,,,,,,,,,,,,,,,,,,
spot_delta_band,val,2345,baseline,-0.026903122663497925,0.030909953638911247,-0.12422890774905682,-0.0856903214007616,-0.10962633788585663,-0.018459893763065338,0.005352091742679477,0.8380281690140845,-0.02739359624683857,0.0005964593146927655,0.00010598507651593536,0.013237787410616875,0.5784639716148376,0.24671897292137146,0.5812079906463623,0.0,0.0,0.0,0.0,0.05,gains_mean,,,,,,,,,,,,,,,,,,
unhedged,test,2345,baseline,-0.028530731797218323,0.033850301057100296,-0.12911605477333069,-0.0973177969455719,-0.11937118321657181,-0.017950117588043213,-0.0,0.6565420560747663,-0.028530731797218323,0.0,0.0,0.0,0.0,0.0,0.0,0.0,0.0,0.0,0.0,,,,,,,,,,,,,,,,,,,,
spot_delta,test,2345,baseline,-0.02810938097536564,0.032416362315416336,-0.1201877200603485,-0.08966585732996464,-0.11393583565950394,-0.02047932706773281,0.005848383554257451,0.8341121495327103,-0.028530731797218323,0.0006218271446414292,0.00020047860743943602,0.024942630901932716,0.6222379803657532,0.2576484680175781,0.6312080025672913,0.0,0.0,0.0,0.0,,,,,,,,,,,,,,,,,,,,
spot_delta_band,test,2345,baseline,-0.028149999678134918,0.03257809951901436,-0.12175960883498191,-0.0897149171680212,-0.11457075923681259,-0.020130961202085018,0.004902955004945396,0.8294392523364486,-0.028530731797218323,0.00048726683598943055,0.0001065362012013793,0.013302872888743877,0.5722379684448242,0.24566562473773956,0.5812079906463623,0.0,0.0,0.0,0.0,0.05,gains_mean,,,,,,,,,,,,,,,,,,
vanilla,train,2345,vanilla,-0.028028396889567375,0.03079359047114849,-0.1243879471719265,-0.08552851229906082,-0.11122091114521027,-0.018825475126504898,-0.00017530481345602323,0.9994979919678715,-0.028206855058670044,0.00025888075469993055,8.041891851462424e-05,0.00844720471650362,0.018326491117477417,0.08796310424804688,0.34320127964019775,0.0,0.0,0.0,0.0,,,cvar,/Users/yaniszaim/deephedging/.deephedging_real_runs/final_paper_notebook/panel_sweeps/XLK_full_paper_grid_800_step_robust/model_artifacts/seed_2345/risk_cvar/vanilla,177.0,0.10429224183782936,val_loss,0.007859032601118088,0.07978874444961548,0.0,0.0,1992.0,20.0,2.0,,,,,,
vanilla,val,2345,vanilla,-0.02723158337175846,0.031127188354730606,-0.12544082291424274,-0.09019764885306358,-0.11217480152845383,-0.01680472120642662,-0.00014309549078461714,0.9976525821596244,-0.02739359624683857,0.00024236210447270423,8.03472867119126e-05,0.008448789827525616,0.01833203434944153,0.08797454088926315,0.3412769138813019,0.0,0.0,0.0,0.0,,,cvar,/Users/yaniszaim/deephedging/.deephedging_real_runs/final_paper_notebook/panel_sweeps/XLK_full_paper_grid_800_step_robust/model_artifacts/seed_2345/risk_cvar/vanilla,177.0,0.10429224183782936,val_loss,0.007859032601118088,0.07978874444961548,0.0,0.0,426.0,20.0,2.0,,,,,,
vanilla,test,2345,vanilla,-0.028376558795571327,0.033086564391851425,-0.12681918382644652,-0.09580721333622932,-0.1174580305814743,-0.017701935954391956,-0.00017020917366608054,1.0,-0.028530731797218323,0.00023457557836081833,8.040393004193902e-05,0.008448670618236065,0.01798313856124878,0.08797361701726913,0.34174230694770813,0.0,0.0,0.0,0.0,,,cvar,/Users/yaniszaim/deephedging/.deephedging_real_runs/final_paper_notebook/panel_sweeps/XLK_full_paper_grid_800_step_robust/model_artifacts/seed_2345/risk_cvar/vanilla,177.0,0.10429224183782936,val_loss,0.007859032601118088,0.07978874444961548,0.0,0.0,428.0,20.0,2.0,,,,,,
proto_source=spot_delta_k=10_weighted=0_learnw=0,train,2345,proto,-0.02786058373749256,0.029814161360263824,-0.12203739069402218,-0.08430164232850075,-0.10961941629648209,-0.01848894078284502,0.0003551427158527044,0.9392570281124498,-0.028206855058670044,0.0004996684729121625,0.0001533959584776312,0.01871318183839321,0.21389125287532806,0.15734268724918365,0.8535916209220886,0.0,0.0,0.0,0.0,,,cvar,/Users/yaniszaim/deephedging/.deephedging_real_runs/final_paper_notebook/panel_sweeps/XLK_full_paper_grid_800_step_robust/model_artifacts/seed_2345/risk_cvar/proto_source_spot_delta_k_10_weighted_0_learnw_0,215.0,0.10399755522608757,val_loss,0.019001901149749756,0.16348929703235626,0.0,0.0,1992.0,20.0,2.0,spot_delta,10.0,False,False,0.12356583774089813,0.3491685092449188
proto_source=spot_delta_k=10_weighted=0_learnw=0,val,2345,proto,-0.027028048411011696,0.030365094542503357,-0.12337459065020084,-0.08901094645261765,-0.1107715368270874,-0.016264299862086773,0.000965320912655443,0.9061032863849765,-0.02739359624683857,0.0005184076726436615,0.00015285896370187402,0.01867065764963627,0.20811784267425537,0.15785884857177734,0.8230575323104858,0.0,0.0,0.0,0.0,,,cvar,/Users/yaniszaim/deephedging/.deephedging_real_runs/final_paper_notebook/panel_sweeps/XLK_full_paper_grid_800_step_robust/model_artifacts/seed_2345/risk_cvar/proto_source_spot_delta_k_10_weighted_0_learnw_0,215.0,0.10399755522608757,val_loss,0.019001901149749756,0.16348929703235626,0.0,0.0,426.0,20.0,2.0,spot_delta,10.0,False,False,0.12356583774089813,0.3491685092449188
proto_source=spot_delta_k=10_weighted=0_learnw=0,test,2345,proto,-0.028367580845952034,0.03187975659966469,-0.12339727401733398,-0.09468568228185177,-0.11541629582643509,-0.017662139609456062,0.00036405942664714407,0.9369158878504673,-0.028530731797218323,0.0003158810141030699,0.00015273377357516438,0.018652455881237984,0.21289938688278198,0.15685409307479858,0.8552737236022949,0.0,0.0,0.0,0.0,,,cvar,/Users/yaniszaim/deephedging/.deephedging_real_runs/final_paper_notebook/panel_sweeps/XLK_full_paper_grid_800_step_robust/model_artifacts/seed_2345/risk_cvar/proto_source_spot_delta_k_10_weighted_0_learnw_0,215.0,0.10399755522608757,val_loss,0.019001901149749756,0.16348929703235626,0.0,0.0,428.0,20.0,2.0,spot_delta,10.0,False,False,0.12356583774089813,0.3491685092449188
proto_source=spot_delta_k=10_weighted=1_learnw=0,train,2345,proto,-0.028040092438459396,0.030772332102060318,-0.12357661068439484,-0.08677505142986772,-0.11014309525489807,-0.02035021036863327,0.004722290113568305,0.8599397590361446,-0.028206855058670044,0.0006395988748408854,0.0004728347121272236,0.055037882179021835,0.2201799750328064,0.2534719407558441,0.7985320091247559,0.0,0.0,0.0,0.0,,,cvar,/Users/yaniszaim/deephedging/.deephedging_real_runs/final_paper_notebook/panel_sweeps/XLK_full_paper_grid_800_step_robust/model_artifacts/seed_2345/risk_cvar/proto_source_spot_delta_k_10_weighted_1_learnw_0,194.0,0.10363494968041777,val_loss,0.05884189531207085,0.10848072171211243,0.0,0.0,1992.0,20.0,2.0,spot_delta,10.0,True,False,0.152213916182518,0.32608017325401306
proto_source=spot_delta_k=10_weighted=1_learnw=0,val,2345,proto,-0.02766573615372181,0.030954180285334587,-0.12216779589653015,-0.08900730684399605,-0.11106772720813751,-0.017279512248933315,0.004881877568550408,0.8591549295774648,-0.02739359624683857,0.00019998467178083956,0.00047212434583343565,0.055013321340084076,0.20619139075279236,0.25364771485328674,0.7845568656921387,0.0,0.0,0.0,0.0,,,cvar,/Users/yaniszaim/deephedging/.deephedging_real_runs/final_paper_notebook/panel_sweeps/XLK_full_paper_grid_800_step_robust/model_artifacts/seed_2345/risk_cvar/proto_source_spot_delta_k_10_weighted_1_learnw_0,194.0,0.10363494968041777,val_loss,0.05884189531207085,0.10848072171211243,0.0,0.0,426.0,20.0,2.0,spot_delta,10.0,True,False,0.152213916182518,0.32608017325401306
proto_source=spot_delta_k=10_weighted=1_learnw=0,test,2345,proto,-0.028248902410268784,0.033122941851615906,-0.13007486797869205,-0.09338447488844394,-0.1170489490032196,-0.018827209249138832,0.0061634779442101715,0.8434579439252337,-0.028530731797218323,0.0007541942759416997,0.00047236811951734126,0.055022723972797394,0.2151625156402588,0.2536553740501404,0.7752024531364441,0.0,0.0,0.0,0.0,,,cvar,/Users/yaniszaim/deephedging/.deephedging_real_runs/final_paper_notebook/panel_sweeps/XLK_full_paper_grid_800_step_robust/model_artifacts/seed_2345/risk_cvar/proto_source_spot_delta_k_10_weighted_1_learnw_0,194.0,0.10363494968041777,val_loss,0.05884189531207085,0.10848072171211243,0.0,0.0,428.0,20.0,2.0,spot_delta,10.0,True,False,0.152213916182518,0.32608017325401306
proto_source=spot_delta_k=25_weighted=0_learnw=0,train,2345,proto,-0.026920035481452942,0.029266634956002235,-0.11878194145858288,-0.08171585723757743,-0.10530287772417068,-0.018759993836283684,0.0023260660236701304,0.8830321285140562,-0.028206855058670044,0.0017392709851264954,0.00045244820648804307,0.03619488701224327,0.7045735716819763,0.37992119789123535,1.0,0.012889056224899598,0.010379016064257028,0.0025100401606425703,0.17118473895582328,,,cvar,/Users/yaniszaim/deephedging/.deephedging_real_runs/final_paper_notebook/panel_sweeps/XLK_full_paper_grid_800_step_robust/model_artifacts/seed_2345/risk_cvar/proto_source_spot_delta_k_25_weighted_0_learnw_0,739.0,0.10343630814745568,val_loss,0.02717275358736515,0.16089896857738495,0.004870892018779343,0.03286384976525822,1992.0,20.0,2.0,spot_delta,25.0,False,False,0.203523650765419,0.8091782331466675
proto_source=spot_delta_k=25_weighted=0_learnw=0,val,2345,proto,-0.0261472649872303,0.03060632199048996,-0.12457021325826645,-0.08456382527947426,-0.1077837273478508,-0.016880526207387447,0.0033553511602804065,0.8755868544600939,-0.02739359624683857,0.0016686063027009368,0.0004222745483275503,0.03552814573049545,0.5791428089141846,0.3817075490951538,1.0,0.01737089201877934,0.013145539906103286,0.004225352112676056,0.17370892018779344,,,cvar,/Users/yaniszaim/deephedging/.deephedging_real_runs/final_paper_notebook/panel_sweeps/XLK_full_paper_grid_800_step_robust/model_artifacts/seed_2345/risk_cvar/proto_source_spot_delta_k_25_weighted_0_learnw_0,739.0,0.10343630814745568,val_loss,0.02717275358736515,0.16089896857738495,0.004870892018779343,0.03286384976525822,426.0,20.0,2.0,spot_delta,25.0,False,False,0.203523650765419,0.8091782331466675
proto_source=spot_delta_k=25_weighted=0_learnw=0,test,2345,proto,-0.02673906460404396,0.030342677608132362,-0.11890272513031959,-0.08765485771000385,-0.10786785930395126,-0.017003655433654785,0.002435477101244031,0.8855140186915887,-0.028530731797218323,0.002250678837299347,0.0004590122262015939,0.03581908717751503,0.7045735716819763,0.3777279257774353,1.0,0.014310747663551402,0.009929906542056074,0.004380841121495327,0.1658878504672897,,,cvar,/Users/yaniszaim/deephedging/.deephedging_real_runs/final_paper_notebook/panel_sweeps/XLK_full_paper_grid_800_step_robust/model_artifacts/seed_2345/risk_cvar/proto_source_spot_delta_k_25_weighted_0_learnw_0,739.0,0.10343630814745568,val_loss,0.02717275358736515,0.16089896857738495,0.004870892018779343,0.03286384976525822,428.0,20.0,2.0,spot_delta,25.0,False,False,0.203523650765419,0.8091782331466675
proto_source=spot_delta_k=25_weighted=1_learnw=0,train,2345,proto,-0.028049329295754433,0.029785413295030594,-0.12353176772594451,-0.08372483029961586,-0.10798771679401398,-0.019415837712585926,0.0037818309036083517,0.8800200803212851,-0.028206855058670044,0.0005633371183648705,0.0004058086487930268,0.047058604657649994,0.16711175441741943,0.2510979473590851,0.7574235796928406,0.0,0.0,0.0,0.0,,,cvar,/Users/yaniszaim/deephedging/.deephedging_real_runs/final_paper_notebook/panel_sweeps/XLK_full_paper_grid_800_step_robust/model_artifacts/seed_2345/risk_cvar/proto_source_spot_delta_k_25_weighted_1_learnw_0,38.0,0.10325728083960711,val_loss,0.021924620494246483,0.10292326658964157,0.0,0.0,1992.0,20.0,2.0,spot_delta,25.0,True,False,0.12406151741743088,0.26681289076805115
proto_source=spot_delta_k=25_weighted=1_learnw=0,val,2345,proto,-0.026897819712758064,0.030735954642295837,-0.12264399230480194,-0.0904407911002636,-0.10954112559556961,-0.019305845722556114,0.004809783073142171,0.823943661971831,-0.02739359624683857,0.0009030794026330113,0.00040730240289121866,0.046952709555625916,0.17218300700187683,0.2517521381378174,0.7517326474189758,0.0,0.0,0.0,0.0,,,cvar,/Users/yaniszaim/deephedging/.deephedging_real_runs/final_paper_notebook/panel_sweeps/XLK_full_paper_grid_800_step_robust/model_artifacts/seed_2345/risk_cvar/proto_source_spot_delta_k_25_weighted_1_learnw_0,38.0,0.10325728083960711,val_loss,0.021924620494246483,0.10292326658964157,0.0,0.0,426.0,20.0,2.0,spot_delta,25.0,True,False,0.12406151741743088,0.26681289076805115
proto_source=spot_delta_k=25_weighted=1_learnw=0,test,2345,proto,-0.02822217158973217,0.03208806738257408,-0.12319195255637169,-0.09164810068905353,-0.11269038170576096,-0.017424012534320354,0.004672412294894448,0.8644859813084113,-0.028530731797218323,0.0007182599510997534,0.0004097011697012931,0.04707058519124985,0.14943856000900269,0.25128594040870667,0.7426305413246155,0.0,0.0,0.0,0.0,,,cvar,/Users/yaniszaim/deephedging/.deephedging_real_runs/final_paper_notebook/panel_sweeps/XLK_full_paper_grid_800_step_robust/model_artifacts/seed_2345/risk_cvar/proto_source_spot_delta_k_25_weighted_1_learnw_0,38.0,0.10325728083960711,val_loss,0.021924620494246483,0.10292326658964157,0.0,0.0,428.0,20.0,2.0,spot_delta,25.0,True,False,0.12406151741743088,0.26681289076805115
proto_source=spot_delta_k=50_weighted=0_learnw=0,train,2345,proto,-0.02755996584892273,0.02914341539144516,-0.11599481403827668,-0.08227911852300167,-0.10524221509695053,-0.019766458310186863,0.0035533267306163837,0.8729919678714859,-0.028206855058670044,0.001096686813980341,0.0004497944319155067,0.05029245465993881,0.5745132565498352,0.32681024074554443,1.0,0.00016315261044176708,7.530120481927712e-05,8.785140562248997e-05,0.001004016064257028,,,cvar,/Users/yaniszaim/deephedging/.deephedging_real_runs/final_paper_notebook/panel_sweeps/XLK_full_paper_grid_800_step_robust/model_artifacts/seed_2345/risk_cvar/proto_source_spot_delta_k_50_weighted_0_learnw_0,210.0,0.10402982235886157,val_loss,0.026546688750386238,0.16689838469028473,0.0,0.0,1992.0,20.0,2.0,spot_delta,50.0,False,False,0.2318217158317566,0.7144746780395508
proto_source=spot_delta_k=50_weighted=0_learnw=0,val,2345,proto,-0.02695346623659134,0.029675941914319992,-0.1238587275147438,-0.08607524074614048,-0.10683255642652512,-0.018106892704963684,0.004492010688409209,0.8615023474178404,-0.02739359624683857,0.0008828332065604627,0.00044270363287068903,0.049833450466394424,0.5567726492881775,0.3252417743206024,0.9810895323753357,0.0,0.0,0.0,0.0,,,cvar,/Users/yaniszaim/deephedging/.deephedging_real_runs/final_paper_notebook/panel_sweeps/XLK_full_paper_grid_800_step_robust/model_artifacts/seed_2345/risk_cvar/proto_source_spot_delta_k_50_weighted_0_learnw_0,210.0,0.10402982235886157,val_loss,0.026546688750386238,0.16689838469028473,0.0,0.0,426.0,20.0,2.0,spot_delta,50.0,False,False,0.2318217158317566,0.7144746780395508
proto_source=spot_delta_k=50_weighted=0_learnw=0,test,2345,proto,-0.02738233283162117,0.030767230316996574,-0.12138485051691532,-0.08631610982120037,-0.11085448414087296,-0.018016899935901165,0.004525581141933783,0.852803738317757,-0.028530731797218323,0.0016017273301258683,0.0004533308674581349,0.0497494600713253,0.5728342533111572,0.32561859488487244,1.0,0.00046728971962616824,0.00023364485981308412,0.00023364485981308412,0.002336448598130841,,,cvar,/Users/yaniszaim/deephedging/.deephedging_real_runs/final_paper_notebook/panel_sweeps/XLK_full_paper_grid_800_step_robust/model_artifacts/seed_2345/risk_cvar/proto_source_spot_delta_k_50_weighted_0_learnw_0,210.0,0.10402982235886157,val_loss,0.026546688750386238,0.16689838469028473,0.0,0.0,428.0,20.0,2.0,spot_delta,50.0,False,False,0.2318217158317566,0.7144746780395508
proto_source=spot_delta_k=50_weighted=1_learnw=0,train,2345,proto,-0.027696391567587852,0.029999326914548874,-0.12339380584657192,-0.08437518253922462,-0.10745587199926376,-0.019702084362506866,0.006145948404446218,0.8614457831325302,-0.028206855058670044,0.0009627594845369458,0.00045229253009893,0.0552462600171566,0.18871086835861206,0.3228326737880707,1.0,0.0004392570281124498,0.0004392570281124498,0.0,0.01706827309236948,,,cvar,/Users/yaniszaim/deephedging/.deephedging_real_runs/final_paper_notebook/panel_sweeps/XLK_full_paper_grid_800_step_robust/model_artifacts/seed_2345/risk_cvar/proto_source_spot_delta_k_50_weighted_1_learnw_0,56.0,0.10371483877301217,val_loss,0.03561210632324219,0.13076524436473846,0.0,0.0,1992.0,20.0,2.0,spot_delta,50.0,True,False,0.11903441697359085,0.2677583694458008
proto_source=spot_delta_k=50_weighted=1_learnw=0,val,2345,proto,-0.02677665837109089,0.030864108353853226,-0.1279155034571886,-0.08719902485609055,-0.11033023148775101,-0.019155779853463173,0.006555206840857863,0.8169014084507042,-0.02739359624683857,0.0010693364311009645,0.00045239721657708287,0.05532507598400116,0.18950247764587402,0.3229233920574188,1.0,0.0006455399061032864,0.0006455399061032864,0.0,0.025821596244131457,,,cvar,/Users/yaniszaim/deephedging/.deephedging_real_runs/final_paper_notebook/panel_sweeps/XLK_full_paper_grid_800_step_robust/model_artifacts/seed_2345/risk_cvar/proto_source_spot_delta_k_50_weighted_1_learnw_0,56.0,0.10371483877301217,val_loss,0.03561210632324219,0.13076524436473846,0.0,0.0,426.0,20.0,2.0,spot_delta,50.0,True,False,0.11903441697359085,0.2677583694458008
proto_source=spot_delta_k=50_weighted=1_learnw=0,test,2345,proto,-0.027802323922514915,0.032225899398326874,-0.11872317165136337,-0.08943612203001976,-0.11297020316123962,-0.017104841768741608,0.005168810766190272,0.8317757009345794,-0.028530731797218323,0.0011807738337665796,0.00045236924779601395,0.05522137135267258,0.17773717641830444,0.3232816755771637,1.0,0.0007009345794392523,0.0007009345794392523,0.0,0.02570093457943925,,,cvar,/Users/yaniszaim/deephedging/.deephedging_real_runs/final_paper_notebook/panel_sweeps/XLK_full_paper_grid_800_step_robust/model_artifacts/seed_2345/risk_cvar/proto_source_spot_delta_k_50_weighted_1_learnw_0,56.0,0.10371483877301217,val_loss,0.03561210632324219,0.13076524436473846,0.0,0.0,428.0,20.0,2.0,spot_delta,50.0,True,False,0.11903441697359085,0.2677583694458008
proto_source=spot_delta_k=100_weighted=0_learnw=0,train,2345,proto,-0.0275419969111681,0.029388578608632088,-0.1159436559677124,-0.08121108002960682,-0.10488173365592957,-0.019604377448558807,0.003994632768444709,0.8704819277108434,-0.028206855058670044,0.0010083290981128812,0.00034347057226113975,0.03227730095386505,0.35294902324676514,0.31742092967033386,1.0,0.00030120481927710846,0.0,0.00030120481927710846,0.0025100401606425703,,,cvar,/Users/yaniszaim/deephedging/.deephedging_real_runs/final_paper_notebook/panel_sweeps/XLK_full_paper_grid_800_step_robust/model_artifacts/seed_2345/risk_cvar/proto_source_spot_delta_k_100_weighted_0_learnw_0,53.0,0.10308592444285751,val_loss,0.04276929423213005,0.14261944591999054,0.0,0.0,1992.0,20.0,2.0,spot_delta,100.0,False,False,0.15599137544631958,0.39744052290916443
proto_source=spot_delta_k=100_weighted=0_learnw=0,val,2345,proto,-0.02685895748436451,0.030387941747903824,-0.12059934251010418,-0.08727293089032173,-0.1073356568813324,-0.018114913254976273,0.004572496633045375,0.823943661971831,-0.02739359624683857,0.0008860428933985531,0.00035140258842147887,0.032335344702005386,0.2964152693748474,0.3189327120780945,1.0,0.00035211267605633805,0.0,0.00035211267605633805,0.002347417840375587,,,cvar,/Users/yaniszaim/deephedging/.deephedging_real_runs/final_paper_notebook/panel_sweeps/XLK_full_paper_grid_800_step_robust/model_artifacts/seed_2345/risk_cvar/proto_source_spot_delta_k_100_weighted_0_learnw_0,53.0,0.10308592444285751,val_loss,0.04276929423213005,0.14261944591999054,0.0,0.0,426.0,20.0,2.0,spot_delta,100.0,False,False,0.15599137544631958,0.39744052290916443
proto_source=spot_delta_k=100_weighted=0_learnw=0,test,2345,proto,-0.027612922713160515,0.03135061264038086,-0.1229319880157709,-0.08818444050848484,-0.11141285300254822,-0.018840537406504154,0.004919461323879651,0.8481308411214953,-0.028530731797218323,0.001271662418730557,0.00035385257797315717,0.032548364251852036,0.34706228971481323,0.3173302114009857,1.0,0.0005257009345794393,0.0,0.0005257009345794393,0.004672897196261682,,,cvar,/Users/yaniszaim/deephedging/.deephedging_real_runs/final_paper_notebook/panel_sweeps/XLK_full_paper_grid_800_step_robust/model_artifacts/seed_2345/risk_cvar/proto_source_spot_delta_k_100_weighted_0_learnw_0,53.0,0.10308592444285751,val_loss,0.04276929423213005,0.14261944591999054,0.0,0.0,428.0,20.0,2.0,spot_delta,100.0,False,False,0.15599137544631958,0.39744052290916443
proto_source=spot_delta_k=100_weighted=1_learnw=0,train,2345,proto,-0.02854274772107601,0.029109330847859383,-0.11773315876722336,-0.08242583274841309,-0.10750524699687958,-0.01983454916626215,-0.00015270967851392926,0.9538152610441767,-0.028206855058670044,0.000567170325666666,0.00090306147467345,0.03316953405737877,0.17720746994018555,0.4127901792526245,1.0,0.05321285140562249,0.052522590361445784,0.0006902610441767068,0.44528112449799195,,,cvar,/Users/yaniszaim/deephedging/.deephedging_real_runs/final_paper_notebook/panel_sweeps/XLK_full_paper_grid_800_step_robust/model_artifacts/seed_2345/risk_cvar/proto_source_spot_delta_k_100_weighted_1_learnw_0,18.0,0.10372052371834226,val_loss,0.020683221518993378,0.1303124725818634,0.00011737089201877934,0.004694835680751174,1992.0,20.0,2.0,spot_delta,100.0,True,False,0.07722669094800949,0.1925145536661148
proto_source=spot_delta_k=100_weighted=1_learnw=0,val,2345,proto,-0.027919450774788857,0.029380295425653458,-0.12439138256013393,-0.08523394912481308,-0.10744335502386093,-0.018668307922780514,0.0010964159155264497,0.931924882629108,-0.02739359624683857,0.00038877769839018583,0.0009146328666247427,0.03325282782316208,0.17720746994018555,0.41282591223716736,1.0,0.04958920187793427,0.0482981220657277,0.0012910798122065727,0.4272300469483568,,,cvar,/Users/yaniszaim/deephedging/.deephedging_real_runs/final_paper_notebook/panel_sweeps/XLK_full_paper_grid_800_step_robust/model_artifacts/seed_2345/risk_cvar/proto_source_spot_delta_k_100_weighted_1_learnw_0,18.0,0.10372052371834226,val_loss,0.020683221518993378,0.1303124725818634,0.00011737089201877934,0.004694835680751174,426.0,20.0,2.0,spot_delta,100.0,True,False,0.07722669094800949,0.1925145536661148
proto_source=spot_delta_k=100_weighted=1_learnw=0,test,2345,proto,-0.029056238010525703,0.03172769397497177,-0.12591479144990445,-0.09124874919652938,-0.11563555896282196,-0.017872868105769157,0.0005751321848947534,0.9322429906542056,-0.028530731797218323,0.00037963653448969126,0.0009051431552506983,0.0332254022359848,0.17720705270767212,0.41106826066970825,1.0,0.05093457943925234,0.049766355140186916,0.0011682242990654205,0.397196261682243,,,cvar,/Users/yaniszaim/deephedging/.deephedging_real_runs/final_paper_notebook/panel_sweeps/XLK_full_paper_grid_800_step_robust/model_artifacts/seed_2345/risk_cvar/proto_source_spot_delta_k_100_weighted_1_learnw_0,18.0,0.10372052371834226,val_loss,0.020683221518993378,0.1303124725818634,0.00011737089201877934,0.004694835680751174,428.0,20.0,2.0,spot_delta,100.0,True,False,0.07722669094800949,0.1925145536661148
proto_source=vanilla_k=10_weighted=0_learnw=0,train,2345,proto,-0.027915051206946373,0.03008837066590786,-0.12231078691780567,-0.08434621877968311,-0.10940295457839966,-0.018675089813768864,-0.00040201412484748306,0.9994979919678715,-0.028206855058670044,0.0004977895878255367,0.00020598148694261909,0.016672760248184204,0.14524535834789276,0.1751970797777176,0.7473950386047363,0.0,0.0,0.0,0.0,,,cvar,/Users/yaniszaim/deephedging/.deephedging_real_runs/final_paper_notebook/panel_sweeps/XLK_full_paper_grid_800_step_robust/model_artifacts/seed_2345/risk_cvar/proto_source_vanilla_k_10_weighted_0_learnw_0,574.0,0.10463552029803395,val_loss,0.016681823879480362,0.17536194622516632,0.0,0.0,1992.0,20.0,2.0,vanilla,10.0,False,False,0.13529014587402344,0.30717021226882935
proto_source=vanilla_k=10_weighted=0_learnw=0,val,2345,proto,-0.027098676189780235,0.030475743114948273,-0.12190805189311504,-0.08890082128345966,-0.11034640669822693,-0.01667179260402918,-0.0003368106627021916,0.9976525821596244,-0.02739359624683857,0.0005008065490983427,0.0002058867976302281,0.016682488843798637,0.14524294435977936,0.1753695011138916,0.7473946809768677,0.0,0.0,0.0,0.0,,,cvar,/Users/yaniszaim/deephedging/.deephedging_real_runs/final_paper_notebook/panel_sweeps/XLK_full_paper_grid_800_step_robust/model_artifacts/seed_2345/risk_cvar/proto_source_vanilla_k_10_weighted_0_learnw_0,574.0,0.10463552029803395,val_loss,0.016681823879480362,0.17536194622516632,0.0,0.0,426.0,20.0,2.0,vanilla,10.0,False,False,0.13529014587402344,0.30717021226882935
proto_source=vanilla_k=10_weighted=0_learnw=0,test,2345,proto,-0.028279202058911324,0.03236359730362892,-0.12078789107501507,-0.09442706108093261,-0.11541827023029327,-0.017587789334356785,-0.0003931446306523877,1.0,-0.028530731797218323,0.00045754018356092274,0.00020601431606337428,0.016682704910635948,0.14524537324905396,0.17539486289024353,0.7473950386047363,0.0,0.0,0.0,0.0,,,cvar,/Users/yaniszaim/deephedging/.deephedging_real_runs/final_paper_notebook/panel_sweeps/XLK_full_paper_grid_800_step_robust/model_artifacts/seed_2345/risk_cvar/proto_source_vanilla_k_10_weighted_0_learnw_0,574.0,0.10463552029803395,val_loss,0.016681823879480362,0.17536194622516632,0.0,0.0,428.0,20.0,2.0,vanilla,10.0,False,False,0.13529014587402344,0.30717021226882935
proto_source=vanilla_k=10_weighted=1_learnw=0,train,2345,proto,-0.028039023280143738,0.029948532581329346,-0.12246204629540443,-0.08405286483466624,-0.10948466509580612,-0.018570955842733383,-0.00036074292729608773,0.9668674698795181,-0.028206855058670044,0.0005821718950755894,0.0004143377300351858,0.024155907332897186,0.08198131620883942,0.22127430140972137,0.7744990587234497,0.0,0.0,0.0,0.0,,,cvar,/Users/yaniszaim/deephedging/.deephedging_real_runs/final_paper_notebook/panel_sweeps/XLK_full_paper_grid_800_step_robust/model_artifacts/seed_2345/risk_cvar/proto_source_vanilla_k_10_weighted_1_learnw_0,3.0,0.10496299476362765,val_loss,0.021908732131123543,0.22804288566112518,0.0,0.0,1992.0,20.0,2.0,vanilla,10.0,True,False,0.07459936290979385,0.12991952896118164
proto_source=vanilla_k=10_weighted=1_learnw=0,val,2345,proto,-0.027321770787239075,0.030342819169163704,-0.12437783367931843,-0.08900746703147888,-0.11025881767272949,-0.016863602213561535,-2.8712660423479974e-05,0.9530516431924883,-0.02739359624683857,0.0004852985730394721,0.0004134745104238391,0.02414712682366371,0.08122850209474564,0.22127200663089752,0.774364709854126,0.0,0.0,0.0,0.0,,,cvar,/Users/yaniszaim/deephedging/.deephedging_real_runs/final_paper_notebook/panel_sweeps/XLK_full_paper_grid_800_step_robust/model_artifacts/seed_2345/risk_cvar/proto_source_vanilla_k_10_weighted_1_learnw_0,3.0,0.10496299476362765,val_loss,0.021908732131123543,0.22804288566112518,0.0,0.0,426.0,20.0,2.0,vanilla,10.0,True,False,0.07459936290979385,0.12991952896118164
proto_source=vanilla_k=10_weighted=1_learnw=0,test,2345,proto,-0.02844526618719101,0.032241567969322205,-0.12671440452337265,-0.09367594867944717,-0.11574521660804749,-0.017344693653285503,-0.00014050750178284992,0.9602803738317757,-0.028530731797218323,0.0004992044996470213,0.00041373996646143496,0.02415398322045803,0.0816722959280014,0.22127266228199005,0.7741902470588684,0.0,0.0,0.0,0.0,,,cvar,/Users/yaniszaim/deephedging/.deephedging_real_runs/final_paper_notebook/panel_sweeps/XLK_full_paper_grid_800_step_robust/model_artifacts/seed_2345/risk_cvar/proto_source_vanilla_k_10_weighted_1_learnw_0,3.0,0.10496299476362765,val_loss,0.021908732131123543,0.22804288566112518,0.0,0.0,428.0,20.0,2.0,vanilla,10.0,True,False,0.07459936290979385,0.12991952896118164
proto_source=vanilla_k=25_weighted=0_learnw=0,train,2345,proto,-0.02814326621592045,0.03105197101831436,-0.12439341709017754,-0.0864930223673582,-0.11188112199306488,-0.018985522910952568,-0.00011099555958935587,0.9673694779116466,-0.028206855058670044,0.0001938657514983788,0.00013027267414145172,0.006855915766209364,0.14939504861831665,0.0719250813126564,0.43633630871772766,0.0,0.0,0.0,0.0,,,cvar,/Users/yaniszaim/deephedging/.deephedging_real_runs/final_paper_notebook/panel_sweeps/XLK_full_paper_grid_800_step_robust/model_artifacts/seed_2345/risk_cvar/proto_source_vanilla_k_25_weighted_0_learnw_0,254.0,0.1050262781092897,val_loss,0.01015563029795885,0.12522868812084198,0.0,0.0,1992.0,20.0,2.0,vanilla,25.0,False,False,0.07664740830659866,0.17283989489078522
proto_source=vanilla_k=25_weighted=0_learnw=0,val,2345,proto,-0.027341030538082123,0.03147415816783905,-0.1285560168325901,-0.09160723723471165,-0.11311478912830353,-0.016883987933397293,-9.021539153764024e-05,0.9694835680751174,-0.02739359624683857,0.0001818815217120573,0.00012931571109220386,0.006851640064269304,0.13880154490470886,0.07147978246212006,0.3400387763977051,0.0,0.0,0.0,0.0,,,cvar,/Users/yaniszaim/deephedging/.deephedging_real_runs/final_paper_notebook/panel_sweeps/XLK_full_paper_grid_800_step_robust/model_artifacts/seed_2345/risk_cvar/proto_source_vanilla_k_25_weighted_0_learnw_0,254.0,0.1050262781092897,val_loss,0.01015563029795885,0.12522868812084198,0.0,0.0,426.0,20.0,2.0,vanilla,25.0,False,False,0.07664740830659866,0.17283989489078522
proto_source=vanilla_k=25_weighted=0_learnw=0,test,2345,proto,-0.02850564569234848,0.033366166055202484,-0.12812488824129104,-0.09660815522074699,-0.11840308457612991,-0.017684433609247208,-0.0001474710021284409,0.969626168224299,-0.028530731797218323,0.00015823410649318248,0.00013314918032847345,0.0069344546645879745,0.12145622074604034,0.07105863839387894,0.3993094265460968,0.0,0.0,0.0,0.0,,,cvar,/Users/yaniszaim/deephedging/.deephedging_real_runs/final_paper_notebook/panel_sweeps/XLK_full_paper_grid_800_step_robust/model_artifacts/seed_2345/risk_cvar/proto_source_vanilla_k_25_weighted_0_learnw_0,254.0,0.1050262781092897,val_loss,0.01015563029795885,0.12522868812084198,0.0,0.0,428.0,20.0,2.0,vanilla,25.0,False,False,0.07664740830659866,0.17283989489078522
proto_source=vanilla_k=25_weighted=1_learnw=0,train,2345,proto,-0.027738725766539574,0.029430203139781952,-0.11958039969205857,-0.08228482641279697,-0.10809311270713806,-0.01817309483885765,-0.00018941587622976392,0.9573293172690763,-0.028206855058670044,0.0008067461894825101,0.00033861404517665505,0.026752229779958725,0.11247113347053528,0.31391698122024536,1.0,0.09802961847389559,0.09802961847389559,0.0,0.9974899598393574,,,cvar,/Users/yaniszaim/deephedging/.deephedging_real_runs/final_paper_notebook/panel_sweeps/XLK_full_paper_grid_800_step_robust/model_artifacts/seed_2345/risk_cvar/proto_source_vanilla_k_25_weighted_1_learnw_0,21.0,0.10465038841655873,val_loss,0.031206892803311348,0.17135649919509888,0.00035211267605633805,0.007042253521126761,1992.0,20.0,2.0,vanilla,25.0,True,False,0.0578075610101223,0.14772756397724152
proto_source=vanilla_k=25_weighted=1_learnw=0,val,2345,proto,-0.027151303365826607,0.02974638156592846,-0.12397284246981144,-0.08664395846426487,-0.10910257697105408,-0.01649548951536417,-8.144494495354593e-05,0.9530516431924883,-0.02739359624683857,0.000579289102461189,0.00033699494088068604,0.026746051385998726,0.11109386384487152,0.31350067257881165,1.0,0.09765258215962441,0.09765258215962441,0.0,1.0,,,cvar,/Users/yaniszaim/deephedging/.deephedging_real_runs/final_paper_notebook/panel_sweeps/XLK_full_paper_grid_800_step_robust/model_artifacts/seed_2345/risk_cvar/proto_source_vanilla_k_25_weighted_1_learnw_0,21.0,0.10465038841655873,val_loss,0.031206892803311348,0.17135649919509888,0.00035211267605633805,0.007042253521126761,426.0,20.0,2.0,vanilla,25.0,True,False,0.0578075610101223,0.14772756397724152
proto_source=vanilla_k=25_weighted=1_learnw=0,test,2345,proto,-0.02815265953540802,0.03160562366247177,-0.12593308135867118,-0.09234156087040901,-0.11444482952356339,-0.017387311905622482,-6.81083256495193e-05,0.9532710280373832,-0.028530731797218323,0.0007155349594540894,0.00033746540430001915,0.026737665757536888,0.09590357542037964,0.31399238109588623,1.0,0.09836448598130841,0.09836448598130841,0.0,0.9976635514018691,,,cvar,/Users/yaniszaim/deephedging/.deephedging_real_runs/final_paper_notebook/panel_sweeps/XLK_full_paper_grid_800_step_robust/model_artifacts/seed_2345/risk_cvar/proto_source_vanilla_k_25_weighted_1_learnw_0,21.0,0.10465038841655873,val_loss,0.031206892803311348,0.17135649919509888,0.00035211267605633805,0.007042253521126761,428.0,20.0,2.0,vanilla,25.0,True,False,0.0578075610101223,0.14772756397724152
proto_source=vanilla_k=50_weighted=0_learnw=0,train,2345,proto,-0.02761376090347767,0.029316099360585213,-0.11968038909137249,-0.08268074840307235,-0.10764661431312561,-0.018109464086592197,-0.00044336391147226236,0.9839357429718876,-0.028206855058670044,0.0008609748329035938,0.00026787840761244297,0.025856897234916687,0.1404595971107483,0.2620932161808014,1.0,0.028940763052208836,0.028940763052208836,0.0,0.9718875502008032,,,cvar,/Users/yaniszaim/deephedging/.deephedging_real_runs/final_paper_notebook/panel_sweeps/XLK_full_paper_grid_800_step_robust/model_artifacts/seed_2345/risk_cvar/proto_source_vanilla_k_50_weighted_0_learnw_0,47.0,0.10558659824345942,val_loss,0.025467921048402786,0.239997997879982,0.011443661971830986,0.3028169014084507,1992.0,20.0,2.0,vanilla,50.0,False,False,0.1016971692442894,0.17991533875465393
proto_source=vanilla_k=50_weighted=0_learnw=0,val,2345,proto,-0.02689853124320507,0.029704244807362556,-0.11980307102203369,-0.08809486590325832,-0.10862663388252258,-0.01650987658649683,-0.0003027615093742497,0.9765258215962441,-0.02739359624683857,0.000764218159019947,0.00026915271882899106,0.02587052993476391,0.14036810398101807,0.26229795813560486,1.0,0.0289906103286385,0.0289906103286385,0.0,0.971830985915493,,,cvar,/Users/yaniszaim/deephedging/.deephedging_real_runs/final_paper_notebook/panel_sweeps/XLK_full_paper_grid_800_step_robust/model_artifacts/seed_2345/risk_cvar/proto_source_vanilla_k_50_weighted_0_learnw_0,47.0,0.10558659824345942,val_loss,0.025467921048402786,0.239997997879982,0.011443661971830986,0.3028169014084507,426.0,20.0,2.0,vanilla,50.0,False,False,0.1016971692442894,0.17991533875465393
proto_source=vanilla_k=50_weighted=0_learnw=0,test,2345,proto,-0.028122661635279655,0.03162887319922447,-0.1252346684038639,-0.09240504875779151,-0.11438420414924622,-0.017236229963600636,-0.0004774568980792557,0.9836448598130841,-0.028530731797218323,0.0006783051649108529,0.0002702347992453724,0.025891553610563278,0.13841187953948975,0.2622357904911041,1.0,0.029439252336448597,0.029439252336448597,0.0,0.969626168224299,,,cvar,/Users/yaniszaim/deephedging/.deephedging_real_runs/final_paper_notebook/panel_sweeps/XLK_full_paper_grid_800_step_robust/model_artifacts/seed_2345/risk_cvar/proto_source_vanilla_k_50_weighted_0_learnw_0,47.0,0.10558659824345942,val_loss,0.025467921048402786,0.239997997879982,0.011443661971830986,0.3028169014084507,428.0,20.0,2.0,vanilla,50.0,False,False,0.1016971692442894,0.17991533875465393
proto_source=vanilla_k=50_weighted=1_learnw=0,train,2345,proto,-0.02808687649667263,0.029482563957571983,-0.12162373214960098,-0.0825936283916235,-0.10856222361326218,-0.01860087178647518,0.0008624418580438937,0.9257028112449799,-0.028206855058670044,0.000803553790319711,0.0006835719686932862,0.034428905695676804,0.11472762376070023,0.3473037779331207,1.0,0.19722640562248997,0.19722640562248997,0.0,1.0,,,cvar,/Users/yaniszaim/deephedging/.deephedging_real_runs/final_paper_notebook/panel_sweeps/XLK_full_paper_grid_800_step_robust/model_artifacts/seed_2345/risk_cvar/proto_source_vanilla_k_50_weighted_1_learnw_0,42.0,0.10489004297466172,val_loss,0.023124000057578087,0.15693360567092896,0.005692488262910798,0.11032863849765258,1992.0,20.0,2.0,vanilla,50.0,True,False,0.08344557136297226,0.16550208628177643
proto_source=vanilla_k=50_weighted=1_learnw=0,val,2345,proto,-0.027488650754094124,0.02984635904431343,-0.12389582023024559,-0.08631953597068787,-0.10899534076452255,-0.0174275990575552,0.0010477941104909405,0.9154929577464789,-0.02739359624683857,0.0005880868411622941,0.0006831401842646301,0.03442853316664696,0.11228109151124954,0.34726986289024353,1.0,0.19700704225352111,0.19700704225352111,0.0,1.0,,,cvar,/Users/yaniszaim/deephedging/.deephedging_real_runs/final_paper_notebook/panel_sweeps/XLK_full_paper_grid_800_step_robust/model_artifacts/seed_2345/risk_cvar/proto_source_vanilla_k_50_weighted_1_learnw_0,42.0,0.10489004297466172,val_loss,0.023124000057578087,0.15693360567092896,0.005692488262910798,0.11032863849765258,426.0,20.0,2.0,vanilla,50.0,True,False,0.08344557136297226,0.16550208628177643
proto_source=vanilla_k=50_weighted=1_learnw=0,test,2345,proto,-0.0285042654722929,0.03193048760294914,-0.1263381950557232,-0.0917162150144577,-0.11556718498468399,-0.01743731740862131,0.0009654912690166384,0.9205607476635514,-0.028530731797218323,0.0007114423206076026,0.0006849775672890246,0.0344557985663414,0.11532110720872879,0.3472798764705658,1.0,0.197196261682243,0.197196261682243,0.0,1.0,,,cvar,/Users/yaniszaim/deephedging/.deephedging_real_runs/final_paper_notebook/panel_sweeps/XLK_full_paper_grid_800_step_robust/model_artifacts/seed_2345/risk_cvar/proto_source_vanilla_k_50_weighted_1_learnw_0,42.0,0.10489004297466172,val_loss,0.023124000057578087,0.15693360567092896,0.005692488262910798,0.11032863849765258,428.0,20.0,2.0,vanilla,50.0,True,False,0.08344557136297226,0.16550208628177643
proto_source=vanilla_k=100_weighted=0_learnw=0,train,2345,proto,-0.028079895302653313,0.030258281156420708,-0.12340505108237267,-0.08465387150645257,-0.11028487980365753,-0.018598699010908604,-0.0002897716709412658,0.964859437751004,-0.028206855058670044,0.00047742764581926167,0.000350466143572703,0.020055629312992096,0.07575549930334091,0.18410062789916992,0.6256016492843628,0.0,0.0,0.0,0.0,,,cvar,/Users/yaniszaim/deephedging/.deephedging_real_runs/final_paper_notebook/panel_sweeps/XLK_full_paper_grid_800_step_robust/model_artifacts/seed_2345/risk_cvar/proto_source_vanilla_k_100_weighted_0_learnw_0,3.0,0.10508649337105452,val_loss,0.020080989226698875,0.18396545946598053,0.0,0.0,1992.0,20.0,2.0,vanilla,100.0,False,False,0.09597120434045792,0.15254980325698853
proto_source=vanilla_k=100_weighted=0_learnw=0,val,2345,proto,-0.02733670547604561,0.030642151832580566,-0.12532171048223972,-0.08965692482888699,-0.11104635894298553,-0.01697242632508278,1.3425487850327045e-05,0.9483568075117371,-0.02739359624683857,0.00040683409315533936,0.0003499433514662087,0.020055484026670456,0.07390199601650238,0.18409621715545654,0.6246800422668457,0.0,0.0,0.0,0.0,,,cvar,/Users/yaniszaim/deephedging/.deephedging_real_runs/final_paper_notebook/panel_sweeps/XLK_full_paper_grid_800_step_robust/model_artifacts/seed_2345/risk_cvar/proto_source_vanilla_k_100_weighted_0_learnw_0,3.0,0.10508649337105452,val_loss,0.020080989226698875,0.18396545946598053,0.0,0.0,426.0,20.0,2.0,vanilla,100.0,False,False,0.09597120434045792,0.15254980325698853
proto_source=vanilla_k=100_weighted=0_learnw=0,test,2345,proto,-0.02847166545689106,0.03255253657698631,-0.1276710494607687,-0.09431941136717796,-0.11652907729148865,-0.01736915484070778,-8.867263532010944e-05,0.9602803738317757,-0.028530731797218323,0.0004090654256287962,0.00035000048228539526,0.0200563482940197,0.07658365368843079,0.1841018795967102,0.623498260974884,0.0,0.0,0.0,0.0,,,cvar,/Users/yaniszaim/deephedging/.deephedging_real_runs/final_paper_notebook/panel_sweeps/XLK_full_paper_grid_800_step_robust/model_artifacts/seed_2345/risk_cvar/proto_source_vanilla_k_100_weighted_0_learnw_0,3.0,0.10508649337105452,val_loss,0.020080989226698875,0.18396545946598053,0.0,0.0,428.0,20.0,2.0,vanilla,100.0,False,False,0.09597120434045792,0.15254980325698853
proto_source=vanilla_k=100_weighted=1_learnw=0,train,2345,proto,-0.02767845243215561,0.03015526570379734,-0.12394462198019028,-0.08526851870119571,-0.11065220087766647,-0.018073031678795815,4.118533324799412e-05,0.9457831325301205,-0.028206855058670044,0.000752367137465626,0.00022396352142095566,0.020394019782543182,0.16559427976608276,0.20161116123199463,1.0,0.0011169678714859437,0.001016566265060241,0.00010040160642570282,0.0286144578313253,,,cvar,/Users/yaniszaim/deephedging/.deephedging_real_runs/final_paper_notebook/panel_sweeps/XLK_full_paper_grid_800_step_robust/model_artifacts/seed_2345/risk_cvar/proto_source_vanilla_k_100_weighted_1_learnw_0,25.0,0.10443156538496205,val_loss,0.016192715615034103,0.1283961534500122,0.0006455399061032864,0.004694835680751174,1992.0,20.0,2.0,vanilla,100.0,True,False,0.04410430043935776,0.1857200562953949
proto_source=vanilla_k=100_weighted=1_learnw=0,val,2345,proto,-0.026920126751065254,0.03058757819235325,-0.127155601978302,-0.08966950885951519,-0.11183352768421173,-0.016083302907645702,9.03622894838918e-05,0.9366197183098591,-0.02739359624683857,0.000695337017532438,0.00022186771093402058,0.020249683409929276,0.12849920988082886,0.19949044287204742,1.0,0.0013497652582159625,0.0013497652582159625,0.0,0.028169014084507043,,,cvar,/Users/yaniszaim/deephedging/.deephedging_real_runs/final_paper_notebook/panel_sweeps/XLK_full_paper_grid_800_step_robust/model_artifacts/seed_2345/risk_cvar/proto_source_vanilla_k_100_weighted_1_learnw_0,25.0,0.10443156538496205,val_loss,0.016192715615034103,0.1283961534500122,0.0006455399061032864,0.004694835680751174,426.0,20.0,2.0,vanilla,100.0,True,False,0.04410430043935776,0.1857200562953949
proto_source=vanilla_k=100_weighted=1_learnw=0,test,2345,proto,-0.028088003396987915,0.03247153386473656,-0.12242025546729565,-0.09596651829779147,-0.11672692000865936,-0.01712419092655182,-8.846431810525257e-05,0.9626168224299065,-0.028530731797218323,0.0006691894377581775,0.0002264627837575972,0.020400777459144592,0.1512429416179657,0.20042571425437927,1.0,0.0012850467289719626,0.0009345794392523365,0.00035046728971962614,0.028037383177570093,,,cvar,/Users/yaniszaim/deephedging/.deephedging_real_runs/final_paper_notebook/panel_sweeps/XLK_full_paper_grid_800_step_robust/model_artifacts/seed_2345/risk_cvar/proto_source_vanilla_k_100_weighted_1_learnw_0,25.0,0.10443156538496205,val_loss,0.016192715615034103,0.1283961534500122,0.0006455399061032864,0.004694835680751174,428.0,20.0,2.0,vanilla,100.0,True,False,0.04410430043935776,0.1857200562953949
unhedged,train,3456,baseline,-0.02820787951350212,0.032139237970113754,-0.12644004344940185,-0.08911681175231934,-0.11576346307992935,-0.018770992755889893,0.0,0.6706827309236948,-0.02820787951350212,0.0,0.0,0.0,0.0,0.0,0.0,0.0,0.0,0.0,0.0,,,,,,,,,,,,,,,,,,,,
spot_delta,train,3456,baseline,-0.02799033559858799,0.03118249960243702,-0.11971949696540833,-0.0871343344449997,-0.1114431843161583,-0.020177987404167652,0.0054675301536917555,0.8403614457831325,-0.02820787951350212,0.00041640279232524335,0.00019885854271706194,0.02474602684378624,0.6374130249023438,0.2577859163284302,0.6374130249023438,0.0,0.0,0.0,0.0,,,,,,,,,,,,,,,,,,,,
spot_delta_band,train,3456,baseline,-0.02794915996491909,0.031199894845485687,-0.12005114212632179,-0.0876262504607439,-0.11185897141695023,-0.019654490053653717,0.004386653425171951,0.8393574297188755,-0.02820787951350212,0.00036443545832298696,0.00010571585880825296,0.013202978298068047,0.5874130129814148,0.2457655817270279,0.5874130129814148,0.0,0.0,0.0,0.0,0.05,gains_mean,,,,,,,,,,,,,,,,,,
unhedged,val,3456,baseline,-0.02774297259747982,0.031284041702747345,-0.1298820674419403,-0.08641541004180908,-0.1129344254732132,-0.01647806167602539,-0.0,0.6666666666666666,-0.02774297259747982,0.0,0.0,0.0,0.0,0.0,0.0,0.0,0.0,0.0,0.0,,,,,,,,,,,,,,,,,,,,
spot_delta,val,3456,baseline,-0.027165375649929047,0.030057014897465706,-0.11578519083559513,-0.0836120955646038,-0.10423693805932999,-0.018251006491482258,0.00622105470392853,0.8615023474178404,-0.02774297259747982,0.0007798515143804252,0.00020225498883519322,0.02516791969537735,0.6312080025672913,0.2579001188278198,0.6312080025672913,0.0,0.0,0.0,0.0,,,,,,,,,,,,,,,,,,,,
spot_delta_band,val,3456,baseline,-0.02714289166033268,0.03019423596560955,-0.11792108044028282,-0.08347016014158726,-0.10503710061311722,-0.017913218587636948,0.004637606325559318,0.8380281690140845,-0.02774297259747982,0.0007062581717036664,0.00010617895168252289,0.013260927982628345,0.5812079906463623,0.246261328458786,0.5812079906463623,0.0,0.0,0.0,0.0,0.05,gains_mean,,,,,,,,,,,,,,,,,,
unhedged,test,3456,baseline,-0.028178228065371513,0.031493961811065674,-0.12321632385253906,-0.08828168511390685,-0.10885555297136307,-0.018166661262512207,-0.0,0.6822429906542056,-0.028178228065371513,0.0,0.0,0.0,0.0,0.0,0.0,0.0,0.0,0.0,0.0,,,,,,,,,,,,,,,,,,,,
spot_delta,test,3456,baseline,-0.02803451009094715,0.030521249398589134,-0.11413946643471717,-0.08680501356720924,-0.10402294993400574,-0.020354801788926125,0.006478702533058803,0.852803738317757,-0.028178228065371513,0.00034828856587409973,0.00020457079517655075,0.025441855192184448,0.6284639835357666,0.2576369345188141,0.6312080025672913,0.0,0.0,0.0,0.0,,,,,,,,,,,,,,,,,,,,
spot_delta_band,test,3456,baseline,-0.027964770793914795,0.030510570853948593,-0.11522624023258686,-0.08708212524652481,-0.10480692982673645,-0.020139463245868683,0.005569065059535204,0.8457943925233645,-0.028178228065371513,0.00032086233841255307,0.00010740278958110139,0.013413128443062305,0.5784639716148376,0.24626462161540985,0.5812079906463623,0.0,0.0,0.0,0.0,0.05,gains_mean,,,,,,,,,,,,,,,,,,
vanilla,train,3456,vanilla,-0.027607562020421028,0.02993350848555565,-0.120184311196208,-0.08517205230891704,-0.11022032797336578,-0.018079138360917568,-3.293118061264999e-05,0.9508032128514057,-0.02820787951350212,0.0008200391312129796,0.00021972073591314256,0.025191131979227066,0.11138367652893066,0.26201143860816956,1.0,0.07872740963855422,0.07872740963855422,0.0,1.0,,,cvar,/Users/yaniszaim/deephedging/.deephedging_real_runs/final_paper_notebook/panel_sweeps/XLK_full_paper_grid_800_step_robust/model_artifacts/seed_3456/risk_cvar/vanilla,443.0,0.10483153723346446,val_loss,0.021640073508024216,0.17840316891670227,5.868544600938967e-05,0.002347417840375587,1992.0,20.0,2.0,,,,,,
vanilla,val,3456,vanilla,-0.027119172737002373,0.029094183817505836,-0.1242996547371149,-0.08201668597757816,-0.10755518078804016,-0.015727763529866934,-0.00012749525558319874,0.9553990610328639,-0.02774297259747982,0.000843584188260138,0.0002197866706410423,0.02519100159406662,0.10584878921508789,0.26201561093330383,1.0,0.07875586854460094,0.07875586854460094,0.0,1.0,,,cvar,/Users/yaniszaim/deephedging/.deephedging_real_runs/final_paper_notebook/panel_sweeps/XLK_full_paper_grid_800_step_robust/model_artifacts/seed_3456/risk_cvar/vanilla,443.0,0.10483153723346446,val_loss,0.021640073508024216,0.17840316891670227,5.868544600938967e-05,0.002347417840375587,426.0,20.0,2.0,,,,,,
vanilla,test,3456,vanilla,-0.02776928059756756,0.029176924377679825,-0.11761786475777626,-0.0831890009343624,-0.10332617163658142,-0.017459635622799397,-0.0003575343551347035,0.9719626168224299,-0.028178228065371513,0.0006286157877184451,0.00021966840722598135,0.02519124560058117,0.11103165149688721,0.26200050115585327,1.0,0.07914719626168225,0.07914719626168225,0.0,1.0,,,cvar,/Users/yaniszaim/deephedging/.deephedging_real_runs/final_paper_notebook/panel_sweeps/XLK_full_paper_grid_800_step_robust/model_artifacts/seed_3456/risk_cvar/vanilla,443.0,0.10483153723346446,val_loss,0.021640073508024216,0.17840316891670227,5.868544600938967e-05,0.002347417840375587,428.0,20.0,2.0,,,,,,
proto_source=spot_delta_k=10_weighted=0_learnw=0,train,3456,proto,-0.02779274247586727,0.030786683782935143,-0.12314253814518451,-0.08779637254774571,-0.11222591251134872,-0.018438239581882954,0.0008520306757418432,0.9156626506024096,-0.02820787951350212,0.0006601642817258835,0.0002450263418722898,0.028160082176327705,0.1764512062072754,0.17638446390628815,0.7466034889221191,0.0,0.0,0.0,0.0,,,cvar,/Users/yaniszaim/deephedging/.deephedging_real_runs/final_paper_notebook/panel_sweeps/XLK_full_paper_grid_800_step_robust/model_artifacts/seed_3456/risk_cvar/proto_source_spot_delta_k_10_weighted_0_learnw_0,47.0,0.10384299105964602,val_loss,0.025896159932017326,0.12407132238149643,0.0,0.0,1992.0,20.0,2.0,spot_delta,10.0,False,False,0.10220946371555328,0.20593567192554474
proto_source=spot_delta_k=10_weighted=0_learnw=0,val,3456,proto,-0.027644064277410507,0.030068211257457733,-0.12629391998052597,-0.08447172306478024,-0.10935848206281662,-0.01738516427576542,0.0007825966895325109,0.9178403755868545,-0.02774297259747982,0.00034236599458381534,0.00024345643760170788,0.027950260788202286,0.1725286841392517,0.175876647233963,0.7166544795036316,0.0,0.0,0.0,0.0,,,cvar,/Users/yaniszaim/deephedging/.deephedging_real_runs/final_paper_notebook/panel_sweeps/XLK_full_paper_grid_800_step_robust/model_artifacts/seed_3456/risk_cvar/proto_source_spot_delta_k_10_weighted_0_learnw_0,47.0,0.10384299105964602,val_loss,0.025896159932017326,0.12407132238149643,0.0,0.0,426.0,20.0,2.0,spot_delta,10.0,False,False,0.10220946371555328,0.20593567192554474
proto_source=spot_delta_k=10_weighted=0_learnw=0,test,3456,proto,-0.02801424078643322,0.030202480033040047,-0.11444087743759156,-0.08776245899498462,-0.10650346428155899,-0.017804760485887527,0.0002580689237220178,0.9392523364485982,-0.028178228065371513,0.0004057666228618473,0.00024177934392355382,0.027793368324637413,0.17225974798202515,0.1769486367702484,0.7173086404800415,0.0,0.0,0.0,0.0,,,cvar,/Users/yaniszaim/deephedging/.deephedging_real_runs/final_paper_notebook/panel_sweeps/XLK_full_paper_grid_800_step_robust/model_artifacts/seed_3456/risk_cvar/proto_source_spot_delta_k_10_weighted_0_learnw_0,47.0,0.10384299105964602,val_loss,0.025896159932017326,0.12407132238149643,0.0,0.0,428.0,20.0,2.0,spot_delta,10.0,False,False,0.10220946371555328,0.20593567192554474
proto_source=spot_delta_k=10_weighted=1_learnw=0,train,3456,proto,-0.027732988819479942,0.0302770733833313,-0.12244346261024475,-0.0867872416973114,-0.1111462414264679,-0.01876808051019907,0.0019233088358305355,0.8970883534136547,-0.02820787951350212,0.0007293405942618847,0.0002544486487749964,0.029675204306840897,0.2829453647136688,0.31331726908683777,1.0,0.0038529116465863453,0.0038529116465863453,0.0,0.06224899598393574,,,cvar,/Users/yaniszaim/deephedging/.deephedging_real_runs/final_paper_notebook/panel_sweeps/XLK_full_paper_grid_800_step_robust/model_artifacts/seed_3456/risk_cvar/proto_source_spot_delta_k_10_weighted_1_learnw_0,58.0,0.10378757098689674,val_loss,0.0330253429710865,0.12548643350601196,0.0,0.0,1992.0,20.0,2.0,spot_delta,10.0,True,False,0.1774340271949768,0.540679931640625
proto_source=spot_delta_k=10_weighted=1_learnw=0,val,3456,proto,-0.02739104814827442,0.029258688911795616,-0.12168681807816029,-0.08104078099131584,-0.1076870709657669,-0.017343861050903797,0.0018347087898291647,0.8943661971830986,-0.02774297259747982,0.0006050611846148968,0.0002531373465899378,0.029639506712555885,0.1810457408428192,0.3136225938796997,1.0,0.004107981220657277,0.004107981220657277,0.0,0.08450704225352113,,,cvar,/Users/yaniszaim/deephedging/.deephedging_real_runs/final_paper_notebook/panel_sweeps/XLK_full_paper_grid_800_step_robust/model_artifacts/seed_3456/risk_cvar/proto_source_spot_delta_k_10_weighted_1_learnw_0,58.0,0.10378757098689674,val_loss,0.0330253429710865,0.12548643350601196,0.0,0.0,426.0,20.0,2.0,spot_delta,10.0,True,False,0.1774340271949768,0.540679931640625
proto_source=spot_delta_k=10_weighted=1_learnw=0,test,3456,proto,-0.02762378752231598,0.029758557677268982,-0.11716604873538017,-0.0829513754695654,-0.1054215356707573,-0.017946024425327778,0.0015714320994447883,0.8901869158878505,-0.028178228065371513,0.0008034295169636607,0.00024898920673877,0.028953030705451965,0.214453786611557,0.31275618076324463,1.0,0.003738317757009346,0.003738317757009346,0.0,0.07009345794392523,,,cvar,/Users/yaniszaim/deephedging/.deephedging_real_runs/final_paper_notebook/panel_sweeps/XLK_full_paper_grid_800_step_robust/model_artifacts/seed_3456/risk_cvar/proto_source_spot_delta_k_10_weighted_1_learnw_0,58.0,0.10378757098689674,val_loss,0.0330253429710865,0.12548643350601196,0.0,0.0,428.0,20.0,2.0,spot_delta,10.0,True,False,0.1774340271949768,0.540679931640625
proto_source=spot_delta_k=25_weighted=0_learnw=0,train,3456,proto,-0.027723409235477448,0.03090711683034897,-0.1262666304409504,-0.08644529022276401,-0.11157005280256271,-0.019926191307604313,0.0048048470634967,0.8644578313253012,-0.02820787951350212,0.0009526040521450341,0.00046813368680886924,0.037197720259428024,0.3240538537502289,0.2955661118030548,1.0,0.0005522088353413654,0.0005522088353413654,0.0,0.014056224899598393,,,cvar,/Users/yaniszaim/deephedging/.deephedging_real_runs/final_paper_notebook/panel_sweeps/XLK_full_paper_grid_800_step_robust/model_artifacts/seed_3456/risk_cvar/proto_source_spot_delta_k_25_weighted_0_learnw_0,248.0,0.10355966813263305,val_loss,0.024315079674124718,0.09236519783735275,0.00011737089201877934,0.002347417840375587,1992.0,20.0,2.0,spot_delta,25.0,False,False,0.09392967075109482,0.3356979191303253
proto_source=spot_delta_k=25_weighted=0_learnw=0,val,3456,proto,-0.02721170149743557,0.03007204830646515,-0.1241156030446291,-0.08242432586848736,-0.108793705701828,-0.02000154461711645,0.005042725708335638,0.8450704225352113,-0.02774297259747982,0.0010014722356572747,0.0004702016885858029,0.03749903291463852,0.326136976480484,0.29132023453712463,1.0,0.0004107981220657277,0.0004107981220657277,0.0,0.007042253521126761,,,cvar,/Users/yaniszaim/deephedging/.deephedging_real_runs/final_paper_notebook/panel_sweeps/XLK_full_paper_grid_800_step_robust/model_artifacts/seed_3456/risk_cvar/proto_source_spot_delta_k_25_weighted_0_learnw_0,248.0,0.10355966813263305,val_loss,0.024315079674124718,0.09236519783735275,0.00011737089201877934,0.002347417840375587,426.0,20.0,2.0,spot_delta,25.0,False,False,0.09392967075109482,0.3356979191303253
proto_source=spot_delta_k=25_weighted=0_learnw=0,test,3456,proto,-0.028296198695898056,0.0306387972086668,-0.1174079369008541,-0.08452915623784066,-0.1066659465432167,-0.019384751096367836,0.00315473282244056,0.8808411214953271,-0.028178228065371513,0.000339731719577685,0.000457701797131449,0.03595918416976929,0.2901031970977783,0.2959635257720947,1.0,0.00023364485981308412,0.00023364485981308412,0.0,0.009345794392523364,,,cvar,/Users/yaniszaim/deephedging/.deephedging_real_runs/final_paper_notebook/panel_sweeps/XLK_full_paper_grid_800_step_robust/model_artifacts/seed_3456/risk_cvar/proto_source_spot_delta_k_25_weighted_0_learnw_0,248.0,0.10355966813263305,val_loss,0.024315079674124718,0.09236519783735275,0.00011737089201877934,0.002347417840375587,428.0,20.0,2.0,spot_delta,25.0,False,False,0.09392967075109482,0.3356979191303253
proto_source=spot_delta_k=25_weighted=1_learnw=0,train,3456,proto,-0.027444077655673027,0.029536936432123184,-0.11643639579415321,-0.08314257934689522,-0.10712747275829315,-0.01870573405176401,0.002448276872746642,0.8880522088353414,-0.02820787951350212,0.0010329491924494505,0.0002691455010790378,0.026186946779489517,0.19940799474716187,0.42963123321533203,1.0,0.2784136546184739,0.2783885542168675,2.5100401606425704e-05,0.982429718875502,,,cvar,/Users/yaniszaim/deephedging/.deephedging_real_runs/final_paper_notebook/panel_sweeps/XLK_full_paper_grid_800_step_robust/model_artifacts/seed_3456/risk_cvar/proto_source_spot_delta_k_25_weighted_1_learnw_0,21.0,0.10356374679325682,val_loss,0.035110075026750565,0.12674356997013092,0.002699530516431925,0.107981220657277,1992.0,20.0,2.0,spot_delta,25.0,True,False,0.08523546159267426,0.2147805392742157
proto_source=spot_delta_k=25_weighted=1_learnw=0,val,3456,proto,-0.026874229311943054,0.02815183810889721,-0.11410079710185528,-0.07893054001033306,-0.10145673900842667,-0.017046554945409298,0.0022591602173633873,0.8849765258215962,-0.02774297259747982,0.0011422246461734176,0.00027348240837454796,0.026590388268232346,0.1987987756729126,0.4269178509712219,1.0,0.2778169014084507,0.2778169014084507,0.0,0.971830985915493,,,cvar,/Users/yaniszaim/deephedging/.deephedging_real_runs/final_paper_notebook/panel_sweeps/XLK_full_paper_grid_800_step_robust/model_artifacts/seed_3456/risk_cvar/proto_source_spot_delta_k_25_weighted_1_learnw_0,21.0,0.10356374679325682,val_loss,0.035110075026750565,0.12674356997013092,0.002699530516431925,0.107981220657277,426.0,20.0,2.0,spot_delta,25.0,True,False,0.08523546159267426,0.2147805392742157
proto_source=spot_delta_k=25_weighted=1_learnw=0,test,3456,proto,-0.027550559490919113,0.029216667637228966,-0.11502569682896137,-0.08475654572248459,-0.1022883728146553,-0.018144773319363594,0.0023354280623607334,0.8878504672897196,-0.028178228065371513,0.0008954128716140985,0.0002677422889973968,0.025902701541781425,0.19874101877212524,0.4331548511981964,1.0,0.2838785046728972,0.2838785046728972,0.0,0.9906542056074766,,,cvar,/Users/yaniszaim/deephedging/.deephedging_real_runs/final_paper_notebook/panel_sweeps/XLK_full_paper_grid_800_step_robust/model_artifacts/seed_3456/risk_cvar/proto_source_spot_delta_k_25_weighted_1_learnw_0,21.0,0.10356374679325682,val_loss,0.035110075026750565,0.12674356997013092,0.002699530516431925,0.107981220657277,428.0,20.0,2.0,spot_delta,25.0,True,False,0.08523546159267426,0.2147805392742157
proto_source=spot_delta_k=50_weighted=0_learnw=0,train,3456,proto,-0.028042150661349297,0.030173761770129204,-0.12069266311824321,-0.0858842983841896,-0.10985329747200012,-0.01928137242794037,0.0016192504670470942,0.893574297188755,-0.02820787951350212,0.0004907249240204692,0.00032499426743015647,0.02436698041856289,0.15760035812854767,0.33044034242630005,1.0,0.020494477911646585,0.020494477911646585,0.0,0.16566265060240964,,,cvar,/Users/yaniszaim/deephedging/.deephedging_real_runs/final_paper_notebook/panel_sweeps/XLK_full_paper_grid_800_step_robust/model_artifacts/seed_3456/risk_cvar/proto_source_spot_delta_k_50_weighted_0_learnw_0,23.0,0.10383335291740306,val_loss,0.025621196255087852,0.13624005019664764,0.00011737089201877934,0.002347417840375587,1992.0,20.0,2.0,spot_delta,50.0,False,False,0.07503680139780045,0.1975577473640442
proto_source=spot_delta_k=50_weighted=0_learnw=0,val,3456,proto,-0.027543677017092705,0.02910950593650341,-0.12486427463591099,-0.08032985962927341,-0.10570864379405975,-0.01760780718177557,0.0016665996226947755,0.8943661971830986,-0.02774297259747982,0.0005146102630533278,0.0003153141587972641,0.02420094422996044,0.15760035812854767,0.3301241993904114,1.0,0.02282863849765258,0.02282863849765258,0.0,0.18309859154929578,,,cvar,/Users/yaniszaim/deephedging/.deephedging_real_runs/final_paper_notebook/panel_sweeps/XLK_full_paper_grid_800_step_robust/model_artifacts/seed_3456/risk_cvar/proto_source_spot_delta_k_50_weighted_0_learnw_0,23.0,0.10383335291740306,val_loss,0.025621196255087852,0.13624005019664764,0.00011737089201877934,0.002347417840375587,426.0,20.0,2.0,spot_delta,50.0,False,False,0.07503680139780045,0.1975577473640442
proto_source=spot_delta_k=50_weighted=0_learnw=0,test,3456,proto,-0.028345273807644844,0.029526984319090843,-0.11779721312224864,-0.08369379118084908,-0.10432503372430801,-0.018452735617756844,0.0018117164494469728,0.8901869158878505,-0.028178228065371513,0.00015940611774567515,0.0003264524566475302,0.02441823109984398,0.15760035812854767,0.3298274874687195,1.0,0.017698598130841122,0.017698598130841122,0.0,0.16121495327102803,,,cvar,/Users/yaniszaim/deephedging/.deephedging_real_runs/final_paper_notebook/panel_sweeps/XLK_full_paper_grid_800_step_robust/model_artifacts/seed_3456/risk_cvar/proto_source_spot_delta_k_50_weighted_0_learnw_0,23.0,0.10383335291740306,val_loss,0.025621196255087852,0.13624005019664764,0.00011737089201877934,0.002347417840375587,428.0,20.0,2.0,spot_delta,50.0,False,False,0.07503680139780045,0.1975577473640442
proto_source=spot_delta_k=50_weighted=1_learnw=0,train,3456,proto,-0.027812449261546135,0.03000892885029316,-0.12105123542249202,-0.08549839332699775,-0.1098862737417221,-0.018436702899634838,0.0006537325796671148,0.9196787148594378,-0.02820787951350212,0.0006760890246368945,0.0002806571719702333,0.022250697016716003,0.10038161277770996,0.3188554346561432,0.890877366065979,0.0,0.0,0.0,0.0,,,cvar,/Users/yaniszaim/deephedging/.deephedging_real_runs/final_paper_notebook/panel_sweeps/XLK_full_paper_grid_800_step_robust/model_artifacts/seed_3456/risk_cvar/proto_source_spot_delta_k_50_weighted_1_learnw_0,10.0,0.10464496290311218,val_loss,0.024252425879240036,0.1396966278553009,0.0,0.0,1992.0,20.0,2.0,spot_delta,50.0,True,False,0.07780522108078003,0.14873965084552765
proto_source=spot_delta_k=50_weighted=1_learnw=0,val,3456,proto,-0.02732064761221409,0.02896246872842312,-0.1254297010600567,-0.0805504284799099,-0.10594358295202255,-0.017323771491646767,0.0006384914449881762,0.9295774647887324,-0.02774297259747982,0.0007065837271511555,0.0002842594694811851,0.022473076358437538,0.10037857294082642,0.3175637722015381,0.8873931765556335,0.0,0.0,0.0,0.0,,,cvar,/Users/yaniszaim/deephedging/.deephedging_real_runs/final_paper_notebook/panel_sweeps/XLK_full_paper_grid_800_step_robust/model_artifacts/seed_3456/risk_cvar/proto_source_spot_delta_k_50_weighted_1_learnw_0,10.0,0.10464496290311218,val_loss,0.024252425879240036,0.1396966278553009,0.0,0.0,426.0,20.0,2.0,spot_delta,50.0,True,False,0.07780522108078003,0.14873965084552765
proto_source=spot_delta_k=50_weighted=1_learnw=0,test,3456,proto,-0.027871664613485336,0.029541920870542526,-0.11814592950046063,-0.08396280370652676,-0.10453097522258759,-0.017611296847462654,0.0009401412651641282,0.9205607476635514,-0.028178228065371513,0.0005883470876142383,0.00028178427601233125,0.02221577987074852,0.10038170218467712,0.32199403643608093,0.8903078436851501,0.0,0.0,0.0,0.0,,,cvar,/Users/yaniszaim/deephedging/.deephedging_real_runs/final_paper_notebook/panel_sweeps/XLK_full_paper_grid_800_step_robust/model_artifacts/seed_3456/risk_cvar/proto_source_spot_delta_k_50_weighted_1_learnw_0,10.0,0.10464496290311218,val_loss,0.024252425879240036,0.1396966278553009,0.0,0.0,428.0,20.0,2.0,spot_delta,50.0,True,False,0.07780522108078003,0.14873965084552765
proto_source=spot_delta_k=100_weighted=0_learnw=0,train,3456,proto,-0.027339866384863853,0.03014148771762848,-0.12099857434630394,-0.08629849068820476,-0.10907524079084396,-0.018948380835354328,0.00454281058628112,0.8654618473895582,-0.02820787951350212,0.0013909639092162251,0.0005229508969932795,0.04115337133407593,0.5032999515533447,0.3038283586502075,1.0,0.00023845381526104418,5.020080321285141e-05,0.00018825301204819278,0.002008032128514056,,,cvar,/Users/yaniszaim/deephedging/.deephedging_real_runs/final_paper_notebook/panel_sweeps/XLK_full_paper_grid_800_step_robust/model_artifacts/seed_3456/risk_cvar/proto_source_spot_delta_k_100_weighted_0_learnw_0,85.0,0.10327472232509527,val_loss,0.053376637399196625,0.15473435819149017,0.0020539906103286387,0.02112676056338028,1992.0,20.0,2.0,spot_delta,100.0,False,False,0.14371898770332336,0.5551211833953857
proto_source=spot_delta_k=100_weighted=0_learnw=0,val,3456,proto,-0.026998130604624748,0.029458461329340935,-0.11503935046494007,-0.08307991363108158,-0.10408374667167664,-0.017659268341958523,0.004207728547044098,0.8497652582159625,-0.02774297259747982,0.0012567008379846811,0.0005118594854138792,0.04073645547032356,0.3263488709926605,0.30379632115364075,0.9993588924407959,0.0,0.0,0.0,0.0,,,cvar,/Users/yaniszaim/deephedging/.deephedging_real_runs/final_paper_notebook/panel_sweeps/XLK_full_paper_grid_800_step_robust/model_artifacts/seed_3456/risk_cvar/proto_source_spot_delta_k_100_weighted_0_learnw_0,85.0,0.10327472232509527,val_loss,0.053376637399196625,0.15473435819149017,0.0020539906103286387,0.02112676056338028,426.0,20.0,2.0,spot_delta,100.0,False,False,0.14371898770332336,0.5551211833953857
proto_source=spot_delta_k=100_weighted=0_learnw=0,test,3456,proto,-0.02810245379805565,0.029690822586417198,-0.11561543777585029,-0.08471841365098953,-0.10328704863786697,-0.019244803115725517,0.003373118874151258,0.8691588785046729,-0.028178228065371513,0.0005943613359704614,0.0005185868940316141,0.04012013599276543,0.42727676033973694,0.3035689890384674,0.9806293845176697,0.0,0.0,0.0,0.0,,,cvar,/Users/yaniszaim/deephedging/.deephedging_real_runs/final_paper_notebook/panel_sweeps/XLK_full_paper_grid_800_step_robust/model_artifacts/seed_3456/risk_cvar/proto_source_spot_delta_k_100_weighted_0_learnw_0,85.0,0.10327472232509527,val_loss,0.053376637399196625,0.15473435819149017,0.0020539906103286387,0.02112676056338028,428.0,20.0,2.0,spot_delta,100.0,False,False,0.14371898770332336,0.5551211833953857
proto_source=spot_delta_k=100_weighted=1_learnw=0,train,3456,proto,-0.02738010697066784,0.029876969754695892,-0.12046506285667419,-0.08517488017678261,-0.10838688910007477,-0.018999289721250534,0.0028254457749426354,0.8709839357429718,-0.02820787951350212,0.0010241707786917686,0.00019639625679701567,0.022367101162672043,0.34757059812545776,0.3236781656742096,0.8254332542419434,0.0,0.0,0.0,0.0,,,cvar,/Users/yaniszaim/deephedging/.deephedging_real_runs/final_paper_notebook/panel_sweeps/XLK_full_paper_grid_800_step_robust/model_artifacts/seed_3456/risk_cvar/proto_source_spot_delta_k_100_weighted_1_learnw_0,35.0,0.1034987115021795,val_loss,0.02593962661921978,0.141139417886734,0.0,0.0,1992.0,20.0,2.0,spot_delta,100.0,True,False,0.10810622572898865,0.36012738943099976
proto_source=spot_delta_k=100_weighted=1_learnw=0,val,3456,proto,-0.02696959860622883,0.029016198590397835,-0.1173511203378439,-0.0782528892159462,-0.1036229059100151,-0.016788309440016747,0.0030220679473131895,0.8544600938967136,-0.02774297259747982,0.0009734893683344126,0.00020011680317111313,0.02288985252380371,0.28619953989982605,0.32236558198928833,0.8294920325279236,0.0,0.0,0.0,0.0,,,cvar,/Users/yaniszaim/deephedging/.deephedging_real_runs/final_paper_notebook/panel_sweeps/XLK_full_paper_grid_800_step_robust/model_artifacts/seed_3456/risk_cvar/proto_source_spot_delta_k_100_weighted_1_learnw_0,35.0,0.1034987115021795,val_loss,0.02593962661921978,0.141139417886734,0.0,0.0,426.0,20.0,2.0,spot_delta,100.0,True,False,0.10810622572898865,0.36012738943099976
proto_source=spot_delta_k=100_weighted=1_learnw=0,test,3456,proto,-0.027632711455225945,0.029695948585867882,-0.11378049500286579,-0.08692243546247483,-0.1031513512134552,-0.01925449352711439,0.002737197361420837,0.8598130841121495,-0.028178228065371513,0.0007380793686024845,0.00019256210362073034,0.02172916941344738,0.3469192087650299,0.3264363408088684,0.8249031901359558,0.0,0.0,0.0,0.0,,,cvar,/Users/yaniszaim/deephedging/.deephedging_real_runs/final_paper_notebook/panel_sweeps/XLK_full_paper_grid_800_step_robust/model_artifacts/seed_3456/risk_cvar/proto_source_spot_delta_k_100_weighted_1_learnw_0,35.0,0.1034987115021795,val_loss,0.02593962661921978,0.141139417886734,0.0,0.0,428.0,20.0,2.0,spot_delta,100.0,True,False,0.10810622572898865,0.36012738943099976
proto_source=vanilla_k=10_weighted=0_learnw=0,train,3456,proto,-0.027973994612693787,0.030918357893824577,-0.12353364437818527,-0.08673714511096478,-0.11279203742742538,-0.018550997599959373,-0.00035353821294847925,0.9884538152610441,-0.02820787951350212,0.00044347194489091635,0.0002095850504701957,0.01569249853491783,0.053129374980926514,0.16475845873355865,0.6100800037384033,0.0,0.0,0.0,0.0,,,cvar,/Users/yaniszaim/deephedging/.deephedging_real_runs/final_paper_notebook/panel_sweeps/XLK_full_paper_grid_800_step_robust/model_artifacts/seed_3456/risk_cvar/proto_source_vanilla_k_10_weighted_0_learnw_0,7.0,0.10525522537063807,val_loss,0.0155419846996665,0.16502973437309265,0.0,0.0,1992.0,20.0,2.0,vanilla,10.0,False,False,0.07827460020780563,0.13841886818408966
proto_source=vanilla_k=10_weighted=0_learnw=0,val,3456,proto,-0.027582326903939247,0.030124053359031677,-0.12686180509626865,-0.0840177983045578,-0.11056257039308548,-0.015968240797519684,-0.0003632803272921592,0.9953051643192489,-0.02774297259747982,0.00037130771670490503,0.00021066292538307607,0.015724340453743935,0.05333901569247246,0.16466234624385834,0.6064073443412781,0.0,0.0,0.0,0.0,,,cvar,/Users/yaniszaim/deephedging/.deephedging_real_runs/final_paper_notebook/panel_sweeps/XLK_full_paper_grid_800_step_robust/model_artifacts/seed_3456/risk_cvar/proto_source_vanilla_k_10_weighted_0_learnw_0,7.0,0.10525522537063807,val_loss,0.0155419846996665,0.16502973437309265,0.0,0.0,426.0,20.0,2.0,vanilla,10.0,False,False,0.07827460020780563,0.13841886818408966
proto_source=vanilla_k=10_weighted=0_learnw=0,test,3456,proto,-0.027918292209506035,0.030264070257544518,-0.11908805787563323,-0.08572877645492553,-0.10593666881322861,-0.01760692335665226,-0.0003985307484981606,0.9789719626168224,-0.028178228065371513,0.00046884609037078917,0.00020891062740702182,0.01568261720240116,0.0531761460006237,0.16488346457481384,0.6027393937110901,0.0,0.0,0.0,0.0,,,cvar,/Users/yaniszaim/deephedging/.deephedging_real_runs/final_paper_notebook/panel_sweeps/XLK_full_paper_grid_800_step_robust/model_artifacts/seed_3456/risk_cvar/proto_source_vanilla_k_10_weighted_0_learnw_0,7.0,0.10525522537063807,val_loss,0.0155419846996665,0.16502973437309265,0.0,0.0,428.0,20.0,2.0,vanilla,10.0,False,False,0.07827460020780563,0.13841886818408966
proto_source=vanilla_k=10_weighted=1_learnw=0,train,3456,proto,-0.027562176808714867,0.030180051922798157,-0.1239519464224577,-0.08516891300678253,-0.11049890518188477,-0.01827832218259573,0.0006770814070478081,0.9257028112449799,-0.02820787951350212,0.0010200513061136007,0.0003743472625501454,0.03218615800142288,0.20792905986309052,0.28328457474708557,1.0,0.05072791164658635,0.05072791164658635,0.0,0.8599397590361446,,,cvar,/Users/yaniszaim/deephedging/.deephedging_real_runs/final_paper_notebook/panel_sweeps/XLK_full_paper_grid_800_step_robust/model_artifacts/seed_3456/risk_cvar/proto_source_vanilla_k_10_weighted_1_learnw_0,63.0,0.10488114553503693,val_loss,0.02993938885629177,0.11025598645210266,0.0,0.0,1992.0,20.0,2.0,vanilla,10.0,True,False,0.13511539995670319,0.222205251455307
proto_source=vanilla_k=10_weighted=1_learnw=0,val,3456,proto,-0.027430811896920204,0.029413839802145958,-0.12648768350481987,-0.0848096702247858,-0.10974153876304626,-0.017015951685607433,0.0004269408527761698,0.9295774647887324,-0.02774297259747982,0.0006845859461463988,0.0003724266716744751,0.03212031349539757,0.19274714589118958,0.28071004152297974,1.0,0.05005868544600939,0.05005868544600939,0.0,0.8615023474178404,,,cvar,/Users/yaniszaim/deephedging/.deephedging_real_runs/final_paper_notebook/panel_sweeps/XLK_full_paper_grid_800_step_robust/model_artifacts/seed_3456/risk_cvar/proto_source_vanilla_k_10_weighted_1_learnw_0,63.0,0.10488114553503693,val_loss,0.02993938885629177,0.11025598645210266,0.0,0.0,426.0,20.0,2.0,vanilla,10.0,True,False,0.13511539995670319,0.222205251455307
proto_source=vanilla_k=10_weighted=1_learnw=0,test,3456,proto,-0.027600806206464767,0.029628515243530273,-0.11566800951957702,-0.08108978755772114,-0.10452166199684143,-0.01684765238314867,0.0009031995810801132,0.9158878504672897,-0.028178228065371513,0.0009523060289211571,0.000374884984921664,0.032261401414871216,0.20383942127227783,0.284400075674057,1.0,0.05169392523364486,0.05169392523364486,0.0,0.8808411214953271,,,cvar,/Users/yaniszaim/deephedging/.deephedging_real_runs/final_paper_notebook/panel_sweeps/XLK_full_paper_grid_800_step_robust/model_artifacts/seed_3456/risk_cvar/proto_source_vanilla_k_10_weighted_1_learnw_0,63.0,0.10488114553503693,val_loss,0.02993938885629177,0.11025598645210266,0.0,0.0,428.0,20.0,2.0,vanilla,10.0,True,False,0.13511539995670319,0.222205251455307
proto_source=vanilla_k=25_weighted=0_learnw=0,train,3456,proto,-0.02783985063433647,0.030559279024600983,-0.12223685018718243,-0.08611581958830357,-0.11173281818628311,-0.018330980092287064,-0.0003810602182056757,0.9884538152610441,-0.02820787951350212,0.0005632413667626679,0.0001952117308974266,0.018918834626674652,0.03972634673118591,0.1960393190383911,0.7516400218009949,0.0,0.0,0.0,0.0,,,cvar,/Users/yaniszaim/deephedging/.deephedging_real_runs/final_paper_notebook/panel_sweeps/XLK_full_paper_grid_800_step_robust/model_artifacts/seed_3456/risk_cvar/proto_source_vanilla_k_25_weighted_0_learnw_0,31.0,0.1051455104444176,val_loss,0.018905313685536385,0.19683866202831268,0.0,0.0,1992.0,20.0,2.0,vanilla,25.0,False,False,0.0770801529288292,0.14156673848628998
proto_source=vanilla_k=25_weighted=0_learnw=0,val,3456,proto,-0.02741270139813423,0.02974206581711769,-0.12547234445810318,-0.08338343724608421,-0.1091843843460083,-0.01617795042693615,-0.00035912419843953103,0.9835680751173709,-0.02774297259747982,0.0005253493436612189,0.00019507955585140735,0.0189171452075243,0.03962975740432739,0.19603830575942993,0.748568058013916,0.0,0.0,0.0,0.0,,,cvar,/Users/yaniszaim/deephedging/.deephedging_real_runs/final_paper_notebook/panel_sweeps/XLK_full_paper_grid_800_step_robust/model_artifacts/seed_3456/risk_cvar/proto_source_vanilla_k_25_weighted_0_learnw_0,31.0,0.1051455104444176,val_loss,0.018905313685536385,0.19683866202831268,0.0,0.0,426.0,20.0,2.0,vanilla,25.0,False,False,0.0770801529288292,0.14156673848628998
proto_source=vanilla_k=25_weighted=0_learnw=0,test,3456,proto,-0.027797361835837364,0.02994975820183754,-0.11849748507142066,-0.08511893339455127,-0.10507308691740036,-0.017397716641426086,-0.00047305006009992236,0.9929906542056075,-0.028178228065371513,0.0005760532221756876,0.00019518706540111452,0.018917595967650414,0.03968542814254761,0.19602341949939728,0.7489234209060669,0.0,0.0,0.0,0.0,,,cvar,/Users/yaniszaim/deephedging/.deephedging_real_runs/final_paper_notebook/panel_sweeps/XLK_full_paper_grid_800_step_robust/model_artifacts/seed_3456/risk_cvar/proto_source_vanilla_k_25_weighted_0_learnw_0,31.0,0.1051455104444176,val_loss,0.018905313685536385,0.19683866202831268,0.0,0.0,428.0,20.0,2.0,vanilla,25.0,False,False,0.0770801529288292,0.14156673848628998
proto_source=vanilla_k=25_weighted=1_learnw=0,train,3456,proto,-0.028140880167484283,0.031082257628440857,-0.12428208686411381,-0.08722717091441154,-0.11331050097942352,-0.01862553134560585,-0.00025902184861479515,0.9703815261044176,-0.02820787951350212,0.00038248507189564407,0.00031548526021651924,0.016275495290756226,0.07169385999441147,0.1518518328666687,0.5155289173126221,0.0,0.0,0.0,0.0,,,cvar,/Users/yaniszaim/deephedging/.deephedging_real_runs/final_paper_notebook/panel_sweeps/XLK_full_paper_grid_800_step_robust/model_artifacts/seed_3456/risk_cvar/proto_source_vanilla_k_25_weighted_1_learnw_0,2.0,0.10553997577168048,val_loss,0.016182662919163704,0.14823731780052185,0.0,0.0,1992.0,20.0,2.0,vanilla,25.0,True,False,0.09531307965517044,0.15466079115867615
proto_source=vanilla_k=25_weighted=1_learnw=0,val,3456,proto,-0.027741240337491035,0.030266448855400085,-0.12780161574482918,-0.084580784663558,-0.11104178428649902,-0.016260627657175064,-0.0003102759219473228,0.9812206572769953,-0.02774297259747982,0.00031694595236331224,0.0003152138087898493,0.01627749763429165,0.0714186280965805,0.15184956789016724,0.5143630504608154,0.0,0.0,0.0,0.0,,,cvar,/Users/yaniszaim/deephedging/.deephedging_real_runs/final_paper_notebook/panel_sweeps/XLK_full_paper_grid_800_step_robust/model_artifacts/seed_3456/risk_cvar/proto_source_vanilla_k_25_weighted_1_learnw_0,2.0,0.10553997577168048,val_loss,0.016182662919163704,0.14823731780052185,0.0,0.0,426.0,20.0,2.0,vanilla,25.0,True,False,0.09531307965517044,0.15466079115867615
proto_source=vanilla_k=25_weighted=1_learnw=0,test,3456,proto,-0.0280887633562088,0.030476531013846397,-0.11921222776174545,-0.08583068810403346,-0.10661573708057404,-0.01765111181885004,-0.00027380423271097256,0.9649532710280374,-0.028178228065371513,0.00040470383828505874,0.00031523796496912837,0.01627499982714653,0.07168962806463242,0.15185001492500305,0.5108749866485596,0.0,0.0,0.0,0.0,,,cvar,/Users/yaniszaim/deephedging/.deephedging_real_runs/final_paper_notebook/panel_sweeps/XLK_full_paper_grid_800_step_robust/model_artifacts/seed_3456/risk_cvar/proto_source_vanilla_k_25_weighted_1_learnw_0,2.0,0.10553997577168048,val_loss,0.016182662919163704,0.14823731780052185,0.0,0.0,428.0,20.0,2.0,vanilla,25.0,True,False,0.09531307965517044,0.15466079115867615
proto_source=vanilla_k=50_weighted=0_learnw=0,train,3456,proto,-0.028082916513085365,0.03142343461513519,-0.12429528370499611,-0.08833234384655952,-0.11345429718494415,-0.01863114722073078,0.00019771907100221112,0.9011044176706827,-0.02820787951350212,0.00029663226450793445,0.00017166745965369046,0.007730372250080109,0.11609567701816559,0.05542229488492012,1.0,5.020080321285141e-05,5.020080321285141e-05,0.0,0.002008032128514056,,,cvar,/Users/yaniszaim/deephedging/.deephedging_real_runs/final_paper_notebook/panel_sweeps/XLK_full_paper_grid_800_step_robust/model_artifacts/seed_3456/risk_cvar/proto_source_vanilla_k_50_weighted_0_learnw_0,56.0,0.10479695493355393,val_loss,0.011052433401346207,0.08432643860578537,0.0,0.0,1992.0,20.0,2.0,vanilla,50.0,False,False,0.05013685300946236,0.12994590401649475
proto_source=vanilla_k=50_weighted=0_learnw=0,val,3456,proto,-0.02763749472796917,0.030585890635848045,-0.12532667256891727,-0.08612994849681854,-0.11034595221281052,-0.016097362153232098,0.0002615684497868642,0.9107981220657277,-0.02774297259747982,0.00027220614720135927,0.00016672842320986092,0.00753392418846488,0.11345577985048294,0.0543542206287384,0.9760413765907288,0.0,0.0,0.0,0.0,,,cvar,/Users/yaniszaim/deephedging/.deephedging_real_runs/final_paper_notebook/panel_sweeps/XLK_full_paper_grid_800_step_robust/model_artifacts/seed_3456/risk_cvar/proto_source_vanilla_k_50_weighted_0_learnw_0,56.0,0.10479695493355393,val_loss,0.011052433401346207,0.08432643860578537,0.0,0.0,426.0,20.0,2.0,vanilla,50.0,False,False,0.05013685300946236,0.12994590401649475
proto_source=vanilla_k=50_weighted=0_learnw=0,test,3456,proto,-0.02813785709440708,0.030936015769839287,-0.11921892024576664,-0.08692686930298806,-0.1073136031627655,-0.017673365771770477,0.00014362229194375684,0.9205607476635514,-0.028178228065371513,0.0002036804216913879,0.00016331019287463278,0.00747471209615469,0.11588136851787567,0.05372278392314911,1.0,5.841121495327103e-05,5.841121495327103e-05,0.0,0.002336448598130841,,,cvar,/Users/yaniszaim/deephedging/.deephedging_real_runs/final_paper_notebook/panel_sweeps/XLK_full_paper_grid_800_step_robust/model_artifacts/seed_3456/risk_cvar/proto_source_vanilla_k_50_weighted_0_learnw_0,56.0,0.10479695493355393,val_loss,0.011052433401346207,0.08432643860578537,0.0,0.0,428.0,20.0,2.0,vanilla,50.0,False,False,0.05013685300946236,0.12994590401649475
proto_source=vanilla_k=50_weighted=1_learnw=0,train,3456,proto,-0.031897496432065964,0.034405190497636795,-0.13262413769960404,-0.09697077497839927,-0.12321727722883224,-0.02331287320703268,0.004671470494940874,0.8785140562248996,-0.02820787951350212,-0.0007783129112794995,0.002911303425207734,0.05911269411444664,0.14623504877090454,0.3331764340400696,1.0,0.11342871485943776,0.0,0.11342871485943776,0.9513052208835341,,,cvar,/Users/yaniszaim/deephedging/.deephedging_real_runs/final_paper_notebook/panel_sweeps/XLK_full_paper_grid_800_step_robust/model_artifacts/seed_3456/risk_cvar/proto_source_vanilla_k_50_weighted_1_learnw_0,170.0,0.1049979127664119,val_loss,0.01677594520151615,0.10752912610769272,0.0,0.0,1992.0,20.0,2.0,vanilla,50.0,True,False,0.07146044820547104,0.1835527867078781
proto_source=vanilla_k=50_weighted=1_learnw=0,val,3456,proto,-0.03170638531446457,0.03352666646242142,-0.13751685619354248,-0.09416548535227776,-0.1203748881816864,-0.022103766910731792,0.004227806348353624,0.892018779342723,-0.02774297259747982,-0.001047531608492136,0.002915884368121624,0.059116289019584656,0.14616888761520386,0.3344559967517853,1.0,0.11543427230046949,0.0,0.11543427230046949,0.9577464788732394,,,cvar,/Users/yaniszaim/deephedging/.deephedging_real_runs/final_paper_notebook/panel_sweeps/XLK_full_paper_grid_800_step_robust/model_artifacts/seed_3456/risk_cvar/proto_source_vanilla_k_50_weighted_1_learnw_0,170.0,0.1049979127664119,val_loss,0.01677594520151615,0.10752912610769272,0.0,0.0,426.0,20.0,2.0,vanilla,50.0,True,False,0.07146044820547104,0.1835527867078781
proto_source=vanilla_k=50_weighted=1_learnw=0,test,3456,proto,-0.03152800723910332,0.03401558846235275,-0.1289728808403015,-0.09658347107470035,-0.11735560745000839,-0.021630819886922836,0.005036917072720812,0.8621495327102804,-0.028178228065371513,-0.00042941560968756676,0.0029203658923506737,0.059194762259721756,0.14619654417037964,0.33382415771484375,1.0,0.1157126168224299,0.0,0.1157126168224299,0.9602803738317757,,,cvar,/Users/yaniszaim/deephedging/.deephedging_real_runs/final_paper_notebook/panel_sweeps/XLK_full_paper_grid_800_step_robust/model_artifacts/seed_3456/risk_cvar/proto_source_vanilla_k_50_weighted_1_learnw_0,170.0,0.1049979127664119,val_loss,0.01677594520151615,0.10752912610769272,0.0,0.0,428.0,20.0,2.0,vanilla,50.0,True,False,0.07146044820547104,0.1835527867078781
proto_source=vanilla_k=100_weighted=0_learnw=0,train,3456,proto,-0.028097258880734444,0.03095416910946369,-0.12309064827859402,-0.0878298182040453,-0.11271585524082184,-0.018466881476342678,-0.00013493325604940784,0.9628514056224899,-0.02820787951350212,0.00045163417235016823,0.00034101289929822087,0.015936076641082764,0.26568251848220825,0.1592850685119629,1.0,0.0006526104417670683,0.0006526104417670683,0.0,0.006526104417670682,,,cvar,/Users/yaniszaim/deephedging/.deephedging_real_runs/final_paper_notebook/panel_sweeps/XLK_full_paper_grid_800_step_robust/model_artifacts/seed_3456/risk_cvar/proto_source_vanilla_k_100_weighted_0_learnw_0,336.0,0.10518786633946878,val_loss,0.013057935982942581,0.12957146763801575,0.0021713615023474177,0.007042253521126761,1992.0,20.0,2.0,vanilla,100.0,False,False,0.09957483410835266,1.1168245077133179
proto_source=vanilla_k=100_weighted=0_learnw=0,val,3456,proto,-0.027678754180669785,0.029972916468977928,-0.12618251331150532,-0.08374748937785625,-0.1095677837729454,-0.016959424130618572,-0.00016656728985253721,0.9671361502347418,-0.02774297259747982,0.00039103871677070856,0.00032682143501006067,0.015575709752738476,0.18028056621551514,0.15560221672058105,0.8749192357063293,0.0,0.0,0.0,0.0,,,cvar,/Users/yaniszaim/deephedging/.deephedging_real_runs/final_paper_notebook/panel_sweeps/XLK_full_paper_grid_800_step_robust/model_artifacts/seed_3456/risk_cvar/proto_source_vanilla_k_100_weighted_0_learnw_0,336.0,0.10518786633946878,val_loss,0.013057935982942581,0.12957146763801575,0.0021713615023474177,0.007042253521126761,426.0,20.0,2.0,vanilla,100.0,False,False,0.09957483410835266,1.1168245077133179
proto_source=vanilla_k=100_weighted=0_learnw=0,test,3456,proto,-0.028178196400403976,0.03049675188958645,-0.11936041221022606,-0.08421365991234779,-0.10675720870494843,-0.01783804688602686,-0.0002880074433051054,0.9649532710280374,-0.028178228065371513,0.0003344720462337136,0.0003344405849929899,0.015777844935655594,0.2297591269016266,0.15761099755764008,1.0,0.0012266355140186916,0.0012266355140186916,0.0,0.007009345794392523,,,cvar,/Users/yaniszaim/deephedging/.deephedging_real_runs/final_paper_notebook/panel_sweeps/XLK_full_paper_grid_800_step_robust/model_artifacts/seed_3456/risk_cvar/proto_source_vanilla_k_100_weighted_0_learnw_0,336.0,0.10518786633946878,val_loss,0.013057935982942581,0.12957146763801575,0.0021713615023474177,0.007042253521126761,428.0,20.0,2.0,vanilla,100.0,False,False,0.09957483410835266,1.1168245077133179
proto_source=vanilla_k=100_weighted=1_learnw=0,train,3456,proto,-0.027884751558303833,0.030009260401129723,-0.12030708029866219,-0.08487094454467296,-0.1100543886423111,-0.01870841160416603,0.001167083176551386,0.9071285140562249,-0.02820787951350212,0.0007717576227150857,0.0004486299876589328,0.027739662677049637,0.13168805837631226,0.3801923394203186,1.0,0.2440512048192771,0.2440512048192771,0.0,0.9969879518072289,,,cvar,/Users/yaniszaim/deephedging/.deephedging_real_runs/final_paper_notebook/panel_sweeps/XLK_full_paper_grid_800_step_robust/model_artifacts/seed_3456/risk_cvar/proto_source_vanilla_k_100_weighted_1_learnw_0,53.0,0.1063519768210504,val_loss,0.029625460505485535,0.17023217678070068,0.0005868544600938967,0.01643192488262911,1992.0,20.0,2.0,vanilla,100.0,True,False,0.0638863667845726,0.22002927958965302
proto_source=vanilla_k=100_weighted=1_learnw=0,val,3456,proto,-0.02749982848763466,0.029282018542289734,-0.12468846328556538,-0.0829259604215622,-0.10798632353544235,-0.017529800534248352,0.001133120444137603,0.903755868544601,-0.02774297259747982,0.0006948131485842168,0.0004516676999628544,0.0277649387717247,0.12992340326309204,0.37908124923706055,1.0,0.24237089201877934,0.24237089201877934,0.0,0.9929577464788732,,,cvar,/Users/yaniszaim/deephedging/.deephedging_real_runs/final_paper_notebook/panel_sweeps/XLK_full_paper_grid_800_step_robust/model_artifacts/seed_3456/risk_cvar/proto_source_vanilla_k_100_weighted_1_learnw_0,53.0,0.1063519768210504,val_loss,0.029625460505485535,0.17023217678070068,0.0005868544600938967,0.01643192488262911,426.0,20.0,2.0,vanilla,100.0,True,False,0.0638863667845726,0.22002927958965302
proto_source=vanilla_k=100_weighted=1_learnw=0,test,3456,proto,-0.02786378376185894,0.029471077024936676,-0.11596186496317386,-0.0832097839564085,-0.10401170700788498,-0.01882355473935604,0.0012351759301964158,0.897196261682243,-0.028178228065371513,0.0007595731876790524,0.0004451288841664791,0.027742572128772736,0.13131099939346313,0.3814035952091217,1.0,0.24591121495327103,0.24591121495327103,0.0,0.9976635514018691,,,cvar,/Users/yaniszaim/deephedging/.deephedging_real_runs/final_paper_notebook/panel_sweeps/XLK_full_paper_grid_800_step_robust/model_artifacts/seed_3456/risk_cvar/proto_source_vanilla_k_100_weighted_1_learnw_0,53.0,0.1063519768210504,val_loss,0.029625460505485535,0.17023217678070068,0.0005868544600938967,0.01643192488262911,428.0,20.0,2.0,vanilla,100.0,True,False,0.0638863667845726,0.22002927958965302
