model,split,seed,model_family,gains_mean,gains_std,gains_p01,gains_p05,gains_cvar05,gains_p50,gains_p95,shortfall_prob,payoff_mean,pnl_mean,cost_mean,action_abs_mean,action_abs_max,delta_abs_mean,delta_abs_max,pct_at_any_position_bound,pct_at_upper_position_bound,pct_at_lower_position_bound,pct_paths_touch_any_position_bound,selected_band,baseline_selection_metric,risk_measure,artifact_dir,selected_epoch,selected_score,selection_metric,selected_val_action_abs_mean,selected_val_delta_abs_mean,selected_val_pct_at_any_position_bound,selected_val_pct_paths_touch_any_position_bound,n_paths,n_steps,n_inst,prototype_source,n_prototypes,weighted_similarity,learn_distance_feature_weights,proto_action_norm_mean,proto_action_norm_max
unhedged,train,1234,baseline,-0.07296176999807358,0.09157296270132065,-0.3847979736328125,-0.267383074760437,-0.34344014525413513,-0.03887975215911865,0.0,0.6394591887831748,-0.07296176999807358,0.0,0.0,0.0,0.0,0.0,0.0,0.0,0.0,0.0,0.0,,,,,,,,,,,,,,,,,,,,
spot_delta,train,1234,baseline,-0.07229405641555786,0.09016776829957962,-0.38079386234283447,-0.2666109800338745,-0.33702293038368225,-0.03993569314479828,0.012329616956412786,0.8262393590385578,-0.07296176999807358,0.0008448554435744882,0.00017714238492771983,0.021986743435263634,0.7022129893302917,0.2634916603565216,0.7022129893302917,0.0,0.0,0.0,0.0,,,,,,,,,,,,,,,,,,,,
spot_delta_band,train,1234,baseline,-0.07215104252099991,0.09008754044771194,-0.3815350568294525,-0.2653661370277405,-0.33702194690704346,-0.03979210928082466,0.011770099774003019,0.8222333500250375,-0.07296176999807358,0.0009506242931820452,0.00013990014849696308,0.017408128827810287,0.6922129988670349,0.2628420889377594,0.6922129988670349,0.0,0.0,0.0,0.0,0.01,gains_mean,,,,,,,,,,,,,,,,,,
unhedged,val,1234,baseline,-0.07164458930492401,0.09229672700166702,-0.3615736413002014,-0.27375803589820863,-0.3361976146697998,-0.034088313579559326,-0.0,0.6401869158878505,-0.07164458930492401,0.0,0.0,0.0,0.0,0.0,0.0,0.0,0.0,0.0,0.0,,,,,,,,,,,,,,,,,,,,
spot_delta,val,1234,baseline,-0.07014384865760803,0.09010681509971619,-0.3507318902015686,-0.2705140620470047,-0.3264501094818115,-0.03726113401353359,0.01136307297274469,0.8014018691588785,-0.07164458930492401,0.0016786342021077871,0.00017789566481951624,0.022124821320176125,0.5960649847984314,0.26377227902412415,0.7022129893302917,0.0,0.0,0.0,0.0,,,,,,,,,,,,,,,,,,,,
spot_delta_band,val,1234,baseline,-0.0701405480504036,0.09007696807384491,-0.3515187668800354,-0.2708451047539711,-0.32690465450286865,-0.03830202296376228,0.010526938177645197,0.794392523364486,-0.07164458930492401,0.0016447234665974975,0.0001406826195307076,0.01754496619105339,0.5860649943351746,0.263159841299057,0.6922129988670349,0.0,0.0,0.0,0.0,0.01,gains_mean,,,,,,,,,,,,,,,,,,
unhedged,test,1234,baseline,-0.07581628859043121,0.09179158508777618,-0.37134269714355467,-0.2643189668655395,-0.3346540629863739,-0.047538161277770996,-0.0,0.6666666666666666,-0.07581628859043121,0.0,0.0,0.0,0.0,0.0,0.0,0.0,0.0,0.0,0.0,,,,,,,,,,,,,,,,,,,,
spot_delta,test,1234,baseline,-0.07453694939613342,0.0898440033197403,-0.36802510380744935,-0.25443211793899534,-0.3229532539844513,-0.04838462918996811,0.010493111796677107,0.8391608391608392,-0.07581628859043121,0.0014550569467246532,0.00017572303477209061,0.021774431690573692,0.6559969782829285,0.2636964023113251,0.7022129893302917,0.0,0.0,0.0,0.0,,,,,,,,,,,,,,,,,,,,
spot_delta_band,test,1234,baseline,-0.07446090877056122,0.08973999321460724,-0.36888176918029786,-0.2562214732170105,-0.3228987157344818,-0.048096634447574615,0.010177427344024145,0.8391608391608392,-0.07581628859043121,0.0014941187109798193,0.00013873724674340338,0.017245927825570107,0.6459969878196716,0.2629830837249756,0.6922129988670349,0.0,0.0,0.0,0.0,0.01,gains_mean,,,,,,,,,,,,,,,,,,
vanilla,train,1234,vanilla,-0.07144089788198471,0.08570897579193115,-0.3660425531864166,-0.2543347299098968,-0.3266938030719757,-0.039496202021837234,-0.0009053243207745297,1.0,-0.07296176999807358,0.0017533370992168784,0.00023246793716680259,0.025115637108683586,0.050686538219451904,0.26401370763778687,1.0,2.5037556334501753e-05,2.5037556334501753e-05,0.0,0.00100150225338007,,,cvar,/Users/yaniszaim/deephedging/.deephedging_real_runs/final_paper_notebook/panel_sweeps/NVDA_full_paper_grid_800_step_robust/model_artifacts/seed_1234/risk_cvar/vanilla,271.0,0.273001158060506,val_loss,0.024638498201966286,0.2565566897392273,0.0,0.0,1997.0,20.0,2.0,,,,,,
vanilla,val,1234,vanilla,-0.07027463614940643,0.0863645002245903,-0.3439890396595001,-0.2604329586029053,-0.3198103904724121,-0.03496507368981838,-0.0009316965792095291,1.0,-0.07164458930492401,0.0016020657494664192,0.00023211743973661214,0.025110280141234398,0.050638556480407715,0.26393523812294006,0.9993151426315308,0.0,0.0,0.0,0.0,,,cvar,/Users/yaniszaim/deephedging/.deephedging_real_runs/final_paper_notebook/panel_sweeps/NVDA_full_paper_grid_800_step_robust/model_artifacts/seed_1234/risk_cvar/vanilla,271.0,0.273001158060506,val_loss,0.024638498201966286,0.2565566897392273,0.0,0.0,428.0,20.0,2.0,,,,,,
vanilla,test,1234,vanilla,-0.07406636327505112,0.08593916147947311,-0.35314077138900757,-0.25146563053131105,-0.3183384835720062,-0.045382216572761536,-0.000825591140892357,1.0,-0.07581628859043121,0.0019828444346785545,0.00023291970137506723,0.025111816823482513,0.05069845914840698,0.26395338773727417,0.999059796333313,0.0,0.0,0.0,0.0,,,cvar,/Users/yaniszaim/deephedging/.deephedging_real_runs/final_paper_notebook/panel_sweeps/NVDA_full_paper_grid_800_step_robust/model_artifacts/seed_1234/risk_cvar/vanilla,271.0,0.273001158060506,val_loss,0.024638498201966286,0.2565566897392273,0.0,0.0,429.0,20.0,2.0,,,,,,
proto_source=spot_delta_k=10_weighted=0_learnw=0,train,1234,proto,-0.07184028625488281,0.08621175587177277,-0.38075929164886474,-0.2568260610103607,-0.3293995261192322,-0.03919085115194321,0.0018981165951117791,0.9178768152228343,-0.07296176999807358,0.0023288840893656015,0.0012073961552232504,0.04304401949048042,0.4903489649295807,0.32354670763015747,1.0,0.0627941912869304,0.0627941912869304,0.0,0.6705057586379569,,,cvar,/Users/yaniszaim/deephedging/.deephedging_real_runs/final_paper_notebook/panel_sweeps/NVDA_full_paper_grid_800_step_robust/model_artifacts/seed_1234/risk_cvar/proto_source_spot_delta_k_10_weighted_0_learnw_0,105.0,0.2745109930157522,val_loss,0.037810660898685455,0.3191922903060913,0.029789719626168224,0.616822429906542,1997.0,20.0,2.0,spot_delta,10.0,False,False,0.29480642080307007,0.5878285765647888
proto_source=spot_delta_k=10_weighted=0_learnw=0,val,1234,proto,-0.07088151574134827,0.087542325258255,-0.37719951689243314,-0.26814798563718795,-0.3298196494579315,-0.03641457483172417,0.0024333915091119683,0.9182242990654206,-0.07164458930492401,0.001991505268961191,0.001228431356139481,0.04415303096175194,0.4564932882785797,0.31578120589256287,1.0,0.061214953271028036,0.061214953271028036,0.0,0.6495327102803738,,,cvar,/Users/yaniszaim/deephedging/.deephedging_real_runs/final_paper_notebook/panel_sweeps/NVDA_full_paper_grid_800_step_robust/model_artifacts/seed_1234/risk_cvar/proto_source_spot_delta_k_10_weighted_0_learnw_0,105.0,0.2745109930157522,val_loss,0.037810660898685455,0.3191922903060913,0.029789719626168224,0.616822429906542,428.0,20.0,2.0,spot_delta,10.0,False,False,0.29480642080307007,0.5878285765647888
proto_source=spot_delta_k=10_weighted=0_learnw=0,test,1234,proto,-0.07499764114618301,0.08837376534938812,-0.375274817943573,-0.2534313678741455,-0.3301105797290802,-0.049567244946956635,0.001625822600908574,0.9277389277389277,-0.07581628859043121,0.0020583481527864933,0.0012397079262882471,0.04420787841081619,0.412990003824234,0.31740283966064453,1.0,0.0622960372960373,0.0622960372960373,0.0,0.6526806526806527,,,cvar,/Users/yaniszaim/deephedging/.deephedging_real_runs/final_paper_notebook/panel_sweeps/NVDA_full_paper_grid_800_step_robust/model_artifacts/seed_1234/risk_cvar/proto_source_spot_delta_k_10_weighted_0_learnw_0,105.0,0.2745109930157522,val_loss,0.037810660898685455,0.3191922903060913,0.029789719626168224,0.616822429906542,429.0,20.0,2.0,spot_delta,10.0,False,False,0.29480642080307007,0.5878285765647888
proto_source=spot_delta_k=10_weighted=1_learnw=0,train,1234,proto,-0.06876195222139359,0.08856745064258575,-0.35181503772735595,-0.25207455158233644,-0.3200938403606415,-0.04132261127233505,0.02292023971676823,0.8027040560841262,-0.07296176999807358,0.004836462903767824,0.0006366447196342051,0.06820967048406601,0.6633920669555664,0.4511737823486328,1.0,0.29440410615923884,0.29440410615923884,0.0,0.985478217325989,,,cvar,/Users/yaniszaim/deephedging/.deephedging_real_runs/final_paper_notebook/panel_sweeps/NVDA_full_paper_grid_800_step_robust/model_artifacts/seed_1234/risk_cvar/proto_source_spot_delta_k_10_weighted_1_learnw_0,560.0,0.27156047302359176,val_loss,0.06566266715526581,0.2499246746301651,0.07482476635514018,0.8060747663551402,1997.0,20.0,2.0,spot_delta,10.0,True,False,0.3241111636161804,0.6633985638618469
proto_source=spot_delta_k=10_weighted=1_learnw=0,val,1234,proto,-0.06773559749126434,0.08796454966068268,-0.33594604074954987,-0.26017051935195923,-0.31313347816467285,-0.0415763258934021,0.02261741161346435,0.780373831775701,-0.07164458930492401,0.004547697026282549,0.0006387124303728342,0.06880270689725876,0.6633920669555664,0.4504850208759308,1.0,0.293107476635514,0.293107476635514,0.0,0.9789719626168224,,,cvar,/Users/yaniszaim/deephedging/.deephedging_real_runs/final_paper_notebook/panel_sweeps/NVDA_full_paper_grid_800_step_robust/model_artifacts/seed_1234/risk_cvar/proto_source_spot_delta_k_10_weighted_1_learnw_0,560.0,0.27156047302359176,val_loss,0.06566266715526581,0.2499246746301651,0.07482476635514018,0.8060747663551402,428.0,20.0,2.0,spot_delta,10.0,True,False,0.3241111636161804,0.6633985638618469
proto_source=spot_delta_k=10_weighted=1_learnw=0,test,1234,proto,-0.07096245884895325,0.09040423482656479,-0.381203830242157,-0.24872757792472838,-0.3192707300186157,-0.046947117894887924,0.021772995218634583,0.8018648018648019,-0.07581628859043121,0.005485589150339365,0.0006317568477243185,0.06739304214715958,0.6633920669555664,0.45052289962768555,1.0,0.2906759906759907,0.2906759906759907,0.0,0.9836829836829837,,,cvar,/Users/yaniszaim/deephedging/.deephedging_real_runs/final_paper_notebook/panel_sweeps/NVDA_full_paper_grid_800_step_robust/model_artifacts/seed_1234/risk_cvar/proto_source_spot_delta_k_10_weighted_1_learnw_0,560.0,0.27156047302359176,val_loss,0.06566266715526581,0.2499246746301651,0.07482476635514018,0.8060747663551402,429.0,20.0,2.0,spot_delta,10.0,True,False,0.3241111636161804,0.6633985638618469
proto_source=spot_delta_k=25_weighted=0_learnw=0,train,1234,proto,-0.06981483846902847,0.08766131103038788,-0.36687570571899414,-0.24890462160110474,-0.3264991343021393,-0.04187481477856636,0.014392305165529248,0.8347521281922884,-0.07296176999807358,0.004345714580267668,0.0011987780453637242,0.042014848440885544,0.9981074333190918,0.5210217237472534,1.0,0.4065473209814722,0.3929894842263395,0.0135578367551327,0.9969954932398598,,,cvar,/Users/yaniszaim/deephedging/.deephedging_real_runs/final_paper_notebook/panel_sweeps/NVDA_full_paper_grid_800_step_robust/model_artifacts/seed_1234/risk_cvar/proto_source_spot_delta_k_25_weighted_0_learnw_0,752.0,0.2715198646987153,val_loss,0.07957378029823303,0.3743472993373871,0.16325934579439252,0.9228971962616822,1997.0,20.0,2.0,spot_delta,25.0,False,False,0.413480669260025,0.9981115460395813
proto_source=spot_delta_k=25_weighted=0_learnw=0,val,1234,proto,-0.06739689409732819,0.09686890989542007,-0.35375445425510404,-0.27733387649059293,-0.3301995098590851,-0.036076007410883904,0.01192571721039712,0.8504672897196262,-0.07164458930492401,0.005472569726407528,0.001224878360517323,0.04276629909873009,0.995520830154419,0.5323719382286072,1.0,0.40677570093457943,0.3907126168224299,0.01606308411214953,0.9953271028037384,,,cvar,/Users/yaniszaim/deephedging/.deephedging_real_runs/final_paper_notebook/panel_sweeps/NVDA_full_paper_grid_800_step_robust/model_artifacts/seed_1234/risk_cvar/proto_source_spot_delta_k_25_weighted_0_learnw_0,752.0,0.2715198646987153,val_loss,0.07957378029823303,0.3743472993373871,0.16325934579439252,0.9228971962616822,428.0,20.0,2.0,spot_delta,25.0,False,False,0.413480669260025,0.9981115460395813
proto_source=spot_delta_k=25_weighted=0_learnw=0,test,1234,proto,-0.07269049435853958,0.08924335241317749,-0.3771884608268738,-0.2357257694005966,-0.32197946310043335,-0.04474844038486481,0.01425214298069477,0.8321678321678322,-0.07581628859043121,0.00429966114461422,0.0011738655157387257,0.041852500289678574,0.995520830154419,0.5272071361541748,1.0,0.40821678321678323,0.3956876456876457,0.01252913752913753,0.9976689976689976,,,cvar,/Users/yaniszaim/deephedging/.deephedging_real_runs/final_paper_notebook/panel_sweeps/NVDA_full_paper_grid_800_step_robust/model_artifacts/seed_1234/risk_cvar/proto_source_spot_delta_k_25_weighted_0_learnw_0,752.0,0.2715198646987153,val_loss,0.07957378029823303,0.3743472993373871,0.16325934579439252,0.9228971962616822,429.0,20.0,2.0,spot_delta,25.0,False,False,0.413480669260025,0.9981115460395813
proto_source=spot_delta_k=25_weighted=1_learnw=0,train,1234,proto,-0.07159880548715591,0.08727707713842392,-0.36352402448654175,-0.2623271584510803,-0.32760411500930786,-0.040490757673978806,0.009071538224816312,0.8362543815723585,-0.07296176999807358,0.0015681660734117031,0.0002052076015388593,0.025052450597286224,0.33602893352508545,0.47031670808792114,1.0,0.4202679018527792,0.4202679018527792,0.0,1.0,,,cvar,/Users/yaniszaim/deephedging/.deephedging_real_runs/final_paper_notebook/panel_sweeps/NVDA_full_paper_grid_800_step_robust/model_artifacts/seed_1234/risk_cvar/proto_source_spot_delta_k_25_weighted_1_learnw_0,707.0,0.28266487482064795,val_loss,0.07914166152477264,0.2645798325538635,0.0873247663551402,0.9532710280373832,1997.0,20.0,2.0,spot_delta,25.0,True,False,0.23219096660614014,1.0882577896118164
proto_source=spot_delta_k=25_weighted=1_learnw=0,val,1234,proto,-0.07013126462697983,0.08716188371181488,-0.34973458349704745,-0.26495831608772275,-0.32098329067230225,-0.03606119006872177,0.00676447134464979,0.852803738317757,-0.07164458930492401,0.0017185863107442856,0.0002052688505500555,0.025050247088074684,0.33602893352508545,0.47042521834373474,1.0,0.4201518691588785,0.4201518691588785,0.0,1.0,,,cvar,/Users/yaniszaim/deephedging/.deephedging_real_runs/final_paper_notebook/panel_sweeps/NVDA_full_paper_grid_800_step_robust/model_artifacts/seed_1234/risk_cvar/proto_source_spot_delta_k_25_weighted_1_learnw_0,707.0,0.28266487482064795,val_loss,0.07914166152477264,0.2645798325538635,0.0873247663551402,0.9532710280373832,428.0,20.0,2.0,spot_delta,25.0,True,False,0.23219096660614014,1.0882577896118164
proto_source=spot_delta_k=25_weighted=1_learnw=0,test,1234,proto,-0.07282418757677078,0.08788271248340607,-0.3581880688667297,-0.24970782995223997,-0.31578749418258667,-0.04371662065386772,0.010754256881773458,0.8438228438228438,-0.07581628859043121,0.003197547048330307,0.00020544949802570045,0.025050921365618706,0.33602893352508545,0.47047093510627747,1.0,0.42057109557109557,0.42057109557109557,0.0,1.0,,,cvar,/Users/yaniszaim/deephedging/.deephedging_real_runs/final_paper_notebook/panel_sweeps/NVDA_full_paper_grid_800_step_robust/model_artifacts/seed_1234/risk_cvar/proto_source_spot_delta_k_25_weighted_1_learnw_0,707.0,0.28266487482064795,val_loss,0.07914166152477264,0.2645798325538635,0.0873247663551402,0.9532710280373832,429.0,20.0,2.0,spot_delta,25.0,True,False,0.23219096660614014,1.0882577896118164
proto_source=spot_delta_k=50_weighted=0_learnw=0,train,1234,proto,-0.07197923213243484,0.08650089055299759,-0.3654966080188751,-0.2559961318969726,-0.32608112692832947,-0.04222049191594124,0.0077594624832272455,0.8597896845267902,-0.07296176999807358,0.0016146915731951594,0.0006321491091512144,0.03170934319496155,0.8351024389266968,0.421347439289093,1.0,0.2434526790185278,0.15796194291437154,0.08549073610415624,0.9514271407110666,,,cvar,/Users/yaniszaim/deephedging/.deephedging_real_runs/final_paper_notebook/panel_sweeps/NVDA_full_paper_grid_800_step_robust/model_artifacts/seed_1234/risk_cvar/proto_source_spot_delta_k_50_weighted_0_learnw_0,798.0,0.29906924071173385,val_loss,0.035384129732847214,0.3750680387020111,0.22032710280373832,0.8084112149532711,1997.0,20.0,2.0,spot_delta,50.0,False,False,0.22886808216571808,1.3410117626190186
proto_source=spot_delta_k=50_weighted=0_learnw=0,val,1234,proto,-0.06975284218788147,0.08761319518089294,-0.3512726339697838,-0.2649416163563728,-0.3208217918872833,-0.037658168002963066,0.00955390064045786,0.8387850467289719,-0.07164458930492401,0.0025206918362528086,0.0006289525190368295,0.03165610134601593,0.7538676857948303,0.42284804582595825,1.0,0.24404205607476637,0.15461448598130842,0.08942757009345795,0.9672897196261683,,,cvar,/Users/yaniszaim/deephedging/.deephedging_real_runs/final_paper_notebook/panel_sweeps/NVDA_full_paper_grid_800_step_robust/model_artifacts/seed_1234/risk_cvar/proto_source_spot_delta_k_50_weighted_0_learnw_0,798.0,0.29906924071173385,val_loss,0.035384129732847214,0.3750680387020111,0.22032710280373832,0.8084112149532711,428.0,20.0,2.0,spot_delta,50.0,False,False,0.22886808216571808,1.3410117626190186
proto_source=spot_delta_k=50_weighted=0_learnw=0,test,1234,proto,-0.0751788467168808,0.08725377917289734,-0.3662723743915558,-0.2585612714290619,-0.32243701815605164,-0.05095871910452843,0.006075602956116176,0.8764568764568764,-0.07581628859043121,0.0012621874921023846,0.0006247411365620792,0.0315600149333477,0.8351024389266968,0.41949206590652466,1.0,0.24213286713286714,0.15635198135198136,0.08578088578088579,0.951048951048951,,,cvar,/Users/yaniszaim/deephedging/.deephedging_real_runs/final_paper_notebook/panel_sweeps/NVDA_full_paper_grid_800_step_robust/model_artifacts/seed_1234/risk_cvar/proto_source_spot_delta_k_50_weighted_0_learnw_0,798.0,0.29906924071173385,val_loss,0.035384129732847214,0.3750680387020111,0.22032710280373832,0.8084112149532711,429.0,20.0,2.0,spot_delta,50.0,False,False,0.22886808216571808,1.3410117626190186
proto_source=spot_delta_k=50_weighted=1_learnw=0,train,1234,proto,-0.07136693596839905,0.08980994671583176,-0.38330533623695373,-0.2533486783504486,-0.33241981267929077,-0.04147544875741005,0.012342774868011438,0.8267401101652478,-0.07296176999807358,0.002072637900710106,0.00047780104796402156,0.05546799302101135,0.5163180828094482,0.2749090790748596,1.0,0.003017025538307461,0.003017025538307461,0.0,0.013520280420630946,,,cvar,/Users/yaniszaim/deephedging/.deephedging_real_runs/final_paper_notebook/panel_sweeps/NVDA_full_paper_grid_800_step_robust/model_artifacts/seed_1234/risk_cvar/proto_source_spot_delta_k_50_weighted_1_learnw_0,407.0,0.2734587947603002,val_loss,0.03512624651193619,0.14591346681118011,0.0014018691588785046,0.014018691588785047,1997.0,20.0,2.0,spot_delta,50.0,True,False,0.12804265320301056,0.8584597706794739
proto_source=spot_delta_k=50_weighted=1_learnw=0,val,1234,proto,-0.06951674073934555,0.09096477180719376,-0.3606170892715454,-0.25879379361867905,-0.3266708254814148,-0.03541054017841816,0.013985118316486458,0.8130841121495327,-0.07164458930492401,0.002602315042167902,0.0004744701145682484,0.055253494530916214,0.5163182020187378,0.27483755350112915,1.0,0.001810747663551402,0.001810747663551402,0.0,0.018691588785046728,,,cvar,/Users/yaniszaim/deephedging/.deephedging_real_runs/final_paper_notebook/panel_sweeps/NVDA_full_paper_grid_800_step_robust/model_artifacts/seed_1234/risk_cvar/proto_source_spot_delta_k_50_weighted_1_learnw_0,407.0,0.2734587947603002,val_loss,0.03512624651193619,0.14591346681118011,0.0014018691588785046,0.014018691588785047,428.0,20.0,2.0,spot_delta,50.0,True,False,0.12804265320301056,0.8584597706794739
proto_source=spot_delta_k=50_weighted=1_learnw=0,test,1234,proto,-0.0730426013469696,0.09093741327524185,-0.368928542137146,-0.25829527974128724,-0.326678991317749,-0.04875321313738823,0.016079467162489886,0.8228438228438228,-0.07581628859043121,0.003250678302720189,0.0004769904480781406,0.05521811544895172,0.5163174271583557,0.27424079179763794,1.0,0.002972027972027972,0.002972027972027972,0.0,0.016317016317016316,,,cvar,/Users/yaniszaim/deephedging/.deephedging_real_runs/final_paper_notebook/panel_sweeps/NVDA_full_paper_grid_800_step_robust/model_artifacts/seed_1234/risk_cvar/proto_source_spot_delta_k_50_weighted_1_learnw_0,407.0,0.2734587947603002,val_loss,0.03512624651193619,0.14591346681118011,0.0014018691588785046,0.014018691588785047,429.0,20.0,2.0,spot_delta,50.0,True,False,0.12804265320301056,0.8584597706794739
proto_source=spot_delta_k=100_weighted=0_learnw=0,train,1234,proto,-0.07284760475158691,0.09013168513774872,-0.3883510041236877,-0.2669786214828491,-0.3435366153717041,-0.0384889654815197,0.0023568178527057105,0.8973460190285428,-0.07296176999807358,0.00029852494481019676,0.00018435528909321874,0.01975240185856819,0.6183825135231018,0.14862826466560364,0.46234750747680664,0.0,0.0,0.0,0.0,,,cvar,/Users/yaniszaim/deephedging/.deephedging_real_runs/final_paper_notebook/panel_sweeps/NVDA_full_paper_grid_800_step_robust/model_artifacts/seed_1234/risk_cvar/proto_source_spot_delta_k_100_weighted_0_learnw_0,781.0,0.27339924085885287,val_loss,0.016050077974796295,0.10530495643615723,0.0,0.0,1997.0,20.0,2.0,spot_delta,100.0,False,False,0.21076330542564392,0.6188249588012695
proto_source=spot_delta_k=100_weighted=0_learnw=0,val,1234,proto,-0.07067835330963135,0.09045258909463882,-0.3556333419680595,-0.27303091585636136,-0.33426591753959656,-0.034199075773358345,0.0014836321468465028,0.8925233644859814,-0.07164458930492401,0.0011559540871530771,0.00018972533871419728,0.020271223038434982,0.6097027063369751,0.1466861367225647,0.45117735862731934,0.0,0.0,0.0,0.0,,,cvar,/Users/yaniszaim/deephedging/.deephedging_real_runs/final_paper_notebook/panel_sweeps/NVDA_full_paper_grid_800_step_robust/model_artifacts/seed_1234/risk_cvar/proto_source_spot_delta_k_100_weighted_0_learnw_0,781.0,0.27339924085885287,val_loss,0.016050077974796295,0.10530495643615723,0.0,0.0,428.0,20.0,2.0,spot_delta,100.0,False,False,0.21076330542564392,0.6188249588012695
proto_source=spot_delta_k=100_weighted=0_learnw=0,test,1234,proto,-0.07485153526067734,0.09042731672525406,-0.3809634494781494,-0.25941531658172606,-0.3317863643169403,-0.048677753657102585,0.002350668562576173,0.8811188811188811,-0.07581628859043121,0.0011528478935360909,0.00018809971516020596,0.020052896812558174,0.6177162528038025,0.14806190133094788,0.4543803334236145,0.0,0.0,0.0,0.0,,,cvar,/Users/yaniszaim/deephedging/.deephedging_real_runs/final_paper_notebook/panel_sweeps/NVDA_full_paper_grid_800_step_robust/model_artifacts/seed_1234/risk_cvar/proto_source_spot_delta_k_100_weighted_0_learnw_0,781.0,0.27339924085885287,val_loss,0.016050077974796295,0.10530495643615723,0.0,0.0,429.0,20.0,2.0,spot_delta,100.0,False,False,0.21076330542564392,0.6188249588012695
proto_source=spot_delta_k=100_weighted=1_learnw=0,train,1234,proto,-0.07135409861803055,0.08584015816450119,-0.3690599727630615,-0.2538483142852783,-0.3282536566257477,-0.039887119084596634,0.0030772320926189395,0.8883324987481221,-0.07296176999807358,0.0018232747679576278,0.00021560187451541424,0.02508283220231533,0.26388365030288696,0.31429892778396606,1.0,0.07463695543314973,0.07463695543314973,0.0,0.7761642463695543,,,cvar,/Users/yaniszaim/deephedging/.deephedging_real_runs/final_paper_notebook/panel_sweeps/NVDA_full_paper_grid_800_step_robust/model_artifacts/seed_1234/risk_cvar/proto_source_spot_delta_k_100_weighted_1_learnw_0,27.0,0.27320679904048756,val_loss,0.02582046203315258,0.1644463986158371,0.0006425233644859813,0.018691588785046728,1997.0,20.0,2.0,spot_delta,100.0,True,False,0.11066842079162598,0.26476117968559265
proto_source=spot_delta_k=100_weighted=1_learnw=0,val,1234,proto,-0.06970885396003723,0.08671872317790985,-0.35596864342689516,-0.2585685044527054,-0.32072216272354126,-0.033771812915802,0.0030846226960420608,0.8808411214953271,-0.07164458930492401,0.002152526518329978,0.00021679200290236622,0.025162551552057266,0.26322048902511597,0.31433409452438354,1.0,0.07453271028037384,0.07453271028037384,0.0,0.7733644859813084,,,cvar,/Users/yaniszaim/deephedging/.deephedging_real_runs/final_paper_notebook/panel_sweeps/NVDA_full_paper_grid_800_step_robust/model_artifacts/seed_1234/risk_cvar/proto_source_spot_delta_k_100_weighted_1_learnw_0,27.0,0.27320679904048756,val_loss,0.02582046203315258,0.1644463986158371,0.0006425233644859813,0.018691588785046728,428.0,20.0,2.0,spot_delta,100.0,True,False,0.11066842079162598,0.26476117968559265
proto_source=spot_delta_k=100_weighted=1_learnw=0,test,1234,proto,-0.07389257103204727,0.08630470186471939,-0.3714495861530304,-0.25399627685546877,-0.32058340311050415,-0.04698266088962555,0.002355013322085138,0.9067599067599068,-0.07581628859043121,0.0021410423796623945,0.00021732394816353917,0.025125578045845032,0.26313549280166626,0.31450316309928894,1.0,0.07354312354312355,0.07354312354312355,0.0,0.7692307692307693,,,cvar,/Users/yaniszaim/deephedging/.deephedging_real_runs/final_paper_notebook/panel_sweeps/NVDA_full_paper_grid_800_step_robust/model_artifacts/seed_1234/risk_cvar/proto_source_spot_delta_k_100_weighted_1_learnw_0,27.0,0.27320679904048756,val_loss,0.02582046203315258,0.1644463986158371,0.0006425233644859813,0.018691588785046728,429.0,20.0,2.0,spot_delta,100.0,True,False,0.11066842079162598,0.26476117968559265
proto_source=vanilla_k=10_weighted=0_learnw=0,train,1234,proto,-0.07290545850992203,0.0909481942653656,-0.378646228313446,-0.265635347366333,-0.33848246932029724,-0.04173636436462402,0.01019517146050929,0.85628442663996,-0.07296176999807358,0.001087873475626111,0.0010315546533092856,0.048820942640304565,0.20115378499031067,0.12001807987689972,1.0,0.0008012018027040561,0.0008012018027040561,0.0,0.016524787180771158,,,cvar,/Users/yaniszaim/deephedging/.deephedging_real_runs/final_paper_notebook/panel_sweeps/NVDA_full_paper_grid_800_step_robust/model_artifacts/seed_1234/risk_cvar/proto_source_vanilla_k_10_weighted_0_learnw_0,394.0,0.2756138126971635,val_loss,0.04802818223834038,0.13468359410762787,0.0022196261682242992,0.037383177570093455,1997.0,20.0,2.0,vanilla,10.0,False,False,0.10276488959789276,0.20704475045204163
proto_source=vanilla_k=10_weighted=0_learnw=0,val,1234,proto,-0.07195425778627396,0.09217572957277298,-0.36556269258260726,-0.28361704498529433,-0.33600232005119324,-0.03828609921038151,0.008547936752438532,0.8481308411214953,-0.07164458930492401,0.0007302604499273002,0.0010399287566542625,0.04894081503152847,0.20115378499031067,0.11835810542106628,1.0,0.0010514018691588785,0.0010514018691588785,0.0,0.028037383177570093,,,cvar,/Users/yaniszaim/deephedging/.deephedging_real_runs/final_paper_notebook/panel_sweeps/NVDA_full_paper_grid_800_step_robust/model_artifacts/seed_1234/risk_cvar/proto_source_vanilla_k_10_weighted_0_learnw_0,394.0,0.2756138126971635,val_loss,0.04802818223834038,0.13468359410762787,0.0022196261682242992,0.037383177570093455,428.0,20.0,2.0,vanilla,10.0,False,False,0.10276488959789276,0.20704475045204163
proto_source=vanilla_k=10_weighted=0_learnw=0,test,1234,proto,-0.07519301772117615,0.09132477641105652,-0.3740932619571686,-0.25521724820137026,-0.3290138840675354,-0.05053626745939255,0.009185859933495483,0.8694638694638694,-0.07581628859043121,0.0016525329556316137,0.0010292654624208808,0.04887789860367775,0.20115378499031067,0.11791449040174484,1.0,0.0005244755244755245,0.0005244755244755245,0.0,0.013986013986013986,,,cvar,/Users/yaniszaim/deephedging/.deephedging_real_runs/final_paper_notebook/panel_sweeps/NVDA_full_paper_grid_800_step_robust/model_artifacts/seed_1234/risk_cvar/proto_source_vanilla_k_10_weighted_0_learnw_0,394.0,0.2756138126971635,val_loss,0.04802818223834038,0.13468359410762787,0.0022196261682242992,0.037383177570093455,429.0,20.0,2.0,vanilla,10.0,False,False,0.10276488959789276,0.20704475045204163
proto_source=vanilla_k=10_weighted=1_learnw=0,train,1234,proto,-0.07184212654829025,0.08649863302707672,-0.3726841819286346,-0.25745362639427183,-0.329787015914917,-0.03998742252588272,0.00034702597768045834,0.9404106159238859,-0.07296176999807358,0.0015933968825265765,0.0004737473791465163,0.028050580993294716,0.1413390189409256,0.284617155790329,1.0,0.071457185778668,0.071457185778668,0.0,0.6184276414621933,,,cvar,/Users/yaniszaim/deephedging/.deephedging_real_runs/final_paper_notebook/panel_sweeps/NVDA_full_paper_grid_800_step_robust/model_artifacts/seed_1234/risk_cvar/proto_source_vanilla_k_10_weighted_1_learnw_0,292.0,0.27377142049372194,val_loss,0.028366193175315857,0.2019091099500656,0.0,0.0,1997.0,20.0,2.0,vanilla,10.0,True,False,0.08320022374391556,0.1489771455526352
proto_source=vanilla_k=10_weighted=1_learnw=0,val,1234,proto,-0.07058195024728775,0.0875137448310852,-0.35215921223163604,-0.26273678094148634,-0.32361969351768494,-0.03356570191681385,0.00037510530091820245,0.9485981308411215,-0.07164458930492401,0.0015392255736514926,0.0004765931807924062,0.028153054416179657,0.1397605538368225,0.2786492109298706,1.0,0.0651285046728972,0.0651285046728972,0.0,0.5771028037383178,,,cvar,/Users/yaniszaim/deephedging/.deephedging_real_runs/final_paper_notebook/panel_sweeps/NVDA_full_paper_grid_800_step_robust/model_artifacts/seed_1234/risk_cvar/proto_source_vanilla_k_10_weighted_1_learnw_0,292.0,0.27377142049372194,val_loss,0.028366193175315857,0.2019091099500656,0.0,0.0,428.0,20.0,2.0,vanilla,10.0,True,False,0.08320022374391556,0.1489771455526352
proto_source=vanilla_k=10_weighted=1_learnw=0,test,1234,proto,-0.0746915265917778,0.08680066466331482,-0.35665682196617127,-0.2593721866607666,-0.3215247392654419,-0.04787954315543175,9.971350082196035e-05,0.9417249417249417,-0.07581628859043121,0.0015989984385669231,0.0004742318415082991,0.02808954007923603,0.1383751928806305,0.28261661529541016,1.0,0.0673076923076923,0.0673076923076923,0.0,0.5804195804195804,,,cvar,/Users/yaniszaim/deephedging/.deephedging_real_runs/final_paper_notebook/panel_sweeps/NVDA_full_paper_grid_800_step_robust/model_artifacts/seed_1234/risk_cvar/proto_source_vanilla_k_10_weighted_1_learnw_0,292.0,0.27377142049372194,val_loss,0.028366193175315857,0.2019091099500656,0.0,0.0,429.0,20.0,2.0,vanilla,10.0,True,False,0.08320022374391556,0.1489771455526352
proto_source=vanilla_k=25_weighted=0_learnw=0,train,1234,proto,-0.07128193974494934,0.08530083298683167,-0.37004847288131715,-0.25510085225105283,-0.32616519927978516,-0.040830984711647034,-0.0008707016124390085,0.9844767150726089,-0.07296176999807358,0.0021811409387737513,0.000501313537824899,0.028440145775675774,0.501261293888092,0.2772800326347351,1.0,0.03383825738607912,0.03383825738607912,0.0,0.827741612418628,,,cvar,/Users/yaniszaim/deephedging/.deephedging_real_runs/final_paper_notebook/panel_sweeps/NVDA_full_paper_grid_800_step_robust/model_artifacts/seed_1234/risk_cvar/proto_source_vanilla_k_25_weighted_0_learnw_0,77.0,0.2746140335362718,val_loss,0.028460662811994553,0.27196651697158813,0.023598130841121494,0.6705607476635514,1997.0,20.0,2.0,vanilla,25.0,False,False,0.16310597956180573,0.5923811793327332
proto_source=vanilla_k=25_weighted=0_learnw=0,val,1234,proto,-0.0699724331498146,0.08564642816781998,-0.3409588414430618,-0.2605614125728607,-0.31815654039382935,-0.03531870059669018,-0.001183264987776056,0.9883177570093458,-0.07164458930492401,0.002182251773774624,0.0005100946873426437,0.028646597638726234,0.2632337212562561,0.27757778763771057,1.0,0.03300233644859813,0.03300233644859813,0.0,0.8014018691588785,,,cvar,/Users/yaniszaim/deephedging/.deephedging_real_runs/final_paper_notebook/panel_sweeps/NVDA_full_paper_grid_800_step_robust/model_artifacts/seed_1234/risk_cvar/proto_source_vanilla_k_25_weighted_0_learnw_0,77.0,0.2746140335362718,val_loss,0.028460662811994553,0.27196651697158813,0.023598130841121494,0.6705607476635514,428.0,20.0,2.0,vanilla,25.0,False,False,0.16310597956180573,0.5923811793327332
proto_source=vanilla_k=25_weighted=0_learnw=0,test,1234,proto,-0.0741412416100502,0.08599859476089478,-0.38042799949645995,-0.25119414925575256,-0.3203147053718567,-0.048228126019239426,-0.0010469920700415993,0.9906759906759907,-0.07581628859043121,0.002181383315473795,0.0005063390708528459,0.028566783294081688,0.2636745572090149,0.2765826880931854,1.0,0.033041958041958044,0.033041958041958044,0.0,0.7995337995337995,,,cvar,/Users/yaniszaim/deephedging/.deephedging_real_runs/final_paper_notebook/panel_sweeps/NVDA_full_paper_grid_800_step_robust/model_artifacts/seed_1234/risk_cvar/proto_source_vanilla_k_25_weighted_0_learnw_0,77.0,0.2746140335362718,val_loss,0.028460662811994553,0.27196651697158813,0.023598130841121494,0.6705607476635514,429.0,20.0,2.0,vanilla,25.0,False,False,0.16310597956180573,0.5923811793327332
proto_source=vanilla_k=25_weighted=1_learnw=0,train,1234,proto,-0.07164189964532852,0.08631435036659241,-0.37434268832206724,-0.25207756757736205,-0.32823681831359863,-0.037643127143383026,0.0018889113096520267,0.9083625438157236,-0.07296176999807358,0.001975723309442401,0.0006558596505783498,0.03126870095729828,0.16348791122436523,0.2590724229812622,1.0,0.008362543815723586,0.008362543815723586,0.0,0.17876815222834253,,,cvar,/Users/yaniszaim/deephedging/.deephedging_real_runs/final_paper_notebook/panel_sweeps/NVDA_full_paper_grid_800_step_robust/model_artifacts/seed_1234/risk_cvar/proto_source_vanilla_k_25_weighted_1_learnw_0,152.0,0.2739682336557204,val_loss,0.0293126218020916,0.246027410030365,0.006191588785046729,0.15186915887850466,1997.0,20.0,2.0,vanilla,25.0,True,False,0.1327114999294281,0.2751924395561218
proto_source=vanilla_k=25_weighted=1_learnw=0,val,1234,proto,-0.07055635005235672,0.08709833025932312,-0.3501201531291008,-0.2662290155887604,-0.322238951921463,-0.03595663793385029,0.0017679292592219988,0.9182242990654206,-0.07164458930492401,0.0017464322736486793,0.0006581936031579971,0.03137629106640816,0.14936140179634094,0.2609243392944336,1.0,0.009170560747663552,0.009170560747663552,0.0,0.21728971962616822,,,cvar,/Users/yaniszaim/deephedging/.deephedging_real_runs/final_paper_notebook/panel_sweeps/NVDA_full_paper_grid_800_step_robust/model_artifacts/seed_1234/risk_cvar/proto_source_vanilla_k_25_weighted_1_learnw_0,152.0,0.2739682336557204,val_loss,0.0293126218020916,0.246027410030365,0.006191588785046729,0.15186915887850466,428.0,20.0,2.0,vanilla,25.0,True,False,0.1327114999294281,0.2751924395561218
proto_source=vanilla_k=25_weighted=1_learnw=0,test,1234,proto,-0.07429544627666473,0.08648992329835892,-0.3609059572219849,-0.25887112617492675,-0.3181799650192261,-0.046343982219696045,0.0010280738119035945,0.9324009324009324,-0.07581628859043121,0.002179501811042428,0.000658656470477581,0.03134412318468094,0.14941436052322388,0.2602997422218323,1.0,0.008741258741258742,0.008741258741258742,0.0,0.19813519813519814,,,cvar,/Users/yaniszaim/deephedging/.deephedging_real_runs/final_paper_notebook/panel_sweeps/NVDA_full_paper_grid_800_step_robust/model_artifacts/seed_1234/risk_cvar/proto_source_vanilla_k_25_weighted_1_learnw_0,152.0,0.2739682336557204,val_loss,0.0293126218020916,0.246027410030365,0.006191588785046729,0.15186915887850466,429.0,20.0,2.0,vanilla,25.0,True,False,0.1327114999294281,0.2751924395561218
proto_source=vanilla_k=50_weighted=0_learnw=0,train,1234,proto,-0.07244422286748886,0.08717931807041168,-0.3724653995037079,-0.25884274840354915,-0.3316451609134674,-0.03988168016076088,0.0010780586861073842,0.9133700550826239,-0.07296176999807358,0.0014842175878584385,0.0009666656842455268,0.030200378969311714,0.22844530642032623,0.2202577292919159,1.0,0.016362043064596897,0.016362043064596897,0.0,0.16224336504757136,,,cvar,/Users/yaniszaim/deephedging/.deephedging_real_runs/final_paper_notebook/panel_sweeps/NVDA_full_paper_grid_800_step_robust/model_artifacts/seed_1234/risk_cvar/proto_source_vanilla_k_50_weighted_0_learnw_0,403.0,0.2745832918702721,val_loss,0.02805529534816742,0.23155148327350616,0.003738317757009346,0.05841121495327103,1997.0,20.0,2.0,vanilla,50.0,False,False,0.10671445727348328,0.28100791573524475
proto_source=vanilla_k=50_weighted=0_learnw=0,val,1234,proto,-0.07113763689994812,0.0875861793756485,-0.34985057353973387,-0.26413495391607283,-0.3253936767578125,-0.034422727301716805,0.0008799847884802087,0.9299065420560748,-0.07164458930492401,0.0014637700514867902,0.0009568224777467549,0.03037571720778942,0.22844529151916504,0.22958698868751526,1.0,0.02091121495327103,0.02091121495327103,0.0,0.20327102803738317,,,cvar,/Users/yaniszaim/deephedging/.deephedging_real_runs/final_paper_notebook/panel_sweeps/NVDA_full_paper_grid_800_step_robust/model_artifacts/seed_1234/risk_cvar/proto_source_vanilla_k_50_weighted_0_learnw_0,403.0,0.2745832918702721,val_loss,0.02805529534816742,0.23155148327350616,0.003738317757009346,0.05841121495327103,428.0,20.0,2.0,vanilla,50.0,False,False,0.10671445727348328,0.28100791573524475
proto_source=vanilla_k=50_weighted=0_learnw=0,test,1234,proto,-0.07545103877782822,0.08784758299589157,-0.36194876790046693,-0.2581157982349396,-0.32535484433174133,-0.05066356807947159,0.000910269725136456,0.9207459207459208,-0.07581628859043121,0.0013261984568089247,0.0009609480039216578,0.030505182221531868,0.22844529151916504,0.2254323661327362,1.0,0.017074592074592075,0.017074592074592075,0.0,0.20046620046620048,,,cvar,/Users/yaniszaim/deephedging/.deephedging_real_runs/final_paper_notebook/panel_sweeps/NVDA_full_paper_grid_800_step_robust/model_artifacts/seed_1234/risk_cvar/proto_source_vanilla_k_50_weighted_0_learnw_0,403.0,0.2745832918702721,val_loss,0.02805529534816742,0.23155148327350616,0.003738317757009346,0.05841121495327103,429.0,20.0,2.0,vanilla,50.0,False,False,0.10671445727348328,0.28100791573524475
proto_source=vanilla_k=50_weighted=1_learnw=0,train,1234,proto,-0.07181045413017273,0.08660727739334106,-0.37033493399620054,-0.2547053635120392,-0.3289085626602173,-0.04216708615422249,0.005789689160883426,0.8778167250876314,-0.07296176999807358,0.0017138306284323335,0.0005625084158964455,0.0368887335062027,0.3634769022464752,0.17986181378364563,1.0,0.0010640961442163245,1.2518778167250876e-05,0.0010515773660490736,0.015022533800701052,,,cvar,/Users/yaniszaim/deephedging/.deephedging_real_runs/final_paper_notebook/panel_sweeps/NVDA_full_paper_grid_800_step_robust/model_artifacts/seed_1234/risk_cvar/proto_source_vanilla_k_50_weighted_1_learnw_0,145.0,0.27435277908465994,val_loss,0.03126268461346626,0.2730686664581299,0.025759345794392523,0.7242990654205608,1997.0,20.0,2.0,vanilla,50.0,True,False,0.12153393775224686,0.380849152803421
proto_source=vanilla_k=50_weighted=1_learnw=0,val,1234,proto,-0.07080031931400299,0.0863083079457283,-0.3454666700959206,-0.2586092621088028,-0.3198474943637848,-0.03770400397479534,0.005365924397483463,0.8738317757009346,-0.07164458930492401,0.0014225086197257042,0.0005782399093732238,0.03718239441514015,0.36347687244415283,0.1788591742515564,1.0,0.0002920560747663551,0.0,0.0002920560747663551,0.002336448598130841,,,cvar,/Users/yaniszaim/deephedging/.deephedging_real_runs/final_paper_notebook/panel_sweeps/NVDA_full_paper_grid_800_step_robust/model_artifacts/seed_1234/risk_cvar/proto_source_vanilla_k_50_weighted_1_learnw_0,145.0,0.27435277908465994,val_loss,0.03126268461346626,0.2730686664581299,0.025759345794392523,0.7242990654205608,428.0,20.0,2.0,vanilla,50.0,True,False,0.12153393775224686,0.380849152803421
proto_source=vanilla_k=50_weighted=1_learnw=0,test,1234,proto,-0.07412973791360855,0.08701003342866898,-0.37108712434768676,-0.2543574094772339,-0.321543425321579,-0.04963594302535057,0.004255005903542031,0.8741258741258742,-0.07581628859043121,0.0022501423954963684,0.0005635981215164065,0.036640387028455734,0.36347687244415283,0.18304739892482758,1.0,0.0011655011655011655,0.0,0.0011655011655011655,0.018648018648018648,,,cvar,/Users/yaniszaim/deephedging/.deephedging_real_runs/final_paper_notebook/panel_sweeps/NVDA_full_paper_grid_800_step_robust/model_artifacts/seed_1234/risk_cvar/proto_source_vanilla_k_50_weighted_1_learnw_0,145.0,0.27435277908465994,val_loss,0.03126268461346626,0.2730686664581299,0.025759345794392523,0.7242990654205608,429.0,20.0,2.0,vanilla,50.0,True,False,0.12153393775224686,0.380849152803421
proto_source=vanilla_k=100_weighted=0_learnw=0,train,1234,proto,-0.07198910415172577,0.08622485399246216,-0.36966139674186704,-0.2551464676856995,-0.32843756675720215,-0.040445562452077866,-0.0005279508302919578,0.9604406609914873,-0.07296176999807358,0.0016502633225172758,0.0006775982910767198,0.02813619002699852,0.13575859367847443,0.24474523961544037,1.0,2.5037556334501753e-05,2.5037556334501753e-05,0.0,0.00100150225338007,,,cvar,/Users/yaniszaim/deephedging/.deephedging_real_runs/final_paper_notebook/panel_sweeps/NVDA_full_paper_grid_800_step_robust/model_artifacts/seed_1234/risk_cvar/proto_source_vanilla_k_100_weighted_0_learnw_0,184.0,0.2733798812669223,val_loss,0.027793172746896744,0.23956215381622314,5.841121495327103e-05,0.002336448598130841,1997.0,20.0,2.0,vanilla,100.0,False,False,0.09200991690158844,0.33168014883995056
proto_source=vanilla_k=100_weighted=0_learnw=0,val,1234,proto,-0.07072193920612335,0.08725550025701523,-0.3490184697508812,-0.2619966521859169,-0.3227454125881195,-0.0328659787774086,-0.0007084526616381484,0.9719626168224299,-0.07164458930492401,0.0016003833152353764,0.0006777399103157222,0.028110062703490257,0.06022682785987854,0.24449747800827026,0.9594039916992188,0.0,0.0,0.0,0.0,,,cvar,/Users/yaniszaim/deephedging/.deephedging_real_runs/final_paper_notebook/panel_sweeps/NVDA_full_paper_grid_800_step_robust/model_artifacts/seed_1234/risk_cvar/proto_source_vanilla_k_100_weighted_0_learnw_0,184.0,0.2733798812669223,val_loss,0.027793172746896744,0.23956215381622314,5.841121495327103e-05,0.002336448598130841,428.0,20.0,2.0,vanilla,100.0,False,False,0.09200991690158844,0.33168014883995056
proto_source=vanilla_k=100_weighted=0_learnw=0,test,1234,proto,-0.07457185536623001,0.08623628318309784,-0.35280507683753964,-0.25683998465538027,-0.3197210729122162,-0.047993604093790054,-0.00040292610065080275,0.9533799533799534,-0.07581628859043121,0.0019235422369092703,0.0006791061023250222,0.02814505435526371,0.09693366289138794,0.24492788314819336,0.985775351524353,0.0,0.0,0.0,0.0,,,cvar,/Users/yaniszaim/deephedging/.deephedging_real_runs/final_paper_notebook/panel_sweeps/NVDA_full_paper_grid_800_step_robust/model_artifacts/seed_1234/risk_cvar/proto_source_vanilla_k_100_weighted_0_learnw_0,184.0,0.2733798812669223,val_loss,0.027793172746896744,0.23956215381622314,5.841121495327103e-05,0.002336448598130841,429.0,20.0,2.0,vanilla,100.0,False,False,0.09200991690158844,0.33168014883995056
proto_source=vanilla_k=100_weighted=1_learnw=0,train,1234,proto,-0.07212654501199722,0.08647004514932632,-0.37272045969963075,-0.2564678847789764,-0.32923340797424316,-0.04005679860711098,-0.0006447383202612412,0.9739609414121182,-0.07296176999807358,0.001525422791019082,0.0006901953020133078,0.027999041602015495,0.18270042538642883,0.25897446274757385,1.0,0.006647471206810215,0.006647471206810215,0.0,0.04606910365548322,,,cvar,/Users/yaniszaim/deephedging/.deephedging_real_runs/final_paper_notebook/panel_sweeps/NVDA_full_paper_grid_800_step_robust/model_artifacts/seed_1234/risk_cvar/proto_source_vanilla_k_100_weighted_1_learnw_0,498.0,0.27389878285291525,val_loss,0.02772398479282856,0.2528335750102997,0.0012850467289719626,0.02336448598130841,1997.0,20.0,2.0,vanilla,100.0,True,False,0.13211095333099365,0.29853346943855286
proto_source=vanilla_k=100_weighted=1_learnw=0,val,1234,proto,-0.071047842502594,0.08714038878679276,-0.3473228275775909,-0.26150237023830414,-0.322200745344162,-0.03479887172579765,-0.0010802940931171191,0.9813084112149533,-0.07164458930492401,0.001281553297303617,0.0006848076591268182,0.027919914573431015,0.18270041048526764,0.259333074092865,1.0,0.007710280373831775,0.007710280373831775,0.0,0.0514018691588785,,,cvar,/Users/yaniszaim/deephedging/.deephedging_real_runs/final_paper_notebook/panel_sweeps/NVDA_full_paper_grid_800_step_robust/model_artifacts/seed_1234/risk_cvar/proto_source_vanilla_k_100_weighted_1_learnw_0,498.0,0.27389878285291525,val_loss,0.02772398479282856,0.2528335750102997,0.0012850467289719626,0.02336448598130841,428.0,20.0,2.0,vanilla,100.0,True,False,0.13211095333099365,0.29853346943855286
proto_source=vanilla_k=100_weighted=1_learnw=0,test,1234,proto,-0.07472234964370728,0.0867321789264679,-0.3550127923488617,-0.257079267501831,-0.3222463130950928,-0.04665876179933548,-0.0007376438588835315,0.965034965034965,-0.07581628859043121,0.0017759102629497647,0.0006819752161391079,0.027863577008247375,0.18743905425071716,0.25751644372940063,1.0,0.006060606060606061,0.006060606060606061,0.0,0.04195804195804196,,,cvar,/Users/yaniszaim/deephedging/.deephedging_real_runs/final_paper_notebook/panel_sweeps/NVDA_full_paper_grid_800_step_robust/model_artifacts/seed_1234/risk_cvar/proto_source_vanilla_k_100_weighted_1_learnw_0,498.0,0.27389878285291525,val_loss,0.02772398479282856,0.2528335750102997,0.0012850467289719626,0.02336448598130841,429.0,20.0,2.0,vanilla,100.0,True,False,0.13211095333099365,0.29853346943855286
unhedged,train,2345,baseline,-0.0730072632431984,0.09050963819026947,-0.3846533203125,-0.26246166229248047,-0.3385505974292755,-0.04204821586608887,0.0,0.6494742113169755,-0.0730072632431984,0.0,0.0,0.0,0.0,0.0,0.0,0.0,0.0,0.0,0.0,,,,,,,,,,,,,,,,,,,,
spot_delta,train,2345,baseline,-0.07240806519985199,0.08889664709568024,-0.3817404818534851,-0.26028907895088194,-0.33026453852653503,-0.04139437898993492,0.01167133506387469,0.828743114672008,-0.0730072632431984,0.000775920576415956,0.0001767247886164114,0.021934282034635544,0.7022129893302917,0.26351022720336914,0.7022129893302917,0.0,0.0,0.0,0.0,,,,,,,,,,,,,,,,,,,,
spot_delta_band,train,2345,baseline,-0.07227088510990143,0.08883894979953766,-0.3833717751502991,-0.2587033033370972,-0.3304070234298706,-0.04151742160320282,0.010826642438769307,0.8242363545317977,-0.0730072632431984,0.0008758556796237826,0.00013947382103651762,0.017358703538775444,0.6922129988670349,0.2628559470176697,0.6922129988670349,0.0,0.0,0.0,0.0,0.01,gains_mean,,,,,,,,,,,,,,,,,,
unhedged,val,2345,baseline,-0.07652778178453445,0.09310490638017654,-0.3881024765968323,-0.27486557960510255,-0.3424536883831024,-0.04356515407562256,-0.0,0.6448598130841121,-0.07652778178453445,0.0,0.0,0.0,0.0,0.0,0.0,0.0,0.0,0.0,0.0,,,,,,,,,,,,,,,,,,,,
spot_delta,val,2345,baseline,-0.07485149055719376,0.09147525578737259,-0.366074321269989,-0.27273123413324357,-0.33805525302886963,-0.045949049293994904,0.012268445128574966,0.8317757009345794,-0.07652778178453445,0.0018535982817411423,0.0001773076510289684,0.02195989340543747,0.6559969782829285,0.26371872425079346,0.7022129893302917,0.0,0.0,0.0,0.0,,,,,,,,,,,,,,,,,,,,
spot_delta_band,val,2345,baseline,-0.07481282949447632,0.0913163423538208,-0.36615313708782193,-0.27349514961242677,-0.3378858268260956,-0.04568341001868248,0.011711107660084938,0.822429906542056,-0.07652778178453445,0.001855539157986641,0.0001405808434356004,0.017459968104958534,0.6459969878196716,0.26303619146347046,0.6922129988670349,0.0,0.0,0.0,0.0,0.01,gains_mean,,,,,,,,,,,,,,,,,,
unhedged,test,2345,baseline,-0.07073268294334412,0.09575854241847992,-0.36848297595977786,-0.2841503381729126,-0.3488062024116516,-0.030728816986083984,-0.0,0.6153846153846154,-0.07073268294334412,0.0,0.0,0.0,0.0,0.0,0.0,0.0,0.0,0.0,0.0,,,,,,,,,,,,,,,,,,,,
spot_delta,test,2345,baseline,-0.0693095475435257,0.09422167390584946,-0.3637340652942658,-0.27048143148422243,-0.34171292185783386,-0.031513843685388565,0.013250164128839953,0.7972027972027972,-0.07073268294334412,0.0016013938002288342,0.0001782535546226427,0.022183183580636978,0.5986350178718567,0.26366350054740906,0.7022129893302917,0.0,0.0,0.0,0.0,,,,,,,,,,,,,,,,,,,,
spot_delta_band,test,2345,baseline,-0.06924166530370712,0.094141885638237,-0.3625254547595978,-0.27126994729042053,-0.3414635956287384,-0.03233234956860542,0.012429114244878274,0.8018648018648019,-0.07073268294334412,0.0016318437410518527,0.00014082324923947453,0.017560800537467003,0.5886350274085999,0.26304197311401367,0.6922129988670349,0.0,0.0,0.0,0.0,0.01,gains_mean,,,,,,,,,,,,,,,,,,
vanilla,train,2345,vanilla,-0.07373522222042084,0.08464742451906204,-0.3686623549461365,-0.25336175560951235,-0.3240436911582947,-0.04399361088871956,-0.0019368648994714072,0.9794692038057086,-0.0730072632431984,0.0018732651369646192,0.002601214684545994,0.05000000447034836,0.526199221611023,0.7451345324516296,1.0,0.4751377065598398,0.02511266900350526,0.4500250375563345,1.0,,,cvar,/Users/yaniszaim/deephedging/.deephedging_real_runs/final_paper_notebook/panel_sweeps/NVDA_full_paper_grid_800_step_robust/model_artifacts/seed_2345/risk_cvar/vanilla,338.0,0.3408580669574439,val_loss,0.04903286322951317,0.7171900272369385,0.45,1.0,1997.0,20.0,2.0,,,,,,
vanilla,val,2345,vanilla,-0.07749020308256149,0.08697142452001572,-0.37043887257575986,-0.2612367495894432,-0.32714974880218506,-0.046425795182585716,-0.0017114643123932194,0.9883177570093458,-0.07652778178453445,0.0016422854969277978,0.002604709006845951,0.05000000074505806,0.5223394632339478,0.7451198697090149,1.0,0.4751752336448598,0.025175233644859813,0.45,1.0,,,cvar,/Users/yaniszaim/deephedging/.deephedging_real_runs/final_paper_notebook/panel_sweeps/NVDA_full_paper_grid_800_step_robust/model_artifacts/seed_2345/risk_cvar/vanilla,338.0,0.3408580669574439,val_loss,0.04903286322951317,0.7171900272369385,0.45,1.0,428.0,20.0,2.0,,,,,,
vanilla,test,2345,vanilla,-0.07193706929683685,0.08975545316934586,-0.35390538692474366,-0.27271053194999695,-0.33445289731025696,-0.03279125317931175,-0.0016268525039777196,0.9743589743589743,-0.07073268294334412,0.0013950770953670144,0.002599457511678338,0.05000000074505806,0.5226616263389587,0.7451819777488708,1.0,0.4750582750582751,0.02505827505827506,0.45,1.0,,,cvar,/Users/yaniszaim/deephedging/.deephedging_real_runs/final_paper_notebook/panel_sweeps/NVDA_full_paper_grid_800_step_robust/model_artifacts/seed_2345/risk_cvar/vanilla,338.0,0.3408580669574439,val_loss,0.04903286322951317,0.7171900272369385,0.45,1.0,429.0,20.0,2.0,,,,,,
proto_source=spot_delta_k=10_weighted=0_learnw=0,train,2345,proto,-0.07134893536567688,0.08494434505701065,-0.35838677048683165,-0.25230578184127805,-0.32164275646209717,-0.04370108246803284,0.008783929795026775,0.8542814221331998,-0.0730072632431984,0.002241611247882247,0.0005832809838466346,0.03399661183357239,0.483863890171051,0.4512239694595337,1.0,0.22760390585878817,0.22754131196795194,6.259389083625437e-05,0.8928392588883325,,,cvar,/Users/yaniszaim/deephedging/.deephedging_real_runs/final_paper_notebook/panel_sweeps/NVDA_full_paper_grid_800_step_robust/model_artifacts/seed_2345/risk_cvar/proto_source_spot_delta_k_10_weighted_0_learnw_0,41.0,0.2887862730174212,val_loss,0.03456350788474083,0.22520221769809723,0.03592289719626168,0.6985981308411215,1997.0,20.0,2.0,spot_delta,10.0,False,False,0.2088560312986374,0.5546941161155701
proto_source=spot_delta_k=10_weighted=0_learnw=0,val,2345,proto,-0.07449985295534134,0.08789564669132233,-0.3592079663276672,-0.2576222449541092,-0.3291166126728058,-0.04269485920667648,0.007854788610711691,0.8598130841121495,-0.07652778178453445,0.002601593965664506,0.0005736646708101034,0.033900871872901917,0.44539108872413635,0.4501345157623291,1.0,0.22172897196261682,0.22172897196261682,0.0,0.8808411214953271,,,cvar,/Users/yaniszaim/deephedging/.deephedging_real_runs/final_paper_notebook/panel_sweeps/NVDA_full_paper_grid_800_step_robust/model_artifacts/seed_2345/risk_cvar/proto_source_spot_delta_k_10_weighted_0_learnw_0,41.0,0.2887862730174212,val_loss,0.03456350788474083,0.22520221769809723,0.03592289719626168,0.6985981308411215,428.0,20.0,2.0,spot_delta,10.0,False,False,0.2088560312986374,0.5546941161155701
proto_source=spot_delta_k=10_weighted=0_learnw=0,test,2345,proto,-0.0707099512219429,0.08954796940088272,-0.37037739157676697,-0.2601439654827118,-0.3315291702747345,-0.036264386028051376,0.007909658923745152,0.8624708624708625,-0.07073268294334412,0.00063946598675102,0.0006167298997752368,0.03457872197031975,0.48083680868148804,0.45026496052742004,1.0,0.23001165501165502,0.22995337995337994,5.8275058275058275e-05,0.8671328671328671,,,cvar,/Users/yaniszaim/deephedging/.deephedging_real_runs/final_paper_notebook/panel_sweeps/NVDA_full_paper_grid_800_step_robust/model_artifacts/seed_2345/risk_cvar/proto_source_spot_delta_k_10_weighted_0_learnw_0,41.0,0.2887862730174212,val_loss,0.03456350788474083,0.22520221769809723,0.03592289719626168,0.6985981308411215,429.0,20.0,2.0,spot_delta,10.0,False,False,0.2088560312986374,0.5546941161155701
proto_source=spot_delta_k=10_weighted=1_learnw=0,train,2345,proto,-0.07018271088600159,0.09101860970258713,-0.37181399822235106,-0.25980103611946104,-0.3297310769557953,-0.04246791452169418,0.012811166793107983,0.829744616925388,-0.0730072632431984,0.003479603910818696,0.0006550500402227044,0.04477634280920029,0.5221982002258301,0.47044625878334045,1.0000001192092896,0.28064596895343014,0.28064596895343014,0.0,0.9969954932398598,,,cvar,/Users/yaniszaim/deephedging/.deephedging_real_runs/final_paper_notebook/panel_sweeps/NVDA_full_paper_grid_800_step_robust/model_artifacts/seed_2345/risk_cvar/proto_source_spot_delta_k_10_weighted_1_learnw_0,183.0,0.289760782435606,val_loss,0.03860802203416824,0.2291247844696045,0.05730140186915888,0.9018691588785047,1997.0,20.0,2.0,spot_delta,10.0,True,False,0.20825958251953125,0.5222246050834656
proto_source=spot_delta_k=10_weighted=1_learnw=0,val,2345,proto,-0.0736422911286354,0.09617535024881363,-0.3840253862738609,-0.26639875471591945,-0.3410807251930237,-0.04574386775493622,0.013522789534181356,0.8457943925233645,-0.07652778178453445,0.0035413787700235844,0.0006558881141245365,0.045118171721696854,0.5221810340881348,0.4704204797744751,1.0,0.2766355140186916,0.2766355140186916,0.0,0.9976635514018691,,,cvar,/Users/yaniszaim/deephedging/.deephedging_real_runs/final_paper_notebook/panel_sweeps/NVDA_full_paper_grid_800_step_robust/model_artifacts/seed_2345/risk_cvar/proto_source_spot_delta_k_10_weighted_1_learnw_0,183.0,0.289760782435606,val_loss,0.03860802203416824,0.2291247844696045,0.05730140186915888,0.9018691588785047,428.0,20.0,2.0,spot_delta,10.0,True,False,0.20825958251953125,0.5222246050834656
proto_source=spot_delta_k=10_weighted=1_learnw=0,test,2345,proto,-0.06911883503198624,0.09139532595872879,-0.3458883905410767,-0.2705682396888733,-0.3256540894508362,-0.03717019408941269,0.015298058651387681,0.8251748251748252,-0.07073268294334412,0.002253666752949357,0.0006398176774382591,0.04387572407722473,0.5221818089485168,0.47056064009666443,1.0,0.2835664335664336,0.2835664335664336,0.0,0.9953379953379954,,,cvar,/Users/yaniszaim/deephedging/.deephedging_real_runs/final_paper_notebook/panel_sweeps/NVDA_full_paper_grid_800_step_robust/model_artifacts/seed_2345/risk_cvar/proto_source_spot_delta_k_10_weighted_1_learnw_0,183.0,0.289760782435606,val_loss,0.03860802203416824,0.2291247844696045,0.05730140186915888,0.9018691588785047,429.0,20.0,2.0,spot_delta,10.0,True,False,0.20825958251953125,0.5222246050834656
proto_source=spot_delta_k=25_weighted=0_learnw=0,train,2345,proto,-0.07088496536016464,0.08644016087055206,-0.36847520112991333,-0.25892153978347776,-0.3266644775867462,-0.03969105705618858,0.0034797939937561678,0.8828242363545318,-0.0730072632431984,0.0023835182655602694,0.0002612181706354022,0.028621243312954903,0.27162304520606995,0.36322277784347534,1.0,0.07958187280921382,0.07958187280921382,0.0,0.6459689534301453,,,cvar,/Users/yaniszaim/deephedging/.deephedging_real_runs/final_paper_notebook/panel_sweeps/NVDA_full_paper_grid_800_step_robust/model_artifacts/seed_2345/risk_cvar/proto_source_spot_delta_k_25_weighted_0_learnw_0,51.0,0.2880574367740235,val_loss,0.030222591012716293,0.15817126631736755,0.00397196261682243,0.0911214953271028,1997.0,20.0,2.0,spot_delta,25.0,False,False,0.14405964314937592,0.30603957176208496
proto_source=spot_delta_k=25_weighted=0_learnw=0,val,2345,proto,-0.07408882677555084,0.08875401318073273,-0.37146268934011456,-0.2548953011631966,-0.327330082654953,-0.043891170993447304,0.0053666914114728565,0.8808411214953271,-0.07652778178453445,0.002695581642910838,0.00025662704138085246,0.028422893956303596,0.27273210883140564,0.3630596101284027,1.0,0.07792056074766356,0.07792056074766356,0.0,0.633177570093458,,,cvar,/Users/yaniszaim/deephedging/.deephedging_real_runs/final_paper_notebook/panel_sweeps/NVDA_full_paper_grid_800_step_robust/model_artifacts/seed_2345/risk_cvar/proto_source_spot_delta_k_25_weighted_0_learnw_0,51.0,0.2880574367740235,val_loss,0.030222591012716293,0.15817126631736755,0.00397196261682243,0.0911214953271028,428.0,20.0,2.0,spot_delta,25.0,False,False,0.14405964314937592,0.30603957176208496
proto_source=spot_delta_k=25_weighted=0_learnw=0,test,2345,proto,-0.06953206658363342,0.09207712113857269,-0.3664685523509979,-0.2721407234668731,-0.3418474495410919,-0.03030981868505478,0.00497964601963758,0.8648018648018648,-0.07073268294334412,0.0014575679088011384,0.00025694130454212427,0.02824329398572445,0.2721680998802185,0.366385817527771,1.0,0.08927738927738928,0.08927738927738928,0.0,0.682983682983683,,,cvar,/Users/yaniszaim/deephedging/.deephedging_real_runs/final_paper_notebook/panel_sweeps/NVDA_full_paper_grid_800_step_robust/model_artifacts/seed_2345/risk_cvar/proto_source_spot_delta_k_25_weighted_0_learnw_0,51.0,0.2880574367740235,val_loss,0.030222591012716293,0.15817126631736755,0.00397196261682243,0.0911214953271028,429.0,20.0,2.0,spot_delta,25.0,False,False,0.14405964314937592,0.30603957176208496
proto_source=spot_delta_k=25_weighted=1_learnw=0,train,2345,proto,-0.07156429439783096,0.08607486635446548,-0.37099807620048525,-0.25404452681541445,-0.32599425315856934,-0.04126008227467537,0.001255044620484112,0.9128693039559339,-0.0730072632431984,0.001649857615120709,0.00020688501535914838,0.02438189834356308,0.1306108832359314,0.21634690463542938,0.9144836664199829,0.0,0.0,0.0,0.0,,,cvar,/Users/yaniszaim/deephedging/.deephedging_real_runs/final_paper_notebook/panel_sweeps/NVDA_full_paper_grid_800_step_robust/model_artifacts/seed_2345/risk_cvar/proto_source_spot_delta_k_25_weighted_1_learnw_0,106.0,0.28849860578775405,val_loss,0.04043865203857422,0.15654078125953674,0.0,0.0,1997.0,20.0,2.0,spot_delta,25.0,True,False,0.11398980021476746,0.26139506697654724
proto_source=spot_delta_k=25_weighted=1_learnw=0,val,2345,proto,-0.0754864439368248,0.0881786122918129,-0.37523369133472445,-0.2636487022042274,-0.32917627692222595,-0.045506756752729416,0.0010725550644565367,0.927570093457944,-0.07652778178453445,0.001248074695467949,0.0002067273308057338,0.024315502494573593,0.12334823608398438,0.21646739542484283,0.8973279595375061,0.0,0.0,0.0,0.0,,,cvar,/Users/yaniszaim/deephedging/.deephedging_real_runs/final_paper_notebook/panel_sweeps/NVDA_full_paper_grid_800_step_robust/model_artifacts/seed_2345/risk_cvar/proto_source_spot_delta_k_25_weighted_1_learnw_0,106.0,0.28849860578775405,val_loss,0.04043865203857422,0.15654078125953674,0.0,0.0,428.0,20.0,2.0,spot_delta,25.0,True,False,0.11398980021476746,0.26139506697654724
proto_source=spot_delta_k=25_weighted=1_learnw=0,test,2345,proto,-0.06947015970945358,0.09052804112434387,-0.3515791308879852,-0.2651570200920105,-0.3317491412162781,-0.031073646619915962,0.001467631454579532,0.9114219114219114,-0.07073268294334412,0.0014673982514068484,0.0002048709284281358,0.02430531568825245,0.11976456642150879,0.2161913365125656,0.9099543690681458,0.0,0.0,0.0,0.0,,,cvar,/Users/yaniszaim/deephedging/.deephedging_real_runs/final_paper_notebook/panel_sweeps/NVDA_full_paper_grid_800_step_robust/model_artifacts/seed_2345/risk_cvar/proto_source_spot_delta_k_25_weighted_1_learnw_0,106.0,0.28849860578775405,val_loss,0.04043865203857422,0.15654078125953674,0.0,0.0,429.0,20.0,2.0,spot_delta,25.0,True,False,0.11398980021476746,0.26139506697654724
proto_source=spot_delta_k=50_weighted=0_learnw=0,train,2345,proto,-0.07305099815130234,0.0883694440126419,-0.3903105294704437,-0.2585860788822174,-0.3360322117805481,-0.044668495655059814,-5.424264454632094e-05,0.9769654481722584,-0.0730072632431984,0.0005270104156807065,0.0005707376985810697,0.0242517851293087,0.4247077703475952,0.1455405056476593,1.0,0.007323485227841763,0.00343014521782674,0.0038933400100150226,0.05758637956935403,,,cvar,/Users/yaniszaim/deephedging/.deephedging_real_runs/final_paper_notebook/panel_sweeps/NVDA_full_paper_grid_800_step_robust/model_artifacts/seed_2345/risk_cvar/proto_source_spot_delta_k_50_weighted_0_learnw_0,182.0,0.2870989772073368,val_loss,0.030184801667928696,0.17652204632759094,0.0004088785046728972,0.009345794392523364,1997.0,20.0,2.0,spot_delta,50.0,False,False,0.13664746284484863,0.5625454783439636
proto_source=spot_delta_k=50_weighted=0_learnw=0,val,2345,proto,-0.07571911066770554,0.08936646580696106,-0.35691120624542233,-0.2515933260321617,-0.3278994858264923,-0.04234099015593529,-4.94489413540579e-05,0.9742990654205608,-0.07652778178453445,0.0013810545206069946,0.0005723775830119848,0.024631312116980553,0.4247077703475952,0.1463722288608551,1.0,0.007710280373831775,0.0031542056074766356,0.00455607476635514,0.07476635514018691,,,cvar,/Users/yaniszaim/deephedging/.deephedging_real_runs/final_paper_notebook/panel_sweeps/NVDA_full_paper_grid_800_step_robust/model_artifacts/seed_2345/risk_cvar/proto_source_spot_delta_k_50_weighted_0_learnw_0,182.0,0.2870989772073368,val_loss,0.030184801667928696,0.17652204632759094,0.0004088785046728972,0.009345794392523364,428.0,20.0,2.0,spot_delta,50.0,False,False,0.13664746284484863,0.5625454783439636
proto_source=spot_delta_k=50_weighted=0_learnw=0,test,2345,proto,-0.07252894341945648,0.09599833935499191,-0.38846550703048705,-0.2797870755195618,-0.355937123298645,-0.03381219133734703,-4.572266843752019e-05,0.972027972027972,-0.07073268294334412,-0.0012226959224790335,0.0005735585000365973,0.02340605854988098,0.4247077703475952,0.14854216575622559,1.0,0.007808857808857809,0.003205128205128205,0.004603729603729604,0.055944055944055944,,,cvar,/Users/yaniszaim/deephedging/.deephedging_real_runs/final_paper_notebook/panel_sweeps/NVDA_full_paper_grid_800_step_robust/model_artifacts/seed_2345/risk_cvar/proto_source_spot_delta_k_50_weighted_0_learnw_0,182.0,0.2870989772073368,val_loss,0.030184801667928696,0.17652204632759094,0.0004088785046728972,0.009345794392523364,429.0,20.0,2.0,spot_delta,50.0,False,False,0.13664746284484863,0.5625454783439636
proto_source=spot_delta_k=50_weighted=1_learnw=0,train,2345,proto,-0.07102537900209427,0.08481228351593018,-0.3584355294704437,-0.25057007670402526,-0.32013481855392456,-0.04134960472583771,0.004292415920644987,0.871306960440661,-0.0730072632431984,0.0022219186648726463,0.0002400213707005605,0.02930770069360733,0.26974523067474365,0.3865348696708679,1.0,0.0648848272408613,0.0648848272408613,0.0,0.729594391587381,,,cvar,/Users/yaniszaim/deephedging/.deephedging_real_runs/final_paper_notebook/panel_sweeps/NVDA_full_paper_grid_800_step_robust/model_artifacts/seed_2345/risk_cvar/proto_source_spot_delta_k_50_weighted_1_learnw_0,39.0,0.2877179935423953,val_loss,0.030827270820736885,0.13264402747154236,0.0007593457943925234,0.030373831775700934,1997.0,20.0,2.0,spot_delta,50.0,True,False,0.10884533077478409,0.3760877549648285
proto_source=spot_delta_k=50_weighted=1_learnw=0,val,2345,proto,-0.07402846962213516,0.08716361969709396,-0.35611230820417406,-0.2611203819513321,-0.32373976707458496,-0.04402141273021698,0.0051369742723181705,0.8738317757009346,-0.07652778178453445,0.0027401407714933157,0.00024082754680421203,0.029369071125984192,0.25358283519744873,0.38643595576286316,1.0,0.06273364485981309,0.06273364485981309,0.0,0.7079439252336449,,,cvar,/Users/yaniszaim/deephedging/.deephedging_real_runs/final_paper_notebook/panel_sweeps/NVDA_full_paper_grid_800_step_robust/model_artifacts/seed_2345/risk_cvar/proto_source_spot_delta_k_50_weighted_1_learnw_0,39.0,0.2877179935423953,val_loss,0.030827270820736885,0.13264402747154236,0.0007593457943925234,0.030373831775700934,428.0,20.0,2.0,spot_delta,50.0,True,False,0.10884533077478409,0.3760877549648285
proto_source=spot_delta_k=50_weighted=1_learnw=0,test,2345,proto,-0.06892888247966766,0.09057319909334183,-0.36386571764945985,-0.26924043893814087,-0.33279943466186523,-0.030716605484485626,0.00648868437856434,0.8531468531468531,-0.07073268294334412,0.0020420749206095934,0.00023827404947951436,0.029212402179837227,0.256760835647583,0.38832175731658936,1.0,0.07220279720279721,0.07220279720279721,0.0,0.7552447552447552,,,cvar,/Users/yaniszaim/deephedging/.deephedging_real_runs/final_paper_notebook/panel_sweeps/NVDA_full_paper_grid_800_step_robust/model_artifacts/seed_2345/risk_cvar/proto_source_spot_delta_k_50_weighted_1_learnw_0,39.0,0.2877179935423953,val_loss,0.030827270820736885,0.13264402747154236,0.0007593457943925234,0.030373831775700934,429.0,20.0,2.0,spot_delta,50.0,True,False,0.10884533077478409,0.3760877549648285
proto_source=spot_delta_k=100_weighted=0_learnw=0,train,2345,proto,-0.07195495814085007,0.08847496658563614,-0.37004026651382443,-0.25304383635520933,-0.33320313692092896,-0.0420275516808033,0.007065241318196053,0.8407611417125689,-0.0730072632431984,0.0013946355320513248,0.00034232225152663887,0.02979341708123684,0.6705656051635742,0.23853039741516113,0.7205708026885986,0.0,0.0,0.0,0.0,,,cvar,/Users/yaniszaim/deephedging/.deephedging_real_runs/final_paper_notebook/panel_sweeps/NVDA_full_paper_grid_800_step_robust/model_artifacts/seed_2345/risk_cvar/proto_source_spot_delta_k_100_weighted_0_learnw_0,92.0,0.28611029278156214,val_loss,0.029658962041139603,0.13491636514663696,5.841121495327103e-05,0.002336448598130841,1997.0,20.0,2.0,spot_delta,100.0,False,False,0.12815921008586884,0.6705663800239563
proto_source=spot_delta_k=100_weighted=0_learnw=0,val,2345,proto,-0.07599443942308426,0.09041669964790344,-0.40341390937566757,-0.2576261281967163,-0.3340516984462738,-0.04637563228607178,0.006763273384422059,0.8481308411214953,-0.07652778178453445,0.0008733901777304709,0.00034005215275101364,0.030129609629511833,0.6705660820007324,0.24050170183181763,0.7265475988388062,0.0,0.0,0.0,0.0,,,cvar,/Users/yaniszaim/deephedging/.deephedging_real_runs/final_paper_notebook/panel_sweeps/NVDA_full_paper_grid_800_step_robust/model_artifacts/seed_2345/risk_cvar/proto_source_spot_delta_k_100_weighted_0_learnw_0,92.0,0.28611029278156214,val_loss,0.029658962041139603,0.13491636514663696,5.841121495327103e-05,0.002336448598130841,428.0,20.0,2.0,spot_delta,100.0,False,False,0.12815921008586884,0.6705663800239563
proto_source=spot_delta_k=100_weighted=0_learnw=0,test,2345,proto,-0.06963817030191422,0.09337937086820602,-0.3913991677761078,-0.2648658215999603,-0.34427157044410706,-0.033036377280950546,0.008006071299314483,0.8298368298368298,-0.07073268294334412,0.001442863722331822,0.0003483463660813868,0.02952374331653118,0.6705625057220459,0.2391219139099121,0.7148579955101013,0.0,0.0,0.0,0.0,,,cvar,/Users/yaniszaim/deephedging/.deephedging_real_runs/final_paper_notebook/panel_sweeps/NVDA_full_paper_grid_800_step_robust/model_artifacts/seed_2345/risk_cvar/proto_source_spot_delta_k_100_weighted_0_learnw_0,92.0,0.28611029278156214,val_loss,0.029658962041139603,0.13491636514663696,5.841121495327103e-05,0.002336448598130841,429.0,20.0,2.0,spot_delta,100.0,False,False,0.12815921008586884,0.6705663800239563
proto_source=spot_delta_k=100_weighted=1_learnw=0,train,2345,proto,-0.07279426604509354,0.0874992311000824,-0.3685989046096802,-0.2552655577659607,-0.3312424123287201,-0.042199648916721344,0.0043497993610799295,0.8637956935403105,-0.0730072632431984,0.00048428410082124174,0.00027128536021336913,0.028382934629917145,0.34274646639823914,0.25655823945999146,1.0,0.011967951927891837,0.0,0.011967951927891837,0.04707060590886329,,,cvar,/Users/yaniszaim/deephedging/.deephedging_real_runs/final_paper_notebook/panel_sweeps/NVDA_full_paper_grid_800_step_robust/model_artifacts/seed_2345/risk_cvar/proto_source_spot_delta_k_100_weighted_1_learnw_0,36.0,0.2885596787334185,val_loss,0.022819004952907562,0.1349741369485855,0.0010514018691588785,0.007009345794392523,1997.0,20.0,2.0,spot_delta,100.0,True,False,0.12913493812084198,0.3817976713180542
proto_source=spot_delta_k=100_weighted=1_learnw=0,val,2345,proto,-0.07576052099466324,0.08879518508911133,-0.37462829202413556,-0.259200969338417,-0.33050692081451416,-0.04462688975036144,0.004982923553325234,0.866822429906542,-0.07652778178453445,0.001034806133247912,0.0002675451978575438,0.028023308143019676,0.34149643778800964,0.25538548827171326,1.0,0.008644859813084112,0.0,0.008644859813084112,0.037383177570093455,,,cvar,/Users/yaniszaim/deephedging/.deephedging_real_runs/final_paper_notebook/panel_sweeps/NVDA_full_paper_grid_800_step_robust/model_artifacts/seed_2345/risk_cvar/proto_source_spot_delta_k_100_weighted_1_learnw_0,36.0,0.2885596787334185,val_loss,0.022819004952907562,0.1349741369485855,0.0010514018691588785,0.007009345794392523,428.0,20.0,2.0,spot_delta,100.0,True,False,0.12913493812084198,0.3817976713180542
proto_source=spot_delta_k=100_weighted=1_learnw=0,test,2345,proto,-0.0703408420085907,0.09109023213386536,-0.35981634855270384,-0.2731997311115265,-0.33160847425460815,-0.03471393138170242,0.004968918766826382,0.8671328671328671,-0.07073268294334412,0.0006555196014232934,0.00026367479586042464,0.027589885517954826,0.34195515513420105,0.25800102949142456,1.0,0.012587412587412588,0.0,0.012587412587412588,0.04895104895104895,,,cvar,/Users/yaniszaim/deephedging/.deephedging_real_runs/final_paper_notebook/panel_sweeps/NVDA_full_paper_grid_800_step_robust/model_artifacts/seed_2345/risk_cvar/proto_source_spot_delta_k_100_weighted_1_learnw_0,36.0,0.2885596787334185,val_loss,0.022819004952907562,0.1349741369485855,0.0010514018691588785,0.007009345794392523,429.0,20.0,2.0,spot_delta,100.0,True,False,0.12913493812084198,0.3817976713180542
proto_source=vanilla_k=10_weighted=0_learnw=0,train,2345,proto,-0.071713887155056,0.08598648756742477,-0.37272083163261416,-0.2531140446662903,-0.3265324831008911,-0.040525972843170166,-0.0007210155948996546,0.9954932398597897,-0.0730072632431984,0.0015575498109683394,0.0002641698520164937,0.02121991664171219,0.046773821115493774,0.22738893330097198,0.8580729365348816,0.0,0.0,0.0,0.0,,,cvar,/Users/yaniszaim/deephedging/.deephedging_real_runs/final_paper_notebook/panel_sweeps/NVDA_full_paper_grid_800_step_robust/model_artifacts/seed_2345/risk_cvar/proto_source_vanilla_k_10_weighted_0_learnw_0,3.0,0.28918067587539553,val_loss,0.01812383159995079,0.1664508879184723,0.0,0.0,1997.0,20.0,2.0,vanilla,10.0,False,False,0.10531411319971085,0.1552324891090393
proto_source=vanilla_k=10_weighted=0_learnw=0,val,2345,proto,-0.07517622411251068,0.08847891539335251,-0.3735816353559494,-0.2636996418237686,-0.3304215371608734,-0.04198777675628662,-0.0010421840415801866,1.0,-0.07652778178453445,0.0016137323109433055,0.000262168439803645,0.021195437759160995,0.04630320519208908,0.22739861905574799,0.8538488745689392,0.0,0.0,0.0,0.0,,,cvar,/Users/yaniszaim/deephedging/.deephedging_real_runs/final_paper_notebook/panel_sweeps/NVDA_full_paper_grid_800_step_robust/model_artifacts/seed_2345/risk_cvar/proto_source_vanilla_k_10_weighted_0_learnw_0,3.0,0.28918067587539553,val_loss,0.01812383159995079,0.1664508879184723,0.0,0.0,428.0,20.0,2.0,vanilla,10.0,False,False,0.10531411319971085,0.1552324891090393
proto_source=vanilla_k=10_weighted=0_learnw=0,test,2345,proto,-0.06975742429494858,0.09108570218086243,-0.3565662944316864,-0.27333213686943053,-0.33630016446113586,-0.031888604164123535,-0.0007582223741337662,0.9976689976689976,-0.07073268294334412,0.0012396295787766576,0.00026437113410793245,0.02129940688610077,0.046655088663101196,0.22760777175426483,0.8557828068733215,0.0,0.0,0.0,0.0,,,cvar,/Users/yaniszaim/deephedging/.deephedging_real_runs/final_paper_notebook/panel_sweeps/NVDA_full_paper_grid_800_step_robust/model_artifacts/seed_2345/risk_cvar/proto_source_vanilla_k_10_weighted_0_learnw_0,3.0,0.28918067587539553,val_loss,0.01812383159995079,0.1664508879184723,0.0,0.0,429.0,20.0,2.0,vanilla,10.0,False,False,0.10531411319971085,0.1552324891090393
proto_source=vanilla_k=10_weighted=1_learnw=0,train,2345,proto,-0.07184920459985733,0.08523008972406387,-0.3678717970848083,-0.25153055191040036,-0.3230995535850525,-0.04175905883312225,-0.0004975313087925324,0.9849774661992989,-0.0730072632431984,0.0014367398107424378,0.00027867735479958355,0.02081313170492649,0.057626873254776,0.21676836907863617,1.0,0.004494241362043064,0.004494241362043064,0.0,0.15623435152729093,,,cvar,/Users/yaniszaim/deephedging/.deephedging_real_runs/final_paper_notebook/panel_sweeps/NVDA_full_paper_grid_800_step_robust/model_artifacts/seed_2345/risk_cvar/proto_source_vanilla_k_10_weighted_1_learnw_0,4.0,0.28823768448084597,val_loss,0.02549254149198532,0.22988571226596832,0.0,0.0,1997.0,20.0,2.0,vanilla,10.0,True,False,0.10439909994602203,0.15920470654964447
proto_source=vanilla_k=10_weighted=1_learnw=0,val,2345,proto,-0.07521381229162216,0.08785200864076614,-0.3712868982553482,-0.2632388204336166,-0.32741478085517883,-0.04391453601419926,-0.0005568705790210516,0.9766355140186916,-0.07652778178453445,0.0015936346026137471,0.00027966388734057546,0.020894644781947136,0.05750620365142822,0.21758443117141724,1.0,0.0044392523364485985,0.0044392523364485985,0.0,0.15654205607476634,,,cvar,/Users/yaniszaim/deephedging/.deephedging_real_runs/final_paper_notebook/panel_sweeps/NVDA_full_paper_grid_800_step_robust/model_artifacts/seed_2345/risk_cvar/proto_source_vanilla_k_10_weighted_1_learnw_0,4.0,0.28823768448084597,val_loss,0.02549254149198532,0.22988571226596832,0.0,0.0,428.0,20.0,2.0,vanilla,10.0,True,False,0.10439909994602203,0.15920470654964447
proto_source=vanilla_k=10_weighted=1_learnw=0,test,2345,proto,-0.06959464401006699,0.0901903510093689,-0.35145378947257994,-0.27120697498321533,-0.33241480588912964,-0.03216351941227913,-0.0005516226403415219,0.9836829836829837,-0.07073268294334412,0.0014153991360217333,0.0002773560700006783,0.02085929550230503,0.057482779026031494,0.21743828058242798,1.0,0.004778554778554779,0.004778554778554779,0.0,0.1585081585081585,,,cvar,/Users/yaniszaim/deephedging/.deephedging_real_runs/final_paper_notebook/panel_sweeps/NVDA_full_paper_grid_800_step_robust/model_artifacts/seed_2345/risk_cvar/proto_source_vanilla_k_10_weighted_1_learnw_0,4.0,0.28823768448084597,val_loss,0.02549254149198532,0.22988571226596832,0.0,0.0,429.0,20.0,2.0,vanilla,10.0,True,False,0.10439909994602203,0.15920470654964447
proto_source=vanilla_k=25_weighted=0_learnw=0,train,2345,proto,-0.07183501869440079,0.08594600856304169,-0.3699912202358246,-0.25255650877952573,-0.32570788264274597,-0.04062956944108009,-0.0007330384571105243,1.0,-0.0730072632431984,0.0013681205455213785,0.00019587310089264065,0.01969936490058899,0.03875166177749634,0.2074742168188095,0.7750237584114075,0.0,0.0,0.0,0.0,,,cvar,/Users/yaniszaim/deephedging/.deephedging_real_runs/final_paper_notebook/panel_sweeps/NVDA_full_paper_grid_800_step_robust/model_artifacts/seed_2345/risk_cvar/proto_source_vanilla_k_25_weighted_0_learnw_0,5.0,0.2889537372998893,val_loss,0.01942598447203636,0.20471033453941345,0.0,0.0,1997.0,20.0,2.0,vanilla,25.0,False,False,0.12338516116142273,0.16852904856204987
proto_source=vanilla_k=25_weighted=0_learnw=0,val,2345,proto,-0.07520737498998642,0.08842074871063232,-0.37331583380699157,-0.2645281717181206,-0.3294680416584015,-0.04207860119640827,-0.0009003495040815325,1.0,-0.07652778178453445,0.0015165380900725722,0.0001961290545295924,0.019696790724992752,0.038751646876335144,0.20746490359306335,0.7750161290168762,0.0,0.0,0.0,0.0,,,cvar,/Users/yaniszaim/deephedging/.deephedging_real_runs/final_paper_notebook/panel_sweeps/NVDA_full_paper_grid_800_step_robust/model_artifacts/seed_2345/risk_cvar/proto_source_vanilla_k_25_weighted_0_learnw_0,5.0,0.2889537372998893,val_loss,0.01942598447203636,0.20471033453941345,0.0,0.0,428.0,20.0,2.0,vanilla,25.0,False,False,0.12338516116142273,0.16852904856204987
proto_source=vanilla_k=25_weighted=0_learnw=0,test,2345,proto,-0.06968101859092712,0.09104224294424057,-0.3546151602268219,-0.27337902784347534,-0.33555853366851807,-0.03058641403913498,-0.0006360162398777908,1.0,-0.07073268294334412,0.0012461792211979628,0.00019451239495538175,0.019695580005645752,0.038751646876335144,0.20746497809886932,0.7750215530395508,0.0,0.0,0.0,0.0,,,cvar,/Users/yaniszaim/deephedging/.deephedging_real_runs/final_paper_notebook/panel_sweeps/NVDA_full_paper_grid_800_step_robust/model_artifacts/seed_2345/risk_cvar/proto_source_vanilla_k_25_weighted_0_learnw_0,5.0,0.2889537372998893,val_loss,0.01942598447203636,0.20471033453941345,0.0,0.0,429.0,20.0,2.0,vanilla,25.0,False,False,0.12338516116142273,0.16852904856204987
proto_source=vanilla_k=25_weighted=1_learnw=0,train,2345,proto,-0.07083692401647568,0.08329074829816818,-0.3602679514884949,-0.24579560756683347,-0.31639155745506287,-0.04175064340233803,-0.000979575305245819,0.99949924887331,-0.0730072632431984,0.0024375151842832565,0.00026717415312305093,0.026231352239847183,0.7983555197715759,0.2776041626930237,1.0,0.02699048572859289,0.026952929394091135,3.755633450175263e-05,0.9689534301452178,,,cvar,/Users/yaniszaim/deephedging/.deephedging_real_runs/final_paper_notebook/panel_sweeps/NVDA_full_paper_grid_800_step_robust/model_artifacts/seed_2345/risk_cvar/proto_source_vanilla_k_25_weighted_1_learnw_0,207.0,0.2892860364552727,val_loss,0.026426857337355614,0.2747505307197571,0.026460280373831777,0.9415887850467289,1997.0,20.0,2.0,vanilla,25.0,True,False,0.19710181653499603,0.7987360954284668
proto_source=vanilla_k=25_weighted=1_learnw=0,val,2345,proto,-0.0744728073477745,0.08665378391742706,-0.3680928927659988,-0.260761646926403,-0.3224250376224518,-0.04516344144940376,-0.0012118421785999095,1.0,-0.07652778178453445,0.002320169238373637,0.00026520161191001534,0.026039600372314453,0.7983555793762207,0.2781929075717926,1.0,0.02739485981308411,0.02727803738317757,0.00011682242990654206,0.9789719626168224,,,cvar,/Users/yaniszaim/deephedging/.deephedging_real_runs/final_paper_notebook/panel_sweeps/NVDA_full_paper_grid_800_step_robust/model_artifacts/seed_2345/risk_cvar/proto_source_vanilla_k_25_weighted_1_learnw_0,207.0,0.2892860364552727,val_loss,0.026426857337355614,0.2747505307197571,0.026460280373831777,0.9415887850467289,428.0,20.0,2.0,vanilla,25.0,True,False,0.19710181653499603,0.7987360954284668
proto_source=vanilla_k=25_weighted=1_learnw=0,test,2345,proto,-0.0677667185664177,0.08596064150333405,-0.34861889958381653,-0.25511706471443174,-0.3101806342601776,-0.0316287986934185,-0.0008494503679685299,1.0,-0.07073268294334412,0.0032372057903558016,0.0002712365530896932,0.02663102187216282,0.7983409762382507,0.2759365439414978,1.0,0.02604895104895105,0.02599067599067599,5.8275058275058275e-05,0.9533799533799534,,,cvar,/Users/yaniszaim/deephedging/.deephedging_real_runs/final_paper_notebook/panel_sweeps/NVDA_full_paper_grid_800_step_robust/model_artifacts/seed_2345/risk_cvar/proto_source_vanilla_k_25_weighted_1_learnw_0,207.0,0.2892860364552727,val_loss,0.026426857337355614,0.2747505307197571,0.026460280373831777,0.9415887850467289,429.0,20.0,2.0,vanilla,25.0,True,False,0.19710181653499603,0.7987360954284668
proto_source=vanilla_k=50_weighted=0_learnw=0,train,2345,proto,-0.0696883499622345,0.08866347372531891,-0.36795333623886106,-0.2481390118598938,-0.3261793851852417,-0.04213394224643707,0.017157352343201628,0.8217325988983475,-0.0730072632431984,0.0038146069273352623,0.000495690037496388,0.03730396181344986,0.5967491865158081,0.4803376793861389,1.0,0.3120055082623936,0.31095393089634454,0.0010515773660490736,0.9954932398597897,,,cvar,/Users/yaniszaim/deephedging/.deephedging_real_runs/final_paper_notebook/panel_sweeps/NVDA_full_paper_grid_800_step_robust/model_artifacts/seed_2345/risk_cvar/proto_source_vanilla_k_50_weighted_0_learnw_0,343.0,0.2877165542988576,val_loss,0.0564519464969635,0.2708125412464142,0.06664719626168224,0.764018691588785,1997.0,20.0,2.0,vanilla,50.0,False,False,0.16814415156841278,0.5967658162117004
proto_source=vanilla_k=50_weighted=0_learnw=0,val,2345,proto,-0.07396760582923889,0.08954048901796341,-0.35523699194192887,-0.257809242606163,-0.3299432694911957,-0.04297365993261337,0.014066536212339959,0.8177570093457944,-0.07652778178453445,0.003046507015824318,0.00048632544348947704,0.0368383526802063,0.5967064499855042,0.48033031821250916,1.0,0.31401869158878504,0.3133761682242991,0.0006425233644859813,0.9953271028037384,,,cvar,/Users/yaniszaim/deephedging/.deephedging_real_runs/final_paper_notebook/panel_sweeps/NVDA_full_paper_grid_800_step_robust/model_artifacts/seed_2345/risk_cvar/proto_source_vanilla_k_50_weighted_0_learnw_0,343.0,0.2877165542988576,val_loss,0.0564519464969635,0.2708125412464142,0.06664719626168224,0.764018691588785,428.0,20.0,2.0,vanilla,50.0,False,False,0.16814415156841278,0.5967658162117004
proto_source=vanilla_k=50_weighted=0_learnw=0,test,2345,proto,-0.06955316662788391,0.09389142692089081,-0.3891116750240326,-0.25421178340911865,-0.3469463288784027,-0.035078052431344986,0.014948242902755727,0.8205128205128205,-0.07073268294334412,0.0016851869877427816,0.0005056682857684791,0.03782353177666664,0.5966349840164185,0.48058730363845825,1.0,0.3182983682983683,0.3168997668997669,0.0013986013986013986,0.993006993006993,,,cvar,/Users/yaniszaim/deephedging/.deephedging_real_runs/final_paper_notebook/panel_sweeps/NVDA_full_paper_grid_800_step_robust/model_artifacts/seed_2345/risk_cvar/proto_source_vanilla_k_50_weighted_0_learnw_0,343.0,0.2877165542988576,val_loss,0.0564519464969635,0.2708125412464142,0.06664719626168224,0.764018691588785,429.0,20.0,2.0,vanilla,50.0,False,False,0.16814415156841278,0.5967658162117004
proto_source=vanilla_k=50_weighted=1_learnw=0,train,2345,proto,-0.07031445950269699,0.08523112535476685,-0.35589993119239804,-0.24928903579711914,-0.31880685687065125,-0.041773512959480286,0.011713436618447289,0.8342513770655984,-0.0730072632431984,0.003250764450058341,0.0005579548887908459,0.032205913215875626,0.8513415455818176,0.48522090911865234,1.0,0.37312218327491237,0.37205808713069605,0.0010640961442163245,0.9639459188783175,,,cvar,/Users/yaniszaim/deephedging/.deephedging_real_runs/final_paper_notebook/panel_sweeps/NVDA_full_paper_grid_800_step_robust/model_artifacts/seed_2345/risk_cvar/proto_source_vanilla_k_50_weighted_1_learnw_0,219.0,0.28942542397573795,val_loss,0.031246809288859367,0.2827097773551941,0.029906542056074768,0.5560747663551402,1997.0,20.0,2.0,vanilla,50.0,True,False,0.20190103352069855,0.8515730500221252
proto_source=vanilla_k=50_weighted=1_learnw=0,val,2345,proto,-0.07396338880062103,0.08833014219999313,-0.3603226888179779,-0.25814998149871826,-0.3225976228713989,-0.044692400842905045,0.010860143089666957,0.8177570093457944,-0.07652778178453445,0.003120272886008024,0.0005558812990784645,0.03171481937170029,0.8513350486755371,0.48723316192626953,1.0,0.3744158878504673,0.37348130841121496,0.0009345794392523365,0.969626168224299,,,cvar,/Users/yaniszaim/deephedging/.deephedging_real_runs/final_paper_notebook/panel_sweeps/NVDA_full_paper_grid_800_step_robust/model_artifacts/seed_2345/risk_cvar/proto_source_vanilla_k_50_weighted_1_learnw_0,219.0,0.28942542397573795,val_loss,0.031246809288859367,0.2827097773551941,0.029906542056074768,0.5560747663551402,428.0,20.0,2.0,vanilla,50.0,True,False,0.20190103352069855,0.8515730500221252
proto_source=vanilla_k=50_weighted=1_learnw=0,test,2345,proto,-0.06780403107404709,0.09016672521829605,-0.38917426943778993,-0.244468355178833,-0.3308441936969757,-0.033659957349300385,0.011443074606359002,0.8321678321678322,-0.07073268294334412,0.0034985544625669718,0.0005699012544937432,0.03300466388463974,0.8513414263725281,0.48384228348731995,1.0,0.3743006993006993,0.3736596736596737,0.000641025641025641,0.951048951048951,,,cvar,/Users/yaniszaim/deephedging/.deephedging_real_runs/final_paper_notebook/panel_sweeps/NVDA_full_paper_grid_800_step_robust/model_artifacts/seed_2345/risk_cvar/proto_source_vanilla_k_50_weighted_1_learnw_0,219.0,0.28942542397573795,val_loss,0.031246809288859367,0.2827097773551941,0.029906542056074768,0.5560747663551402,429.0,20.0,2.0,vanilla,50.0,True,False,0.20190103352069855,0.8515730500221252
proto_source=vanilla_k=100_weighted=0_learnw=0,train,2345,proto,-0.06980998814105988,0.08700807392597198,-0.3631150698661804,-0.2571765601634979,-0.3225926458835602,-0.04284686595201492,0.01682621687650677,0.828743114672008,-0.0730072632431984,0.0037114692386239767,0.0005141922738403082,0.05156026780605316,0.6127984523773193,0.4347601532936096,1.0,0.13470205307961944,0.13448923385077616,0.0002128192288432649,0.8247371056584877,,,cvar,/Users/yaniszaim/deephedging/.deephedging_real_runs/final_paper_notebook/panel_sweeps/NVDA_full_paper_grid_800_step_robust/model_artifacts/seed_2345/risk_cvar/proto_source_vanilla_k_100_weighted_0_learnw_0,141.0,0.2897008226242648,val_loss,0.036715876311063766,0.21499919891357422,0.04047897196261682,0.514018691588785,1997.0,20.0,2.0,vanilla,100.0,False,False,0.1518140435218811,0.6313381791114807
proto_source=vanilla_k=100_weighted=0_learnw=0,val,2345,proto,-0.07343140989542007,0.08934509009122849,-0.35870798081159594,-0.2538296222686767,-0.3256303071975708,-0.04289836250245571,0.014518579654395562,0.8364485981308412,-0.07652778178453445,0.0036051603965461254,0.0005087808822281659,0.05132732540369034,0.6181909441947937,0.4344322979450226,1.0,0.1401285046728972,0.14001168224299065,0.00011682242990654206,0.8271028037383178,,,cvar,/Users/yaniszaim/deephedging/.deephedging_real_runs/final_paper_notebook/panel_sweeps/NVDA_full_paper_grid_800_step_robust/model_artifacts/seed_2345/risk_cvar/proto_source_vanilla_k_100_weighted_0_learnw_0,141.0,0.2897008226242648,val_loss,0.036715876311063766,0.21499919891357422,0.04047897196261682,0.514018691588785,428.0,20.0,2.0,vanilla,100.0,False,False,0.1518140435218811,0.6313381791114807
proto_source=vanilla_k=100_weighted=0_learnw=0,test,2345,proto,-0.06765538454055786,0.09032919257879257,-0.3518635106086731,-0.2642971813678741,-0.32505810260772705,-0.035595789551734924,0.016572768986225107,0.8368298368298368,-0.07073268294334412,0.00360458274371922,0.0005272799753583968,0.05328378081321716,0.5993866920471191,0.4310953915119171,1.0,0.12103729603729604,0.12103729603729604,0.0,0.7995337995337995,,,cvar,/Users/yaniszaim/deephedging/.deephedging_real_runs/final_paper_notebook/panel_sweeps/NVDA_full_paper_grid_800_step_robust/model_artifacts/seed_2345/risk_cvar/proto_source_vanilla_k_100_weighted_0_learnw_0,141.0,0.2897008226242648,val_loss,0.036715876311063766,0.21499919891357422,0.04047897196261682,0.514018691588785,429.0,20.0,2.0,vanilla,100.0,False,False,0.1518140435218811,0.6313381791114807
proto_source=vanilla_k=100_weighted=1_learnw=0,train,2345,proto,-0.07133651524782181,0.085038922727108,-0.36402922034263613,-0.2522796809673309,-0.3223036229610443,-0.04179256781935692,0.002359687630087127,0.9048572859288934,-0.0730072632431984,0.0018978549633175135,0.0002270951954415068,0.025290196761488914,0.09474461525678635,0.3638916015625,1.0,0.0002628943415122684,0.0002628943415122684,0.0,0.009013520280420632,,,cvar,/Users/yaniszaim/deephedging/.deephedging_real_runs/final_paper_notebook/panel_sweeps/NVDA_full_paper_grid_800_step_robust/model_artifacts/seed_2345/risk_cvar/proto_source_vanilla_k_100_weighted_1_learnw_0,15.0,0.2895782162839216,val_loss,0.02967149391770363,0.25476595759391785,0.009813084112149532,0.17523364485981308,1997.0,20.0,2.0,vanilla,100.0,True,False,0.08770227432250977,0.17439749836921692
proto_source=vanilla_k=100_weighted=1_learnw=0,val,2345,proto,-0.07480298727750778,0.0870482549071312,-0.36875860214233397,-0.2590139776468277,-0.324201762676239,-0.044607169926166534,0.0021677322220057236,0.9042056074766355,-0.07652778178453445,0.0019514127634465694,0.00022661570983473212,0.025257423520088196,0.09474460035562515,0.36385202407836914,1.0,0.0002920560747663551,0.0002920560747663551,0.0,0.011682242990654205,,,cvar,/Users/yaniszaim/deephedging/.deephedging_real_runs/final_paper_notebook/panel_sweeps/NVDA_full_paper_grid_800_step_robust/model_artifacts/seed_2345/risk_cvar/proto_source_vanilla_k_100_weighted_1_learnw_0,15.0,0.2895782162839216,val_loss,0.02967149391770363,0.25476595759391785,0.009813084112149532,0.17523364485981308,428.0,20.0,2.0,vanilla,100.0,True,False,0.08770227432250977,0.17439749836921692
proto_source=vanilla_k=100_weighted=1_learnw=0,test,2345,proto,-0.07033413648605347,0.09079407900571823,-0.3676897978782654,-0.27240880131721495,-0.335200697183609,-0.03218573331832886,0.001270742784254246,0.9184149184149184,-0.07073268294334412,0.000626123568508774,0.00022757294937036932,0.025375971570611,0.09474461525678635,0.36387237906455994,1.0,0.0002913752913752914,0.0002913752913752914,0.0,0.006993006993006993,,,cvar,/Users/yaniszaim/deephedging/.deephedging_real_runs/final_paper_notebook/panel_sweeps/NVDA_full_paper_grid_800_step_robust/model_artifacts/seed_2345/risk_cvar/proto_source_vanilla_k_100_weighted_1_learnw_0,15.0,0.2895782162839216,val_loss,0.02967149391770363,0.25476595759391785,0.009813084112149532,0.17523364485981308,429.0,20.0,2.0,vanilla,100.0,True,False,0.08770227432250977,0.17439749836921692
unhedged,train,3456,baseline,-0.07143983244895935,0.08832837641239166,-0.3665286493301392,-0.26246166229248047,-0.3246200978755951,-0.04015541076660156,0.0,0.6474712068102153,-0.07143983244895935,0.0,0.0,0.0,0.0,0.0,0.0,0.0,0.0,0.0,0.0,,,,,,,,,,,,,,,,,,,,
spot_delta,train,3456,baseline,-0.07061070948839188,0.0875362828373909,-0.36443711280822755,-0.2574177265167236,-0.3202853500843048,-0.041292063891887665,0.012526380643248557,0.8212318477716575,-0.07143983244895935,0.0010064520174637437,0.00017732952255755663,0.022019045427441597,0.6862819790840149,0.26354122161865234,0.7022129893302917,0.0,0.0,0.0,0.0,,,,,,,,,,,,,,,,,,,,
spot_delta_band,train,3456,baseline,-0.07049291580915451,0.08742192387580872,-0.3629522204399109,-0.2582793653011322,-0.3201274871826172,-0.04117390140891075,0.012007424049079401,0.8172258387581373,-0.07143983244895935,0.001087121432647109,0.00014020180969964713,0.017450574785470963,0.6762819886207581,0.26287832856178284,0.6922129988670349,0.0,0.0,0.0,0.0,0.01,gains_mean,,,,,,,,,,,,,,,,,,
unhedged,val,3456,baseline,-0.08161090314388275,0.10498960316181183,-0.429553462266922,-0.3408628523349762,-0.39365264773368835,-0.042814791202545166,-0.0,0.6542056074766355,-0.08161090314388275,0.0,0.0,0.0,0.0,0.0,0.0,0.0,0.0,0.0,0.0,,,,,,,,,,,,,,,,,,,,
spot_delta,val,3456,baseline,-0.08031853288412094,0.10087230056524277,-0.4134166523814201,-0.32887244075536726,-0.3793315887451172,-0.04038864187896252,0.010640814481303093,0.8364485981308412,-0.08161090314388275,0.0014669197844341397,0.00017454935004934669,0.0216301791369915,0.5878080129623413,0.26385676860809326,0.6041579842567444,0.0,0.0,0.0,0.0,,,,,,,,,,,,,,,,,,,,
spot_delta_band,val,3456,baseline,-0.0803007110953331,0.10093837976455688,-0.4143334811925888,-0.3277956247329712,-0.37956666946411133,-0.04057314991950989,0.00977041339501738,0.8387850467289719,-0.08161090314388275,0.001447604619897902,0.0001374155981466174,0.017092488706111908,0.5778080224990845,0.26323583722114563,0.5941579937934875,0.0,0.0,0.0,0.0,0.01,gains_mean,,,,,,,,,,,,,,,,,,
unhedged,test,3456,baseline,-0.072957843542099,0.0925690084695816,-0.3831907320022583,-0.2620105743408203,-0.34473153948783875,-0.03664124011993408,-0.0,0.6153846153846154,-0.072957843542099,0.0,0.0,0.0,0.0,0.0,0.0,0.0,0.0,0.0,0.0,,,,,,,,,,,,,,,,,,,,
spot_delta,test,3456,baseline,-0.07222198694944382,0.0901651680469513,-0.3616252458095551,-0.252396947145462,-0.33349013328552246,-0.03871846944093704,0.011330608837306489,0.8275058275058275,-0.072957843542099,0.0009140447364188731,0.00017819044296629727,0.02211754582822323,0.7022129893302917,0.2633817493915558,0.7022129893302917,0.0,0.0,0.0,0.0,,,,,,,,,,,,,,,,,,,,
spot_delta_band,test,3456,baseline,-0.0720430463552475,0.09009061753749847,-0.3631516623497009,-0.2518491804599762,-0.33359748125076294,-0.03807796537876129,0.010204667225480078,0.8181818181818182,-0.072957843542099,0.00105538300704211,0.0001405924413120374,0.017499767243862152,0.6922129988670349,0.26273855566978455,0.6922129988670349,0.0,0.0,0.0,0.0,0.01,gains_mean,,,,,,,,,,,,,,,,,,
vanilla,train,3456,vanilla,-0.06989213079214096,0.08224672079086304,-0.34795936703681946,-0.24892078936100007,-0.30780649185180664,-0.04096246510744095,-0.0008817630237899741,0.9954932398597897,-0.07143983244895935,0.0017689036903902888,0.00022120311041362584,0.02518613450229168,0.06151223182678223,0.270552396774292,1.0,0.047633950926389584,0.047633950926389584,0.0,1.0,,,cvar,/Users/yaniszaim/deephedging/.deephedging_real_runs/final_paper_notebook/panel_sweeps/NVDA_full_paper_grid_800_step_robust/model_artifacts/seed_3456/risk_cvar/vanilla,249.0,0.3080829401094919,val_loss,0.02415626496076584,0.23631548881530762,5.841121495327103e-05,0.002336448598130841,1997.0,20.0,2.0,,,,,,
vanilla,val,3456,vanilla,-0.07959535717964172,0.09804823249578476,-0.40811709642410277,-0.3234557047486305,-0.37313929200172424,-0.04335964471101761,-0.0008985150343505673,0.9976635514018691,-0.08161090314388275,0.002238319255411625,0.00022277970856521279,0.02518368884921074,0.06128615140914917,0.27038607001304626,1.0,0.04696261682242991,0.04696261682242991,0.0,1.0,,,cvar,/Users/yaniszaim/deephedging/.deephedging_real_runs/final_paper_notebook/panel_sweeps/NVDA_full_paper_grid_800_step_robust/model_artifacts/seed_3456/risk_cvar/vanilla,249.0,0.3080829401094919,val_loss,0.02415626496076584,0.23631548881530762,5.841121495327103e-05,0.002336448598130841,428.0,20.0,2.0,,,,,,
vanilla,test,3456,vanilla,-0.0711207389831543,0.08639693260192871,-0.36402294754981995,-0.248653581738472,-0.3268091678619385,-0.03771371394395828,-0.00091448511229828,0.9976689976689976,-0.072957843542099,0.00205910368822515,0.0002220072492491454,0.02518671564757824,0.061469316482543945,0.2704848647117615,1.0,0.048135198135198135,0.048135198135198135,0.0,1.0,,,cvar,/Users/yaniszaim/deephedging/.deephedging_real_runs/final_paper_notebook/panel_sweeps/NVDA_full_paper_grid_800_step_robust/model_artifacts/seed_3456/risk_cvar/vanilla,249.0,0.3080829401094919,val_loss,0.02415626496076584,0.23631548881530762,5.841121495327103e-05,0.002336448598130841,429.0,20.0,2.0,,,,,,
proto_source=spot_delta_k=10_weighted=0_learnw=0,train,3456,proto,-0.06951260566711426,0.08557421714067459,-0.3709590196609497,-0.23910625874996186,-0.31493085622787476,-0.043207745999097824,0.011259059235453601,0.8417626439659489,-0.07143983244895935,0.002255202503874898,0.0003279739757999778,0.03672456741333008,0.525123655796051,0.3971487581729889,1.0,0.20469454181271907,0.20057586379569353,0.004118678017025539,0.7826740110165248,,,cvar,/Users/yaniszaim/deephedging/.deephedging_real_runs/final_paper_notebook/panel_sweeps/NVDA_full_paper_grid_800_step_robust/model_artifacts/seed_3456/risk_cvar/proto_source_spot_delta_k_10_weighted_0_learnw_0,201.0,0.3078760902374704,val_loss,0.04365074634552002,0.19353333115577698,0.06582943925233645,0.6004672897196262,1997.0,20.0,2.0,spot_delta,10.0,False,False,0.19127914309501648,0.5251404643058777
proto_source=spot_delta_k=10_weighted=0_learnw=0,val,3456,proto,-0.07686860859394073,0.10385968536138535,-0.4477770617604256,-0.3191732048988342,-0.38951557874679565,-0.041988175362348557,0.007029172056354574,0.8714953271028038,-0.08161090314388275,0.005080651491880417,0.00033836570219136775,0.037399131804704666,0.5250716209411621,0.3942832052707672,1.0,0.20695093457943925,0.20303738317757009,0.003913551401869159,0.7897196261682243,,,cvar,/Users/yaniszaim/deephedging/.deephedging_real_runs/final_paper_notebook/panel_sweeps/NVDA_full_paper_grid_800_step_robust/model_artifacts/seed_3456/risk_cvar/proto_source_spot_delta_k_10_weighted_0_learnw_0,201.0,0.3078760902374704,val_loss,0.04365074634552002,0.19353333115577698,0.06582943925233645,0.6004672897196262,428.0,20.0,2.0,spot_delta,10.0,False,False,0.19127914309501648,0.5251404643058777
proto_source=spot_delta_k=10_weighted=0_learnw=0,test,3456,proto,-0.06993851065635681,0.09149088710546494,-0.3718435311317444,-0.25656577944755554,-0.336610347032547,-0.038428135216236115,0.00942256432026624,0.8554778554778555,-0.072957843542099,0.0033345662523061037,0.00031523071811534464,0.03551435470581055,0.525046706199646,0.3923274278640747,1.0,0.2039044289044289,0.20174825174825176,0.0021561771561771563,0.7692307692307693,,,cvar,/Users/yaniszaim/deephedging/.deephedging_real_runs/final_paper_notebook/panel_sweeps/NVDA_full_paper_grid_800_step_robust/model_artifacts/seed_3456/risk_cvar/proto_source_spot_delta_k_10_weighted_0_learnw_0,201.0,0.3078760902374704,val_loss,0.04365074634552002,0.19353333115577698,0.06582943925233645,0.6004672897196262,429.0,20.0,2.0,spot_delta,10.0,False,False,0.19127914309501648,0.5251404643058777
proto_source=spot_delta_k=10_weighted=1_learnw=0,train,3456,proto,-0.06975700706243515,0.08416841179132462,-0.35111298084259035,-0.2444903284311294,-0.31106093525886536,-0.042341962456703186,0.010008627921342836,0.8753129694541812,-0.07143983244895935,0.00190420588478446,0.00022137424093671143,0.02403804287314415,0.5576295256614685,0.3578416109085083,1.0,0.26000250375563344,0.2599649474211317,3.755633450175263e-05,0.8237356034051077,,,cvar,/Users/yaniszaim/deephedging/.deephedging_real_runs/final_paper_notebook/panel_sweeps/NVDA_full_paper_grid_800_step_robust/model_artifacts/seed_3456/risk_cvar/proto_source_spot_delta_k_10_weighted_1_learnw_0,197.0,0.3064935090587797,val_loss,0.04436536133289337,0.21457429230213165,0.06314252336448598,0.677570093457944,1997.0,20.0,2.0,spot_delta,10.0,True,False,0.18307152390480042,0.5576296448707581
proto_source=spot_delta_k=10_weighted=1_learnw=0,val,3456,proto,-0.07744834572076797,0.10151035338640213,-0.42165204405784606,-0.32426054179668423,-0.37647178769111633,-0.03846776485443115,0.0069833043031394355,0.8948598130841121,-0.08161090314388275,0.004391435533761978,0.0002288845571456477,0.02465888112783432,0.5576295256614685,0.3577941060066223,1.0,0.26220794392523367,0.26179906542056075,0.0004088785046728972,0.8060747663551402,,,cvar,/Users/yaniszaim/deephedging/.deephedging_real_runs/final_paper_notebook/panel_sweeps/NVDA_full_paper_grid_800_step_robust/model_artifacts/seed_3456/risk_cvar/proto_source_spot_delta_k_10_weighted_1_learnw_0,197.0,0.3064935090587797,val_loss,0.04436536133289337,0.21457429230213165,0.06314252336448598,0.677570093457944,428.0,20.0,2.0,spot_delta,10.0,True,False,0.18307152390480042,0.5576296448707581
proto_source=spot_delta_k=10_weighted=1_learnw=0,test,3456,proto,-0.06955806910991669,0.089164599776268,-0.36323328733444216,-0.25797868371009824,-0.3282725512981415,-0.03790300339460373,0.007149622030556147,0.8671328671328671,-0.072957843542099,0.003625510260462761,0.00022573502792511135,0.02427469938993454,0.5576295256614685,0.3504832983016968,1.0,0.2520979020979021,0.2517482517482518,0.00034965034965034965,0.8111888111888111,,,cvar,/Users/yaniszaim/deephedging/.deephedging_real_runs/final_paper_notebook/panel_sweeps/NVDA_full_paper_grid_800_step_robust/model_artifacts/seed_3456/risk_cvar/proto_source_spot_delta_k_10_weighted_1_learnw_0,197.0,0.3064935090587797,val_loss,0.04436536133289337,0.21457429230213165,0.06314252336448598,0.677570093457944,429.0,20.0,2.0,spot_delta,10.0,True,False,0.18307152390480042,0.5576296448707581
proto_source=spot_delta_k=25_weighted=0_learnw=0,train,3456,proto,-0.06731453537940979,0.08484402298927307,-0.3433081829547882,-0.2361968755722046,-0.3056774437427521,-0.040769826620817184,0.013125449046492547,0.8402603905858789,-0.07143983244895935,0.004977673292160034,0.000852374651003629,0.05153461545705795,1.0640995502471924,0.48140984773635864,1.0,0.34154982473710566,0.33950926389584374,0.002040560841261893,0.9929894842263395,,,cvar,/Users/yaniszaim/deephedging/.deephedging_real_runs/final_paper_notebook/panel_sweeps/NVDA_full_paper_grid_800_step_robust/model_artifacts/seed_3456/risk_cvar/proto_source_spot_delta_k_25_weighted_0_learnw_0,709.0,0.3077173122147394,val_loss,0.06548462063074112,0.27110418677330017,0.06950934579439252,0.8574766355140186,1997.0,20.0,2.0,spot_delta,25.0,False,False,0.2320340871810913,1.1389843225479126
proto_source=spot_delta_k=25_weighted=0_learnw=0,val,3456,proto,-0.0759526714682579,0.10318419337272644,-0.4106615909934044,-0.31231341063976287,-0.3834157884120941,-0.03804750181734562,0.011942117055878027,0.866822429906542,-0.08161090314388275,0.006600015796720982,0.0009417792898602784,0.05601692944765091,1.0640995502471924,0.48228856921195984,1.0,0.336214953271028,0.33095794392523364,0.005257009345794392,1.0,,,cvar,/Users/yaniszaim/deephedging/.deephedging_real_runs/final_paper_notebook/panel_sweeps/NVDA_full_paper_grid_800_step_robust/model_artifacts/seed_3456/risk_cvar/proto_source_spot_delta_k_25_weighted_0_learnw_0,709.0,0.3077173122147394,val_loss,0.06548462063074112,0.27110418677330017,0.06950934579439252,0.8574766355140186,428.0,20.0,2.0,spot_delta,25.0,False,False,0.2320340871810913,1.1389843225479126
proto_source=spot_delta_k=25_weighted=0_learnw=0,test,3456,proto,-0.07075627893209457,0.09192871302366257,-0.39622434616088864,-0.24036531150341034,-0.34305426478385925,-0.03796321153640747,0.013810172490775496,0.8624708624708625,-0.072957843542099,0.0030226698145270348,0.0008211117819882929,0.05080293118953705,1.0640995502471924,0.48161080479621887,1.0,0.3412004662004662,0.3395104895104895,0.00168997668997669,1.0,,,cvar,/Users/yaniszaim/deephedging/.deephedging_real_runs/final_paper_notebook/panel_sweeps/NVDA_full_paper_grid_800_step_robust/model_artifacts/seed_3456/risk_cvar/proto_source_spot_delta_k_25_weighted_0_learnw_0,709.0,0.3077173122147394,val_loss,0.06548462063074112,0.27110418677330017,0.06950934579439252,0.8574766355140186,429.0,20.0,2.0,spot_delta,25.0,False,False,0.2320340871810913,1.1389843225479126
proto_source=spot_delta_k=25_weighted=1_learnw=0,train,3456,proto,-0.07065004110336304,0.08538422733545303,-0.36271504163742063,-0.25604221820831297,-0.31756559014320374,-0.04082043841481209,0.0015804095193743637,0.9078617926890336,-0.07143983244895935,0.0009564747451804578,0.00016668220632709563,0.020049722865223885,0.20649728178977966,0.18604809045791626,1.0,0.00011266900350525788,0.0,0.00011266900350525788,0.0015022533800701052,,,cvar,/Users/yaniszaim/deephedging/.deephedging_real_runs/final_paper_notebook/panel_sweeps/NVDA_full_paper_grid_800_step_robust/model_artifacts/seed_3456/risk_cvar/proto_source_spot_delta_k_25_weighted_1_learnw_0,131.0,0.3093667488079518,val_loss,0.01925819180905819,0.10531707853078842,0.0,0.0,1997.0,20.0,2.0,spot_delta,25.0,True,False,0.1319292187690735,0.3079179525375366
proto_source=spot_delta_k=25_weighted=1_learnw=0,val,3456,proto,-0.08093332499265671,0.10286953300237656,-0.4426359364390373,-0.32785465717315676,-0.3911532163619995,-0.042614374309778214,0.0016450741037260734,0.9088785046728972,-0.08161090314388275,0.0008500413387082517,0.00017246024799533188,0.020438797771930695,0.20487183332443237,0.18342195451259613,0.562693178653717,0.0,0.0,0.0,0.0,,,cvar,/Users/yaniszaim/deephedging/.deephedging_real_runs/final_paper_notebook/panel_sweeps/NVDA_full_paper_grid_800_step_robust/model_artifacts/seed_3456/risk_cvar/proto_source_spot_delta_k_25_weighted_1_learnw_0,131.0,0.3093667488079518,val_loss,0.01925819180905819,0.10531707853078842,0.0,0.0,428.0,20.0,2.0,spot_delta,25.0,True,False,0.1319292187690735,0.3079179525375366
proto_source=spot_delta_k=25_weighted=1_learnw=0,test,3456,proto,-0.07213752716779709,0.09040828049182892,-0.3777433383464813,-0.2616510450839996,-0.3419855535030365,-0.03550545498728752,0.0017828316660597877,0.8997668997668997,-0.072957843542099,0.0009870509384199977,0.00016673680511303246,0.01989292912185192,0.2064313292503357,0.18629342317581177,0.5588429570198059,0.0,0.0,0.0,0.0,,,cvar,/Users/yaniszaim/deephedging/.deephedging_real_runs/final_paper_notebook/panel_sweeps/NVDA_full_paper_grid_800_step_robust/model_artifacts/seed_3456/risk_cvar/proto_source_spot_delta_k_25_weighted_1_learnw_0,131.0,0.3093667488079518,val_loss,0.01925819180905819,0.10531707853078842,0.0,0.0,429.0,20.0,2.0,spot_delta,25.0,True,False,0.1319292187690735,0.3079179525375366
proto_source=spot_delta_k=50_weighted=0_learnw=0,train,3456,proto,-0.06972742080688477,0.08331979066133499,-0.35041786432266236,-0.2509808123111725,-0.3100557029247284,-0.03894192725419998,0.003098244918510311,0.8783174762143214,-0.07143983244895935,0.0020198330748826265,0.00030742536182515323,0.025541217997670174,0.22461795806884766,0.3545410931110382,1.0,0.056822734101151726,0.056822734101151726,0.0,0.48122183274912367,,,cvar,/Users/yaniszaim/deephedging/.deephedging_real_runs/final_paper_notebook/panel_sweeps/NVDA_full_paper_grid_800_step_robust/model_artifacts/seed_3456/risk_cvar/proto_source_spot_delta_k_50_weighted_0_learnw_0,50.0,0.3081936694702534,val_loss,0.030336961150169373,0.16910985112190247,0.0002920560747663551,0.011682242990654205,1997.0,20.0,2.0,spot_delta,50.0,False,False,0.11025749146938324,0.23836150765419006
proto_source=spot_delta_k=50_weighted=0_learnw=0,val,3456,proto,-0.07902400195598602,0.09924165904521942,-0.41894454091787336,-0.32305248230695727,-0.3773191273212433,-0.04213458485901356,0.0025443590478971536,0.9112149532710281,-0.08161090314388275,0.002912338590249419,0.0003254433104302734,0.026026651263237,0.22418320178985596,0.3502194583415985,1.0,0.05397196261682243,0.05397196261682243,0.0,0.4766355140186916,,,cvar,/Users/yaniszaim/deephedging/.deephedging_real_runs/final_paper_notebook/panel_sweeps/NVDA_full_paper_grid_800_step_robust/model_artifacts/seed_3456/risk_cvar/proto_source_spot_delta_k_50_weighted_0_learnw_0,50.0,0.3081936694702534,val_loss,0.030336961150169373,0.16910985112190247,0.0002920560747663551,0.011682242990654205,428.0,20.0,2.0,spot_delta,50.0,False,False,0.11025749146938324,0.23836150765419006
proto_source=spot_delta_k=50_weighted=0_learnw=0,test,3456,proto,-0.07092883437871933,0.08778015524148941,-0.3641715335845947,-0.2526015222072601,-0.3320293426513672,-0.036153268069028854,0.0032221454661339505,0.8764568764568764,-0.072957843542099,0.002338957507163286,0.0003099546884186566,0.025653954595327377,0.22400183975696564,0.3555956780910492,1.0,0.056293706293706294,0.056293706293706294,0.0,0.47785547785547783,,,cvar,/Users/yaniszaim/deephedging/.deephedging_real_runs/final_paper_notebook/panel_sweeps/NVDA_full_paper_grid_800_step_robust/model_artifacts/seed_3456/risk_cvar/proto_source_spot_delta_k_50_weighted_0_learnw_0,50.0,0.3081936694702534,val_loss,0.030336961150169373,0.16910985112190247,0.0002920560747663551,0.011682242990654205,429.0,20.0,2.0,spot_delta,50.0,False,False,0.11025749146938324,0.23836150765419006
proto_source=spot_delta_k=50_weighted=1_learnw=0,train,3456,proto,-0.0707692801952362,0.08408069610595703,-0.3614106845855713,-0.2511357247829437,-0.3125607371330261,-0.044061627238988876,0.004969440214335914,0.8908362543815723,-0.07143983244895935,0.0010197333758696914,0.00034917850280180573,0.03370703384280205,0.2564305365085602,0.2965308427810669,1.0,0.02943164747120681,0.02943164747120681,0.0,0.3299949924887331,,,cvar,/Users/yaniszaim/deephedging/.deephedging_real_runs/final_paper_notebook/panel_sweeps/NVDA_full_paper_grid_800_step_robust/model_artifacts/seed_3456/risk_cvar/proto_source_spot_delta_k_50_weighted_1_learnw_0,174.0,0.30893687130065167,val_loss,0.03371705114841461,0.1356469690799713,0.0014602803738317756,0.05841121495327103,1997.0,20.0,2.0,spot_delta,50.0,True,False,0.09645364433526993,0.3399277925491333
proto_source=spot_delta_k=50_weighted=1_learnw=0,val,3456,proto,-0.08142250031232834,0.10071100294589996,-0.43193137407302856,-0.32457885444164275,-0.38699808716773987,-0.04422927089035511,0.002339802018832412,0.9088785046728972,-0.08161090314388275,0.0005345134995877743,0.00034611657611094415,0.03318160027265549,0.2538158893585205,0.29656997323036194,1.0,0.026401869158878506,0.026401869158878506,0.0,0.3037383177570093,,,cvar,/Users/yaniszaim/deephedging/.deephedging_real_runs/final_paper_notebook/panel_sweeps/NVDA_full_paper_grid_800_step_robust/model_artifacts/seed_3456/risk_cvar/proto_source_spot_delta_k_50_weighted_1_learnw_0,174.0,0.30893687130065167,val_loss,0.03371705114841461,0.1356469690799713,0.0014602803738317756,0.05841121495327103,428.0,20.0,2.0,spot_delta,50.0,True,False,0.09645364433526993,0.3399277925491333
proto_source=spot_delta_k=50_weighted=1_learnw=0,test,3456,proto,-0.0720738023519516,0.0883382186293602,-0.37381797671318057,-0.26164581179618834,-0.3349892795085907,-0.039062149822711945,0.004679920803755515,0.8741258741258742,-0.072957843542099,0.0012300850357860327,0.0003460536536294967,0.03395964205265045,0.25876837968826294,0.3019542396068573,1.0,0.031177156177156176,0.031177156177156176,0.0,0.3543123543123543,,,cvar,/Users/yaniszaim/deephedging/.deephedging_real_runs/final_paper_notebook/panel_sweeps/NVDA_full_paper_grid_800_step_robust/model_artifacts/seed_3456/risk_cvar/proto_source_spot_delta_k_50_weighted_1_learnw_0,174.0,0.30893687130065167,val_loss,0.03371705114841461,0.1356469690799713,0.0014602803738317756,0.05841121495327103,429.0,20.0,2.0,spot_delta,50.0,True,False,0.09645364433526993,0.3399277925491333
proto_source=spot_delta_k=100_weighted=0_learnw=0,train,3456,proto,-0.07000473141670227,0.08415885269641876,-0.356974436044693,-0.2513139963150024,-0.3137056827545166,-0.03939412906765938,0.0035746078472584483,0.8878317476214321,-0.07143983244895935,0.0017019573133438826,0.0002668539818841964,0.025227466598153114,0.24038493633270264,0.3304036855697632,0.9739817380905151,0.0,0.0,0.0,0.0,,,cvar,/Users/yaniszaim/deephedging/.deephedging_real_runs/final_paper_notebook/panel_sweeps/NVDA_full_paper_grid_800_step_robust/model_artifacts/seed_3456/risk_cvar/proto_source_spot_delta_k_100_weighted_0_learnw_0,85.0,0.3072232756856829,val_loss,0.028600143268704414,0.16923607885837555,0.0,0.0,1997.0,20.0,2.0,spot_delta,100.0,False,False,0.12342099100351334,0.3322433829307556
proto_source=spot_delta_k=100_weighted=0_learnw=0,val,3456,proto,-0.0786278024315834,0.09981429576873779,-0.4213994827866554,-0.30987420678138733,-0.380896657705307,-0.04334334284067154,0.0036593025550246115,0.8995327102803738,-0.08161090314388275,0.0032596883829683065,0.00027658214094117284,0.025515951216220856,0.23998181521892548,0.3255341351032257,0.9603785872459412,0.0,0.0,0.0,0.0,,,cvar,/Users/yaniszaim/deephedging/.deephedging_real_runs/final_paper_notebook/panel_sweeps/NVDA_full_paper_grid_800_step_robust/model_artifacts/seed_3456/risk_cvar/proto_source_spot_delta_k_100_weighted_0_learnw_0,85.0,0.3072232756856829,val_loss,0.028600143268704414,0.16923607885837555,0.0,0.0,428.0,20.0,2.0,spot_delta,100.0,False,False,0.12342099100351334,0.3322433829307556
proto_source=spot_delta_k=100_weighted=0_learnw=0,test,3456,proto,-0.07121001929044724,0.0884004607796669,-0.37010893583297727,-0.25887698531150816,-0.3353232443332672,-0.03547444939613342,0.0028113413136452363,0.8904428904428905,-0.072957843542099,0.0020180868450552225,0.00027026713360100985,0.02498207800090313,0.2364773452281952,0.33207935094833374,0.976891279220581,0.0,0.0,0.0,0.0,,,cvar,/Users/yaniszaim/deephedging/.deephedging_real_runs/final_paper_notebook/panel_sweeps/NVDA_full_paper_grid_800_step_robust/model_artifacts/seed_3456/risk_cvar/proto_source_spot_delta_k_100_weighted_0_learnw_0,85.0,0.3072232756856829,val_loss,0.028600143268704414,0.16923607885837555,0.0,0.0,429.0,20.0,2.0,spot_delta,100.0,False,False,0.12342099100351334,0.3322433829307556
proto_source=spot_delta_k=100_weighted=1_learnw=0,train,3456,proto,-0.06952622532844543,0.082852303981781,-0.3389467930793762,-0.2455976456403732,-0.3017768859863281,-0.04004703834652901,0.007905463501811026,0.8497746619929895,-0.07143983244895935,0.0022001280449330807,0.00028652348555624485,0.027485856786370277,0.4910469055175781,0.445793092250824,1.0,0.3807210816224337,0.3807210816224337,0.0,0.9969954932398598,,,cvar,/Users/yaniszaim/deephedging/.deephedging_real_runs/final_paper_notebook/panel_sweeps/NVDA_full_paper_grid_800_step_robust/model_artifacts/seed_3456/risk_cvar/proto_source_spot_delta_k_100_weighted_1_learnw_0,168.0,0.30887094575232854,val_loss,0.04702406004071236,0.20052321255207062,0.05998831775700934,0.9205607476635514,1997.0,20.0,2.0,spot_delta,100.0,True,False,0.1822575330734253,0.6094937920570374
proto_source=spot_delta_k=100_weighted=1_learnw=0,val,3456,proto,-0.0782073363661766,0.0972704067826271,-0.4101421654224396,-0.3080039113759994,-0.3714616894721985,-0.04114098846912384,0.005985350813716646,0.883177570093458,-0.08161090314388275,0.0037028146907687187,0.000299247883958742,0.028703518211841583,0.4910469055175781,0.44471412897109985,1.0,0.37838785046728973,0.37838785046728973,0.0,0.9976635514018691,,,cvar,/Users/yaniszaim/deephedging/.deephedging_real_runs/final_paper_notebook/panel_sweeps/NVDA_full_paper_grid_800_step_robust/model_artifacts/seed_3456/risk_cvar/proto_source_spot_delta_k_100_weighted_1_learnw_0,168.0,0.30887094575232854,val_loss,0.04702406004071236,0.20052321255207062,0.05998831775700934,0.9205607476635514,428.0,20.0,2.0,spot_delta,100.0,True,False,0.1822575330734253,0.6094937920570374
proto_source=spot_delta_k=100_weighted=1_learnw=0,test,3456,proto,-0.0705321878194809,0.0873384177684784,-0.36040797233581545,-0.25959168672561644,-0.3269452452659607,-0.035905856639146805,0.006371765397489069,0.8461538461538461,-0.072957843542099,0.0027130478993058205,0.00028739121626131237,0.027480514720082283,0.4910469055175781,0.4456484913825989,1.0,0.3811188811188811,0.3811188811188811,0.0,0.9976689976689976,,,cvar,/Users/yaniszaim/deephedging/.deephedging_real_runs/final_paper_notebook/panel_sweeps/NVDA_full_paper_grid_800_step_robust/model_artifacts/seed_3456/risk_cvar/proto_source_spot_delta_k_100_weighted_1_learnw_0,168.0,0.30887094575232854,val_loss,0.04702406004071236,0.20052321255207062,0.05998831775700934,0.9205607476635514,429.0,20.0,2.0,spot_delta,100.0,True,False,0.1822575330734253,0.6094937920570374
proto_source=vanilla_k=10_weighted=0_learnw=0,train,3456,proto,-0.07118307799100876,0.08424645662307739,-0.35923907995223997,-0.2535803496837616,-0.31431296467781067,-0.04167627543210983,0.002180049754679193,0.9183775663495243,-0.07143983244895935,0.0014639791334047914,0.0012072216486558318,0.04176778346300125,0.3898216485977173,0.2699003517627716,1.0,0.018089634451677515,0.018089634451677515,0.0,0.2799198798197296,,,cvar,/Users/yaniszaim/deephedging/.deephedging_real_runs/final_paper_notebook/panel_sweeps/NVDA_full_paper_grid_800_step_robust/model_artifacts/seed_3456/risk_cvar/proto_source_vanilla_k_10_weighted_0_learnw_0,335.0,0.31233822336768574,val_loss,0.0434817336499691,0.2857142984867096,0.015070093457943926,0.2383177570093458,1997.0,20.0,2.0,vanilla,10.0,False,False,0.15231922268867493,0.40831243991851807
proto_source=vanilla_k=10_weighted=0_learnw=0,val,3456,proto,-0.08158992230892181,0.09985987842082977,-0.41394557148218153,-0.32182161808013915,-0.38115569949150085,-0.046683765947818756,0.0013603361672721692,0.9252336448598131,-0.08161090314388275,0.0012580974726006389,0.0012371233897283673,0.04214546084403992,0.3898216485977173,0.2633122205734253,1.0,0.0165303738317757,0.0165303738317757,0.0,0.26635514018691586,,,cvar,/Users/yaniszaim/deephedging/.deephedging_real_runs/final_paper_notebook/panel_sweeps/NVDA_full_paper_grid_800_step_robust/model_artifacts/seed_3456/risk_cvar/proto_source_vanilla_k_10_weighted_0_learnw_0,335.0,0.31233822336768574,val_loss,0.0434817336499691,0.2857142984867096,0.015070093457943926,0.2383177570093458,428.0,20.0,2.0,vanilla,10.0,False,False,0.15231922268867493,0.40831243991851807
proto_source=vanilla_k=10_weighted=0_learnw=0,test,3456,proto,-0.07274139672517776,0.08774089068174362,-0.3704084241390228,-0.2589810073375702,-0.33172762393951416,-0.0401696115732193,0.002944856416434044,0.9090909090909091,-0.072957843542099,0.0013884534128010273,0.0011720149777829647,0.04140254110097885,0.3898216485977173,0.26027506589889526,1.0,0.01789044289044289,0.01789044289044289,0.0,0.24242424242424243,,,cvar,/Users/yaniszaim/deephedging/.deephedging_real_runs/final_paper_notebook/panel_sweeps/NVDA_full_paper_grid_800_step_robust/model_artifacts/seed_3456/risk_cvar/proto_source_vanilla_k_10_weighted_0_learnw_0,335.0,0.31233822336768574,val_loss,0.0434817336499691,0.2857142984867096,0.015070093457943926,0.2383177570093458,429.0,20.0,2.0,vanilla,10.0,False,False,0.15231922268867493,0.40831243991851807
proto_source=vanilla_k=10_weighted=1_learnw=0,train,3456,proto,-0.07042482495307922,0.08257826417684555,-0.3479198324680328,-0.2503595232963562,-0.3090463876724243,-0.040838100016117096,-0.0010540898423641927,0.9899849774661993,-0.07143983244895935,0.0017119140829890966,0.0006969119422137737,0.03008590266108513,0.18976491689682007,0.3638560175895691,1.0,0.01842764146219329,0.01842764146219329,0.0,0.7371056584877316,,,cvar,/Users/yaniszaim/deephedging/.deephedging_real_runs/final_paper_notebook/panel_sweeps/NVDA_full_paper_grid_800_step_robust/model_artifacts/seed_3456/risk_cvar/proto_source_vanilla_k_10_weighted_1_learnw_0,439.0,0.30860593643970785,val_loss,0.026199573650956154,0.27447745203971863,0.0,0.0,1997.0,20.0,2.0,vanilla,10.0,True,False,0.1345633566379547,0.36760246753692627
proto_source=vanilla_k=10_weighted=1_learnw=0,val,3456,proto,-0.08018255978822708,0.09845852851867676,-0.4046196177601814,-0.3249999538064003,-0.37507832050323486,-0.042383428663015366,-0.0013596634729765359,0.9883177570093458,-0.08161090314388275,0.0021280376240611076,0.0006996981101110578,0.030080853030085564,0.18976172804832458,0.3634933531284332,1.0,0.01816588785046729,0.01816588785046729,0.0,0.7266355140186916,,,cvar,/Users/yaniszaim/deephedging/.deephedging_real_runs/final_paper_notebook/panel_sweeps/NVDA_full_paper_grid_800_step_robust/model_artifacts/seed_3456/risk_cvar/proto_source_vanilla_k_10_weighted_1_learnw_0,439.0,0.30860593643970785,val_loss,0.026199573650956154,0.27447745203971863,0.0,0.0,428.0,20.0,2.0,vanilla,10.0,True,False,0.1345633566379547,0.36760246753692627
proto_source=vanilla_k=10_weighted=1_learnw=0,test,3456,proto,-0.07172448188066483,0.08668510615825653,-0.3670161306858063,-0.24919568002223969,-0.32843855023384094,-0.03779994323849678,-0.001244125328958035,0.9976689976689976,-0.072957843542099,0.0019318548729643226,0.0006985031068325043,0.030102869495749474,0.18975089490413666,0.3642960488796234,1.0,0.01888111888111888,0.01888111888111888,0.0,0.7552447552447552,,,cvar,/Users/yaniszaim/deephedging/.deephedging_real_runs/final_paper_notebook/panel_sweeps/NVDA_full_paper_grid_800_step_robust/model_artifacts/seed_3456/risk_cvar/proto_source_vanilla_k_10_weighted_1_learnw_0,439.0,0.30860593643970785,val_loss,0.026199573650956154,0.27447745203971863,0.0,0.0,429.0,20.0,2.0,vanilla,10.0,True,False,0.1345633566379547,0.36760246753692627
proto_source=vanilla_k=25_weighted=0_learnw=0,train,3456,proto,-0.07050780951976776,0.08379844576120377,-0.35323267698287963,-0.25241175293922424,-0.3118464946746826,-0.03918609395623207,0.0007430039229802771,0.9303955933900852,-0.07143983244895935,0.0013923296937718987,0.00046030248631723225,0.028543071821331978,0.20339810848236084,0.2325575053691864,1.0,0.005295443164747121,0.005295443164747121,0.0,0.09464196294441662,,,cvar,/Users/yaniszaim/deephedging/.deephedging_real_runs/final_paper_notebook/panel_sweeps/NVDA_full_paper_grid_800_step_robust/model_artifacts/seed_3456/risk_cvar/proto_source_vanilla_k_25_weighted_0_learnw_0,410.0,0.31005643484731005,val_loss,0.028611231595277786,0.2824893891811371,0.017172897196261683,0.2967289719626168,1997.0,20.0,2.0,vanilla,25.0,False,False,0.12415439635515213,0.25651097297668457
proto_source=vanilla_k=25_weighted=0_learnw=0,val,3456,proto,-0.08064091950654984,0.10020648688077927,-0.41654888600111006,-0.3255318745970726,-0.3806394636631012,-0.04264088533818722,0.00040128961118170907,0.9345794392523364,-0.08161090314388275,0.0014326281379908323,0.00046265069977380335,0.028634143993258476,0.2003740668296814,0.23061054944992065,1.0,0.004380841121495327,0.004380841121495327,0.0,0.07476635514018691,,,cvar,/Users/yaniszaim/deephedging/.deephedging_real_runs/final_paper_notebook/panel_sweeps/NVDA_full_paper_grid_800_step_robust/model_artifacts/seed_3456/risk_cvar/proto_source_vanilla_k_25_weighted_0_learnw_0,410.0,0.31005643484731005,val_loss,0.028611231595277786,0.2824893891811371,0.017172897196261683,0.2967289719626168,428.0,20.0,2.0,vanilla,25.0,False,False,0.12415439635515213,0.25651097297668457
proto_source=vanilla_k=25_weighted=0_learnw=0,test,3456,proto,-0.07204902172088623,0.08819382637739182,-0.3787561106681824,-0.25262258052825926,-0.3342682719230652,-0.03600727766752243,0.0008102683001197853,0.9300699300699301,-0.072957843542099,0.0013699381379410625,0.0004611222248058766,0.02847602777183056,0.19616186618804932,0.2319517433643341,1.0,0.004428904428904429,0.004428904428904429,0.0,0.07692307692307693,,,cvar,/Users/yaniszaim/deephedging/.deephedging_real_runs/final_paper_notebook/panel_sweeps/NVDA_full_paper_grid_800_step_robust/model_artifacts/seed_3456/risk_cvar/proto_source_vanilla_k_25_weighted_0_learnw_0,410.0,0.31005643484731005,val_loss,0.028611231595277786,0.2824893891811371,0.017172897196261683,0.2967289719626168,429.0,20.0,2.0,vanilla,25.0,False,False,0.12415439635515213,0.25651097297668457
proto_source=vanilla_k=25_weighted=1_learnw=0,train,3456,proto,-0.07050851732492447,0.08432634174823761,-0.35381654858589173,-0.2538995504379272,-0.313919335603714,-0.03853243961930275,-0.0006166617502458399,0.9814722083124687,-0.07143983244895935,0.0012035863474011421,0.00027226749807596207,0.019324567168951035,0.1992778778076172,0.21775543689727783,0.8990400433540344,0.0,0.0,0.0,0.0,,,cvar,/Users/yaniszaim/deephedging/.deephedging_real_runs/final_paper_notebook/panel_sweeps/NVDA_full_paper_grid_800_step_robust/model_artifacts/seed_3456/risk_cvar/proto_source_vanilla_k_25_weighted_1_learnw_0,716.0,0.3082687782577161,val_loss,0.024414805695414543,0.25404292345046997,0.00035046728971962614,0.004672897196261682,1997.0,20.0,2.0,vanilla,25.0,True,False,0.12434352934360504,0.29714900255203247
proto_source=vanilla_k=25_weighted=1_learnw=0,val,3456,proto,-0.08032244443893433,0.1003362312912941,-0.41407656103372575,-0.3293361827731133,-0.38007909059524536,-0.04130155220627785,-0.0006968881119973979,0.9906542056074766,-0.08161090314388275,0.001561671495437622,0.0002732162829488516,0.019292842596769333,0.13815045356750488,0.2170780599117279,0.8429057002067566,0.0,0.0,0.0,0.0,,,cvar,/Users/yaniszaim/deephedging/.deephedging_real_runs/final_paper_notebook/panel_sweeps/NVDA_full_paper_grid_800_step_robust/model_artifacts/seed_3456/risk_cvar/proto_source_vanilla_k_25_weighted_1_learnw_0,716.0,0.3082687782577161,val_loss,0.024414805695414543,0.25404292345046997,0.00035046728971962614,0.004672897196261682,428.0,20.0,2.0,vanilla,25.0,True,False,0.12434352934360504,0.29714900255203247
proto_source=vanilla_k=25_weighted=1_learnw=0,test,3456,proto,-0.0718659833073616,0.08839056640863419,-0.3692696416378021,-0.2533104419708252,-0.3327307105064392,-0.035998813807964325,-0.000752094970084727,0.993006993006993,-0.072957843542099,0.0013639661483466625,0.00027211286942474544,0.019311275333166122,0.13803055882453918,0.21690966188907623,0.8393985629081726,0.0,0.0,0.0,0.0,,,cvar,/Users/yaniszaim/deephedging/.deephedging_real_runs/final_paper_notebook/panel_sweeps/NVDA_full_paper_grid_800_step_robust/model_artifacts/seed_3456/risk_cvar/proto_source_vanilla_k_25_weighted_1_learnw_0,716.0,0.3082687782577161,val_loss,0.024414805695414543,0.25404292345046997,0.00035046728971962614,0.004672897196261682,429.0,20.0,2.0,vanilla,25.0,True,False,0.12434352934360504,0.29714900255203247
proto_source=vanilla_k=50_weighted=0_learnw=0,train,3456,proto,-0.07143955677747726,0.08429592102766037,-0.3530516958236694,-0.2548317968845367,-0.31399020552635193,-0.04265153408050537,0.004814688954502326,0.8923385077616425,-0.07143983244895935,0.0015043626772239804,0.0015040867729112506,0.05439690127968788,0.20402556657791138,0.21504972875118256,1.0,0.0007636454682023035,0.0007636454682023035,0.0,0.019529293940911366,,,cvar,/Users/yaniszaim/deephedging/.deephedging_real_runs/final_paper_notebook/panel_sweeps/NVDA_full_paper_grid_800_step_robust/model_artifacts/seed_3456/risk_cvar/proto_source_vanilla_k_50_weighted_0_learnw_0,670.0,0.31181895692510725,val_loss,0.05746574327349663,0.2498900294303894,0.004497663551401869,0.14953271028037382,1997.0,20.0,2.0,vanilla,50.0,False,False,0.10763715952634811,0.3005810081958771
proto_source=vanilla_k=50_weighted=0_learnw=0,val,3456,proto,-0.08141540735960007,0.1009775772690773,-0.4223979344964027,-0.325089755654335,-0.3820568025112152,-0.04648154228925705,0.006214491580612939,0.8714953271028038,-0.08161090314388275,0.001693428959697485,0.001497937715612352,0.054184623062610626,0.19513744115829468,0.2134762555360794,1.0,0.0002920560747663551,0.0002920560747663551,0.0,0.009345794392523364,,,cvar,/Users/yaniszaim/deephedging/.deephedging_real_runs/final_paper_notebook/panel_sweeps/NVDA_full_paper_grid_800_step_robust/model_artifacts/seed_3456/risk_cvar/proto_source_vanilla_k_50_weighted_0_learnw_0,670.0,0.31181895692510725,val_loss,0.05746574327349663,0.2498900294303894,0.004497663551401869,0.14953271028037382,428.0,20.0,2.0,vanilla,50.0,False,False,0.10763715952634811,0.3005810081958771
proto_source=vanilla_k=50_weighted=0_learnw=0,test,3456,proto,-0.0738595575094223,0.08870656043291092,-0.3869639849662781,-0.25850334763526917,-0.3363472819328308,-0.042361047118902206,0.0064628573134541374,0.8811188811188811,-0.072957843542099,0.0005909617175348103,0.0014926723670214415,0.05426641181111336,0.19174762070178986,0.21503734588623047,1.0,0.0004662004662004662,0.0004662004662004662,0.0,0.011655011655011656,,,cvar,/Users/yaniszaim/deephedging/.deephedging_real_runs/final_paper_notebook/panel_sweeps/NVDA_full_paper_grid_800_step_robust/model_artifacts/seed_3456/risk_cvar/proto_source_vanilla_k_50_weighted_0_learnw_0,670.0,0.31181895692510725,val_loss,0.05746574327349663,0.2498900294303894,0.004497663551401869,0.14953271028037382,429.0,20.0,2.0,vanilla,50.0,False,False,0.10763715952634811,0.3005810081958771
proto_source=vanilla_k=50_weighted=1_learnw=0,train,3456,proto,-0.06916278600692749,0.08182282000780106,-0.3361869406700134,-0.24524327516555783,-0.30560216307640076,-0.040069952607154846,-0.0006146932020783426,0.9659489233850777,-0.07143983244895935,0.0026667355559766293,0.0003896928974427283,0.027198558673262596,0.9612619280815125,0.23776602745056152,1.0,0.0029043565348022033,0.0025663495242864297,0.00033800701051577367,0.10615923885828743,,,cvar,/Users/yaniszaim/deephedging/.deephedging_real_runs/final_paper_notebook/panel_sweeps/NVDA_full_paper_grid_800_step_robust/model_artifacts/seed_3456/risk_cvar/proto_source_vanilla_k_50_weighted_1_learnw_0,201.0,0.30676475132893877,val_loss,0.028895478695631027,0.26850783824920654,0.014953271028037384,0.4485981308411215,1997.0,20.0,2.0,vanilla,50.0,True,False,0.11222658306360245,0.9648353457450867
proto_source=vanilla_k=50_weighted=1_learnw=0,val,3456,proto,-0.07914580404758453,0.09860300272703171,-0.4129079532623291,-0.310994865000248,-0.37620532512664795,-0.0432461928576231,-0.0006168196006910892,0.9649532710280374,-0.08161090314388275,0.002875454956665635,0.00041036211769096553,0.028309516608715057,0.961642324924469,0.23694543540477753,1.0,0.0033294392523364486,0.0025700934579439253,0.0007593457943925234,0.11214953271028037,,,cvar,/Users/yaniszaim/deephedging/.deephedging_real_runs/final_paper_notebook/panel_sweeps/NVDA_full_paper_grid_800_step_robust/model_artifacts/seed_3456/risk_cvar/proto_source_vanilla_k_50_weighted_1_learnw_0,201.0,0.30676475132893877,val_loss,0.028895478695631027,0.26850783824920654,0.014953271028037384,0.4485981308411215,428.0,20.0,2.0,vanilla,50.0,True,False,0.11222658306360245,0.9648353457450867
proto_source=vanilla_k=50_weighted=1_learnw=0,test,3456,proto,-0.07115006446838379,0.08564922213554382,-0.3616224229335785,-0.2481835514307022,-0.31928661465644836,-0.036792635917663574,-0.0008634781348519033,0.9766899766899767,-0.072957843542099,0.002196986461058259,0.0003892061940860003,0.026892926543951035,0.9617653489112854,0.23858226835727692,1.0,0.0030885780885780887,0.002972027972027972,0.00011655011655011655,0.10955710955710955,,,cvar,/Users/yaniszaim/deephedging/.deephedging_real_runs/final_paper_notebook/panel_sweeps/NVDA_full_paper_grid_800_step_robust/model_artifacts/seed_3456/risk_cvar/proto_source_vanilla_k_50_weighted_1_learnw_0,201.0,0.30676475132893877,val_loss,0.028895478695631027,0.26850783824920654,0.014953271028037384,0.4485981308411215,429.0,20.0,2.0,vanilla,50.0,True,False,0.11222658306360245,0.9648353457450867
proto_source=vanilla_k=100_weighted=0_learnw=0,train,3456,proto,-0.07040414214134216,0.08314470201730728,-0.35200013875961306,-0.25030581951141356,-0.3100627064704895,-0.03961959853768349,0.0010594029678031784,0.9349023535302955,-0.07143983244895935,0.001434642355889082,0.00039895065128803253,0.03264700621366501,0.21892380714416504,0.22830700874328613,1.0,0.010803705558337507,0.010803705558337507,0.0,0.3535302954431647,,,cvar,/Users/yaniszaim/deephedging/.deephedging_real_runs/final_paper_notebook/panel_sweeps/NVDA_full_paper_grid_800_step_robust/model_artifacts/seed_3456/risk_cvar/proto_source_vanilla_k_100_weighted_0_learnw_0,55.0,0.310460092153435,val_loss,0.03233347088098526,0.23455141484737396,0.01302570093457944,0.397196261682243,1997.0,20.0,2.0,vanilla,100.0,False,False,0.11761239916086197,0.3028593361377716
proto_source=vanilla_k=100_weighted=0_learnw=0,val,3456,proto,-0.08011322468519211,0.09938506036996841,-0.410790838599205,-0.3222410291433334,-0.3773266077041626,-0.04449969343841076,0.0015269148803781698,0.9182242990654206,-0.08161090314388275,0.0019006450893357396,0.00040297789382748306,0.0327131450176239,0.2120743989944458,0.22744132578372955,1.0,0.010630841121495328,0.010630841121495328,0.0,0.3574766355140187,,,cvar,/Users/yaniszaim/deephedging/.deephedging_real_runs/final_paper_notebook/panel_sweeps/NVDA_full_paper_grid_800_step_robust/model_artifacts/seed_3456/risk_cvar/proto_source_vanilla_k_100_weighted_0_learnw_0,55.0,0.310460092153435,val_loss,0.03233347088098526,0.23455141484737396,0.01302570093457944,0.397196261682243,428.0,20.0,2.0,vanilla,100.0,False,False,0.11761239916086197,0.3028593361377716
proto_source=vanilla_k=100_weighted=0_learnw=0,test,3456,proto,-0.07182703912258148,0.08748872578144073,-0.3761416971683502,-0.24992069005966186,-0.3307226896286011,-0.037288229912519455,0.0012740727979689828,0.916083916083916,-0.072957843542099,0.001530807581730187,0.0004000042099505663,0.03273076191544533,0.211299329996109,0.22890698909759521,1.0,0.01013986013986014,0.01013986013986014,0.0,0.3613053613053613,,,cvar,/Users/yaniszaim/deephedging/.deephedging_real_runs/final_paper_notebook/panel_sweeps/NVDA_full_paper_grid_800_step_robust/model_artifacts/seed_3456/risk_cvar/proto_source_vanilla_k_100_weighted_0_learnw_0,55.0,0.310460092153435,val_loss,0.03233347088098526,0.23455141484737396,0.01302570093457944,0.397196261682243,429.0,20.0,2.0,vanilla,100.0,False,False,0.11761239916086197,0.3028593361377716
proto_source=vanilla_k=100_weighted=1_learnw=0,train,3456,proto,-0.07059267163276672,0.08331838250160217,-0.35118979930877686,-0.2509689748287201,-0.31082290410995483,-0.040411774069070816,0.00016505736857652624,0.9484226339509264,-0.07143983244895935,0.0014643489848822355,0.0006171992281451821,0.030721696093678474,0.10641483962535858,0.2716965079307556,0.9172371029853821,0.0,0.0,0.0,0.0,,,cvar,/Users/yaniszaim/deephedging/.deephedging_real_runs/final_paper_notebook/panel_sweeps/NVDA_full_paper_grid_800_step_robust/model_artifacts/seed_3456/risk_cvar/proto_source_vanilla_k_100_weighted_1_learnw_0,200.0,0.30871937771327795,val_loss,0.027794817462563515,0.24668624997138977,0.0,0.0,1997.0,20.0,2.0,vanilla,100.0,True,False,0.12949945032596588,0.2882213592529297
proto_source=vanilla_k=100_weighted=1_learnw=0,val,3456,proto,-0.08033381402492523,0.09960208833217621,-0.41433143496513364,-0.32463274002075193,-0.37917089462280273,-0.044754527509212494,-0.0002491593506420043,0.9532710280373832,-0.08161090314388275,0.0018984931521117687,0.00062140281079337,0.030730601400136948,0.10642357915639877,0.27167320251464844,0.9162424206733704,0.0,0.0,0.0,0.0,,,cvar,/Users/yaniszaim/deephedging/.deephedging_real_runs/final_paper_notebook/panel_sweeps/NVDA_full_paper_grid_800_step_robust/model_artifacts/seed_3456/risk_cvar/proto_source_vanilla_k_100_weighted_1_learnw_0,200.0,0.30871937771327795,val_loss,0.027794817462563515,0.24668624997138977,0.0,0.0,428.0,20.0,2.0,vanilla,100.0,True,False,0.12949945032596588,0.2882213592529297
proto_source=vanilla_k=100_weighted=1_learnw=0,test,3456,proto,-0.07185854017734528,0.08754266798496246,-0.3755897581577301,-0.2520996451377869,-0.330992192029953,-0.03742340952157974,5.908180028199127e-05,0.9487179487179487,-0.072957843542099,0.0017179787391796708,0.0006186819518916309,0.03071780316531658,0.1064278706908226,0.2718738913536072,0.9160265326499939,0.0,0.0,0.0,0.0,,,cvar,/Users/yaniszaim/deephedging/.deephedging_real_runs/final_paper_notebook/panel_sweeps/NVDA_full_paper_grid_800_step_robust/model_artifacts/seed_3456/risk_cvar/proto_source_vanilla_k_100_weighted_1_learnw_0,200.0,0.30871937771327795,val_loss,0.027794817462563515,0.24668624997138977,0.0,0.0,429.0,20.0,2.0,vanilla,100.0,True,False,0.12949945032596588,0.2882213592529297
