model,split,seed,model_family,gains_mean,gains_std,gains_p01,gains_p05,gains_cvar05,gains_p50,gains_p95,shortfall_prob,payoff_mean,pnl_mean,cost_mean,action_abs_mean,action_abs_max,delta_abs_mean,delta_abs_max,pct_at_any_position_bound,pct_at_upper_position_bound,pct_at_lower_position_bound,pct_paths_touch_any_position_bound,selected_band,baseline_selection_metric,risk_measure,artifact_dir,selected_epoch,selected_score,selection_metric,selected_val_action_abs_mean,selected_val_delta_abs_mean,selected_val_pct_at_any_position_bound,selected_val_pct_paths_touch_any_position_bound,n_paths,n_steps,n_inst,prototype_source,n_prototypes,weighted_similarity,learn_distance_feature_weights,proto_action_norm_mean,proto_action_norm_max
unhedged,train,1234,baseline,-0.013905085623264313,0.018887603655457497,-0.08541048288345336,-0.04789999723434448,-0.0680147334933281,-0.006065189838409424,-0.0,0.6065032987747409,-0.013905085623264313,0.0,0.0,0.0,0.0,0.0,0.0,0.0,0.0,0.0,0.0,,,,,,,,,,,,,,,,,,,,
spot_delta,train,1234,baseline,-0.013729889877140522,0.018441438674926758,-0.08160181790590286,-0.04573625717312097,-0.06558816879987717,-0.008454376365989447,0.005922185746021556,0.7935909519321395,-0.013905085623264313,0.00046107289381325245,0.00028587671113200486,0.035618435591459274,0.6902719736099243,0.2566879391670227,0.6902719736099243,0.0,0.0,0.0,0.0,,,,,,,,,,,,,,,,,,,,
spot_delta_band,train,1234,baseline,-0.013711906038224697,0.017829911783337593,-0.08370631121098995,-0.044820292852818966,-0.0643492043018341,-0.007885912898927927,0.004076108848676083,0.8157398680490103,-0.013905085623264313,0.000329150672769174,0.0001359709131065756,0.016970178112387657,0.6402719616889954,0.2520642578601837,0.6402719616889954,0.0,0.0,0.0,0.0,0.05,gains_mean,,,,,,,,,,,,,,,,,,
unhedged,val,1234,baseline,-0.012664392590522766,0.016524814069271088,-0.06343249320983886,-0.04136366844177246,-0.05932687595486641,-0.00630873441696167,0.0,0.6035242290748899,-0.012664392590522766,0.0,0.0,0.0,0.0,0.0,0.0,0.0,0.0,0.0,0.0,,,,,,,,,,,,,,,,,,,,
spot_delta,val,1234,baseline,-0.012297098524868488,0.015778256580233574,-0.05671860434114933,-0.03863229844719171,-0.05350959300994873,-0.008450291585177183,0.005574130732566115,0.8061674008810573,-0.012664392590522766,0.0006536194705404341,0.00028632613248191774,0.03564300760626793,0.6281219720840454,0.25639498233795166,0.6443529725074768,0.0,0.0,0.0,0.0,,,,,,,,,,,,,,,,,,,,
spot_delta_band,val,1234,baseline,-0.012229744344949722,0.015187527984380722,-0.05414574213325977,-0.038049607165157796,-0.052706193178892136,-0.008137438911944628,0.004269119002856307,0.8281938325991189,-0.012664392590522766,0.0005705083021894097,0.00013586039131041616,0.016934506595134735,0.5781219601631165,0.2520100176334381,0.5943529605865479,0.0,0.0,0.0,0.0,0.05,gains_mean,,,,,,,,,,,,,,,,,,
unhedged,test,1234,baseline,-0.013486946001648903,0.01843079924583435,-0.08241109251976013,-0.04457804560661316,-0.06762611120939255,-0.005166769027709961,0.0,0.5833333333333334,-0.013486946001648903,0.0,0.0,0.0,0.0,0.0,0.0,0.0,0.0,0.0,0.0,,,,,,,,,,,,,,,,,,,,
spot_delta,test,1234,baseline,-0.013320998288691044,0.018352540209889412,-0.07679166942834854,-0.04471685830503702,-0.06315800547599792,-0.009211031254380941,0.0064432715298607945,0.8026315789473685,-0.013486946001648903,0.0004516290791798383,0.00028568017296493053,0.03558596223592758,0.6351810097694397,0.2571134865283966,0.6902719736099243,0.0,0.0,0.0,0.0,,,,,,,,,,,,,,,,,,,,
spot_delta_band,test,1234,baseline,-0.013234181329607964,0.017719848081469536,-0.0771841511130333,-0.04429328069090843,-0.06256363540887833,-0.007951055653393269,0.004283044137991965,0.7894736842105263,-0.013486946001648903,0.0003862947633024305,0.00013353001850191504,0.016662590205669403,0.5851809978485107,0.25230634212493896,0.6402719616889954,0.0,0.0,0.0,0.0,0.05,gains_mean,,,,,,,,,,,,,,,,,,
vanilla,train,1234,vanilla,-0.013751798309385777,0.017705075442790985,-0.0814283226430416,-0.045563056319952014,-0.0647762268781662,-0.0065179027151316404,0.00014901681570336195,0.9274269557021678,-0.013905085623264313,0.00029364466900005937,0.00014035818458069116,0.015582505613565445,0.03565341979265213,0.16877475380897522,0.6190856695175171,0.0,0.0,0.0,0.0,,,cvar,/Users/yaniszaim/deephedging/.deephedging_real_runs/final_paper_asian_panel/panel_sweeps/XLF_full_paper_grid_800_asian_call_step_robust/model_artifacts/seed_1234/risk_cvar/vanilla,88.0,0.05002043859101832,val_loss,0.015729369595646858,0.1707533895969391,0.0,0.0,2122.0,20.0,2.0,,,,,,
vanilla,val,1234,vanilla,-0.012553765438497066,0.015431582927703857,-0.060341371372342106,-0.039601648971438405,-0.05661802738904953,-0.0063649185467511415,8.603964161011357e-05,0.933920704845815,-0.012664392590522766,0.00025017873849719763,0.00013955205213278532,0.015574874356389046,0.03514152765274048,0.16866357624530792,0.618567168712616,0.0,0.0,0.0,0.0,,,cvar,/Users/yaniszaim/deephedging/.deephedging_real_runs/final_paper_asian_panel/panel_sweeps/XLF_full_paper_grid_800_asian_call_step_robust/model_artifacts/seed_1234/risk_cvar/vanilla,88.0,0.05002043859101832,val_loss,0.015729369595646858,0.1707533895969391,0.0,0.0,454.0,20.0,2.0,,,,,,
vanilla,test,1234,vanilla,-0.013291887938976288,0.01732015050947666,-0.07916840240359306,-0.042493521235883236,-0.0645594671368599,-0.005059254355728626,0.00014240887685446069,0.9144736842105263,-0.013486946001648903,0.0003348511818330735,0.000139792071422562,0.01557573676109314,0.03574369102716446,0.16872616112232208,0.6177319884300232,0.0,0.0,0.0,0.0,,,cvar,/Users/yaniszaim/deephedging/.deephedging_real_runs/final_paper_asian_panel/panel_sweeps/XLF_full_paper_grid_800_asian_call_step_robust/model_artifacts/seed_1234/risk_cvar/vanilla,88.0,0.05002043859101832,val_loss,0.015729369595646858,0.1707533895969391,0.0,0.0,456.0,20.0,2.0,,,,,,
proto_source=spot_delta_k=10_weighted=0_learnw=0,train,1234,proto,-0.01385470386594534,0.01675276644527912,-0.07643964990973473,-0.04415853042155504,-0.06165127083659172,-0.006831303471699357,0.0007383244810625897,0.9194156456173421,-0.013905085623264313,0.0023695710115134716,0.0023191887885332108,0.03948367014527321,0.3193306624889374,0.3494120240211487,1.0,0.0002709707822808671,0.0,0.0002709707822808671,0.005655042412818096,,,cvar,/Users/yaniszaim/deephedging/.deephedging_real_runs/final_paper_asian_panel/panel_sweeps/XLF_full_paper_grid_800_asian_call_step_robust/model_artifacts/seed_1234/risk_cvar/proto_source_spot_delta_k_10_weighted_0_learnw_0,14.0,0.05028781498339241,val_loss,0.029685718938708305,0.25482285022735596,5.506607929515419e-05,0.0022026431718061676,2122.0,20.0,2.0,spot_delta,10.0,False,False,0.1922495812177658,0.38359057903289795
proto_source=spot_delta_k=10_weighted=0_learnw=0,val,1234,proto,-0.012677648104727268,0.014678174629807472,-0.059429770708084105,-0.03835125584155321,-0.05389131233096123,-0.007088425336405635,0.0004923654079902897,0.9229074889867841,-0.012664392590522766,0.0022163838148117065,0.0022296400275081396,0.038394995033741,0.31963855028152466,0.3459020256996155,1.0,0.00011013215859030837,0.0,0.00011013215859030837,0.0022026431718061676,,,cvar,/Users/yaniszaim/deephedging/.deephedging_real_runs/final_paper_asian_panel/panel_sweeps/XLF_full_paper_grid_800_asian_call_step_robust/model_artifacts/seed_1234/risk_cvar/proto_source_spot_delta_k_10_weighted_0_learnw_0,14.0,0.05028781498339241,val_loss,0.029685718938708305,0.25482285022735596,5.506607929515419e-05,0.0022026431718061676,454.0,20.0,2.0,spot_delta,10.0,False,False,0.1922495812177658,0.38359057903289795
proto_source=spot_delta_k=10_weighted=0_learnw=0,test,1234,proto,-0.013339487835764885,0.016582434996962547,-0.07474361695349216,-0.042184239253401756,-0.06174980103969574,-0.006538023706525564,0.0009492485551163554,0.8969298245614035,-0.013486946001648903,0.0024251125287264585,0.002277653431519866,0.038881126791238785,0.31869518756866455,0.34481140971183777,1.0,0.00010964912280701755,0.0,0.00010964912280701755,0.0043859649122807015,,,cvar,/Users/yaniszaim/deephedging/.deephedging_real_runs/final_paper_asian_panel/panel_sweeps/XLF_full_paper_grid_800_asian_call_step_robust/model_artifacts/seed_1234/risk_cvar/proto_source_spot_delta_k_10_weighted_0_learnw_0,14.0,0.05028781498339241,val_loss,0.029685718938708305,0.25482285022735596,5.506607929515419e-05,0.0022026431718061676,456.0,20.0,2.0,spot_delta,10.0,False,False,0.1922495812177658,0.38359057903289795
proto_source=spot_delta_k=10_weighted=1_learnw=0,train,1234,proto,-0.015068404376506805,0.01781836710870266,-0.08259623244404793,-0.04702819976955652,-0.06634359061717987,-0.007673714309930801,-0.0011562971689272684,0.9971724787935909,-0.013905085623264313,0.0007190554169937968,0.0018823739374056458,0.032690469175577164,0.19181537628173828,0.3740929663181305,0.8054226040840149,0.0,0.0,0.0,0.0,,,cvar,/Users/yaniszaim/deephedging/.deephedging_real_runs/final_paper_asian_panel/panel_sweeps/XLF_full_paper_grid_800_asian_call_step_robust/model_artifacts/seed_1234/risk_cvar/proto_source_spot_delta_k_10_weighted_1_learnw_0,14.0,0.05016051622107625,val_loss,0.028887424618005753,0.18698200583457947,0.0,0.0,2122.0,20.0,2.0,spot_delta,10.0,True,False,0.1454964280128479,0.22561043500900269
proto_source=spot_delta_k=10_weighted=1_learnw=0,val,1234,proto,-0.01388462632894516,0.015512784942984581,-0.06195048898458481,-0.04177635014057159,-0.058066949248313904,-0.008069909643381834,-0.0012632281868718569,0.9977973568281938,-0.012664392590522766,0.0006305950810201466,0.0018508300418034196,0.03247878700494766,0.17775607109069824,0.3766460120677948,0.7655313611030579,0.0,0.0,0.0,0.0,,,cvar,/Users/yaniszaim/deephedging/.deephedging_real_runs/final_paper_asian_panel/panel_sweeps/XLF_full_paper_grid_800_asian_call_step_robust/model_artifacts/seed_1234/risk_cvar/proto_source_spot_delta_k_10_weighted_1_learnw_0,14.0,0.05016051622107625,val_loss,0.028887424618005753,0.18698200583457947,0.0,0.0,454.0,20.0,2.0,spot_delta,10.0,True,False,0.1454964280128479,0.22561043500900269
proto_source=spot_delta_k=10_weighted=1_learnw=0,test,1234,proto,-0.014623635448515415,0.017456909641623497,-0.08060102052986622,-0.04425378330051899,-0.06639787554740906,-0.006354343146085739,-0.0011315133888274431,0.9956140350877193,-0.013486946001648903,0.0007451248820871115,0.0018818137468770146,0.03268805518746376,0.1905452013015747,0.37456247210502625,0.7845824956893921,0.0,0.0,0.0,0.0,,,cvar,/Users/yaniszaim/deephedging/.deephedging_real_runs/final_paper_asian_panel/panel_sweeps/XLF_full_paper_grid_800_asian_call_step_robust/model_artifacts/seed_1234/risk_cvar/proto_source_spot_delta_k_10_weighted_1_learnw_0,14.0,0.05016051622107625,val_loss,0.028887424618005753,0.18698200583457947,0.0,0.0,456.0,20.0,2.0,spot_delta,10.0,True,False,0.1454964280128479,0.22561043500900269
proto_source=spot_delta_k=25_weighted=0_learnw=0,train,1234,proto,-0.014114322140812874,0.01719597540795803,-0.08014782227575779,-0.04457385651767254,-0.0637381300330162,-0.007049961946904659,8.651285315863737e-05,0.944392082940622,-0.013905085623264313,0.0013679120456799865,0.0015771480975672603,0.035024385899305344,0.21314668655395508,0.3118796944618225,1.0,0.005030631479736098,0.0,0.005030631479736098,0.06927426955702168,,,cvar,/Users/yaniszaim/deephedging/.deephedging_real_runs/final_paper_asian_panel/panel_sweeps/XLF_full_paper_grid_800_asian_call_step_robust/model_artifacts/seed_1234/risk_cvar/proto_source_spot_delta_k_25_weighted_0_learnw_0,27.0,0.050041930675506587,val_loss,0.022779613733291626,0.20162545144557953,0.0,0.0,2122.0,20.0,2.0,spot_delta,25.0,False,False,0.13720065355300903,0.28177645802497864
proto_source=spot_delta_k=25_weighted=0_learnw=0,val,1234,proto,-0.012817831709980965,0.014615541324019432,-0.0598933520168066,-0.03762300889939069,-0.054294437170028687,-0.007049265317618847,0.0006844789721071702,0.9317180616740088,-0.012664392590522766,0.0014593331143260002,0.0016127718845382333,0.03535766899585724,0.21195918321609497,0.316457599401474,1.0,0.004680616740088106,0.0,0.004680616740088106,0.06607929515418502,,,cvar,/Users/yaniszaim/deephedging/.deephedging_real_runs/final_paper_asian_panel/panel_sweeps/XLF_full_paper_grid_800_asian_call_step_robust/model_artifacts/seed_1234/risk_cvar/proto_source_spot_delta_k_25_weighted_0_learnw_0,27.0,0.050041930675506587,val_loss,0.022779613733291626,0.20162545144557953,0.0,0.0,454.0,20.0,2.0,spot_delta,25.0,False,False,0.13720065355300903,0.28177645802497864
proto_source=spot_delta_k=25_weighted=0_learnw=0,test,1234,proto,-0.013494426384568214,0.016642125323414803,-0.0796710629016161,-0.04259048402309418,-0.06267928332090378,-0.006893843412399292,0.0007651942141819745,0.9078947368421053,-0.013486946001648903,0.0015759875532239676,0.0015834678197279572,0.03504360094666481,0.2129940688610077,0.31073635816574097,1.0,0.003673245614035088,0.0,0.003673245614035088,0.06798245614035088,,,cvar,/Users/yaniszaim/deephedging/.deephedging_real_runs/final_paper_asian_panel/panel_sweeps/XLF_full_paper_grid_800_asian_call_step_robust/model_artifacts/seed_1234/risk_cvar/proto_source_spot_delta_k_25_weighted_0_learnw_0,27.0,0.050041930675506587,val_loss,0.022779613733291626,0.20162545144557953,0.0,0.0,456.0,20.0,2.0,spot_delta,25.0,False,False,0.13720065355300903,0.28177645802497864
proto_source=spot_delta_k=25_weighted=1_learnw=0,train,1234,proto,-0.013556835241615772,0.017385542392730713,-0.07865279279649258,-0.04390497952699661,-0.06368901580572128,-0.007035261718556285,0.0013568345981184375,0.8911404335532517,-0.013905085623264313,0.0013896505115553737,0.0010413998970761895,0.030375784263014793,0.43524059653282166,0.35933828353881836,1.0,0.002403393025447691,0.0,0.002403393025447691,0.024505183788878417,,,cvar,/Users/yaniszaim/deephedging/.deephedging_real_runs/final_paper_asian_panel/panel_sweeps/XLF_full_paper_grid_800_asian_call_step_robust/model_artifacts/seed_1234/risk_cvar/proto_source_spot_delta_k_25_weighted_1_learnw_0,49.0,0.04979140765964985,val_loss,0.01977582275867462,0.1900123655796051,0.0,0.0,2122.0,20.0,2.0,spot_delta,25.0,True,False,0.11407311260700226,0.45288196206092834
proto_source=spot_delta_k=25_weighted=1_learnw=0,val,1234,proto,-0.01216184627264738,0.014640580862760544,-0.05640548098832369,-0.03711427673697472,-0.05369076877832413,-0.007231450639665127,0.001054969086544586,0.8810572687224669,-0.012664392590522766,0.0015533317346125841,0.0010507858823984861,0.03044665791094303,0.43238580226898193,0.36131441593170166,1.0,0.0022577092511013217,0.0,0.0022577092511013217,0.019823788546255508,,,cvar,/Users/yaniszaim/deephedging/.deephedging_real_runs/final_paper_asian_panel/panel_sweeps/XLF_full_paper_grid_800_asian_call_step_robust/model_artifacts/seed_1234/risk_cvar/proto_source_spot_delta_k_25_weighted_1_learnw_0,49.0,0.04979140765964985,val_loss,0.01977582275867462,0.1900123655796051,0.0,0.0,454.0,20.0,2.0,spot_delta,25.0,True,False,0.11407311260700226,0.45288196206092834
proto_source=spot_delta_k=25_weighted=1_learnw=0,test,1234,proto,-0.012976054102182388,0.016643790528178215,-0.08059720918536187,-0.04162053856998682,-0.06239975988864899,-0.007134763058274984,0.0018589237588457763,0.8552631578947368,-0.013486946001648903,0.0015747146680951118,0.0010638226522132754,0.030661772936582565,0.4357677400112152,0.36232757568359375,1.0,0.0030153508771929823,0.0,0.0030153508771929823,0.02412280701754386,,,cvar,/Users/yaniszaim/deephedging/.deephedging_real_runs/final_paper_asian_panel/panel_sweeps/XLF_full_paper_grid_800_asian_call_step_robust/model_artifacts/seed_1234/risk_cvar/proto_source_spot_delta_k_25_weighted_1_learnw_0,49.0,0.04979140765964985,val_loss,0.01977582275867462,0.1900123655796051,0.0,0.0,456.0,20.0,2.0,spot_delta,25.0,True,False,0.11407311260700226,0.45288196206092834
proto_source=spot_delta_k=50_weighted=0_learnw=0,train,1234,proto,-0.013971539214253426,0.01760146953165531,-0.08257435873150826,-0.04504693783819676,-0.06475614011287689,-0.00666490220464766,0.00016082415822893248,0.9401508011310085,-0.013905085623264313,0.0006898942519910634,0.0007563469698652625,0.02182875946164131,0.11375164985656738,0.22854915261268616,1.0,0.00018850141376060322,0.0,0.00018850141376060322,0.004241281809613572,,,cvar,/Users/yaniszaim/deephedging/.deephedging_real_runs/final_paper_asian_panel/panel_sweeps/XLF_full_paper_grid_800_asian_call_step_robust/model_artifacts/seed_1234/risk_cvar/proto_source_spot_delta_k_50_weighted_0_learnw_0,5.0,0.049978723400723735,val_loss,0.01538782473653555,0.14068852365016937,0.00011013215859030837,0.0022026431718061676,2122.0,20.0,2.0,spot_delta,50.0,False,False,0.08902213722467422,0.16032862663269043
proto_source=spot_delta_k=50_weighted=0_learnw=0,val,1234,proto,-0.012701817788183689,0.015099145472049713,-0.05949937578290701,-0.03853555079549551,-0.055641330778598785,-0.006655542179942131,8.175112889148269e-05,0.9383259911894273,-0.012664392590522766,0.0007149847224354744,0.000752411549910903,0.021730991080403328,0.1137506365776062,0.23018726706504822,1.0,0.00011013215859030837,0.0,0.00011013215859030837,0.0022026431718061676,,,cvar,/Users/yaniszaim/deephedging/.deephedging_real_runs/final_paper_asian_panel/panel_sweeps/XLF_full_paper_grid_800_asian_call_step_robust/model_artifacts/seed_1234/risk_cvar/proto_source_spot_delta_k_50_weighted_0_learnw_0,5.0,0.049978723400723735,val_loss,0.01538782473653555,0.14068852365016937,0.00011013215859030837,0.0022026431718061676,454.0,20.0,2.0,spot_delta,50.0,False,False,0.08902213722467422,0.16032862663269043
proto_source=spot_delta_k=50_weighted=0_learnw=0,test,1234,proto,-0.013518066145479679,0.017082929611206055,-0.07604194693267345,-0.04267826210707426,-0.06403011083602905,-0.00618051434867084,0.0004001010092906654,0.9166666666666666,-0.013486946001648903,0.0007178387604653835,0.0007489577401429415,0.021634085103869438,0.11365383863449097,0.2283865213394165,0.8180959820747375,0.0,0.0,0.0,0.0,,,cvar,/Users/yaniszaim/deephedging/.deephedging_real_runs/final_paper_asian_panel/panel_sweeps/XLF_full_paper_grid_800_asian_call_step_robust/model_artifacts/seed_1234/risk_cvar/proto_source_spot_delta_k_50_weighted_0_learnw_0,5.0,0.049978723400723735,val_loss,0.01538782473653555,0.14068852365016937,0.00011013215859030837,0.0022026431718061676,456.0,20.0,2.0,spot_delta,50.0,False,False,0.08902213722467422,0.16032862663269043
proto_source=spot_delta_k=50_weighted=1_learnw=0,train,1234,proto,-0.013773554936051369,0.01671101525425911,-0.0756639838963747,-0.0444749591872096,-0.06165900081396103,-0.0069506673607975245,0.00034131957218050803,0.9269557021677662,-0.013905085623264313,0.0006308969459496439,0.0004993664915673435,0.019741715863347054,0.4699270725250244,0.23196327686309814,0.8795090317726135,0.0,0.0,0.0,0.0,,,cvar,/Users/yaniszaim/deephedging/.deephedging_real_runs/final_paper_asian_panel/panel_sweeps/XLF_full_paper_grid_800_asian_call_step_robust/model_artifacts/seed_1234/risk_cvar/proto_source_spot_delta_k_50_weighted_1_learnw_0,49.0,0.049707699769796054,val_loss,0.027110455557703972,0.22840431332588196,0.000605726872246696,0.011013215859030838,2122.0,20.0,2.0,spot_delta,50.0,True,False,0.1832120567560196,0.5729901790618896
proto_source=spot_delta_k=50_weighted=1_learnw=0,val,1234,proto,-0.012489646673202515,0.014907190576195717,-0.05815466023981571,-0.03837556429207325,-0.05417238175868988,-0.007023883983492851,0.0004832349150092324,0.9162995594713657,-0.012664392590522766,0.0006483969045802951,0.00047365156933665276,0.01916874572634697,0.4070531725883484,0.23086103796958923,0.7462577223777771,0.0,0.0,0.0,0.0,,,cvar,/Users/yaniszaim/deephedging/.deephedging_real_runs/final_paper_asian_panel/panel_sweeps/XLF_full_paper_grid_800_asian_call_step_robust/model_artifacts/seed_1234/risk_cvar/proto_source_spot_delta_k_50_weighted_1_learnw_0,49.0,0.049707699769796054,val_loss,0.027110455557703972,0.22840431332588196,0.000605726872246696,0.011013215859030838,454.0,20.0,2.0,spot_delta,50.0,True,False,0.1832120567560196,0.5729901790618896
proto_source=spot_delta_k=50_weighted=1_learnw=0,test,1234,proto,-0.013428767211735249,0.016578711569309235,-0.07210283763706685,-0.041834091767668724,-0.06233352795243263,-0.00666932575404644,0.0003335636938572861,0.9320175438596491,-0.013486946001648903,0.0005411726888269186,0.00048299296759068966,0.019460154697299004,0.5072159767150879,0.23097427189350128,0.8215665817260742,0.0,0.0,0.0,0.0,,,cvar,/Users/yaniszaim/deephedging/.deephedging_real_runs/final_paper_asian_panel/panel_sweeps/XLF_full_paper_grid_800_asian_call_step_robust/model_artifacts/seed_1234/risk_cvar/proto_source_spot_delta_k_50_weighted_1_learnw_0,49.0,0.049707699769796054,val_loss,0.027110455557703972,0.22840431332588196,0.000605726872246696,0.011013215859030838,456.0,20.0,2.0,spot_delta,50.0,True,False,0.1832120567560196,0.5729901790618896
proto_source=spot_delta_k=100_weighted=0_learnw=0,train,1234,proto,-0.01426650956273079,0.017758043482899666,-0.08071229867637157,-0.046062993630766866,-0.06539519876241684,-0.006692441180348396,-0.00017407560662832382,0.9622997172478793,-0.013905085623264313,0.000650720321573317,0.0010121441446244717,0.02026892453432083,0.11188974976539612,0.24578964710235596,0.4202938973903656,0.0,0.0,0.0,0.0,,,cvar,/Users/yaniszaim/deephedging/.deephedging_real_runs/final_paper_asian_panel/panel_sweeps/XLF_full_paper_grid_800_asian_call_step_robust/model_artifacts/seed_1234/risk_cvar/proto_source_spot_delta_k_100_weighted_0_learnw_0,7.0,0.04989177840761841,val_loss,0.017918890342116356,0.14414040744304657,0.0,0.0,2122.0,20.0,2.0,spot_delta,100.0,False,False,0.12063653022050858,0.1784234642982483
proto_source=spot_delta_k=100_weighted=0_learnw=0,val,1234,proto,-0.013001488521695137,0.01547076366841793,-0.06090801928192377,-0.03987921681255102,-0.05684386193752289,-0.0067610726691782475,-0.00034664166159927863,0.9691629955947136,-0.012664392590522766,0.0006516787107102573,0.0009887747000902891,0.02000654861330986,0.10309658199548721,0.2474370300769806,0.4129471480846405,0.0,0.0,0.0,0.0,,,cvar,/Users/yaniszaim/deephedging/.deephedging_real_runs/final_paper_asian_panel/panel_sweeps/XLF_full_paper_grid_800_asian_call_step_robust/model_artifacts/seed_1234/risk_cvar/proto_source_spot_delta_k_100_weighted_0_learnw_0,7.0,0.04989177840761841,val_loss,0.017918890342116356,0.14414040744304657,0.0,0.0,454.0,20.0,2.0,spot_delta,100.0,False,False,0.12063653022050858,0.1784234642982483
proto_source=spot_delta_k=100_weighted=0_learnw=0,test,1234,proto,-0.01381444651633501,0.01735706627368927,-0.07833365686237813,-0.04360193572938442,-0.0650443583726883,-0.00621984270401299,-3.739236854016781e-05,0.9517543859649122,-0.013486946001648903,0.000681189470924437,0.0010086889378726482,0.020236829295754433,0.102852463722229,0.24580581486225128,0.4138810336589813,0.0,0.0,0.0,0.0,,,cvar,/Users/yaniszaim/deephedging/.deephedging_real_runs/final_paper_asian_panel/panel_sweeps/XLF_full_paper_grid_800_asian_call_step_robust/model_artifacts/seed_1234/risk_cvar/proto_source_spot_delta_k_100_weighted_0_learnw_0,7.0,0.04989177840761841,val_loss,0.017918890342116356,0.14414040744304657,0.0,0.0,456.0,20.0,2.0,spot_delta,100.0,False,False,0.12063653022050858,0.1784234642982483
proto_source=spot_delta_k=100_weighted=1_learnw=0,train,1234,proto,-0.014653271064162254,0.0178979504853487,-0.08358673430979252,-0.047096457704901694,-0.06559702754020691,-0.007283404469490051,-0.00037562175130006066,0.9731385485391141,-0.013905085623264313,0.0005886321887373924,0.0013368177460506558,0.022389279678463936,0.26937443017959595,0.3540574312210083,1.0,0.002780395852968897,0.0,0.002780395852968897,0.012723845428840716,,,cvar,/Users/yaniszaim/deephedging/.deephedging_real_runs/final_paper_asian_panel/panel_sweeps/XLF_full_paper_grid_800_asian_call_step_robust/model_artifacts/seed_1234/risk_cvar/proto_source_spot_delta_k_100_weighted_1_learnw_0,23.0,0.04985176611835309,val_loss,0.018861839547753334,0.13605210185050964,0.001486784140969163,0.013215859030837005,2122.0,20.0,2.0,spot_delta,100.0,True,False,0.1329032927751541,0.4344465434551239
proto_source=spot_delta_k=100_weighted=1_learnw=0,val,1234,proto,-0.013439874164760113,0.01598685048520565,-0.06147133950144053,-0.04027046151459217,-0.057518187910318375,-0.0075445459224283695,-0.0004355171433417128,0.9713656387665198,-0.012664392590522766,0.0005582425510510802,0.0013337248237803578,0.022281471639871597,0.26935648918151855,0.3580770194530487,1.0,0.0025881057268722467,0.0,0.0025881057268722467,0.011013215859030838,,,cvar,/Users/yaniszaim/deephedging/.deephedging_real_runs/final_paper_asian_panel/panel_sweeps/XLF_full_paper_grid_800_asian_call_step_robust/model_artifacts/seed_1234/risk_cvar/proto_source_spot_delta_k_100_weighted_1_learnw_0,23.0,0.04985176611835309,val_loss,0.018861839547753334,0.13605210185050964,0.001486784140969163,0.013215859030837005,454.0,20.0,2.0,spot_delta,100.0,True,False,0.1329032927751541,0.4344465434551239
proto_source=spot_delta_k=100_weighted=1_learnw=0,test,1234,proto,-0.014066007919609547,0.017530377954244614,-0.07880004048347473,-0.04407491348683834,-0.06470008939504623,-0.00646778685040772,-0.00022598254145123065,0.9671052631578947,-0.013486946001648903,0.0007469442207366228,0.0013260054402053356,0.022181300446391106,0.2692773938179016,0.3521431088447571,1.0,0.0014254385964912282,0.0,0.0014254385964912282,0.006578947368421052,,,cvar,/Users/yaniszaim/deephedging/.deephedging_real_runs/final_paper_asian_panel/panel_sweeps/XLF_full_paper_grid_800_asian_call_step_robust/model_artifacts/seed_1234/risk_cvar/proto_source_spot_delta_k_100_weighted_1_learnw_0,23.0,0.04985176611835309,val_loss,0.018861839547753334,0.13605210185050964,0.001486784140969163,0.013215859030837005,456.0,20.0,2.0,spot_delta,100.0,True,False,0.1329032927751541,0.4344465434551239
proto_source=vanilla_k=10_weighted=0_learnw=0,train,1234,proto,-0.014101212844252586,0.018468625843524933,-0.08379069641232491,-0.047175714559853074,-0.06693143397569656,-0.0065214436035603285,0.0005658169247908483,0.8887841658812441,-0.013905085623264313,8.494031499139965e-05,0.0002810666337609291,0.006727095227688551,0.11393720656633377,0.09709346294403076,0.3556723892688751,0.0,0.0,0.0,0.0,,,cvar,/Users/yaniszaim/deephedging/.deephedging_real_runs/final_paper_asian_panel/panel_sweeps/XLF_full_paper_grid_800_asian_call_step_robust/model_artifacts/seed_1234/risk_cvar/proto_source_vanilla_k_10_weighted_0_learnw_0,76.0,0.049798197243362666,val_loss,0.0027365051209926605,0.03356743976473808,0.0,0.0,2122.0,20.0,2.0,vanilla,10.0,False,False,0.07621538639068604,0.19408027827739716
proto_source=vanilla_k=10_weighted=0_learnw=0,val,1234,proto,-0.01286106463521719,0.016151225194334984,-0.062389426827430726,-0.04046356733888388,-0.05840611085295677,-0.006437291856855154,0.0006588603049749495,0.8766519823788547,-0.012664392590522766,7.94626321294345e-05,0.00027613562997430563,0.006622576620429754,0.11393612623214722,0.09639842063188553,0.26937684416770935,0.0,0.0,0.0,0.0,,,cvar,/Users/yaniszaim/deephedging/.deephedging_real_runs/final_paper_asian_panel/panel_sweeps/XLF_full_paper_grid_800_asian_call_step_robust/model_artifacts/seed_1234/risk_cvar/proto_source_vanilla_k_10_weighted_0_learnw_0,76.0,0.049798197243362666,val_loss,0.0027365051209926605,0.03356743976473808,0.0,0.0,454.0,20.0,2.0,vanilla,10.0,False,False,0.07621538639068604,0.19408027827739716
proto_source=vanilla_k=10_weighted=0_learnw=0,test,1234,proto,-0.013582236133515835,0.017922256141901016,-0.08019704520702362,-0.044279701076447964,-0.06603769212961197,-0.005624988814815879,0.0004515808686846867,0.8530701754385965,-0.013486946001648903,0.0001820699981180951,0.0002773590967990458,0.006612017750740051,0.11393718421459198,0.09565573185682297,0.4065507650375366,0.0,0.0,0.0,0.0,,,cvar,/Users/yaniszaim/deephedging/.deephedging_real_runs/final_paper_asian_panel/panel_sweeps/XLF_full_paper_grid_800_asian_call_step_robust/model_artifacts/seed_1234/risk_cvar/proto_source_vanilla_k_10_weighted_0_learnw_0,76.0,0.049798197243362666,val_loss,0.0027365051209926605,0.03356743976473808,0.0,0.0,456.0,20.0,2.0,vanilla,10.0,False,False,0.07621538639068604,0.19408027827739716
proto_source=vanilla_k=10_weighted=1_learnw=0,train,1234,proto,-0.01473135408014059,0.021284906193614006,-0.09262248232960701,-0.052490928396582606,-0.07437361776828766,-0.007411634316667914,0.004399273614399132,0.706880301602262,-0.013905085623264313,-0.0003738244413398206,0.0004524445394054055,0.027651188895106316,0.08167139440774918,0.33413201570510864,1.0,0.09539349670122525,0.0,0.09539349670122525,0.9910461828463714,,,cvar,/Users/yaniszaim/deephedging/.deephedging_real_runs/final_paper_asian_panel/panel_sweeps/XLF_full_paper_grid_800_asian_call_step_robust/model_artifacts/seed_1234/risk_cvar/proto_source_vanilla_k_10_weighted_1_learnw_0,3.0,0.0533396114271528,val_loss,0.02558567188680172,0.1951524019241333,5.506607929515419e-05,0.0022026431718061676,2122.0,20.0,2.0,vanilla,10.0,True,False,0.07064317911863327,0.1270071566104889
proto_source=vanilla_k=10_weighted=1_learnw=0,val,1234,proto,-0.013425689190626144,0.01874655857682228,-0.06942840136587619,-0.04539318475872278,-0.06484509259462357,-0.007692754501476884,0.0040034564444795225,0.6960352422907489,-0.012664392590522766,-0.00031029951060190797,0.00045099787530489266,0.027642657980322838,0.08167138695716858,0.3342698812484741,1.0,0.0967511013215859,0.0,0.0967511013215859,0.9933920704845814,,,cvar,/Users/yaniszaim/deephedging/.deephedging_real_runs/final_paper_asian_panel/panel_sweeps/XLF_full_paper_grid_800_asian_call_step_robust/model_artifacts/seed_1234/risk_cvar/proto_source_vanilla_k_10_weighted_1_learnw_0,3.0,0.0533396114271528,val_loss,0.02558567188680172,0.1951524019241333,5.506607929515419e-05,0.0022026431718061676,454.0,20.0,2.0,vanilla,10.0,True,False,0.07064317911863327,0.1270071566104889
proto_source=vanilla_k=10_weighted=1_learnw=0,test,1234,proto,-0.014372829347848892,0.020702673122286797,-0.08893898017704487,-0.05051500350236893,-0.073977991938591,-0.005898662377148867,0.0036747295525856316,0.6995614035087719,-0.013486946001648903,-0.0004347727226559073,0.0004511102451942861,0.027637027204036713,0.08167140185832977,0.33422502875328064,1.0,0.09533991228070175,0.0,0.09533991228070175,0.9868421052631579,,,cvar,/Users/yaniszaim/deephedging/.deephedging_real_runs/final_paper_asian_panel/panel_sweeps/XLF_full_paper_grid_800_asian_call_step_robust/model_artifacts/seed_1234/risk_cvar/proto_source_vanilla_k_10_weighted_1_learnw_0,3.0,0.0533396114271528,val_loss,0.02558567188680172,0.1951524019241333,5.506607929515419e-05,0.0022026431718061676,456.0,20.0,2.0,vanilla,10.0,True,False,0.07064317911863327,0.1270071566104889
proto_source=vanilla_k=25_weighted=0_learnw=0,train,1234,proto,-0.014207030646502972,0.017716094851493835,-0.07787092618644237,-0.04582296833395958,-0.06462806463241577,-0.00744069623760879,0.001664007868384941,0.8760603204524033,-0.013905085623264313,0.00021241899230517447,0.0005143648013472557,0.01571127586066723,0.3798562288284302,0.1932850480079651,1.0,0.0004359095193213949,0.0004359095193213949,0.0,0.00706880301602262,,,cvar,/Users/yaniszaim/deephedging/.deephedging_real_runs/final_paper_asian_panel/panel_sweeps/XLF_full_paper_grid_800_asian_call_step_robust/model_artifacts/seed_1234/risk_cvar/proto_source_vanilla_k_25_weighted_0_learnw_0,699.0,0.05077371156774461,val_loss,0.011535955592989922,0.18396233022212982,0.0,0.0,2122.0,20.0,2.0,vanilla,25.0,False,False,0.21308639645576477,0.5075240135192871
proto_source=vanilla_k=25_weighted=0_learnw=0,val,1234,proto,-0.013045367784798145,0.01559499278664589,-0.06158097371459007,-0.03981683496385813,-0.055817242711782455,-0.007859824690967798,0.001955133967567235,0.8590308370044053,-0.012664392590522766,0.00012229294225107878,0.000503268267493695,0.015513558872044086,0.3568965196609497,0.19199523329734802,1.0,0.00016519823788546255,0.00016519823788546255,0.0,0.006607929515418502,,,cvar,/Users/yaniszaim/deephedging/.deephedging_real_runs/final_paper_asian_panel/panel_sweeps/XLF_full_paper_grid_800_asian_call_step_robust/model_artifacts/seed_1234/risk_cvar/proto_source_vanilla_k_25_weighted_0_learnw_0,699.0,0.05077371156774461,val_loss,0.011535955592989922,0.18396233022212982,0.0,0.0,454.0,20.0,2.0,vanilla,25.0,False,False,0.21308639645576477,0.5075240135192871
proto_source=vanilla_k=25_weighted=0_learnw=0,test,1234,proto,-0.013732698746025562,0.0174570232629776,-0.07773328684270382,-0.044278462417423725,-0.06427359580993652,-0.0071297441609203815,0.001919919508509338,0.8530701754385965,-0.013486946001648903,0.00026979894028045237,0.0005155512480996549,0.015764527022838593,0.2523290514945984,0.19403530657291412,1.0,0.0007675438596491228,0.0007675438596491228,0.0,0.0043859649122807015,,,cvar,/Users/yaniszaim/deephedging/.deephedging_real_runs/final_paper_asian_panel/panel_sweeps/XLF_full_paper_grid_800_asian_call_step_robust/model_artifacts/seed_1234/risk_cvar/proto_source_vanilla_k_25_weighted_0_learnw_0,699.0,0.05077371156774461,val_loss,0.011535955592989922,0.18396233022212982,0.0,0.0,456.0,20.0,2.0,vanilla,25.0,False,False,0.21308639645576477,0.5075240135192871
proto_source=vanilla_k=25_weighted=1_learnw=0,train,1234,proto,-0.014041663147509098,0.0180954746901989,-0.08282448299229145,-0.047652299888432025,-0.06591328233480453,-0.006774964975193143,0.00025075180747080546,0.9269557021677662,-0.013905085623264313,0.00011868106230394915,0.00025525884120725095,0.008013002574443817,0.19725662469863892,0.10811948031187057,1.0,0.0018261074458058436,0.0018261074458058436,0.0,0.03110273327049953,,,cvar,/Users/yaniszaim/deephedging/.deephedging_real_runs/final_paper_asian_panel/panel_sweeps/XLF_full_paper_grid_800_asian_call_step_robust/model_artifacts/seed_1234/risk_cvar/proto_source_vanilla_k_25_weighted_1_learnw_0,278.0,0.05060431266203523,val_loss,0.010026443749666214,0.1795770525932312,0.0,0.0,2122.0,20.0,2.0,vanilla,25.0,True,False,0.10689587891101837,0.2166738659143448
proto_source=vanilla_k=25_weighted=1_learnw=0,val,1234,proto,-0.012870002537965775,0.01606607809662819,-0.06326251462101937,-0.04099119715392589,-0.058746855705976486,-0.0066561775747686625,0.00019064240841544205,0.9317180616740088,-0.012664392590522766,4.422607889864594e-05,0.0002498373796697706,0.007586072664707899,0.19411690533161163,0.10462577641010284,1.0,0.002037444933920705,0.002037444933920705,0.0,0.028634361233480177,,,cvar,/Users/yaniszaim/deephedging/.deephedging_real_runs/final_paper_asian_panel/panel_sweeps/XLF_full_paper_grid_800_asian_call_step_robust/model_artifacts/seed_1234/risk_cvar/proto_source_vanilla_k_25_weighted_1_learnw_0,278.0,0.05060431266203523,val_loss,0.010026443749666214,0.1795770525932312,0.0,0.0,454.0,20.0,2.0,vanilla,25.0,True,False,0.10689587891101837,0.2166738659143448
proto_source=vanilla_k=25_weighted=1_learnw=0,test,1234,proto,-0.013759912922978401,0.01798141933977604,-0.08366680182516575,-0.044207717292010784,-0.06665507704019547,-0.006243128329515457,0.00033838509989436716,0.9276315789473685,-0.013486946001648903,-2.2824899133411236e-05,0.0002501421549823135,0.007575837429612875,0.1961103081703186,0.104338139295578,1.0,0.0013706140350877192,0.0013706140350877192,0.0,0.03070175438596491,,,cvar,/Users/yaniszaim/deephedging/.deephedging_real_runs/final_paper_asian_panel/panel_sweeps/XLF_full_paper_grid_800_asian_call_step_robust/model_artifacts/seed_1234/risk_cvar/proto_source_vanilla_k_25_weighted_1_learnw_0,278.0,0.05060431266203523,val_loss,0.010026443749666214,0.1795770525932312,0.0,0.0,456.0,20.0,2.0,vanilla,25.0,True,False,0.10689587891101837,0.2166738659143448
proto_source=vanilla_k=50_weighted=0_learnw=0,train,1234,proto,-0.01555771566927433,0.017668887972831726,-0.08274915002286434,-0.04663745444267988,-0.06613527983427048,-0.008408723399043083,-0.0006025814567692585,0.9731385485391141,-0.013905085623264313,0.00013497583859134465,0.001787607790902257,0.027613533660769463,0.28423014283180237,0.34160473942756653,1.0,0.0003416588124410933,0.0003416588124410933,0.0,0.001413760603204524,,,cvar,/Users/yaniszaim/deephedging/.deephedging_real_runs/final_paper_asian_panel/panel_sweeps/XLF_full_paper_grid_800_asian_call_step_robust/model_artifacts/seed_1234/risk_cvar/proto_source_vanilla_k_50_weighted_0_learnw_0,505.0,0.05435742118736393,val_loss,0.03246336057782173,0.40230920910835266,0.004240088105726872,0.01762114537444934,2122.0,20.0,2.0,vanilla,50.0,False,False,0.15124329924583435,0.28965136408805847
proto_source=vanilla_k=50_weighted=0_learnw=0,val,1234,proto,-0.014334045350551605,0.015321657061576843,-0.06264593936502934,-0.040607175789773464,-0.05703695863485336,-0.008078047540038824,-0.0008055621117819131,0.9823788546255506,-0.012664392590522766,0.00011390542204026133,0.001783558283932507,0.027578048408031464,0.262584388256073,0.3425863981246948,0.9857510924339294,0.0,0.0,0.0,0.0,,,cvar,/Users/yaniszaim/deephedging/.deephedging_real_runs/final_paper_asian_panel/panel_sweeps/XLF_full_paper_grid_800_asian_call_step_robust/model_artifacts/seed_1234/risk_cvar/proto_source_vanilla_k_50_weighted_0_learnw_0,505.0,0.05435742118736393,val_loss,0.03246336057782173,0.40230920910835266,0.004240088105726872,0.01762114537444934,454.0,20.0,2.0,vanilla,50.0,False,False,0.15124329924583435,0.28965136408805847
proto_source=vanilla_k=50_weighted=0_learnw=0,test,1234,proto,-0.015159242786467075,0.017346935346722603,-0.0833035297691822,-0.045143626630306244,-0.06640008091926575,-0.008013217244297266,-0.0006543505878653377,0.9780701754385965,-0.013486946001648903,0.00011104598524980247,0.0017833434976637363,0.027569161728024483,0.2819618880748749,0.34101226925849915,1.0,0.0005482456140350877,0.0005482456140350877,0.0,0.0021929824561403508,,,cvar,/Users/yaniszaim/deephedging/.deephedging_real_runs/final_paper_asian_panel/panel_sweeps/XLF_full_paper_grid_800_asian_call_step_robust/model_artifacts/seed_1234/risk_cvar/proto_source_vanilla_k_50_weighted_0_learnw_0,505.0,0.05435742118736393,val_loss,0.03246336057782173,0.40230920910835266,0.004240088105726872,0.01762114537444934,456.0,20.0,2.0,vanilla,50.0,False,False,0.15124329924583435,0.28965136408805847
proto_source=vanilla_k=50_weighted=1_learnw=0,train,1234,proto,-0.014255505986511707,0.018068084493279457,-0.0819932647794485,-0.04682892020791769,-0.0661470890045166,-0.007288654567673802,0.0008815008419333013,0.8982092365692743,-0.013905085623264313,0.00028676484362222254,0.0006371851195581257,0.025049425661563873,0.12932391464710236,0.21657375991344452,0.6889867186546326,0.0,0.0,0.0,0.0,,,cvar,/Users/yaniszaim/deephedging/.deephedging_real_runs/final_paper_asian_panel/panel_sweeps/XLF_full_paper_grid_800_asian_call_step_robust/model_artifacts/seed_1234/risk_cvar/proto_source_vanilla_k_50_weighted_1_learnw_0,42.0,0.05164332738146186,val_loss,0.028208177536725998,0.2859673500061035,0.0,0.0,2122.0,20.0,2.0,vanilla,50.0,True,False,0.12652789056301117,0.2045370638370514
proto_source=vanilla_k=50_weighted=1_learnw=0,val,1234,proto,-0.013104356825351715,0.01588607206940651,-0.060111671835184094,-0.04118240065872669,-0.05844062194228172,-0.007203567773103714,0.0008966908149886874,0.9030837004405287,-0.012664392590522766,0.00019585492555052042,0.0006358203245326877,0.02503764070570469,0.10988038778305054,0.2165771722793579,0.6602506637573242,0.0,0.0,0.0,0.0,,,cvar,/Users/yaniszaim/deephedging/.deephedging_real_runs/final_paper_asian_panel/panel_sweeps/XLF_full_paper_grid_800_asian_call_step_robust/model_artifacts/seed_1234/risk_cvar/proto_source_vanilla_k_50_weighted_1_learnw_0,42.0,0.05164332738146186,val_loss,0.028208177536725998,0.2859673500061035,0.0,0.0,454.0,20.0,2.0,vanilla,50.0,True,False,0.12652789056301117,0.2045370638370514
proto_source=vanilla_k=50_weighted=1_learnw=0,test,1234,proto,-0.013787360861897469,0.017705189064145088,-0.07849262282252312,-0.04351372364908457,-0.06613706797361374,-0.005579624092206359,0.0006968109373701736,0.9100877192982456,-0.013486946001648903,0.00033630625694058836,0.0006367209716700017,0.02504587173461914,0.13225659728050232,0.21653345227241516,0.6932982206344604,0.0,0.0,0.0,0.0,,,cvar,/Users/yaniszaim/deephedging/.deephedging_real_runs/final_paper_asian_panel/panel_sweeps/XLF_full_paper_grid_800_asian_call_step_robust/model_artifacts/seed_1234/risk_cvar/proto_source_vanilla_k_50_weighted_1_learnw_0,42.0,0.05164332738146186,val_loss,0.028208177536725998,0.2859673500061035,0.0,0.0,456.0,20.0,2.0,vanilla,50.0,True,False,0.12652789056301117,0.2045370638370514
proto_source=vanilla_k=100_weighted=0_learnw=0,train,1234,proto,-0.016001317650079727,0.01752311922609806,-0.08171441286802292,-0.047935812175273894,-0.0666956752538681,-0.009097323752939701,-0.0009776430844794966,0.9769085768143261,-0.013905085623264313,0.00019838295702356845,0.0022946158424019814,0.038027308881282806,0.22978848218917847,0.3088354170322418,1.0,0.04216540999057493,0.04207115928369463,9.425070688030161e-05,0.15551366635249764,,,cvar,/Users/yaniszaim/deephedging/.deephedging_real_runs/final_paper_asian_panel/panel_sweeps/XLF_full_paper_grid_800_asian_call_step_robust/model_artifacts/seed_1234/risk_cvar/proto_source_vanilla_k_100_weighted_0_learnw_0,430.0,0.05337031990289688,val_loss,0.03481316566467285,0.274180144071579,0.0,0.0,2122.0,20.0,2.0,vanilla,100.0,False,False,0.15793776512145996,0.3946099579334259
proto_source=vanilla_k=100_weighted=0_learnw=0,val,1234,proto,-0.014839273877441883,0.015488022938370705,-0.0644390480965376,-0.0410526068881154,-0.05865665525197983,-0.009338271338492632,-0.0009615804417990149,0.9823788546255506,-0.012664392590522766,0.0001426064409315586,0.002317488892003894,0.03876692056655884,0.22829154133796692,0.3167765438556671,1.0,0.05192731277533039,0.05181718061674009,0.00011013215859030837,0.18502202643171806,,,cvar,/Users/yaniszaim/deephedging/.deephedging_real_runs/final_paper_asian_panel/panel_sweeps/XLF_full_paper_grid_800_asian_call_step_robust/model_artifacts/seed_1234/risk_cvar/proto_source_vanilla_k_100_weighted_0_learnw_0,430.0,0.05337031990289688,val_loss,0.03481316566467285,0.274180144071579,0.0,0.0,454.0,20.0,2.0,vanilla,100.0,False,False,0.15793776512145996,0.3946099579334259
proto_source=vanilla_k=100_weighted=0_learnw=0,test,1234,proto,-0.015563912689685822,0.017357999458909035,-0.08340687341988087,-0.04609481152147055,-0.06720391660928726,-0.008630598895251751,-0.0008180096338037401,0.9802631578947368,-0.013486946001648903,0.0002303761284565553,0.0023073418997228146,0.03823535516858101,0.22894644737243652,0.3079732656478882,1.0,0.048903508771929824,0.04868421052631579,0.0002192982456140351,0.17105263157894737,,,cvar,/Users/yaniszaim/deephedging/.deephedging_real_runs/final_paper_asian_panel/panel_sweeps/XLF_full_paper_grid_800_asian_call_step_robust/model_artifacts/seed_1234/risk_cvar/proto_source_vanilla_k_100_weighted_0_learnw_0,430.0,0.05337031990289688,val_loss,0.03481316566467285,0.274180144071579,0.0,0.0,456.0,20.0,2.0,vanilla,100.0,False,False,0.15793776512145996,0.3946099579334259
proto_source=vanilla_k=100_weighted=1_learnw=0,train,1234,proto,-0.013944347389042377,0.01754716783761978,-0.08301176458597183,-0.044934720546007154,-0.06547625362873077,-0.007676549023017287,0.0018683512927964282,0.8722902921771913,-0.013905085623264313,0.0006184059893712401,0.0006576671148650348,0.026769263669848442,0.297009140253067,0.3529556095600128,1.0,0.21879123468426012,0.21879123468426012,0.0,0.7898209236569275,,,cvar,/Users/yaniszaim/deephedging/.deephedging_real_runs/final_paper_asian_panel/panel_sweeps/XLF_full_paper_grid_800_asian_call_step_robust/model_artifacts/seed_1234/risk_cvar/proto_source_vanilla_k_100_weighted_1_learnw_0,222.0,0.05021014424273744,val_loss,0.006848145741969347,0.11258033663034439,0.0,0.0,2122.0,20.0,2.0,vanilla,100.0,True,False,0.1630145013332367,0.42599380016326904
proto_source=vanilla_k=100_weighted=1_learnw=0,val,1234,proto,-0.012635495513677597,0.01498892530798912,-0.05441612403839827,-0.038491446711122985,-0.05479566007852554,-0.007664639735594392,0.0015522124536801057,0.8458149779735683,-0.012664392590522766,0.0006772151100449264,0.0006483183824457228,0.026856154203414917,0.2583097517490387,0.35337933897972107,1.0,0.21569383259911895,0.21569383259911895,0.0,0.7907488986784141,,,cvar,/Users/yaniszaim/deephedging/.deephedging_real_runs/final_paper_asian_panel/panel_sweeps/XLF_full_paper_grid_800_asian_call_step_robust/model_artifacts/seed_1234/risk_cvar/proto_source_vanilla_k_100_weighted_1_learnw_0,222.0,0.05021014424273744,val_loss,0.006848145741969347,0.11258033663034439,0.0,0.0,454.0,20.0,2.0,vanilla,100.0,True,False,0.1630145013332367,0.42599380016326904
proto_source=vanilla_k=100_weighted=1_learnw=0,test,1234,proto,-0.013411878608167171,0.017474805936217308,-0.08088687919080258,-0.043858084827661514,-0.06569468230009079,-0.007595092291012406,0.0021102645550854504,0.8574561403508771,-0.013486946001648903,0.0007326426566578448,0.0006575747975148261,0.02697216533124447,0.2970099449157715,0.34988412261009216,1.0,0.21787280701754386,0.21787280701754386,0.0,0.7850877192982456,,,cvar,/Users/yaniszaim/deephedging/.deephedging_real_runs/final_paper_asian_panel/panel_sweeps/XLF_full_paper_grid_800_asian_call_step_robust/model_artifacts/seed_1234/risk_cvar/proto_source_vanilla_k_100_weighted_1_learnw_0,222.0,0.05021014424273744,val_loss,0.006848145741969347,0.11258033663034439,0.0,0.0,456.0,20.0,2.0,vanilla,100.0,True,False,0.1630145013332367,0.42599380016326904
unhedged,train,2345,baseline,-0.013954879716038704,0.01890553906559944,-0.08541048288345336,-0.04853997230529785,-0.06838013976812363,-0.00613856315612793,-0.0,0.6046182846371347,-0.013954879716038704,0.0,0.0,0.0,0.0,0.0,0.0,0.0,0.0,0.0,0.0,,,,,,,,,,,,,,,,,,,,
spot_delta,train,2345,baseline,-0.013790900819003582,0.018420610576868057,-0.08602744668722152,-0.04528977628797293,-0.06530904024839401,-0.00881610019132495,0.005769844306632863,0.7983034872761545,-0.013954879716038704,0.0004506047407630831,0.00028662552358582616,0.03570450842380524,0.6731039881706238,0.25671935081481934,0.6902719736099243,0.0,0.0,0.0,0.0,,,,,,,,,,,,,,,,,,,,
spot_delta_band,train,2345,baseline,-0.013750046491622925,0.017829284071922302,-0.08370631121098995,-0.044271855801343914,-0.06422986090183258,-0.008312673773616552,0.003993142722174523,0.8147973609802074,-0.013954879716038704,0.00034071021946147084,0.00013587684952653944,0.016955168917775154,0.6231039762496948,0.25209903717041016,0.6402719616889954,0.0,0.0,0.0,0.0,0.05,gains_mean,,,,,,,,,,,,,,,,,,
unhedged,val,2345,baseline,-0.01342097856104374,0.016745366156101227,-0.06664060950279235,-0.04452957510948181,-0.05943376570940018,-0.007453799247741699,0.0,0.6409691629955947,-0.01342097856104374,0.0,0.0,0.0,0.0,0.0,0.0,0.0,0.0,0.0,0.0,,,,,,,,,,,,,,,,,,,,
spot_delta,val,2345,baseline,-0.013180221430957317,0.016381610184907913,-0.06196191731840372,-0.044565679691731926,-0.05649688467383385,-0.008450291585177183,0.005484520294703542,0.8061674008810573,-0.01342097856104374,0.0005251986440271139,0.0002844402624759823,0.03539200872182846,0.6902719736099243,0.2565447688102722,0.6902719736099243,0.0,0.0,0.0,0.0,,,,,,,,,,,,,,,,,,,,
spot_delta_band,val,2345,baseline,-0.013139840215444565,0.015789832919836044,-0.06435520216822624,-0.04270893409848213,-0.055566322058439255,-0.00796778267249465,0.0033404341200366588,0.8149779735682819,-0.01342097856104374,0.00041634333319962025,0.000135203983518295,0.01685892604291439,0.6402719616889954,0.2519826889038086,0.6402719616889954,0.0,0.0,0.0,0.0,0.05,gains_mean,,,,,,,,,,,,,,,,,,
unhedged,test,2345,baseline,-0.012501957826316357,0.018130870535969734,-0.08473873734474183,-0.04303434491157532,-0.06609475612640381,-0.003852546215057373,0.0,0.5548245614035088,-0.012501957826316357,0.0,0.0,0.0,0.0,0.0,0.0,0.0,0.0,0.0,0.0,,,,,,,,,,,,,,,,,,,,
spot_delta,test,2345,baseline,-0.012157831341028214,0.01790226809680462,-0.0776709783822298,-0.042291431687772274,-0.062170255929231644,-0.0078321467153728,0.006487590842880309,0.7807017543859649,-0.012501957826316357,0.0006282004178501666,0.0002840731758624315,0.03543533757328987,0.6278989911079407,0.25681811571121216,0.6902719736099243,0.0,0.0,0.0,0.0,,,,,,,,,,,,,,,,,,,,
spot_delta_band,test,2345,baseline,-0.012150588445365429,0.01718040183186531,-0.07669991329312324,-0.04269767552614212,-0.060809940099716187,-0.006904620211571455,0.004934776690788567,0.8070175438596491,-0.012501957826316357,0.0004859910695813596,0.0001346213393844664,0.016807686537504196,0.5778989791870117,0.25217166543006897,0.6402719616889954,0.0,0.0,0.0,0.0,0.05,gains_mean,,,,,,,,,,,,,,,,,,
vanilla,train,2345,vanilla,-0.013953881338238716,0.018806016072630882,-0.08511669859290123,-0.0483731372281909,-0.06813278794288635,-0.00610734336078167,6.771291282348026e-06,0.9392082940622055,-0.013954879716038704,2.7515941837918945e-05,2.6517605874687433e-05,0.0014745105290785432,0.004959840327501297,0.016105130314826965,0.0816093161702156,0.0,0.0,0.0,0.0,,,cvar,/Users/yaniszaim/deephedging/.deephedging_real_runs/final_paper_asian_panel/panel_sweeps/XLF_full_paper_grid_800_asian_call_step_robust/model_artifacts/seed_2345/risk_cvar/vanilla,9.0,0.05180286392802373,val_loss,0.002219975460320711,0.026334375143051147,0.0,0.0,2122.0,20.0,2.0,,,,,,
vanilla,val,2345,vanilla,-0.013415112160146236,0.016655685380101204,-0.06640975438058376,-0.04435329008847475,-0.0592188686132431,-0.007489424664527178,4.2368768845335135e-06,0.9449339207048458,-0.01342097856104374,3.213660602341406e-05,2.626839341246523e-05,0.0014655039412900805,0.003953875973820686,0.01602781191468239,0.06800100207328796,0.0,0.0,0.0,0.0,,,cvar,/Users/yaniszaim/deephedging/.deephedging_real_runs/final_paper_asian_panel/panel_sweeps/XLF_full_paper_grid_800_asian_call_step_robust/model_artifacts/seed_2345/risk_cvar/vanilla,9.0,0.05180286392802373,val_loss,0.002219975460320711,0.026334375143051147,0.0,0.0,454.0,20.0,2.0,,,,,,
vanilla,test,2345,vanilla,-0.012509135529398918,0.01804158091545105,-0.08442754633724689,-0.04298573639243841,-0.06588742882013321,-0.0037919572787359357,1.992806619455223e-05,0.9144736842105263,-0.012501957826316357,1.883831100712996e-05,2.601517735456582e-05,0.001476507750339806,0.0049919672310352325,0.01611250452697277,0.08379143476486206,0.0,0.0,0.0,0.0,,,cvar,/Users/yaniszaim/deephedging/.deephedging_real_runs/final_paper_asian_panel/panel_sweeps/XLF_full_paper_grid_800_asian_call_step_robust/model_artifacts/seed_2345/risk_cvar/vanilla,9.0,0.05180286392802373,val_loss,0.002219975460320711,0.026334375143051147,0.0,0.0,456.0,20.0,2.0,,,,,,
proto_source=spot_delta_k=10_weighted=0_learnw=0,train,2345,proto,-0.01361757516860962,0.01759115420281887,-0.07809516288340092,-0.045529981516301624,-0.06362699717283249,-0.0067954950500279665,0.0012267241603694825,0.8760603204524033,-0.013954879716038704,0.0005322495708242059,0.0001949436409631744,0.013390316627919674,0.5502893924713135,0.1803092211484909,0.9340957999229431,0.0,0.0,0.0,0.0,,,cvar,/Users/yaniszaim/deephedging/.deephedging_real_runs/final_paper_asian_panel/panel_sweeps/XLF_full_paper_grid_800_asian_call_step_robust/model_artifacts/seed_2345/risk_cvar/proto_source_spot_delta_k_10_weighted_0_learnw_0,110.0,0.05193059689830989,val_loss,0.011392741464078426,0.11798269301652908,0.0,0.0,2122.0,20.0,2.0,spot_delta,10.0,False,False,0.37256553769111633,0.7972283363342285
proto_source=spot_delta_k=10_weighted=0_learnw=0,val,2345,proto,-0.013160946778953075,0.01554089318960905,-0.06362383048981428,-0.041971170157194135,-0.055646397173404694,-0.007144137052819133,0.0006917357590282313,0.9185022026431718,-0.01342097856104374,0.0004193205095361918,0.00015928757784422487,0.012461491860449314,0.2411438524723053,0.17781811952590942,0.6130437254905701,0.0,0.0,0.0,0.0,,,cvar,/Users/yaniszaim/deephedging/.deephedging_real_runs/final_paper_asian_panel/panel_sweeps/XLF_full_paper_grid_800_asian_call_step_robust/model_artifacts/seed_2345/risk_cvar/proto_source_spot_delta_k_10_weighted_0_learnw_0,110.0,0.05193059689830989,val_loss,0.011392741464078426,0.11798269301652908,0.0,0.0,454.0,20.0,2.0,spot_delta,10.0,False,False,0.37256553769111633,0.7972283363342285
proto_source=spot_delta_k=10_weighted=0_learnw=0,test,2345,proto,-0.012286373414099216,0.01687854714691639,-0.08103181272745133,-0.042670754715800285,-0.06173177808523178,-0.00513972993940115,0.0013541821390390396,0.8596491228070176,-0.012501957826316357,0.00042068870970979333,0.000205104224733077,0.013422491028904915,0.5003032088279724,0.18017332255840302,0.9061622023582458,0.0,0.0,0.0,0.0,,,cvar,/Users/yaniszaim/deephedging/.deephedging_real_runs/final_paper_asian_panel/panel_sweeps/XLF_full_paper_grid_800_asian_call_step_robust/model_artifacts/seed_2345/risk_cvar/proto_source_spot_delta_k_10_weighted_0_learnw_0,110.0,0.05193059689830989,val_loss,0.011392741464078426,0.11798269301652908,0.0,0.0,456.0,20.0,2.0,spot_delta,10.0,False,False,0.37256553769111633,0.7972283363342285
proto_source=spot_delta_k=10_weighted=1_learnw=0,train,2345,proto,-0.013682316988706589,0.018265528604388237,-0.0835509292781353,-0.045789247192442414,-0.06597981601953506,-0.006814836990088224,0.00197339097503572,0.8477851083883129,-0.013954879716038704,0.0007234890363179147,0.0004509252612479031,0.014885364100337029,0.43497467041015625,0.1691427230834961,1.0,0.0037464655984919886,0.00037700282752120643,0.003369462770970782,0.013666352497643733,,,cvar,/Users/yaniszaim/deephedging/.deephedging_real_runs/final_paper_asian_panel/panel_sweeps/XLF_full_paper_grid_800_asian_call_step_robust/model_artifacts/seed_2345/risk_cvar/proto_source_spot_delta_k_10_weighted_1_learnw_0,41.0,0.05267403392174532,val_loss,0.022504622116684914,0.24869562685489655,0.0012665198237885463,0.022026431718061675,2122.0,20.0,2.0,spot_delta,10.0,True,False,0.20690429210662842,0.5488642454147339
proto_source=spot_delta_k=10_weighted=1_learnw=0,val,2345,proto,-0.01295629795640707,0.0159092228859663,-0.06436162047088147,-0.04295466933399439,-0.05635722354054451,-0.00707941222935915,0.0013102178287226704,0.8722466960352423,-0.01342097856104374,0.0008560764254070818,0.0003913961409125477,0.014079158194363117,0.4218267500400543,0.16218793392181396,0.7731801271438599,0.0,0.0,0.0,0.0,,,cvar,/Users/yaniszaim/deephedging/.deephedging_real_runs/final_paper_asian_panel/panel_sweeps/XLF_full_paper_grid_800_asian_call_step_robust/model_artifacts/seed_2345/risk_cvar/proto_source_spot_delta_k_10_weighted_1_learnw_0,41.0,0.05267403392174532,val_loss,0.022504622116684914,0.24869562685489655,0.0012665198237885463,0.022026431718061675,454.0,20.0,2.0,spot_delta,10.0,True,False,0.20690429210662842,0.5488642454147339
proto_source=spot_delta_k=10_weighted=1_learnw=0,test,2345,proto,-0.012300165370106697,0.017130887135863304,-0.08247821293771267,-0.04168664198368788,-0.06246082857251167,-0.004831342725083232,0.00198802535305731,0.8421052631578947,-0.012501957826316357,0.0006600396009162068,0.0004582460969686508,0.014872023835778236,0.4390959143638611,0.17039050161838531,1.0,0.0015899122807017543,0.0004385964912280702,0.001151315789473684,0.008771929824561403,,,cvar,/Users/yaniszaim/deephedging/.deephedging_real_runs/final_paper_asian_panel/panel_sweeps/XLF_full_paper_grid_800_asian_call_step_robust/model_artifacts/seed_2345/risk_cvar/proto_source_spot_delta_k_10_weighted_1_learnw_0,41.0,0.05267403392174532,val_loss,0.022504622116684914,0.24869562685489655,0.0012665198237885463,0.022026431718061675,456.0,20.0,2.0,spot_delta,10.0,True,False,0.20690429210662842,0.5488642454147339
proto_source=spot_delta_k=25_weighted=0_learnw=0,train,2345,proto,-0.013500521890819073,0.01726684346795082,-0.0751814167201519,-0.04478488378226757,-0.06272577494382858,-0.006927201757207513,0.0014555304835084768,0.8784165881244109,-0.013954879716038704,0.0008530094055458903,0.0003986507363151759,0.022686099633574486,0.1204165518283844,0.19147136807441711,0.9696119427680969,0.0,0.0,0.0,0.0,,,cvar,/Users/yaniszaim/deephedging/.deephedging_real_runs/final_paper_asian_panel/panel_sweeps/XLF_full_paper_grid_800_asian_call_step_robust/model_artifacts/seed_2345/risk_cvar/proto_source_spot_delta_k_25_weighted_0_learnw_0,10.0,0.051988948350772266,val_loss,0.014641372486948967,0.11001294106245041,0.0,0.0,2122.0,20.0,2.0,spot_delta,25.0,False,False,0.11966882646083832,0.16910342872142792
proto_source=spot_delta_k=25_weighted=0_learnw=0,val,2345,proto,-0.013086155988276005,0.01563108339905739,-0.06320369619876146,-0.04195174165070057,-0.05561501160264015,-0.007226358167827129,0.001267678261501707,0.8964757709251101,-0.01342097856104374,0.0007153576007112861,0.00038053456228226423,0.022082772105932236,0.11659044027328491,0.18977144360542297,0.9366055130958557,0.0,0.0,0.0,0.0,,,cvar,/Users/yaniszaim/deephedging/.deephedging_real_runs/final_paper_asian_panel/panel_sweeps/XLF_full_paper_grid_800_asian_call_step_robust/model_artifacts/seed_2345/risk_cvar/proto_source_spot_delta_k_25_weighted_0_learnw_0,10.0,0.051988948350772266,val_loss,0.014641372486948967,0.11001294106245041,0.0,0.0,454.0,20.0,2.0,spot_delta,25.0,False,False,0.11966882646083832,0.16910342872142792
proto_source=spot_delta_k=25_weighted=0_learnw=0,test,2345,proto,-0.012185967527329922,0.016285620629787445,-0.07761351838707924,-0.042490663938224316,-0.060012802481651306,-0.005062483949586749,0.0014904910349287093,0.8837719298245614,-0.012501957826316357,0.0006980685284361243,0.00038207811303436756,0.02215748280286789,0.11902910470962524,0.19021734595298767,0.9498506188392639,0.0,0.0,0.0,0.0,,,cvar,/Users/yaniszaim/deephedging/.deephedging_real_runs/final_paper_asian_panel/panel_sweeps/XLF_full_paper_grid_800_asian_call_step_robust/model_artifacts/seed_2345/risk_cvar/proto_source_spot_delta_k_25_weighted_0_learnw_0,10.0,0.051988948350772266,val_loss,0.014641372486948967,0.11001294106245041,0.0,0.0,456.0,20.0,2.0,spot_delta,25.0,False,False,0.11966882646083832,0.16910342872142792
proto_source=spot_delta_k=25_weighted=1_learnw=0,train,2345,proto,-0.014170734211802483,0.017412062734365463,-0.08293716117739677,-0.04536779634654522,-0.06380842626094818,-0.007511935196816921,0.0020447891205549198,0.8920829406220546,-0.013954879716038704,0.003270705696195364,0.003486559260636568,0.05683247372508049,0.5170429944992065,0.47573068737983704,1.0,0.0004594721960414703,0.0002827521206409048,0.0001767200754005655,0.01413760603204524,,,cvar,/Users/yaniszaim/deephedging/.deephedging_real_runs/final_paper_asian_panel/panel_sweeps/XLF_full_paper_grid_800_asian_call_step_robust/model_artifacts/seed_2345/risk_cvar/proto_source_spot_delta_k_25_weighted_1_learnw_0,41.0,0.052131396885961294,val_loss,0.03747693821787834,0.21270759403705597,0.0,0.0,2122.0,20.0,2.0,spot_delta,25.0,True,False,0.17581462860107422,0.5816901922225952
proto_source=spot_delta_k=25_weighted=1_learnw=0,val,2345,proto,-0.013625235296785831,0.015492233447730541,-0.06441492918878794,-0.04266905263066292,-0.056719280779361725,-0.008084089029580355,0.0016245816368609617,0.9096916299559471,-0.01342097856104374,0.003242422128096223,0.003446678165346384,0.05632739141583443,0.5109049081802368,0.4771324098110199,1.0,0.0003854625550660793,0.00016519823788546255,0.00022026431718061675,0.013215859030837005,,,cvar,/Users/yaniszaim/deephedging/.deephedging_real_runs/final_paper_asian_panel/panel_sweeps/XLF_full_paper_grid_800_asian_call_step_robust/model_artifacts/seed_2345/risk_cvar/proto_source_spot_delta_k_25_weighted_1_learnw_0,41.0,0.052131396885961294,val_loss,0.03747693821787834,0.21270759403705597,0.0,0.0,454.0,20.0,2.0,spot_delta,25.0,True,False,0.17581462860107422,0.5816901922225952
proto_source=spot_delta_k=25_weighted=1_learnw=0,test,2345,proto,-0.012951668351888657,0.016331316903233528,-0.07817001268267632,-0.04258738365024328,-0.06034136191010475,-0.006788989529013634,0.0012721448729280382,0.8837719298245614,-0.012501957826316357,0.002990525448694825,0.003440235275775194,0.0562472902238369,0.5128121376037598,0.4791816174983978,1.0,0.0003837719298245614,0.0001644736842105263,0.0002192982456140351,0.013157894736842105,,,cvar,/Users/yaniszaim/deephedging/.deephedging_real_runs/final_paper_asian_panel/panel_sweeps/XLF_full_paper_grid_800_asian_call_step_robust/model_artifacts/seed_2345/risk_cvar/proto_source_spot_delta_k_25_weighted_1_learnw_0,41.0,0.052131396885961294,val_loss,0.03747693821787834,0.21270759403705597,0.0,0.0,456.0,20.0,2.0,spot_delta,25.0,True,False,0.17581462860107422,0.5816901922225952
proto_source=spot_delta_k=50_weighted=0_learnw=0,train,2345,proto,-0.014732220210134983,0.017750775441527367,-0.07868387825787067,-0.0460353747010231,-0.06460848450660706,-0.00808001821860671,1.1990731582044843e-05,0.9491046182846371,-0.013954879716038704,0.0012812307104468346,0.0020585714373737574,0.032267384231090546,0.17301619052886963,0.2932722270488739,1.0,0.008400094250706881,0.0002238454288407163,0.008176248821866164,0.0471253534401508,,,cvar,/Users/yaniszaim/deephedging/.deephedging_real_runs/final_paper_asian_panel/panel_sweeps/XLF_full_paper_grid_800_asian_call_step_robust/model_artifacts/seed_2345/risk_cvar/proto_source_spot_delta_k_50_weighted_0_learnw_0,10.0,0.05478769755983799,val_loss,0.037106953561306,0.32274898886680603,0.014922907488986784,0.07488986784140969,2122.0,20.0,2.0,spot_delta,50.0,False,False,0.12151994556188583,0.22810354828834534
proto_source=spot_delta_k=50_weighted=0_learnw=0,val,2345,proto,-0.014414427801966667,0.01558327954262495,-0.0644551583752036,-0.043186147883534434,-0.0568171888589859,-0.008878693915903568,-0.00022354252578225044,0.9515418502202643,-0.01342097856104374,0.0010410223621875048,0.0020344704389572144,0.03171777352690697,0.16605502367019653,0.2949017584323883,1.0,0.004680616740088106,0.0003854625550660793,0.004295154185022026,0.037444933920704845,,,cvar,/Users/yaniszaim/deephedging/.deephedging_real_runs/final_paper_asian_panel/panel_sweeps/XLF_full_paper_grid_800_asian_call_step_robust/model_artifacts/seed_2345/risk_cvar/proto_source_spot_delta_k_50_weighted_0_learnw_0,10.0,0.05478769755983799,val_loss,0.037106953561306,0.32274898886680603,0.014922907488986784,0.07488986784140969,454.0,20.0,2.0,spot_delta,50.0,False,False,0.12151994556188583,0.22810354828834534
proto_source=spot_delta_k=50_weighted=0_learnw=0,test,2345,proto,-0.01326820906251669,0.01659064181149006,-0.08098189011216164,-0.042617397382855415,-0.06124354526400566,-0.005702019669115543,-0.00010580243542790413,0.956140350877193,-0.012501957826316357,0.0012171883136034012,0.0019834397826343775,0.030956458300352097,0.1771518588066101,0.28119200468063354,1.0,0.006469298245614035,0.00027412280701754384,0.006195175438596491,0.02850877192982456,,,cvar,/Users/yaniszaim/deephedging/.deephedging_real_runs/final_paper_asian_panel/panel_sweeps/XLF_full_paper_grid_800_asian_call_step_robust/model_artifacts/seed_2345/risk_cvar/proto_source_spot_delta_k_50_weighted_0_learnw_0,10.0,0.05478769755983799,val_loss,0.037106953561306,0.32274898886680603,0.014922907488986784,0.07488986784140969,456.0,20.0,2.0,spot_delta,50.0,False,False,0.12151994556188583,0.22810354828834534
proto_source=spot_delta_k=50_weighted=1_learnw=0,train,2345,proto,-0.014181681908667088,0.018215395510196686,-0.08405519433319568,-0.04709626007825136,-0.06747002899646759,-0.0066212068777531385,0.0008343161665834447,0.9038642789820923,-0.013954879716038704,8.537744724890217e-05,0.00031217822106555104,0.015523026697337627,0.7583099603652954,0.13926246762275696,1.0,0.0012606032045240339,0.0,0.0012606032045240339,0.008953817153628653,,,cvar,/Users/yaniszaim/deephedging/.deephedging_real_runs/final_paper_asian_panel/panel_sweeps/XLF_full_paper_grid_800_asian_call_step_robust/model_artifacts/seed_2345/risk_cvar/proto_source_spot_delta_k_50_weighted_1_learnw_0,100.0,0.051862842824775726,val_loss,0.006372528616338968,0.031564682722091675,0.0,0.0,2122.0,20.0,2.0,spot_delta,50.0,True,False,0.11264627426862717,0.802254319190979
proto_source=spot_delta_k=50_weighted=1_learnw=0,val,2345,proto,-0.01362645160406828,0.016059568151831627,-0.06553124673664569,-0.04308073092252016,-0.05848110839724541,-0.007738518062978983,0.0006433325121179196,0.9140969162995595,-0.01342097856104374,8.575282845413312e-05,0.00029122515115886927,0.015261583961546421,0.7676198482513428,0.13654997944831848,1.0,0.0004405286343612335,0.0,0.0004405286343612335,0.004405286343612335,,,cvar,/Users/yaniszaim/deephedging/.deephedging_real_runs/final_paper_asian_panel/panel_sweeps/XLF_full_paper_grid_800_asian_call_step_robust/model_artifacts/seed_2345/risk_cvar/proto_source_spot_delta_k_50_weighted_1_learnw_0,100.0,0.051862842824775726,val_loss,0.006372528616338968,0.031564682722091675,0.0,0.0,454.0,20.0,2.0,spot_delta,50.0,True,False,0.11264627426862717,0.802254319190979
proto_source=spot_delta_k=50_weighted=1_learnw=0,test,2345,proto,-0.01300111599266529,0.018281033262610435,-0.08298664353787899,-0.043799941428005695,-0.06780950725078583,-0.005190845811739564,0.0008557774126529694,0.8859649122807017,-0.012501957826316357,-0.00020032083557453007,0.0002988358901347965,0.015317237935960293,0.6199259757995605,0.13805991411209106,1.0,0.001973684210526316,0.0,0.001973684210526316,0.010964912280701754,,,cvar,/Users/yaniszaim/deephedging/.deephedging_real_runs/final_paper_asian_panel/panel_sweeps/XLF_full_paper_grid_800_asian_call_step_robust/model_artifacts/seed_2345/risk_cvar/proto_source_spot_delta_k_50_weighted_1_learnw_0,100.0,0.051862842824775726,val_loss,0.006372528616338968,0.031564682722091675,0.0,0.0,456.0,20.0,2.0,spot_delta,50.0,True,False,0.11264627426862717,0.802254319190979
proto_source=spot_delta_k=100_weighted=0_learnw=0,train,2345,proto,-0.015877295285463333,0.017765246331691742,-0.08234567433595658,-0.047924586571753025,-0.0673857033252716,-0.008331977296620607,-0.0012870227335952274,0.9905749293119699,-0.013954879716038704,0.0005416364874690771,0.0024640504270792007,0.03886875510215759,0.1654527187347412,0.5856125354766846,1.0,0.14773798303487276,0.0,0.14773798303487276,0.8053722902921772,,,cvar,/Users/yaniszaim/deephedging/.deephedging_real_runs/final_paper_asian_panel/panel_sweeps/XLF_full_paper_grid_800_asian_call_step_robust/model_artifacts/seed_2345/risk_cvar/proto_source_spot_delta_k_100_weighted_0_learnw_0,11.0,0.05359180495179862,val_loss,0.01947394572198391,0.19664838910102844,0.01145374449339207,0.039647577092511016,2122.0,20.0,2.0,spot_delta,100.0,False,False,0.10323983430862427,0.16816799342632294
proto_source=spot_delta_k=100_weighted=0_learnw=0,val,2345,proto,-0.015283611603081226,0.015591111034154892,-0.06580927465111017,-0.04411412943154573,-0.05831059813499451,-0.00901972595602274,-0.0012933451158460263,0.9911894273127754,-0.01342097856104374,0.000602791435085237,0.0024654236622154713,0.03887643665075302,0.1654527187347412,0.5871705412864685,1.0,0.1428964757709251,0.0,0.1428964757709251,0.8171806167400881,,,cvar,/Users/yaniszaim/deephedging/.deephedging_real_runs/final_paper_asian_panel/panel_sweeps/XLF_full_paper_grid_800_asian_call_step_robust/model_artifacts/seed_2345/risk_cvar/proto_source_spot_delta_k_100_weighted_0_learnw_0,11.0,0.05359180495179862,val_loss,0.01947394572198391,0.19664838910102844,0.01145374449339207,0.039647577092511016,454.0,20.0,2.0,spot_delta,100.0,False,False,0.10323983430862427,0.16816799342632294
proto_source=spot_delta_k=100_weighted=0_learnw=0,test,2345,proto,-0.014606434851884842,0.016926249489188194,-0.0814790029078722,-0.04460831545293331,-0.06479787826538086,-0.007022809237241745,-0.0010874012659769505,0.9890350877192983,-0.012501957826316357,0.0003627203404903412,0.002467197133228183,0.03886057063937187,0.1654527187347412,0.5877450108528137,1.0,0.14358552631578947,0.0,0.14358552631578947,0.8070175438596491,,,cvar,/Users/yaniszaim/deephedging/.deephedging_real_runs/final_paper_asian_panel/panel_sweeps/XLF_full_paper_grid_800_asian_call_step_robust/model_artifacts/seed_2345/risk_cvar/proto_source_spot_delta_k_100_weighted_0_learnw_0,11.0,0.05359180495179862,val_loss,0.01947394572198391,0.19664838910102844,0.01145374449339207,0.039647577092511016,456.0,20.0,2.0,spot_delta,100.0,False,False,0.10323983430862427,0.16816799342632294
proto_source=spot_delta_k=100_weighted=1_learnw=0,train,2345,proto,-0.013881685212254524,0.01807294599711895,-0.0838002947717905,-0.04524883385747671,-0.06530269980430603,-0.0070101439487189054,0.0007589156681206076,0.8397737983034873,-0.013954879716038704,0.0008086320012807846,0.0007354372064583004,0.018349114805459976,0.1585623174905777,0.16799256205558777,1.0,0.012829877474081056,0.0,0.012829877474081056,0.04382657869934024,,,cvar,/Users/yaniszaim/deephedging/.deephedging_real_runs/final_paper_asian_panel/panel_sweeps/XLF_full_paper_grid_800_asian_call_step_robust/model_artifacts/seed_2345/risk_cvar/proto_source_spot_delta_k_100_weighted_1_learnw_0,15.0,0.05246230994974825,val_loss,0.021540755406022072,0.24022959172725677,0.0003854625550660793,0.0022026431718061676,2122.0,20.0,2.0,spot_delta,100.0,True,False,0.08759148418903351,0.19034108519554138
proto_source=spot_delta_k=100_weighted=1_learnw=0,val,2345,proto,-0.013389579951763153,0.01590927317738533,-0.062276523485779764,-0.04280501287430525,-0.0563482828438282,-0.007720824796706438,0.000921215664129704,0.8634361233480177,-0.01342097856104374,0.0007500555366277695,0.0007186561124399304,0.01809808425605297,0.1585623025894165,0.16434340178966522,1.0,0.010627753303964758,0.0,0.010627753303964758,0.039647577092511016,,,cvar,/Users/yaniszaim/deephedging/.deephedging_real_runs/final_paper_asian_panel/panel_sweeps/XLF_full_paper_grid_800_asian_call_step_robust/model_artifacts/seed_2345/risk_cvar/proto_source_spot_delta_k_100_weighted_1_learnw_0,15.0,0.05246230994974825,val_loss,0.021540755406022072,0.24022959172725677,0.0003854625550660793,0.0022026431718061676,454.0,20.0,2.0,spot_delta,100.0,True,False,0.08759148418903351,0.19034108519554138
proto_source=spot_delta_k=100_weighted=1_learnw=0,test,2345,proto,-0.012571146711707115,0.017490167170763016,-0.07890542522072792,-0.04148524533957243,-0.06383664906024933,-0.0047397068701684475,0.0007315773400478065,0.8245614035087719,-0.012501957826316357,0.0006075834971852601,0.000676771393045783,0.017252866178750992,0.1585623025894165,0.14946602284908295,1.0,0.009429824561403509,0.0,0.009429824561403509,0.02850877192982456,,,cvar,/Users/yaniszaim/deephedging/.deephedging_real_runs/final_paper_asian_panel/panel_sweeps/XLF_full_paper_grid_800_asian_call_step_robust/model_artifacts/seed_2345/risk_cvar/proto_source_spot_delta_k_100_weighted_1_learnw_0,15.0,0.05246230994974825,val_loss,0.021540755406022072,0.24022959172725677,0.0003854625550660793,0.0022026431718061676,456.0,20.0,2.0,spot_delta,100.0,True,False,0.08759148418903351,0.19034108519554138
proto_source=vanilla_k=10_weighted=0_learnw=0,train,2345,proto,-0.013761385343968868,0.01697278954088688,-0.07579655393958092,-0.044578535854816435,-0.06304088979959488,-0.007028592750430107,0.0005678672110661821,0.9123468426013195,-0.013954879716038704,0.00048781768418848515,0.00029432278824970126,0.026000695303082466,0.06573021411895752,0.29835158586502075,1.0,0.09786757775683318,0.09786757775683318,0.0,1.0,,,cvar,/Users/yaniszaim/deephedging/.deephedging_real_runs/final_paper_asian_panel/panel_sweeps/XLF_full_paper_grid_800_asian_call_step_robust/model_artifacts/seed_2345/risk_cvar/proto_source_vanilla_k_10_weighted_0_learnw_0,4.0,0.06270249720293584,val_loss,0.02600550279021263,0.2985839247703552,0.0979625550660793,1.0,2122.0,20.0,2.0,vanilla,10.0,False,False,0.052854955196380615,0.0910802036523819
proto_source=vanilla_k=10_weighted=0_learnw=0,val,2345,proto,-0.013105900026857853,0.015003829263150692,-0.06268957544118166,-0.0406429311260581,-0.05497140437364578,-0.00762761221267283,0.00039309944404521694,0.9185022026431718,-0.01342097856104374,0.0006098216981627047,0.0002947422326542437,0.02600478194653988,0.06573021411895752,0.2982419729232788,1.0,0.09785242290748898,0.09785242290748898,0.0,1.0,,,cvar,/Users/yaniszaim/deephedging/.deephedging_real_runs/final_paper_asian_panel/panel_sweeps/XLF_full_paper_grid_800_asian_call_step_robust/model_artifacts/seed_2345/risk_cvar/proto_source_vanilla_k_10_weighted_0_learnw_0,4.0,0.06270249720293584,val_loss,0.02600550279021263,0.2985839247703552,0.0979625550660793,1.0,454.0,20.0,2.0,vanilla,10.0,False,False,0.052854955196380615,0.0910802036523819
proto_source=vanilla_k=10_weighted=0_learnw=0,test,2345,proto,-0.01256468240171671,0.0165310800075531,-0.07797748148441315,-0.0415739044547081,-0.06186490133404732,-0.005934191169217229,0.000722840748494491,0.8947368421052632,-0.012501957826316357,0.00023064453853294253,0.0002933692012447864,0.02599584124982357,0.06573021411895752,0.29852133989334106,1.0,0.09819078947368422,0.09819078947368422,0.0,1.0,,,cvar,/Users/yaniszaim/deephedging/.deephedging_real_runs/final_paper_asian_panel/panel_sweeps/XLF_full_paper_grid_800_asian_call_step_robust/model_artifacts/seed_2345/risk_cvar/proto_source_vanilla_k_10_weighted_0_learnw_0,4.0,0.06270249720293584,val_loss,0.02600550279021263,0.2985839247703552,0.0979625550660793,1.0,456.0,20.0,2.0,vanilla,10.0,False,False,0.052854955196380615,0.0910802036523819
proto_source=vanilla_k=10_weighted=1_learnw=0,train,2345,proto,-0.013988606631755829,0.018519042059779167,-0.0841931577026844,-0.047634714655578135,-0.06752131134271622,-0.006136419018730521,-8.457062176603373e-05,0.9816211121583411,-0.013954879716038704,6.977620796533301e-05,0.0001035017121466808,0.0051732794381678104,0.01699230447411537,0.061292942613363266,0.3145105540752411,0.0,0.0,0.0,0.0,,,cvar,/Users/yaniszaim/deephedging/.deephedging_real_runs/final_paper_asian_panel/panel_sweeps/XLF_full_paper_grid_800_asian_call_step_robust/model_artifacts/seed_2345/risk_cvar/proto_source_vanilla_k_10_weighted_1_learnw_0,2.0,0.052754354891367254,val_loss,0.008414656855165958,0.03274654969573021,0.0,0.0,2122.0,20.0,2.0,vanilla,10.0,True,False,0.07296627759933472,0.13325893878936768
proto_source=vanilla_k=10_weighted=1_learnw=0,val,2345,proto,-0.013418115675449371,0.016404956579208374,-0.06578001789748668,-0.04384624268859625,-0.05870074778795242,-0.007456351537257433,-8.996080105134757e-05,0.9845814977973568,-0.01342097856104374,0.00010501193173695356,0.00010214906797045842,0.005133625585585833,0.01690635085105896,0.0611288882791996,0.30934420228004456,0.0,0.0,0.0,0.0,,,cvar,/Users/yaniszaim/deephedging/.deephedging_real_runs/final_paper_asian_panel/panel_sweeps/XLF_full_paper_grid_800_asian_call_step_robust/model_artifacts/seed_2345/risk_cvar/proto_source_vanilla_k_10_weighted_1_learnw_0,2.0,0.052754354891367254,val_loss,0.008414656855165958,0.03274654969573021,0.0,0.0,454.0,20.0,2.0,vanilla,10.0,True,False,0.07296627759933472,0.13325893878936768
proto_source=vanilla_k=10_weighted=1_learnw=0,test,2345,proto,-0.012566394172608852,0.017764125019311905,-0.0834293782711029,-0.04255193658173084,-0.06530402600765228,-0.003821943188086152,-9.199151281791274e-05,0.9758771929824561,-0.012501957826316357,4.02282748837024e-05,0.00010466361709404737,0.005235412623733282,0.016987431794404984,0.061749447137117386,0.30851173400878906,0.0,0.0,0.0,0.0,,,cvar,/Users/yaniszaim/deephedging/.deephedging_real_runs/final_paper_asian_panel/panel_sweeps/XLF_full_paper_grid_800_asian_call_step_robust/model_artifacts/seed_2345/risk_cvar/proto_source_vanilla_k_10_weighted_1_learnw_0,2.0,0.052754354891367254,val_loss,0.008414656855165958,0.03274654969573021,0.0,0.0,456.0,20.0,2.0,vanilla,10.0,True,False,0.07296627759933472,0.13325893878936768
proto_source=vanilla_k=25_weighted=0_learnw=0,train,2345,proto,-0.013912251219153404,0.017650876194238663,-0.0814825589209795,-0.046019251272082326,-0.06503806263208389,-0.0068818144500255585,0.00042159839504165545,0.9128180961357211,-0.013954879716038704,0.0003571528068277985,0.0003145234368275851,0.021393245086073875,0.08976295590400696,0.22220128774642944,0.777145266532898,0.0,0.0,0.0,0.0,,,cvar,/Users/yaniszaim/deephedging/.deephedging_real_runs/final_paper_asian_panel/panel_sweeps/XLF_full_paper_grid_800_asian_call_step_robust/model_artifacts/seed_2345/risk_cvar/proto_source_vanilla_k_25_weighted_0_learnw_0,3.0,0.05276105953380466,val_loss,0.021360959857702255,0.22253799438476562,0.0,0.0,2122.0,20.0,2.0,vanilla,25.0,False,False,0.07632333040237427,0.14144286513328552
proto_source=vanilla_k=25_weighted=0_learnw=0,val,2345,proto,-0.013327086344361305,0.015475509688258171,-0.06337065823376178,-0.041663100384175776,-0.056149616837501526,-0.007712254533544183,0.00034800408175215096,0.920704845814978,-0.01342097856104374,0.00040791675564832985,0.0003140232583973557,0.021390436217188835,0.0834149420261383,0.22219546139240265,0.7772100567817688,0.0,0.0,0.0,0.0,,,cvar,/Users/yaniszaim/deephedging/.deephedging_real_runs/final_paper_asian_panel/panel_sweeps/XLF_full_paper_grid_800_asian_call_step_robust/model_artifacts/seed_2345/risk_cvar/proto_source_vanilla_k_25_weighted_0_learnw_0,3.0,0.05276105953380466,val_loss,0.021360959857702255,0.22253799438476562,0.0,0.0,454.0,20.0,2.0,vanilla,25.0,False,False,0.07632333040237427,0.14144286513328552
proto_source=vanilla_k=25_weighted=0_learnw=0,test,2345,proto,-0.012614312581717968,0.01702113263309002,-0.07978434786200524,-0.042857893742620945,-0.06330490857362747,-0.0047611333429813385,0.000602513988269493,0.9013157894736842,-0.012501957826316357,0.00020158920960966498,0.0003139440668746829,0.021391108632087708,0.08826631307601929,0.22212891280651093,0.7771322131156921,0.0,0.0,0.0,0.0,,,cvar,/Users/yaniszaim/deephedging/.deephedging_real_runs/final_paper_asian_panel/panel_sweeps/XLF_full_paper_grid_800_asian_call_step_robust/model_artifacts/seed_2345/risk_cvar/proto_source_vanilla_k_25_weighted_0_learnw_0,3.0,0.05276105953380466,val_loss,0.021360959857702255,0.22253799438476562,0.0,0.0,456.0,20.0,2.0,vanilla,25.0,False,False,0.07632333040237427,0.14144286513328552
proto_source=vanilla_k=25_weighted=1_learnw=0,train,2345,proto,-0.014008607715368271,0.017919935286045074,-0.08260418750345706,-0.04666871167719364,-0.06589008122682571,-0.0067601806949824095,0.00016371126839657927,0.9311969839773798,-0.013954879716038704,0.00026187050389125943,0.00031559710623696446,0.016428183764219284,0.07486158609390259,0.1847568154335022,0.5899278521537781,0.0,0.0,0.0,0.0,,,cvar,/Users/yaniszaim/deephedging/.deephedging_real_runs/final_paper_asian_panel/panel_sweeps/XLF_full_paper_grid_800_asian_call_step_robust/model_artifacts/seed_2345/risk_cvar/proto_source_vanilla_k_25_weighted_1_learnw_0,3.0,0.0526714775711298,val_loss,0.01645810902118683,0.18005013465881348,0.0,0.0,2122.0,20.0,2.0,vanilla,25.0,True,False,0.07740136235952377,0.1405949592590332
proto_source=vanilla_k=25_weighted=1_learnw=0,val,2345,proto,-0.01343626994639635,0.0157561544328928,-0.06407371412962674,-0.04273647405207157,-0.05702415108680725,-0.0075757005251944065,0.00017520599067211113,0.9361233480176211,-0.01342097856104374,0.0002999830467160791,0.0003152739373035729,0.01643753983080387,0.07485419511795044,0.1848628669977188,0.5897153615951538,0.0,0.0,0.0,0.0,,,cvar,/Users/yaniszaim/deephedging/.deephedging_real_runs/final_paper_asian_panel/panel_sweeps/XLF_full_paper_grid_800_asian_call_step_robust/model_artifacts/seed_2345/risk_cvar/proto_source_vanilla_k_25_weighted_1_learnw_0,3.0,0.0526714775711298,val_loss,0.01645810902118683,0.18005013465881348,0.0,0.0,454.0,20.0,2.0,vanilla,25.0,True,False,0.07740136235952377,0.1405949592590332
proto_source=vanilla_k=25_weighted=1_learnw=0,test,2345,proto,-0.012663446366786957,0.017258841544389725,-0.08102965168654919,-0.042910980992019176,-0.06400801241397858,-0.004504852229729295,0.00036738248309120536,0.9144736842105263,-0.012501957826316357,0.00015346852887887508,0.0003149561816826463,0.016447748988866806,0.0748300775885582,0.18483951687812805,0.5897804498672485,0.0,0.0,0.0,0.0,,,cvar,/Users/yaniszaim/deephedging/.deephedging_real_runs/final_paper_asian_panel/panel_sweeps/XLF_full_paper_grid_800_asian_call_step_robust/model_artifacts/seed_2345/risk_cvar/proto_source_vanilla_k_25_weighted_1_learnw_0,3.0,0.0526714775711298,val_loss,0.01645810902118683,0.18005013465881348,0.0,0.0,456.0,20.0,2.0,vanilla,25.0,True,False,0.07740136235952377,0.1405949592590332
proto_source=vanilla_k=50_weighted=0_learnw=0,train,2345,proto,-0.014218632131814957,0.017281992360949516,-0.08003586441278458,-0.04524219073355197,-0.06417684257030487,-0.007045673904940486,-0.00028776231920346645,0.9660697455230914,-0.013954879716038704,0.0003977864689659327,0.000661538215354085,0.02105466090142727,0.36472371220588684,0.2956533432006836,0.8691584467887878,0.0,0.0,0.0,0.0,,,cvar,/Users/yaniszaim/deephedging/.deephedging_real_runs/final_paper_asian_panel/panel_sweeps/XLF_full_paper_grid_800_asian_call_step_robust/model_artifacts/seed_2345/risk_cvar/proto_source_vanilla_k_50_weighted_0_learnw_0,73.0,0.053453202825039625,val_loss,0.021018680185079575,0.28424862027168274,0.0,0.0,2122.0,20.0,2.0,vanilla,50.0,False,False,0.14423708617687225,0.511319637298584
proto_source=vanilla_k=50_weighted=0_learnw=0,val,2345,proto,-0.013599355705082417,0.015226144343614578,-0.06235091920942068,-0.04266881104558706,-0.05575224757194519,-0.007732910104095936,-0.0005057584145106378,0.9757709251101322,-0.01342097856104374,0.00047422878560610116,0.0006526047363877296,0.020866908133029938,0.36434322595596313,0.29363352060317993,0.8669176697731018,0.0,0.0,0.0,0.0,,,cvar,/Users/yaniszaim/deephedging/.deephedging_real_runs/final_paper_asian_panel/panel_sweeps/XLF_full_paper_grid_800_asian_call_step_robust/model_artifacts/seed_2345/risk_cvar/proto_source_vanilla_k_50_weighted_0_learnw_0,73.0,0.053453202825039625,val_loss,0.021018680185079575,0.28424862027168274,0.0,0.0,454.0,20.0,2.0,vanilla,50.0,False,False,0.14423708617687225,0.511319637298584
proto_source=vanilla_k=50_weighted=0_learnw=0,test,2345,proto,-0.012916240841150284,0.016787851229310036,-0.0792653813958168,-0.042060685344040394,-0.06270206719636917,-0.005550605244934559,3.209883288946003e-05,0.9429824561403509,-0.012501957826316357,0.00023822911316528916,0.0006525117787532508,0.020925382152199745,0.3492242097854614,0.2945101857185364,0.8700746297836304,0.0,0.0,0.0,0.0,,,cvar,/Users/yaniszaim/deephedging/.deephedging_real_runs/final_paper_asian_panel/panel_sweeps/XLF_full_paper_grid_800_asian_call_step_robust/model_artifacts/seed_2345/risk_cvar/proto_source_vanilla_k_50_weighted_0_learnw_0,73.0,0.053453202825039625,val_loss,0.021018680185079575,0.28424862027168274,0.0,0.0,456.0,20.0,2.0,vanilla,50.0,False,False,0.14423708617687225,0.511319637298584
proto_source=vanilla_k=50_weighted=1_learnw=0,train,2345,proto,-0.014247788116335869,0.01747952029109001,-0.07900862902402878,-0.04481547009199858,-0.06428269296884537,-0.007774686440825462,0.0012440215446986253,0.8868991517436381,-0.013954879716038704,0.00043986289529129863,0.0007327709463424981,0.03053036332130432,0.2241923213005066,0.2604036331176758,1.0,0.07104147031102734,0.07104147031102734,0.0,0.9283694627709708,,,cvar,/Users/yaniszaim/deephedging/.deephedging_real_runs/final_paper_asian_panel/panel_sweeps/XLF_full_paper_grid_800_asian_call_step_robust/model_artifacts/seed_2345/risk_cvar/proto_source_vanilla_k_50_weighted_1_learnw_0,737.0,0.05398626226931811,val_loss,0.020014218986034393,0.11440899223089218,0.0,0.0,2122.0,20.0,2.0,vanilla,50.0,True,False,0.12513749301433563,0.2883460223674774
proto_source=vanilla_k=50_weighted=1_learnw=0,val,2345,proto,-0.013643254525959492,0.015386546961963177,-0.06274151001125575,-0.04264349471777677,-0.056198202073574066,-0.008336478378623724,0.001173316460335626,0.8898678414096917,-0.01342097856104374,0.0005036427755840123,0.0007259182748384774,0.03040749579668045,0.1704949140548706,0.25801882147789,1.0,0.06789647577092511,0.06789647577092511,0.0,0.9229074889867841,,,cvar,/Users/yaniszaim/deephedging/.deephedging_real_runs/final_paper_asian_panel/panel_sweeps/XLF_full_paper_grid_800_asian_call_step_robust/model_artifacts/seed_2345/risk_cvar/proto_source_vanilla_k_50_weighted_1_learnw_0,737.0,0.05398626226931811,val_loss,0.020014218986034393,0.11440899223089218,0.0,0.0,454.0,20.0,2.0,vanilla,50.0,True,False,0.12513749301433563,0.2883460223674774
proto_source=vanilla_k=50_weighted=1_learnw=0,test,2345,proto,-0.012662847526371479,0.016842959448695183,-0.0787993885576725,-0.04278887342661619,-0.06222717836499214,-0.0062271165661513805,0.002263367874547839,0.8486842105263158,-0.012501957826316357,0.0005688145756721497,0.0007297049160115421,0.030408669263124466,0.1704949140548706,0.25876590609550476,1.0,0.07171052631578947,0.07171052631578947,0.0,0.9122807017543859,,,cvar,/Users/yaniszaim/deephedging/.deephedging_real_runs/final_paper_asian_panel/panel_sweeps/XLF_full_paper_grid_800_asian_call_step_robust/model_artifacts/seed_2345/risk_cvar/proto_source_vanilla_k_50_weighted_1_learnw_0,737.0,0.05398626226931811,val_loss,0.020014218986034393,0.11440899223089218,0.0,0.0,456.0,20.0,2.0,vanilla,50.0,True,False,0.12513749301433563,0.2883460223674774
proto_source=vanilla_k=100_weighted=0_learnw=0,train,2345,proto,-0.014478631317615509,0.01692509837448597,-0.07960668832063675,-0.04494161531329155,-0.06309102475643158,-0.008196443784981966,0.0009202442655805488,0.9114043355325165,-0.013954879716038704,0.0004939787904731929,0.0010177296353504062,0.036193542182445526,0.6512306928634644,0.29601186513900757,1.0,0.03943213949104618,0.03943213949104618,0.0,0.4514608859566447,,,cvar,/Users/yaniszaim/deephedging/.deephedging_real_runs/final_paper_asian_panel/panel_sweeps/XLF_full_paper_grid_800_asian_call_step_robust/model_artifacts/seed_2345/risk_cvar/proto_source_vanilla_k_100_weighted_0_learnw_0,381.0,0.06801819473800418,val_loss,0.03244145214557648,0.3758809566497803,0.14162995594713657,0.9162995594713657,2122.0,20.0,2.0,vanilla,100.0,False,False,0.10986818373203278,1.0046204328536987
proto_source=vanilla_k=100_weighted=0_learnw=0,val,2345,proto,-0.013763279654085636,0.01505831815302372,-0.06084241449832916,-0.04146180748939514,-0.0551423504948616,-0.008808416780084372,0.0011401876050513224,0.9162995594713657,-0.01342097856104374,0.0006714530754834414,0.00101375300437212,0.035989727824926376,0.1702573150396347,0.2937590479850769,1.0,0.03915198237885462,0.03915198237885462,0.0,0.44933920704845814,,,cvar,/Users/yaniszaim/deephedging/.deephedging_real_runs/final_paper_asian_panel/panel_sweeps/XLF_full_paper_grid_800_asian_call_step_robust/model_artifacts/seed_2345/risk_cvar/proto_source_vanilla_k_100_weighted_0_learnw_0,381.0,0.06801819473800418,val_loss,0.03244145214557648,0.3758809566497803,0.14162995594713657,0.9162995594713657,454.0,20.0,2.0,vanilla,100.0,False,False,0.10986818373203278,1.0046204328536987
proto_source=vanilla_k=100_weighted=0_learnw=0,test,2345,proto,-0.013148719444870949,0.016733968630433083,-0.07365223318338394,-0.043216957710683346,-0.062195103615522385,-0.007300646975636482,0.001654260471696034,0.8859649122807017,-0.012501957826316357,0.0003710145247168839,0.001017776899971068,0.03646303340792656,0.4366726875305176,0.29887881875038147,1.0,0.03925438596491228,0.03925438596491228,0.0,0.4298245614035088,,,cvar,/Users/yaniszaim/deephedging/.deephedging_real_runs/final_paper_asian_panel/panel_sweeps/XLF_full_paper_grid_800_asian_call_step_robust/model_artifacts/seed_2345/risk_cvar/proto_source_vanilla_k_100_weighted_0_learnw_0,381.0,0.06801819473800418,val_loss,0.03244145214557648,0.3758809566497803,0.14162995594713657,0.9162995594713657,456.0,20.0,2.0,vanilla,100.0,False,False,0.10986818373203278,1.0046204328536987
proto_source=vanilla_k=100_weighted=1_learnw=0,train,2345,proto,-0.01581898331642151,0.01663408800959587,-0.07609300993382931,-0.04561463166028261,-0.0642014667391777,-0.009865273255854845,-0.0009588807588443241,0.9792648444863337,-0.013954879716038704,0.00044257391709834337,0.002306676236912608,0.0515429861843586,0.1371360868215561,0.39260780811309814,1.0,0.14382657869934024,0.14382657869934024,0.0,1.0,,,cvar,/Users/yaniszaim/deephedging/.deephedging_real_runs/final_paper_asian_panel/panel_sweeps/XLF_full_paper_grid_800_asian_call_step_robust/model_artifacts/seed_2345/risk_cvar/proto_source_vanilla_k_100_weighted_1_learnw_0,41.0,0.07291890926527819,val_loss,0.05176086723804474,0.40097174048423767,0.16899779735682818,0.9801762114537445,2122.0,20.0,2.0,vanilla,100.0,True,False,0.09874016791582108,0.32051777839660645
proto_source=vanilla_k=100_weighted=1_learnw=0,val,2345,proto,-0.015105082653462887,0.01456521451473236,-0.0637247484922409,-0.04282581470906734,-0.05550431087613106,-0.009963879827409983,-0.001652713317889721,0.9823788546255506,-0.01342097856104374,0.0006273533217608929,0.0023114564828574657,0.05160926282405853,0.1371358186006546,0.39259377121925354,1.0,0.14317180616740088,0.14317180616740088,0.0,1.0,,,cvar,/Users/yaniszaim/deephedging/.deephedging_real_runs/final_paper_asian_panel/panel_sweeps/XLF_full_paper_grid_800_asian_call_step_robust/model_artifacts/seed_2345/risk_cvar/proto_source_vanilla_k_100_weighted_1_learnw_0,41.0,0.07291890926527819,val_loss,0.05176086723804474,0.40097174048423767,0.16899779735682818,0.9801762114537445,454.0,20.0,2.0,vanilla,100.0,True,False,0.09874016791582108,0.32051777839660645
proto_source=vanilla_k=100_weighted=1_learnw=0,test,2345,proto,-0.014705208130180836,0.016080651432275772,-0.07676653414964676,-0.04308897163718939,-0.06206633895635605,-0.008529589045792818,-0.0010029544355347753,0.9846491228070176,-0.012501957826316357,0.00010906158422585577,0.002312311204150319,0.05176917463541031,0.13713593780994415,0.3940037786960602,1.0,0.14588815789473683,0.14588815789473683,0.0,1.0,,,cvar,/Users/yaniszaim/deephedging/.deephedging_real_runs/final_paper_asian_panel/panel_sweeps/XLF_full_paper_grid_800_asian_call_step_robust/model_artifacts/seed_2345/risk_cvar/proto_source_vanilla_k_100_weighted_1_learnw_0,41.0,0.07291890926527819,val_loss,0.05176086723804474,0.40097174048423767,0.16899779735682818,0.9801762114537445,456.0,20.0,2.0,vanilla,100.0,True,False,0.09874016791582108,0.32051777839660645
unhedged,train,3456,baseline,-0.014031324535608292,0.018998848274350166,-0.08774827122688293,-0.048544615507125854,-0.06835415214300156,-0.005958139896392822,-0.0,0.5994344957587182,-0.014031324535608292,0.0,0.0,0.0,0.0,0.0,0.0,0.0,0.0,0.0,0.0,,,,,,,,,,,,,,,,,,,,
spot_delta,train,3456,baseline,-0.013791502453386784,0.01854592375457287,-0.08825184777379036,-0.04587401021271944,-0.0654309093952179,-0.008710834663361311,0.006303408928215495,0.79688972667295,-0.014031324535608292,0.0005246498622000217,0.00028482655761763453,0.035461653023958206,0.6902719736099243,0.25667503476142883,0.6902719736099243,0.0,0.0,0.0,0.0,,,,,,,,,,,,,,,,,,,,
spot_delta_band,train,3456,baseline,-0.013791502453386784,0.01854592375457287,-0.08825184777379036,-0.04587401021271944,-0.0654309093952179,-0.008710834663361311,0.006303408928215495,0.79688972667295,-0.014031324535608292,0.0005246498622000217,0.00028482655761763453,0.035461653023958206,0.6902719736099243,0.25667503476142883,0.6902719736099243,0.0,0.0,0.0,0.0,0.0,gains_mean,,,,,,,,,,,,,,,,,,
unhedged,val,3456,baseline,-0.01151671539992094,0.016467198729515076,-0.06873734831809997,-0.04486446976661682,-0.060052093118429184,-0.0031575560569763184,0.0,0.5550660792951542,-0.01151671539992094,0.0,0.0,0.0,0.0,0.0,0.0,0.0,0.0,0.0,0.0,,,,,,,,,,,,,,,,,,,,
spot_delta,val,3456,baseline,-0.011535710655152798,0.015982257202267647,-0.06431367166340352,-0.04280688297003508,-0.05549952760338783,-0.0071983421221375465,0.0054239540593698605,0.7775330396475771,-0.01151671539992094,0.0002684170030988753,0.00028741228743456304,0.03587741404771805,0.618232011795044,0.2567331790924072,0.6902719736099243,0.0,0.0,0.0,0.0,,,,,,,,,,,,,,,,,,,,
spot_delta_band,val,3456,baseline,-0.011535710655152798,0.015982257202267647,-0.06431367166340352,-0.04280688297003508,-0.05549952760338783,-0.0071983421221375465,0.0054239540593698605,0.7775330396475771,-0.01151671539992094,0.0002684170030988753,0.00028741228743456304,0.03587741404771805,0.618232011795044,0.2567331790924072,0.6902719736099243,0.0,0.0,0.0,0.0,0.0,gains_mean,,,,,,,,,,,,,,,,,,
unhedged,test,3456,baseline,-0.014042135328054428,0.0178300142288208,-0.08647157549858094,-0.04306650161743164,-0.06506326794624329,-0.00882047414779663,0.0,0.6644736842105263,-0.014042135328054428,0.0,0.0,0.0,0.0,0.0,0.0,0.0,0.0,0.0,0.0,,,,,,,,,,,,,,,,,,,,
spot_delta,test,3456,baseline,-0.01379233505576849,0.01760048419237137,-0.07211241945624351,-0.04224047251045704,-0.06240308657288551,-0.009697742760181427,0.00543995329644531,0.8157894736842105,-0.014042135328054428,0.0005392858874984086,0.0002894857316277921,0.036082178354263306,0.6317359805107117,0.25683677196502686,0.6902719736099243,0.0,0.0,0.0,0.0,,,,,,,,,,,,,,,,,,,,
spot_delta_band,test,3456,baseline,-0.01379233505576849,0.01760048419237137,-0.07211241945624351,-0.04224047251045704,-0.06240308657288551,-0.009697742760181427,0.00543995329644531,0.8157894736842105,-0.014042135328054428,0.0005392858874984086,0.0002894857316277921,0.036082178354263306,0.6317359805107117,0.25683677196502686,0.6902719736099243,0.0,0.0,0.0,0.0,0.0,gains_mean,,,,,,,,,,,,,,,,,,
vanilla,train,3456,vanilla,-0.013930998742580414,0.017882591113448143,-0.08427275888621807,-0.046600840799510476,-0.0654081329703331,-0.00623379647731781,0.0001486361805291362,0.9274269557021678,-0.014031324535608292,0.00030515730031766,0.0002048305468633771,0.016000106930732727,0.03246617317199707,0.17114844918251038,0.6302251815795898,0.0,0.0,0.0,0.0,,,cvar,/Users/yaniszaim/deephedging/.deephedging_real_runs/final_paper_asian_panel/panel_sweeps/XLF_full_paper_grid_800_asian_call_step_robust/model_artifacts/seed_3456/risk_cvar/vanilla,20.0,0.046721916049718856,val_loss,0.016138404607772827,0.17279097437858582,0.0,0.0,2122.0,20.0,2.0,,,,,,
vanilla,val,3456,vanilla,-0.011600586585700512,0.0154312988743186,-0.06562109373509883,-0.04243012238293886,-0.05734295770525932,-0.004217036068439484,0.0001567907071148502,0.9229074889867841,-0.01151671539992094,0.00012092807446606457,0.00020479880913626403,0.016016466543078423,0.032417118549346924,0.17128369212150574,0.6283769607543945,0.0,0.0,0.0,0.0,,,cvar,/Users/yaniszaim/deephedging/.deephedging_real_runs/final_paper_asian_panel/panel_sweeps/XLF_full_paper_grid_800_asian_call_step_robust/model_artifacts/seed_3456/risk_cvar/vanilla,20.0,0.046721916049718856,val_loss,0.016138404607772827,0.17279097437858582,0.0,0.0,454.0,20.0,2.0,,,,,,
vanilla,test,3456,vanilla,-0.013967087492346764,0.016755664721131325,-0.08248315751552582,-0.04143182095140219,-0.062319714576005936,-0.008622669614851475,7.639573595952243e-06,0.9451754385964912,-0.014042135328054428,0.00028023208142258227,0.0002051848714472726,0.01600484363734722,0.03239039331674576,0.17119096219539642,0.6252299547195435,0.0,0.0,0.0,0.0,,,cvar,/Users/yaniszaim/deephedging/.deephedging_real_runs/final_paper_asian_panel/panel_sweeps/XLF_full_paper_grid_800_asian_call_step_robust/model_artifacts/seed_3456/risk_cvar/vanilla,20.0,0.046721916049718856,val_loss,0.016138404607772827,0.17279097437858582,0.0,0.0,456.0,20.0,2.0,,,,,,
proto_source=spot_delta_k=10_weighted=0_learnw=0,train,3456,proto,-0.013980423100292683,0.018444368615746498,-0.08604556180536747,-0.047724920138716695,-0.06683747470378876,-0.005859771044924855,0.0004820959235075861,0.8741753063147973,-0.014031324535608292,0.00012132154370192438,7.042017386993393e-05,0.008399873040616512,0.11173895001411438,0.0760142132639885,0.30561327934265137,0.0,0.0,0.0,0.0,,,cvar,/Users/yaniszaim/deephedging/.deephedging_real_runs/final_paper_asian_panel/panel_sweeps/XLF_full_paper_grid_800_asian_call_step_robust/model_artifacts/seed_3456/risk_cvar/proto_source_spot_delta_k_10_weighted_0_learnw_0,104.0,0.0460418991278857,val_loss,0.00845361314713955,0.07479672878980637,0.0,0.0,2122.0,20.0,2.0,spot_delta,10.0,False,False,0.1215190514922142,0.2022157907485962
proto_source=spot_delta_k=10_weighted=0_learnw=0,val,3456,proto,-0.011471498757600784,0.016053123399615288,-0.06707313373684883,-0.04354043398052454,-0.05865088850259781,-0.00376201537437737,0.0005112832615850487,0.8524229074889867,-0.01151671539992094,0.00011579265992622823,7.057539187371731e-05,0.00843468401581049,0.11134268343448639,0.07552202045917511,0.30561327934265137,0.0,0.0,0.0,0.0,,,cvar,/Users/yaniszaim/deephedging/.deephedging_real_runs/final_paper_asian_panel/panel_sweeps/XLF_full_paper_grid_800_asian_call_step_robust/model_artifacts/seed_3456/risk_cvar/proto_source_spot_delta_k_10_weighted_0_learnw_0,104.0,0.0460418991278857,val_loss,0.00845361314713955,0.07479672878980637,0.0,0.0,454.0,20.0,2.0,spot_delta,10.0,False,False,0.1215190514922142,0.2022157907485962
proto_source=spot_delta_k=10_weighted=0_learnw=0,test,3456,proto,-0.013916714116930962,0.017346130684018135,-0.08443626761436462,-0.04229175020009279,-0.06368743628263474,-0.008537414018064737,0.00040761562559055164,0.8859649122807017,-0.014042135328054428,0.0001959412038559094,7.052144792396575e-05,0.008415641263127327,0.11131903529167175,0.07592803984880447,0.30561327934265137,0.0,0.0,0.0,0.0,,,cvar,/Users/yaniszaim/deephedging/.deephedging_real_runs/final_paper_asian_panel/panel_sweeps/XLF_full_paper_grid_800_asian_call_step_robust/model_artifacts/seed_3456/risk_cvar/proto_source_spot_delta_k_10_weighted_0_learnw_0,104.0,0.0460418991278857,val_loss,0.00845361314713955,0.07479672878980637,0.0,0.0,456.0,20.0,2.0,spot_delta,10.0,False,False,0.1215190514922142,0.2022157907485962
proto_source=spot_delta_k=10_weighted=1_learnw=0,train,3456,proto,-0.01351864356547594,0.01827198825776577,-0.08094761155545711,-0.04600479286164045,-0.06677337735891342,-0.0065361736342310905,0.0022605496575124544,0.8765315739868049,-0.014031324535608292,0.0018863125005736947,0.0013736311811953783,0.03913676366209984,0.6990548372268677,0.309269517660141,1.0,0.0022620169651272385,0.0014491046182846371,0.0008129123468426014,0.07163053722902922,,,cvar,/Users/yaniszaim/deephedging/.deephedging_real_runs/final_paper_asian_panel/panel_sweeps/XLF_full_paper_grid_800_asian_call_step_robust/model_artifacts/seed_3456/risk_cvar/proto_source_spot_delta_k_10_weighted_1_learnw_0,646.0,0.046355216964373634,val_loss,0.021589186042547226,0.18191081285476685,5.506607929515419e-05,0.0022026431718061676,2122.0,20.0,2.0,spot_delta,10.0,True,False,0.39303117990493774,1.0852535963058472
proto_source=spot_delta_k=10_weighted=1_learnw=0,val,3456,proto,-0.011046037077903748,0.01551727019250393,-0.06405460558831691,-0.04330981057137251,-0.0567297637462616,-0.004670505877584219,0.002804457931779324,0.8612334801762115,-0.01151671539992094,0.001732805510982871,0.001262126723304391,0.03769565746188164,0.6990572810173035,0.30667200684547424,1.0,0.0017070484581497797,0.001156387665198238,0.0005506607929515419,0.05506607929515418,,,cvar,/Users/yaniszaim/deephedging/.deephedging_real_runs/final_paper_asian_panel/panel_sweeps/XLF_full_paper_grid_800_asian_call_step_robust/model_artifacts/seed_3456/risk_cvar/proto_source_spot_delta_k_10_weighted_1_learnw_0,646.0,0.046355216964373634,val_loss,0.021589186042547226,0.18191081285476685,5.506607929515419e-05,0.0022026431718061676,454.0,20.0,2.0,spot_delta,10.0,True,False,0.39303117990493774,1.0852535963058472
proto_source=spot_delta_k=10_weighted=1_learnw=0,test,3456,proto,-0.013540380634367466,0.01699441857635975,-0.07683187164366245,-0.04144639056175947,-0.0625481978058815,-0.008928417228162289,0.0017909712623804808,0.9035087719298246,-0.014042135328054428,0.0018375559011474252,0.0013358015567064285,0.038730189204216,0.6990558505058289,0.3085200786590576,1.0,0.0027960526315789474,0.0021381578947368422,0.0006578947368421052,0.08552631578947369,,,cvar,/Users/yaniszaim/deephedging/.deephedging_real_runs/final_paper_asian_panel/panel_sweeps/XLF_full_paper_grid_800_asian_call_step_robust/model_artifacts/seed_3456/risk_cvar/proto_source_spot_delta_k_10_weighted_1_learnw_0,646.0,0.046355216964373634,val_loss,0.021589186042547226,0.18191081285476685,5.506607929515419e-05,0.0022026431718061676,456.0,20.0,2.0,spot_delta,10.0,True,False,0.39303117990493774,1.0852535963058472
proto_source=spot_delta_k=25_weighted=0_learnw=0,train,3456,proto,-0.014344106428325176,0.017649725079536438,-0.08407442376017571,-0.04571857489645481,-0.06518968939781189,-0.006781883770599961,-0.00021062462474219566,0.9646559849198869,-0.014031324535608292,0.0009315772331319749,0.0012443587183952332,0.027938637882471085,0.12259292602539062,0.24198468029499054,1.0,0.000353440150801131,0.0,0.000353440150801131,0.004241281809613572,,,cvar,/Users/yaniszaim/deephedging/.deephedging_real_runs/final_paper_asian_panel/panel_sweeps/XLF_full_paper_grid_800_asian_call_step_robust/model_artifacts/seed_3456/risk_cvar/proto_source_spot_delta_k_25_weighted_0_learnw_0,5.0,0.04686276093486385,val_loss,0.020407691597938538,0.16797451674938202,0.000881057268722467,0.00881057268722467,2122.0,20.0,2.0,spot_delta,25.0,False,False,0.10173780471086502,0.16323255002498627
proto_source=spot_delta_k=25_weighted=0_learnw=0,val,3456,proto,-0.012002869509160519,0.015231438912451267,-0.0656724128872156,-0.04299065917730331,-0.05741678550839424,-0.004472444765269756,-0.00026925318234134645,0.960352422907489,-0.01151671539992094,0.0007589419838041067,0.0012450958602130413,0.028174979612231255,0.12259292602539062,0.24456600844860077,1.0,0.0012665198237885463,0.0,0.0012665198237885463,0.011013215859030838,,,cvar,/Users/yaniszaim/deephedging/.deephedging_real_runs/final_paper_asian_panel/panel_sweeps/XLF_full_paper_grid_800_asian_call_step_robust/model_artifacts/seed_3456/risk_cvar/proto_source_spot_delta_k_25_weighted_0_learnw_0,5.0,0.04686276093486385,val_loss,0.020407691597938538,0.16797451674938202,0.000881057268722467,0.00881057268722467,454.0,20.0,2.0,spot_delta,25.0,False,False,0.10173780471086502,0.16323255002498627
proto_source=spot_delta_k=25_weighted=0_learnw=0,test,3456,proto,-0.01436243113130331,0.016543881967663765,-0.08238626234233379,-0.04148929659277201,-0.06224755570292473,-0.009389768820255995,-0.0005032671033404768,0.9824561403508771,-0.014042135328054428,0.0009339383686892688,0.0012542343465611339,0.028223492205142975,0.12259292602539062,0.24374207854270935,1.0,0.0004385964912280702,0.0,0.0004385964912280702,0.0043859649122807015,,,cvar,/Users/yaniszaim/deephedging/.deephedging_real_runs/final_paper_asian_panel/panel_sweeps/XLF_full_paper_grid_800_asian_call_step_robust/model_artifacts/seed_3456/risk_cvar/proto_source_spot_delta_k_25_weighted_0_learnw_0,5.0,0.04686276093486385,val_loss,0.020407691597938538,0.16797451674938202,0.000881057268722467,0.00881057268722467,456.0,20.0,2.0,spot_delta,25.0,False,False,0.10173780471086502,0.16323255002498627
proto_source=spot_delta_k=25_weighted=1_learnw=0,train,3456,proto,-0.014033005572855473,0.019088298082351685,-0.08768247582018375,-0.04851605873554945,-0.0683651939034462,-0.005998096661642194,2.8775096552635606e-06,0.9326107445805843,-0.014031324535608292,3.7211353628663346e-05,3.889172148774378e-05,0.001058282214216888,0.9632101655006409,0.010124953463673592,1.0,0.0032163053722902924,0.0004005655042412818,0.0028157398680490105,0.009896324222431668,,,cvar,/Users/yaniszaim/deephedging/.deephedging_real_runs/final_paper_asian_panel/panel_sweeps/XLF_full_paper_grid_800_asian_call_step_robust/model_artifacts/seed_3456/risk_cvar/proto_source_spot_delta_k_25_weighted_1_learnw_0,316.0,0.04593694685844218,val_loss,0.0007803031476214528,0.005972675047814846,0.0007158590308370044,0.006607929515418502,2122.0,20.0,2.0,spot_delta,25.0,True,False,0.24510079622268677,0.972719669342041
proto_source=spot_delta_k=25_weighted=1_learnw=0,val,3456,proto,-0.011602191254496574,0.016754915937781334,-0.06867142990231513,-0.044815458543598655,-0.06083674356341362,-0.0033325895201414824,3.047087511731657e-06,0.9273127753303965,-0.01151671539992094,-5.718098327633925e-05,2.8295155061641708e-05,0.0008602195302955806,0.9627960920333862,0.007639079354703426,1.0,0.002312775330396476,0.0006607929515418502,0.0016519823788546256,0.006607929515418502,,,cvar,/Users/yaniszaim/deephedging/.deephedging_real_runs/final_paper_asian_panel/panel_sweeps/XLF_full_paper_grid_800_asian_call_step_robust/model_artifacts/seed_3456/risk_cvar/proto_source_spot_delta_k_25_weighted_1_learnw_0,316.0,0.04593694685844218,val_loss,0.0007803031476214528,0.005972675047814846,0.0007158590308370044,0.006607929515418502,454.0,20.0,2.0,spot_delta,25.0,True,False,0.24510079622268677,0.972719669342041
proto_source=spot_delta_k=25_weighted=1_learnw=0,test,3456,proto,-0.014077401719987392,0.01782897301018238,-0.08639188520610333,-0.043034487403929234,-0.06510768085718155,-0.008841450326144695,1.5764442196086748e-07,0.9495614035087719,-0.014042135328054428,2.0669929199357284e-06,3.7333691579988226e-05,0.0010360227897763252,0.9631708860397339,0.008805086836218834,1.0,0.001973684210526316,0.00027412280701754384,0.001699561403508772,0.008771929824561403,,,cvar,/Users/yaniszaim/deephedging/.deephedging_real_runs/final_paper_asian_panel/panel_sweeps/XLF_full_paper_grid_800_asian_call_step_robust/model_artifacts/seed_3456/risk_cvar/proto_source_spot_delta_k_25_weighted_1_learnw_0,316.0,0.04593694685844218,val_loss,0.0007803031476214528,0.005972675047814846,0.0007158590308370044,0.006607929515418502,456.0,20.0,2.0,spot_delta,25.0,True,False,0.24510079622268677,0.972719669342041
proto_source=spot_delta_k=50_weighted=0_learnw=0,train,3456,proto,-0.013138522394001484,0.01786324381828308,-0.078922583386302,-0.045756267942488195,-0.06341521441936493,-0.006517714587971568,0.0026267493376508242,0.8345900094250707,-0.014031324535608292,0.0012189832050353289,0.0003261795500293374,0.032904528081417084,0.44294628500938416,0.23371922969818115,1.0,0.000235626767200754,0.000235626767200754,0.0,0.004241281809613572,,,cvar,/Users/yaniszaim/deephedging/.deephedging_real_runs/final_paper_asian_panel/panel_sweeps/XLF_full_paper_grid_800_asian_call_step_robust/model_artifacts/seed_3456/risk_cvar/proto_source_spot_delta_k_50_weighted_0_learnw_0,524.0,0.04557451609079008,val_loss,0.03822842240333557,0.1617359071969986,5.506607929515419e-05,0.0022026431718061676,2122.0,20.0,2.0,spot_delta,50.0,False,False,0.17037434875965118,0.4430873990058899
proto_source=spot_delta_k=50_weighted=0_learnw=0,val,3456,proto,-0.01062964927405119,0.01601429283618927,-0.05924118015915155,-0.03860129956156015,-0.05502546951174736,-0.00575002352707088,0.0030860974802635606,0.8303964757709251,-0.01151671539992094,0.0012025318574160337,0.0003154654405079782,0.03128144517540932,0.44278889894485474,0.23283183574676514,1.0,0.0007158590308370044,0.0007158590308370044,0.0,0.00881057268722467,,,cvar,/Users/yaniszaim/deephedging/.deephedging_real_runs/final_paper_asian_panel/panel_sweeps/XLF_full_paper_grid_800_asian_call_step_robust/model_artifacts/seed_3456/risk_cvar/proto_source_spot_delta_k_50_weighted_0_learnw_0,524.0,0.04557451609079008,val_loss,0.03822842240333557,0.1617359071969986,5.506607929515419e-05,0.0022026431718061676,454.0,20.0,2.0,spot_delta,50.0,False,False,0.17037434875965118,0.4430873990058899
proto_source=spot_delta_k=50_weighted=0_learnw=0,test,3456,proto,-0.013544794172048569,0.016997456550598145,-0.07912772335112095,-0.042886508628726006,-0.06214859336614609,-0.008482005447149277,0.00292336632264778,0.8618421052631579,-0.014042135328054428,0.0008427596185356379,0.0003454186662565917,0.033172011375427246,0.4428618550300598,0.2344391644001007,1.0,0.0003837719298245614,0.0003837719298245614,0.0,0.006578947368421052,,,cvar,/Users/yaniszaim/deephedging/.deephedging_real_runs/final_paper_asian_panel/panel_sweeps/XLF_full_paper_grid_800_asian_call_step_robust/model_artifacts/seed_3456/risk_cvar/proto_source_spot_delta_k_50_weighted_0_learnw_0,524.0,0.04557451609079008,val_loss,0.03822842240333557,0.1617359071969986,5.506607929515419e-05,0.0022026431718061676,456.0,20.0,2.0,spot_delta,50.0,False,False,0.17037434875965118,0.4430873990058899
proto_source=spot_delta_k=50_weighted=1_learnw=0,train,3456,proto,-0.013902192935347557,0.017868248745799065,-0.0840004163980484,-0.04618129823356867,-0.06526905298233032,-0.006079567829146981,5.738506697525699e-05,0.941564561734213,-0.014031324535608292,0.00022686677402816713,9.773448255145922e-05,0.009869689121842384,0.06404373049736023,0.14265795052051544,0.41425415873527527,0.0,0.0,0.0,0.0,,,cvar,/Users/yaniszaim/deephedging/.deephedging_real_runs/final_paper_asian_panel/panel_sweeps/XLF_full_paper_grid_800_asian_call_step_robust/model_artifacts/seed_3456/risk_cvar/proto_source_spot_delta_k_50_weighted_1_learnw_0,5.0,0.0462059064116329,val_loss,0.012007905170321465,0.11637651175260544,0.0,0.0,2122.0,20.0,2.0,spot_delta,50.0,True,False,0.12104485183954239,0.16747717559337616
proto_source=spot_delta_k=50_weighted=1_learnw=0,val,3456,proto,-0.011520967818796635,0.01540452241897583,-0.06622175738215447,-0.04334746953099966,-0.05740838870406151,-0.00393681600689888,6.722052785335103e-05,0.9405286343612335,-0.01151671539992094,9.074920671992004e-05,9.500121814198792e-05,0.009773602709174156,0.05025595799088478,0.14235663414001465,0.38599151372909546,0.0,0.0,0.0,0.0,,,cvar,/Users/yaniszaim/deephedging/.deephedging_real_runs/final_paper_asian_panel/panel_sweeps/XLF_full_paper_grid_800_asian_call_step_robust/model_artifacts/seed_3456/risk_cvar/proto_source_spot_delta_k_50_weighted_1_learnw_0,5.0,0.0462059064116329,val_loss,0.012007905170321465,0.11637651175260544,0.0,0.0,454.0,20.0,2.0,spot_delta,50.0,True,False,0.12104485183954239,0.16747717559337616
proto_source=spot_delta_k=50_weighted=1_learnw=0,test,3456,proto,-0.013949869200587273,0.016662774607539177,-0.08255962245166301,-0.04124246630817652,-0.06201928108930588,-0.008964999113231897,-0.00022404550691135228,0.9671052631578947,-0.014042135328054428,0.0001884835510281846,9.621815115679055e-05,0.0098232701420784,0.05027896910905838,0.14267119765281677,0.38474041223526,0.0,0.0,0.0,0.0,,,cvar,/Users/yaniszaim/deephedging/.deephedging_real_runs/final_paper_asian_panel/panel_sweeps/XLF_full_paper_grid_800_asian_call_step_robust/model_artifacts/seed_3456/risk_cvar/proto_source_spot_delta_k_50_weighted_1_learnw_0,5.0,0.0462059064116329,val_loss,0.012007905170321465,0.11637651175260544,0.0,0.0,456.0,20.0,2.0,spot_delta,50.0,True,False,0.12104485183954239,0.16747717559337616
proto_source=spot_delta_k=100_weighted=0_learnw=0,train,3456,proto,-0.014046713709831238,0.01757468655705452,-0.0748940347135067,-0.04581615198403597,-0.06285840272903442,-0.007549758767709136,0.003518273704685269,0.8567389255419415,-0.014031324535608292,0.0057126609608531,0.005728050135076046,0.07573568820953369,0.6330077648162842,0.4272984266281128,1.0,0.03114985862393968,0.020087181903864278,0.0110626767200754,0.3576814326107446,,,cvar,/Users/yaniszaim/deephedging/.deephedging_real_runs/final_paper_asian_panel/panel_sweeps/XLF_full_paper_grid_800_asian_call_step_robust/model_artifacts/seed_3456/risk_cvar/proto_source_spot_delta_k_100_weighted_0_learnw_0,44.0,0.04842314778396343,val_loss,0.06253045052289963,0.3538348376750946,0.008039647577092511,0.08149779735682819,2122.0,20.0,2.0,spot_delta,100.0,False,False,0.24521273374557495,0.6926568746566772
proto_source=spot_delta_k=100_weighted=0_learnw=0,val,3456,proto,-0.011920477263629436,0.015482950955629349,-0.06521749205887317,-0.04219292290508747,-0.05641995370388031,-0.006058970699086785,0.003158527659252285,0.8502202643171806,-0.01151671539992094,0.00547441141679883,0.005878173280507326,0.07770773023366928,0.6320670247077942,0.4252493977546692,1.0,0.024284140969162996,0.018777533039647576,0.005506607929515419,0.31938325991189426,,,cvar,/Users/yaniszaim/deephedging/.deephedging_real_runs/final_paper_asian_panel/panel_sweeps/XLF_full_paper_grid_800_asian_call_step_robust/model_artifacts/seed_3456/risk_cvar/proto_source_spot_delta_k_100_weighted_0_learnw_0,44.0,0.04842314778396343,val_loss,0.06253045052289963,0.3538348376750946,0.008039647577092511,0.08149779735682819,454.0,20.0,2.0,spot_delta,100.0,False,False,0.24521273374557495,0.6926568746566772
proto_source=spot_delta_k=100_weighted=0_learnw=0,test,3456,proto,-0.014193310402333736,0.016756940633058548,-0.08022606521844863,-0.0424026558175683,-0.06140531599521637,-0.009484253823757172,0.003076412947848439,0.8837719298245614,-0.014042135328054428,0.005633087828755379,0.005784263834357262,0.0764990970492363,0.6286075711250305,0.42982766032218933,1.0,0.030975877192982455,0.020778508771929823,0.010197368421052632,0.375,,,cvar,/Users/yaniszaim/deephedging/.deephedging_real_runs/final_paper_asian_panel/panel_sweeps/XLF_full_paper_grid_800_asian_call_step_robust/model_artifacts/seed_3456/risk_cvar/proto_source_spot_delta_k_100_weighted_0_learnw_0,44.0,0.04842314778396343,val_loss,0.06253045052289963,0.3538348376750946,0.008039647577092511,0.08149779735682819,456.0,20.0,2.0,spot_delta,100.0,False,False,0.24521273374557495,0.6926568746566772
proto_source=spot_delta_k=100_weighted=1_learnw=0,train,3456,proto,-0.014812203124165535,0.019390186294913292,-0.08787653058767318,-0.04982089139521122,-0.06997577100992203,-0.006806970806792378,0.0004013595404103379,0.909048067860509,-0.014031324535608292,-0.00011924025602638721,0.0006616383325308561,0.01323778461664915,0.07178395986557007,0.13851860165596008,0.48306503891944885,0.0,0.0,0.0,0.0,,,cvar,/Users/yaniszaim/deephedging/.deephedging_real_runs/final_paper_asian_panel/panel_sweeps/XLF_full_paper_grid_800_asian_call_step_robust/model_artifacts/seed_3456/risk_cvar/proto_source_spot_delta_k_100_weighted_1_learnw_0,10.0,0.046770660532638425,val_loss,0.019625743851065636,0.1965591162443161,0.0,0.0,2122.0,20.0,2.0,spot_delta,100.0,True,False,0.08483613282442093,0.16889598965644836
proto_source=spot_delta_k=100_weighted=1_learnw=0,val,3456,proto,-0.012277630157768726,0.016846025362610817,-0.07093076802790164,-0.04657339081168175,-0.06165444850921631,-0.0041974568739533424,0.00028830548399128004,0.8832599118942731,-0.01151671539992094,-0.00010192159243160859,0.0006589931435883045,0.013217645697295666,0.07032707333564758,0.1386033594608307,0.6797512173652649,0.0,0.0,0.0,0.0,,,cvar,/Users/yaniszaim/deephedging/.deephedging_real_runs/final_paper_asian_panel/panel_sweeps/XLF_full_paper_grid_800_asian_call_step_robust/model_artifacts/seed_3456/risk_cvar/proto_source_spot_delta_k_100_weighted_1_learnw_0,10.0,0.046770660532638425,val_loss,0.019625743851065636,0.1965591162443161,0.0,0.0,454.0,20.0,2.0,spot_delta,100.0,True,False,0.08483613282442093,0.16889598965644836
proto_source=spot_delta_k=100_weighted=1_learnw=0,test,3456,proto,-0.014849928207695484,0.01825220137834549,-0.0889211978763342,-0.04450309555977583,-0.06681729108095169,-0.0097742211073637,0.0005607913335552439,0.8991228070175439,-0.014042135328054428,-0.000147731727338396,0.0006600622436963022,0.013246392831206322,0.07079899311065674,0.1384047418832779,0.44823157787323,0.0,0.0,0.0,0.0,,,cvar,/Users/yaniszaim/deephedging/.deephedging_real_runs/final_paper_asian_panel/panel_sweeps/XLF_full_paper_grid_800_asian_call_step_robust/model_artifacts/seed_3456/risk_cvar/proto_source_spot_delta_k_100_weighted_1_learnw_0,10.0,0.046770660532638425,val_loss,0.019625743851065636,0.1965591162443161,0.0,0.0,456.0,20.0,2.0,spot_delta,100.0,True,False,0.08483613282442093,0.16889598965644836
proto_source=vanilla_k=10_weighted=0_learnw=0,train,3456,proto,-0.0158297847956419,0.017729518935084343,-0.08499834105372428,-0.04775463063269853,-0.0667242631316185,-0.00831118831411004,-0.0015435503330081706,0.9967012252591895,-0.014031324535608292,0.00036459314287640154,0.0021630541887134314,0.039578236639499664,0.09827566891908646,0.41679972410202026,0.8519368171691895,0.0,0.0,0.0,0.0,,,cvar,/Users/yaniszaim/deephedging/.deephedging_real_runs/final_paper_asian_panel/panel_sweeps/XLF_full_paper_grid_800_asian_call_step_robust/model_artifacts/seed_3456/risk_cvar/proto_source_vanilla_k_10_weighted_0_learnw_0,67.0,0.051196059305220844,val_loss,0.039405886083841324,0.413700133562088,0.0,0.0,2122.0,20.0,2.0,vanilla,10.0,False,False,0.12080655992031097,0.21088913083076477
proto_source=vanilla_k=10_weighted=0_learnw=0,val,3456,proto,-0.01356593705713749,0.015218732878565788,-0.06661790482699871,-0.043734807148575784,-0.058589667081832886,-0.0069137869868427515,-0.0016012176696676766,1.0,-0.01151671539992094,0.0001035463938023895,0.0021527677308768034,0.039571136236190796,0.07804098725318909,0.41691964864730835,0.8519367575645447,0.0,0.0,0.0,0.0,,,cvar,/Users/yaniszaim/deephedging/.deephedging_real_runs/final_paper_asian_panel/panel_sweeps/XLF_full_paper_grid_800_asian_call_step_robust/model_artifacts/seed_3456/risk_cvar/proto_source_vanilla_k_10_weighted_0_learnw_0,67.0,0.051196059305220844,val_loss,0.039405886083841324,0.413700133562088,0.0,0.0,454.0,20.0,2.0,vanilla,10.0,False,False,0.12080655992031097,0.21088913083076477
proto_source=vanilla_k=10_weighted=0_learnw=0,test,3456,proto,-0.015823617577552795,0.016454843804240227,-0.08296936079859733,-0.04292078968137503,-0.06322087347507477,-0.01048647565767169,-0.001879323652246967,0.9956140350877193,-0.014042135328054428,0.0003809682384599,0.0021624492947012186,0.03955850377678871,0.07796713709831238,0.41648751497268677,0.8519368171691895,0.0,0.0,0.0,0.0,,,cvar,/Users/yaniszaim/deephedging/.deephedging_real_runs/final_paper_asian_panel/panel_sweeps/XLF_full_paper_grid_800_asian_call_step_robust/model_artifacts/seed_3456/risk_cvar/proto_source_vanilla_k_10_weighted_0_learnw_0,67.0,0.051196059305220844,val_loss,0.039405886083841324,0.413700133562088,0.0,0.0,456.0,20.0,2.0,vanilla,10.0,False,False,0.12080655992031097,0.21088913083076477
proto_source=vanilla_k=10_weighted=1_learnw=0,train,3456,proto,-0.015498924069106579,0.017796603962779045,-0.08354681216180325,-0.04791345801204443,-0.0667281374335289,-0.008009488694369793,-0.0008078369079157734,0.9802073515551367,-0.014031324535608292,0.0003938047157134861,0.001861403463408351,0.037845678627491,0.09545448422431946,0.390707790851593,0.7769162058830261,0.0,0.0,0.0,0.0,,,cvar,/Users/yaniszaim/deephedging/.deephedging_real_runs/final_paper_asian_panel/panel_sweeps/XLF_full_paper_grid_800_asian_call_step_robust/model_artifacts/seed_3456/risk_cvar/proto_source_vanilla_k_10_weighted_1_learnw_0,3.0,0.0521506379172206,val_loss,0.03809609264135361,0.3955947458744049,0.0,0.0,2122.0,20.0,2.0,vanilla,10.0,True,False,0.10919959843158722,0.14667214453220367
proto_source=vanilla_k=10_weighted=1_learnw=0,val,3456,proto,-0.013214758597314358,0.015382126905024052,-0.06603880539536476,-0.043082505092024805,-0.05868915840983391,-0.006753328954800963,-0.000881536595989019,0.9801762114537445,-0.01151671539992094,0.00015439785784110427,0.0018524420447647572,0.037836916744709015,0.09545166045427322,0.3907402455806732,0.7739341855049133,0.0,0.0,0.0,0.0,,,cvar,/Users/yaniszaim/deephedging/.deephedging_real_runs/final_paper_asian_panel/panel_sweeps/XLF_full_paper_grid_800_asian_call_step_robust/model_artifacts/seed_3456/risk_cvar/proto_source_vanilla_k_10_weighted_1_learnw_0,3.0,0.0521506379172206,val_loss,0.03809609264135361,0.3955947458744049,0.0,0.0,454.0,20.0,2.0,vanilla,10.0,True,False,0.10919959843158722,0.14667214453220367
proto_source=vanilla_k=10_weighted=1_learnw=0,test,3456,proto,-0.015608269721269608,0.016676053404808044,-0.08406879305839539,-0.04302585404366255,-0.06372429430484772,-0.009858088102191687,-0.0012036858242936432,0.9890350877192983,-0.014042135328054428,0.00029408925911411643,0.0018602238269522786,0.03783605620265007,0.09536894410848618,0.3907412588596344,0.7753284573554993,0.0,0.0,0.0,0.0,,,cvar,/Users/yaniszaim/deephedging/.deephedging_real_runs/final_paper_asian_panel/panel_sweeps/XLF_full_paper_grid_800_asian_call_step_robust/model_artifacts/seed_3456/risk_cvar/proto_source_vanilla_k_10_weighted_1_learnw_0,3.0,0.0521506379172206,val_loss,0.03809609264135361,0.3955947458744049,0.0,0.0,456.0,20.0,2.0,vanilla,10.0,True,False,0.10919959843158722,0.14667214453220367
proto_source=vanilla_k=25_weighted=0_learnw=0,train,3456,proto,-0.016165483742952347,0.017758237197995186,-0.08292905747890472,-0.04840030167251825,-0.06723897159099579,-0.00899613555520773,-0.0011119190719910002,0.9802073515551367,-0.014031324535608292,0.0004230934428051114,0.0025572534650564194,0.04807306081056595,0.09985528141260147,0.5196020603179932,1.0,0.12497643732327993,0.0,0.12497643732327993,1.0,,,cvar,/Users/yaniszaim/deephedging/.deephedging_real_runs/final_paper_asian_panel/panel_sweeps/XLF_full_paper_grid_800_asian_call_step_robust/model_artifacts/seed_3456/risk_cvar/proto_source_vanilla_k_25_weighted_0_learnw_0,2.0,0.06522737124934792,val_loss,0.04813222959637642,0.5198333263397217,0.125,1.0,2122.0,20.0,2.0,vanilla,25.0,False,False,0.11947695910930634,0.16824133694171906
proto_source=vanilla_k=25_weighted=0_learnw=0,val,3456,proto,-0.013894353993237019,0.015369930304586887,-0.06653903208673,-0.04336145743727684,-0.05924680083990097,-0.007367934565991163,-0.001278369128704074,0.986784140969163,-0.01151671539992094,0.00016898471221793443,0.0025466224178671837,0.04807638004422188,0.0998862087726593,0.5196294188499451,1.0,0.125,0.0,0.125,1.0,,,cvar,/Users/yaniszaim/deephedging/.deephedging_real_runs/final_paper_asian_panel/panel_sweeps/XLF_full_paper_grid_800_asian_call_step_robust/model_artifacts/seed_3456/risk_cvar/proto_source_vanilla_k_25_weighted_0_learnw_0,2.0,0.06522737124934792,val_loss,0.04813222959637642,0.5198333263397217,0.125,1.0,454.0,20.0,2.0,vanilla,25.0,False,False,0.11947695910930634,0.16824133694171906
proto_source=vanilla_k=25_weighted=0_learnw=0,test,3456,proto,-0.016314461827278137,0.01664951629936695,-0.08434657715260982,-0.043649064376950264,-0.06443008035421371,-0.010549078695476055,-0.001666194322751835,0.993421052631579,-0.014042135328054428,0.00028408729122020304,0.002556414809077978,0.04807424172759056,0.09982435405254364,0.5196062326431274,1.0,0.125,0.0,0.125,1.0,,,cvar,/Users/yaniszaim/deephedging/.deephedging_real_runs/final_paper_asian_panel/panel_sweeps/XLF_full_paper_grid_800_asian_call_step_robust/model_artifacts/seed_3456/risk_cvar/proto_source_vanilla_k_25_weighted_0_learnw_0,2.0,0.06522737124934792,val_loss,0.04813222959637642,0.5198333263397217,0.125,1.0,456.0,20.0,2.0,vanilla,25.0,False,False,0.11947695910930634,0.16824133694171906
proto_source=vanilla_k=25_weighted=1_learnw=0,train,3456,proto,-0.017312170937657356,0.01931152120232582,-0.08695722758769989,-0.050228122808039184,-0.06952548772096634,-0.01259729266166687,0.004912527371197938,0.883129123468426,-0.014031324535608292,0.0005345349200069904,0.0038153803907334805,0.08789274841547012,0.5647702217102051,0.23403826355934143,1.0,0.03221017907634307,0.03193920829406221,0.0002709707822808671,0.29688972667295005,,,cvar,/Users/yaniszaim/deephedging/.deephedging_real_runs/final_paper_asian_panel/panel_sweeps/XLF_full_paper_grid_800_asian_call_step_robust/model_artifacts/seed_3456/risk_cvar/proto_source_vanilla_k_25_weighted_1_learnw_0,760.0,0.05078763824858855,val_loss,0.06188216805458069,0.10980674624443054,0.0022026431718061676,0.028634361233480177,2122.0,20.0,2.0,vanilla,25.0,True,False,0.22203709185123444,0.7708408832550049
proto_source=vanilla_k=25_weighted=1_learnw=0,val,3456,proto,-0.014585379511117935,0.01816416345536709,-0.07301902137696743,-0.0498366754502058,-0.06449262797832489,-0.010269633028656244,0.006885981792584059,0.8590308370044053,-0.01151671539992094,0.0007726686890237033,0.0038413319271057844,0.08913203328847885,0.5647702217102051,0.23426876962184906,1.0,0.028744493392070483,0.028744493392070483,0.0,0.28193832599118945,,,cvar,/Users/yaniszaim/deephedging/.deephedging_real_runs/final_paper_asian_panel/panel_sweeps/XLF_full_paper_grid_800_asian_call_step_robust/model_artifacts/seed_3456/risk_cvar/proto_source_vanilla_k_25_weighted_1_learnw_0,760.0,0.05078763824858855,val_loss,0.06188216805458069,0.10980674624443054,0.0022026431718061676,0.028634361233480177,454.0,20.0,2.0,vanilla,25.0,True,False,0.22203709185123444,0.7708408832550049
proto_source=vanilla_k=25_weighted=1_learnw=0,test,3456,proto,-0.016559021547436714,0.019573034718632698,-0.08591298498213291,-0.048811682499945164,-0.06889502704143524,-0.013000058941543102,0.006947983289137483,0.8837719298245614,-0.014042135328054428,0.0012923895847052336,0.0038092751055955887,0.0882662832736969,0.5647701025009155,0.2253449261188507,1.0,0.02675438596491228,0.026589912280701754,0.0001644736842105263,0.24561403508771928,,,cvar,/Users/yaniszaim/deephedging/.deephedging_real_runs/final_paper_asian_panel/panel_sweeps/XLF_full_paper_grid_800_asian_call_step_robust/model_artifacts/seed_3456/risk_cvar/proto_source_vanilla_k_25_weighted_1_learnw_0,760.0,0.05078763824858855,val_loss,0.06188216805458069,0.10980674624443054,0.0022026431718061676,0.028634361233480177,456.0,20.0,2.0,vanilla,25.0,True,False,0.22203709185123444,0.7708408832550049
proto_source=vanilla_k=50_weighted=0_learnw=0,train,3456,proto,-0.014284176751971245,0.01925458386540413,-0.08374604165554046,-0.04693193733692169,-0.07053839415311813,-0.007172196637839079,0.0017612099414691302,0.8642789820923656,-0.014031324535608292,0.00026281873579137027,0.0005156703991815448,0.026007695123553276,0.7783949971199036,0.23650778830051422,1.0,0.004677191328934967,0.004488689915174364,0.00018850141376060322,0.05419415645617342,,,cvar,/Users/yaniszaim/deephedging/.deephedging_real_runs/final_paper_asian_panel/panel_sweeps/XLF_full_paper_grid_800_asian_call_step_robust/model_artifacts/seed_3456/risk_cvar/proto_source_vanilla_k_50_weighted_0_learnw_0,473.0,0.048989703231306525,val_loss,0.029580803588032722,0.2537805140018463,0.006773127753303965,0.048458149779735685,2122.0,20.0,2.0,vanilla,50.0,False,False,0.2122366577386856,0.8372083902359009
proto_source=vanilla_k=50_weighted=0_learnw=0,val,3456,proto,-0.011878026649355888,0.016319021582603455,-0.07032175593078137,-0.04144351836293936,-0.06099172309041023,-0.005375842098146677,0.0014665015100035815,0.8458149779735683,-0.01151671539992094,0.00012141160550527275,0.00048272270942106843,0.02409968338906765,0.7788869738578796,0.2330327033996582,1.0,0.006112334801762115,0.006057268722466961,5.506607929515419e-05,0.05947136563876652,,,cvar,/Users/yaniszaim/deephedging/.deephedging_real_runs/final_paper_asian_panel/panel_sweeps/XLF_full_paper_grid_800_asian_call_step_robust/model_artifacts/seed_3456/risk_cvar/proto_source_vanilla_k_50_weighted_0_learnw_0,473.0,0.048989703231306525,val_loss,0.029580803588032722,0.2537805140018463,0.006773127753303965,0.048458149779735685,454.0,20.0,2.0,vanilla,50.0,False,False,0.2122366577386856,0.8372083902359009
proto_source=vanilla_k=50_weighted=0_learnw=0,test,3456,proto,-0.01443154364824295,0.01729878969490528,-0.0731720443814993,-0.041858366690576077,-0.06283899396657944,-0.010047337040305138,0.001040754490531981,0.8969298245614035,-0.014042135328054428,0.00010965093679260463,0.0004990596207790077,0.02525760978460312,0.7783178091049194,0.23356127738952637,1.0,0.004057017543859649,0.003947368421052632,0.00010964912280701755,0.03728070175438596,,,cvar,/Users/yaniszaim/deephedging/.deephedging_real_runs/final_paper_asian_panel/panel_sweeps/XLF_full_paper_grid_800_asian_call_step_robust/model_artifacts/seed_3456/risk_cvar/proto_source_vanilla_k_50_weighted_0_learnw_0,473.0,0.048989703231306525,val_loss,0.029580803588032722,0.2537805140018463,0.006773127753303965,0.048458149779735685,456.0,20.0,2.0,vanilla,50.0,False,False,0.2122366577386856,0.8372083902359009
proto_source=vanilla_k=50_weighted=1_learnw=0,train,3456,proto,-0.01374050136655569,0.01614626869559288,-0.06964845530688762,-0.04217343647032976,-0.05859747529029846,-0.009226786438375711,0.003646161325741556,0.8543826578699341,-0.014031324535608292,0.0012131374096497893,0.0009223142405971885,0.036227792501449585,0.5720487833023071,0.47661975026130676,1.0,0.29942271442035817,0.299375589066918,4.7125353440150804e-05,0.8925541941564562,,,cvar,/Users/yaniszaim/deephedging/.deephedging_real_runs/final_paper_asian_panel/panel_sweeps/XLF_full_paper_grid_800_asian_call_step_robust/model_artifacts/seed_3456/risk_cvar/proto_source_vanilla_k_50_weighted_1_learnw_0,196.0,0.05639333750781837,val_loss,0.03661597892642021,0.3566570281982422,0.08683920704845816,0.6277533039647577,2122.0,20.0,2.0,vanilla,50.0,True,False,0.22711916267871857,0.6921084523200989
proto_source=vanilla_k=50_weighted=1_learnw=0,val,3456,proto,-0.011804644018411636,0.013811648823320866,-0.05558573640882969,-0.040820850245654586,-0.049435004591941833,-0.007735532708466053,0.0035083874128758897,0.8810572687224669,-0.01151671539992094,0.0006235401961021125,0.0009114688728004694,0.03575955703854561,0.5699787735939026,0.4812186062335968,1.0,0.30886563876651985,0.30886563876651985,0.0,0.9118942731277533,,,cvar,/Users/yaniszaim/deephedging/.deephedging_real_runs/final_paper_asian_panel/panel_sweeps/XLF_full_paper_grid_800_asian_call_step_robust/model_artifacts/seed_3456/risk_cvar/proto_source_vanilla_k_50_weighted_1_learnw_0,196.0,0.05639333750781837,val_loss,0.03661597892642021,0.3566570281982422,0.08683920704845816,0.6277533039647577,454.0,20.0,2.0,vanilla,50.0,True,False,0.22711916267871857,0.6921084523200989
proto_source=vanilla_k=50_weighted=1_learnw=0,test,3456,proto,-0.013644984923303127,0.015263606794178486,-0.07431961297988891,-0.039910221472382545,-0.05666724592447281,-0.010089854709804058,0.004299861611798406,0.8662280701754386,-0.014042135328054428,0.0013189830351620913,0.0009218321647495031,0.03597360476851463,0.569860577583313,0.4782908260822296,1.0,0.3001644736842105,0.3001644736842105,0.0,0.8947368421052632,,,cvar,/Users/yaniszaim/deephedging/.deephedging_real_runs/final_paper_asian_panel/panel_sweeps/XLF_full_paper_grid_800_asian_call_step_robust/model_artifacts/seed_3456/risk_cvar/proto_source_vanilla_k_50_weighted_1_learnw_0,196.0,0.05639333750781837,val_loss,0.03661597892642021,0.3566570281982422,0.08683920704845816,0.6277533039647577,456.0,20.0,2.0,vanilla,50.0,True,False,0.22711916267871857,0.6921084523200989
proto_source=vanilla_k=100_weighted=0_learnw=0,train,3456,proto,-0.013937086798250675,0.01883653923869133,-0.0920789110660553,-0.04750088155269623,-0.06887372583150864,-0.0067881387658417225,0.0013564816443249568,0.8854853911404336,-0.014031324535608292,0.0007279683486558497,0.0006337298545986414,0.030988873913884163,0.6147022247314453,0.3021220266819,1.0,0.046347785108388315,0.046288878416588124,5.89066918001885e-05,0.5240339302544769,,,cvar,/Users/yaniszaim/deephedging/.deephedging_real_runs/final_paper_asian_panel/panel_sweeps/XLF_full_paper_grid_800_asian_call_step_robust/model_artifacts/seed_3456/risk_cvar/proto_source_vanilla_k_100_weighted_0_learnw_0,736.0,0.05861189789462851,val_loss,0.03910895437002182,0.3656283915042877,0.08942731277533039,0.7268722466960352,2122.0,20.0,2.0,vanilla,100.0,False,False,0.20642150938510895,0.807018518447876
proto_source=vanilla_k=100_weighted=0_learnw=0,val,3456,proto,-0.011782458052039146,0.01636832393705845,-0.06806683659553528,-0.04412754140794277,-0.05997467041015625,-0.005417655920609832,0.001123503112467005,0.8986784140969163,-0.01151671539992094,0.00033278405317105353,0.0005985269090160728,0.03028704598546028,0.4304574429988861,0.3046359419822693,1.0,0.05308370044052863,0.05308370044052863,0.0,0.5704845814977973,,,cvar,/Users/yaniszaim/deephedging/.deephedging_real_runs/final_paper_asian_panel/panel_sweeps/XLF_full_paper_grid_800_asian_call_step_robust/model_artifacts/seed_3456/risk_cvar/proto_source_vanilla_k_100_weighted_0_learnw_0,736.0,0.05861189789462851,val_loss,0.03910895437002182,0.3656283915042877,0.08942731277533039,0.7268722466960352,454.0,20.0,2.0,vanilla,100.0,False,False,0.20642150938510895,0.807018518447876
proto_source=vanilla_k=100_weighted=0_learnw=0,test,3456,proto,-0.013813715428113937,0.017458224669098854,-0.08029810339212418,-0.04189203307032585,-0.06499407440423965,-0.008810041472315788,0.0012040731380693614,0.9057017543859649,-0.014042135328054428,0.0008469860767945647,0.0006185662932693958,0.030628351494669914,0.5547366738319397,0.300534725189209,1.0,0.044846491228070176,0.04479166666666667,5.482456140350877e-05,0.49780701754385964,,,cvar,/Users/yaniszaim/deephedging/.deephedging_real_runs/final_paper_asian_panel/panel_sweeps/XLF_full_paper_grid_800_asian_call_step_robust/model_artifacts/seed_3456/risk_cvar/proto_source_vanilla_k_100_weighted_0_learnw_0,736.0,0.05861189789462851,val_loss,0.03910895437002182,0.3656283915042877,0.08942731277533039,0.7268722466960352,456.0,20.0,2.0,vanilla,100.0,False,False,0.20642150938510895,0.807018518447876
proto_source=vanilla_k=100_weighted=1_learnw=0,train,3456,proto,-0.014585340395569801,0.01750415377318859,-0.08139419943094253,-0.04519547000527382,-0.06436866521835327,-0.008306120987981558,0.0013587516150437267,0.909048067860509,-0.014031324535608292,0.000808592711109668,0.0013626088621094823,0.040503472089767456,0.8486172556877136,0.26937493681907654,1.0,0.07405749293119698,0.07258482563619227,0.0014726672950047125,0.46936852026390197,,,cvar,/Users/yaniszaim/deephedging/.deephedging_real_runs/final_paper_asian_panel/panel_sweeps/XLF_full_paper_grid_800_asian_call_step_robust/model_artifacts/seed_3456/risk_cvar/proto_source_vanilla_k_100_weighted_1_learnw_0,225.0,0.06711481211706996,val_loss,0.03372621163725853,0.43556249141693115,0.175,0.920704845814978,2122.0,20.0,2.0,vanilla,100.0,True,False,0.18195872008800507,0.9977023005485535
proto_source=vanilla_k=100_weighted=1_learnw=0,val,3456,proto,-0.012352021411061287,0.015141122974455357,-0.0649473700672388,-0.041755218803882596,-0.05624937638640404,-0.006584719754755497,0.0011562690313439592,0.8920704845814978,-0.01151671539992094,0.0004943499807268381,0.0013296556426212192,0.039956606924533844,0.8461140990257263,0.25952187180519104,1.0,0.06541850220264317,0.06541850220264317,0.0,0.43392070484581496,,,cvar,/Users/yaniszaim/deephedging/.deephedging_real_runs/final_paper_asian_panel/panel_sweeps/XLF_full_paper_grid_800_asian_call_step_robust/model_artifacts/seed_3456/risk_cvar/proto_source_vanilla_k_100_weighted_1_learnw_0,225.0,0.06711481211706996,val_loss,0.03372621163725853,0.43556249141693115,0.175,0.920704845814978,454.0,20.0,2.0,vanilla,100.0,True,False,0.18195872008800507,0.9977023005485535
proto_source=vanilla_k=100_weighted=1_learnw=0,test,3456,proto,-0.014474705792963505,0.0160241536796093,-0.0727193221449852,-0.041020614095032215,-0.05847806856036186,-0.00973391905426979,0.0005445649730972946,0.9364035087719298,-0.014042135328054428,0.0009292850736528635,0.001361856353469193,0.040604714304208755,0.8486394882202148,0.27172383666038513,1.0,0.08042763157894736,0.07889254385964913,0.0015350877192982456,0.506578947368421,,,cvar,/Users/yaniszaim/deephedging/.deephedging_real_runs/final_paper_asian_panel/panel_sweeps/XLF_full_paper_grid_800_asian_call_step_robust/model_artifacts/seed_3456/risk_cvar/proto_source_vanilla_k_100_weighted_1_learnw_0,225.0,0.06711481211706996,val_loss,0.03372621163725853,0.43556249141693115,0.175,0.920704845814978,456.0,20.0,2.0,vanilla,100.0,True,False,0.18195872008800507,0.9977023005485535
