model,split,seed,model_family,gains_mean,gains_std,gains_p01,gains_p05,gains_cvar05,gains_p50,gains_p95,shortfall_prob,payoff_mean,pnl_mean,cost_mean,action_abs_mean,action_abs_max,delta_abs_mean,delta_abs_max,pct_at_any_position_bound,pct_at_upper_position_bound,pct_at_lower_position_bound,pct_paths_touch_any_position_bound,selected_band,baseline_selection_metric,risk_measure,artifact_dir,selected_epoch,selected_score,selection_metric,selected_val_action_abs_mean,selected_val_delta_abs_mean,selected_val_pct_at_any_position_bound,selected_val_pct_paths_touch_any_position_bound,n_paths,n_steps,n_inst,prototype_source,n_prototypes,weighted_similarity,learn_distance_feature_weights,proto_action_norm_mean,proto_action_norm_max
unhedged,train,1234,baseline,-0.03915594145655632,0.05088620260357857,-0.21911189079284668,-0.14242587089538572,-0.18875108659267426,-0.01949310302734375,0.0,0.6339509263895844,-0.03915594145655632,0.0,0.0,0.0,0.0,0.0,0.0,0.0,0.0,0.0,0.0,,,,,,,,,,,,,,,,,,,,
spot_delta,train,1234,baseline,-0.038488227874040604,0.04927612468600273,-0.21152846932411193,-0.1350287139415741,-0.18211159110069275,-0.023287136107683182,0.011486081406474079,0.827741612418628,-0.03915594145655632,0.0008448554435744882,0.00017714238492771983,0.021986743435263634,0.7022129893302917,0.2634916603565216,0.7022129893302917,0.0,0.0,0.0,0.0,,,,,,,,,,,,,,,,,,,,
spot_delta_band,train,1234,baseline,-0.03834521770477295,0.04906782507896423,-0.21005710780620576,-0.1344411253929138,-0.1818275898694992,-0.022972773760557175,0.011035019904375075,0.828242363545318,-0.03915594145655632,0.0009506242931820452,0.00013990014849696308,0.017408128827810287,0.6922129988670349,0.2628420889377594,0.6922129988670349,0.0,0.0,0.0,0.0,0.01,gains_mean,,,,,,,,,,,,,,,,,,
unhedged,val,1234,baseline,-0.037399422377347946,0.05106903612613678,-0.20721644401550293,-0.13893359303474426,-0.18747390806674957,-0.012713789939880371,-0.0,0.5981308411214953,-0.037399422377347946,0.0,0.0,0.0,0.0,0.0,0.0,0.0,0.0,0.0,0.0,,,,,,,,,,,,,,,,,,,,
spot_delta,val,1234,baseline,-0.035898685455322266,0.04856414347887039,-0.19100744530558586,-0.13102174401283265,-0.17569085955619812,-0.019299475476145744,0.013136292295530417,0.7990654205607477,-0.037399422377347946,0.0016786342021077871,0.00017789566481951624,0.022124821320176125,0.5960649847984314,0.26377227902412415,0.7022129893302917,0.0,0.0,0.0,0.0,,,,,,,,,,,,,,,,,,,,
spot_delta_band,val,1234,baseline,-0.03589538484811783,0.048423830419778824,-0.18951757609844208,-0.12908593863248824,-0.17568112909793854,-0.020025471225380898,0.010908407624810929,0.7850467289719626,-0.037399422377347946,0.0016447234665974975,0.0001406826195307076,0.01754496619105339,0.5860649943351746,0.263159841299057,0.6922129988670349,0.0,0.0,0.0,0.0,0.01,gains_mean,,,,,,,,,,,,,,,,,,
unhedged,test,1234,baseline,-0.04086930677294731,0.04889107868075371,-0.214325852394104,-0.13569221496582032,-0.17616143822669983,-0.024524211883544922,-0.0,0.6666666666666666,-0.04086930677294731,0.0,0.0,0.0,0.0,0.0,0.0,0.0,0.0,0.0,0.0,,,,,,,,,,,,,,,,,,,,
spot_delta,test,1234,baseline,-0.03958997130393982,0.04621108993887901,-0.19168457686901091,-0.1326733648777008,-0.16556763648986816,-0.02677297405898571,0.008722032979130743,0.8508158508158508,-0.04086930677294731,0.0014550569467246532,0.00017572303477209061,0.021774431690573692,0.6559969782829285,0.2636964023113251,0.7022129893302917,0.0,0.0,0.0,0.0,,,,,,,,,,,,,,,,,,,,
spot_delta_band,test,1234,baseline,-0.03951392322778702,0.04604581743478775,-0.18996843576431274,-0.13267447352409362,-0.16509036719799042,-0.02661154977977276,0.008586694113910191,0.8578088578088578,-0.04086930677294731,0.0014941187109798193,0.00013873724674340338,0.017245927825570107,0.6459969878196716,0.2629830837249756,0.6922129988670349,0.0,0.0,0.0,0.0,0.01,gains_mean,,,,,,,,,,,,,,,,,,
vanilla,train,1234,vanilla,-0.03760267049074173,0.04574710503220558,-0.2023440808057785,-0.1311141610145569,-0.1732546091079712,-0.0195232555270195,0.0006041907588951246,0.929394091136705,-0.03915594145655632,0.0018199410988017917,0.00026666533085517585,0.02565781958401203,0.054773032665252686,0.2827954888343811,1.0,0.025,0.025,0.0,1.0,,,cvar,/Users/yaniszaim/deephedging/.deephedging_real_runs/final_paper_asian_panel/panel_sweeps/NVDA_full_paper_grid_800_asian_call_step_robust/model_artifacts/seed_1234/risk_cvar/vanilla,150.0,0.14873415055684747,val_loss,0.02562916837632656,0.2831399440765381,0.025,1.0,1997.0,20.0,2.0,,,,,,
vanilla,val,1234,vanilla,-0.035989247262477875,0.0457528792321682,-0.1924323907494545,-0.1253969945013523,-0.17197762429714203,-0.01373328361660242,0.001037368044489994,0.9135514018691588,-0.037399422377347946,0.0016777125420048833,0.0002675361465662718,0.025664091110229492,0.05477306246757507,0.2828627824783325,1.0,0.025,0.025,0.0,1.0,,,cvar,/Users/yaniszaim/deephedging/.deephedging_real_runs/final_paper_asian_panel/panel_sweeps/NVDA_full_paper_grid_800_asian_call_step_robust/model_artifacts/seed_1234/risk_cvar/vanilla,150.0,0.14873415055684747,val_loss,0.02562916837632656,0.2831399440765381,0.025,1.0,428.0,20.0,2.0,,,,,,
vanilla,test,1234,vanilla,-0.03907310962677002,0.04401356354355812,-0.19866914927959442,-0.1277649700641632,-0.16336636245250702,-0.023232964798808098,0.00026378100155852516,0.9440559440559441,-0.04086930677294731,0.0020639600697904825,0.00026776030426844954,0.025660622864961624,0.05476812273263931,0.28282856941223145,1.0,0.025,0.025,0.0,1.0,,,cvar,/Users/yaniszaim/deephedging/.deephedging_real_runs/final_paper_asian_panel/panel_sweeps/NVDA_full_paper_grid_800_asian_call_step_robust/model_artifacts/seed_1234/risk_cvar/vanilla,150.0,0.14873415055684747,val_loss,0.02562916837632656,0.2831399440765381,0.025,1.0,429.0,20.0,2.0,,,,,,
proto_source=spot_delta_k=10_weighted=0_learnw=0,train,1234,proto,-0.03921419009566307,0.04615716263651848,-0.1992927050590515,-0.13481316566467286,-0.17259836196899414,-0.02243717387318611,0.0030700153205543753,0.9118678017025539,-0.03915594145655632,0.002067761728540063,0.0021260089706629515,0.056792281568050385,0.604539155960083,0.5011237859725952,1.0,0.1658988482724086,0.1649098647971958,0.0009889834752128193,0.8337506259389084,,,cvar,/Users/yaniszaim/deephedging/.deephedging_real_runs/final_paper_asian_panel/panel_sweeps/NVDA_full_paper_grid_800_asian_call_step_robust/model_artifacts/seed_1234/risk_cvar/proto_source_spot_delta_k_10_weighted_0_learnw_0,271.0,0.1573032252319923,val_loss,0.061870403587818146,0.45054805278778076,0.09240654205607476,0.7079439252336449,1997.0,20.0,2.0,spot_delta,10.0,False,False,0.34069424867630005,0.8114593625068665
proto_source=spot_delta_k=10_weighted=0_learnw=0,val,1234,proto,-0.03727816790342331,0.04783099144697189,-0.20528583526611327,-0.13458856716752052,-0.17746394872665405,-0.018889923579990864,0.0030033382587134664,0.9158878504672897,-0.037399422377347946,0.002284019021317363,0.002162763848900795,0.057665225118398666,0.6045390963554382,0.4991564452648163,1.0,0.1602803738317757,0.15934579439252336,0.0009345794392523365,0.8200934579439252,,,cvar,/Users/yaniszaim/deephedging/.deephedging_real_runs/final_paper_asian_panel/panel_sweeps/NVDA_full_paper_grid_800_asian_call_step_robust/model_artifacts/seed_1234/risk_cvar/proto_source_spot_delta_k_10_weighted_0_learnw_0,271.0,0.1573032252319923,val_loss,0.061870403587818146,0.45054805278778076,0.09240654205607476,0.7079439252336449,428.0,20.0,2.0,spot_delta,10.0,False,False,0.34069424867630005,0.8114593625068665
proto_source=spot_delta_k=10_weighted=0_learnw=0,test,1234,proto,-0.04167862981557846,0.04795166850090027,-0.21548876881599427,-0.12705305218696594,-0.18365612626075745,-0.02452034503221512,0.0016952172853052408,0.9300699300699301,-0.04086930677294731,0.0013384704943746328,0.002147794235497713,0.05782252922654152,0.6045385599136353,0.4985183775424957,1.0,0.1621212121212121,0.16095571095571096,0.0011655011655011655,0.8414918414918415,,,cvar,/Users/yaniszaim/deephedging/.deephedging_real_runs/final_paper_asian_panel/panel_sweeps/NVDA_full_paper_grid_800_asian_call_step_robust/model_artifacts/seed_1234/risk_cvar/proto_source_spot_delta_k_10_weighted_0_learnw_0,271.0,0.1573032252319923,val_loss,0.061870403587818146,0.45054805278778076,0.09240654205607476,0.7079439252336449,429.0,20.0,2.0,spot_delta,10.0,False,False,0.34069424867630005,0.8114593625068665
proto_source=spot_delta_k=10_weighted=1_learnw=0,train,1234,proto,-0.036429423838853836,0.05083106830716133,-0.22258408725261689,-0.12828480899333955,-0.18760856986045837,-0.02491036430001259,0.014578950777649868,0.8232348522784176,-0.03915594145655632,0.003383027855306864,0.0006565059302374721,0.035090699791908264,0.7568094730377197,0.5026364326477051,1.0,0.40493239859789687,0.4034677015523285,0.0014646970455683525,0.9869804707060591,,,cvar,/Users/yaniszaim/deephedging/.deephedging_real_runs/final_paper_asian_panel/panel_sweeps/NVDA_full_paper_grid_800_asian_call_step_robust/model_artifacts/seed_1234/risk_cvar/proto_source_spot_delta_k_10_weighted_1_learnw_0,778.0,0.16178984022168355,val_loss,0.06035229563713074,0.47842395305633545,0.20420560747663552,0.9789719626168224,1997.0,20.0,2.0,spot_delta,10.0,True,False,0.38695818185806274,0.8861534595489502
proto_source=spot_delta_k=10_weighted=1_learnw=0,val,1234,proto,-0.03365744650363922,0.04763089492917061,-0.19363364964723587,-0.1291365832090378,-0.17464198172092438,-0.021534924395382404,0.013883576076477751,0.7873831775700935,-0.037399422377347946,0.004447541199624538,0.0007055675960145891,0.036280207335948944,0.7568094730377197,0.5032110214233398,1.0,0.3955607476635514,0.39433411214953273,0.0012266355140186916,0.9906542056074766,,,cvar,/Users/yaniszaim/deephedging/.deephedging_real_runs/final_paper_asian_panel/panel_sweeps/NVDA_full_paper_grid_800_asian_call_step_robust/model_artifacts/seed_1234/risk_cvar/proto_source_spot_delta_k_10_weighted_1_learnw_0,778.0,0.16178984022168355,val_loss,0.06035229563713074,0.47842395305633545,0.20420560747663552,0.9789719626168224,428.0,20.0,2.0,spot_delta,10.0,True,False,0.38695818185806274,0.8861534595489502
proto_source=spot_delta_k=10_weighted=1_learnw=0,test,1234,proto,-0.036311279982328415,0.04538791999220848,-0.18697075724601744,-0.12712816298007965,-0.16298887133598328,-0.02397160977125168,0.014924241229891775,0.8368298368298368,-0.04086930677294731,0.005247985478490591,0.0006899589207023382,0.03576960787177086,0.7568094730377197,0.5023303031921387,1.0,0.39836829836829835,0.39726107226107227,0.0011072261072261073,0.9766899766899767,,,cvar,/Users/yaniszaim/deephedging/.deephedging_real_runs/final_paper_asian_panel/panel_sweeps/NVDA_full_paper_grid_800_asian_call_step_robust/model_artifacts/seed_1234/risk_cvar/proto_source_spot_delta_k_10_weighted_1_learnw_0,778.0,0.16178984022168355,val_loss,0.06035229563713074,0.47842395305633545,0.20420560747663552,0.9789719626168224,429.0,20.0,2.0,spot_delta,10.0,True,False,0.38695818185806274,0.8861534595489502
proto_source=spot_delta_k=25_weighted=0_learnw=0,train,1234,proto,-0.03440336510539055,0.051544010639190674,-0.19264459133148193,-0.12129123210906982,-0.16832929849624634,-0.02490040473639965,0.018829373270273193,0.8037055583375062,-0.03915594145655632,0.007914689369499683,0.0031621090602129698,0.08204325288534164,0.7656184434890747,0.6161620616912842,1.0,0.2730595893840761,0.1842513770655984,0.08880821231847771,0.9814722083124687,,,cvar,/Users/yaniszaim/deephedging/.deephedging_real_runs/final_paper_asian_panel/panel_sweeps/NVDA_full_paper_grid_800_asian_call_step_robust/model_artifacts/seed_1234/risk_cvar/proto_source_spot_delta_k_25_weighted_0_learnw_0,744.0,0.15435188264455474,val_loss,0.07259044796228409,0.4590979218482971,0.17716121495327103,0.9626168224299065,1997.0,20.0,2.0,spot_delta,25.0,False,False,0.3348178565502167,0.7791247367858887
proto_source=spot_delta_k=25_weighted=0_learnw=0,val,1234,proto,-0.032634150236845016,0.05585959553718567,-0.18609889715909958,-0.12668438404798507,-0.16730773448944092,-0.021506006829440594,0.015263507608324288,0.8037383177570093,-0.037399422377347946,0.007833193056285381,0.0030679183546453714,0.07868319004774094,0.7656184434890747,0.6268174052238464,1.0,0.29264018691588783,0.19766355140186917,0.09497663551401869,0.9789719626168224,,,cvar,/Users/yaniszaim/deephedging/.deephedging_real_runs/final_paper_asian_panel/panel_sweeps/NVDA_full_paper_grid_800_asian_call_step_robust/model_artifacts/seed_1234/risk_cvar/proto_source_spot_delta_k_25_weighted_0_learnw_0,744.0,0.15435188264455474,val_loss,0.07259044796228409,0.4590979218482971,0.17716121495327103,0.9626168224299065,428.0,20.0,2.0,spot_delta,25.0,False,False,0.3348178565502167,0.7791247367858887
proto_source=spot_delta_k=25_weighted=0_learnw=0,test,1234,proto,-0.03842073306441307,0.053973305970430374,-0.20437664270401001,-0.12665196061134337,-0.1889641284942627,-0.028888490051031113,0.017366422340273857,0.8088578088578089,-0.04086930677294731,0.005635804496705532,0.0031872307881712914,0.08226864039897919,0.7656184434890747,0.6150701642036438,1.0,0.27086247086247084,0.18892773892773893,0.08193473193473194,0.986013986013986,,,cvar,/Users/yaniszaim/deephedging/.deephedging_real_runs/final_paper_asian_panel/panel_sweeps/NVDA_full_paper_grid_800_asian_call_step_robust/model_artifacts/seed_1234/risk_cvar/proto_source_spot_delta_k_25_weighted_0_learnw_0,744.0,0.15435188264455474,val_loss,0.07259044796228409,0.4590979218482971,0.17716121495327103,0.9626168224299065,429.0,20.0,2.0,spot_delta,25.0,False,False,0.3348178565502167,0.7791247367858887
proto_source=spot_delta_k=25_weighted=1_learnw=0,train,1234,proto,-0.04042358696460724,0.05258386954665184,-0.22363684952259064,-0.1436594933271408,-0.19031424820423126,-0.021082405000925064,0.004239826835691926,0.7461191787681523,-0.03915594145655632,-0.0006490742089226842,0.0006185676902532578,0.020224038511514664,0.31525248289108276,0.2105831354856491,1.0,0.0024661992989484225,0.0012894341512268402,0.0011767651477215823,0.03605408112168253,,,cvar,/Users/yaniszaim/deephedging/.deephedging_real_runs/final_paper_asian_panel/panel_sweeps/NVDA_full_paper_grid_800_asian_call_step_robust/model_artifacts/seed_1234/risk_cvar/proto_source_spot_delta_k_25_weighted_1_learnw_0,33.0,0.15976302715262103,val_loss,0.042886774986982346,0.45617052912712097,0.13679906542056075,0.9836448598130841,1997.0,20.0,2.0,spot_delta,25.0,True,False,0.1586211919784546,0.36149153113365173
proto_source=spot_delta_k=25_weighted=1_learnw=0,val,1234,proto,-0.038444634526968,0.051970161497592926,-0.207498060464859,-0.14806500151753424,-0.18602441251277924,-0.01484725158661604,0.004246915015392004,0.719626168224299,-0.037399422377347946,-0.00035517968353815377,0.0006900329608470201,0.020619219169020653,0.3128972053527832,0.21296915411949158,1.0,0.0032126168224299065,0.0017523364485981308,0.0014602803738317756,0.04205607476635514,,,cvar,/Users/yaniszaim/deephedging/.deephedging_real_runs/final_paper_asian_panel/panel_sweeps/NVDA_full_paper_grid_800_asian_call_step_robust/model_artifacts/seed_1234/risk_cvar/proto_source_spot_delta_k_25_weighted_1_learnw_0,33.0,0.15976302715262103,val_loss,0.042886774986982346,0.45617052912712097,0.13679906542056075,0.9836448598130841,428.0,20.0,2.0,spot_delta,25.0,True,False,0.1586211919784546,0.36149153113365173
proto_source=spot_delta_k=25_weighted=1_learnw=0,test,1234,proto,-0.042329009622335434,0.050950244069099426,-0.21027503192424774,-0.14266951084136964,-0.18049384653568268,-0.026937874034047127,0.005678508710116139,0.7762237762237763,-0.04086930677294731,-0.0007916290196590126,0.0006680733058601618,0.020512856543064117,0.31523823738098145,0.21101483702659607,1.0,0.0015734265734265735,0.00011655011655011655,0.001456876456876457,0.016317016317016316,,,cvar,/Users/yaniszaim/deephedging/.deephedging_real_runs/final_paper_asian_panel/panel_sweeps/NVDA_full_paper_grid_800_asian_call_step_robust/model_artifacts/seed_1234/risk_cvar/proto_source_spot_delta_k_25_weighted_1_learnw_0,33.0,0.15976302715262103,val_loss,0.042886774986982346,0.45617052912712097,0.13679906542056075,0.9836448598130841,429.0,20.0,2.0,spot_delta,25.0,True,False,0.1586211919784546,0.36149153113365173
proto_source=spot_delta_k=50_weighted=0_learnw=0,train,1234,proto,-0.036767903715372086,0.04672670736908913,-0.19912304282188414,-0.12627363502979277,-0.17047426104545593,-0.02136949636042118,0.0037233701441436746,0.8808212318477716,-0.03915594145655632,0.0027671167626976967,0.00037907902151346207,0.032555099576711655,0.4992479085922241,0.3578384518623352,1.0,0.01214321482223335,0.01214321482223335,0.0,0.09614421632448673,,,cvar,/Users/yaniszaim/deephedging/.deephedging_real_runs/final_paper_asian_panel/panel_sweeps/NVDA_full_paper_grid_800_asian_call_step_robust/model_artifacts/seed_1234/risk_cvar/proto_source_spot_delta_k_50_weighted_0_learnw_0,85.0,0.1426640375445936,val_loss,0.03237062692642212,0.27848249673843384,0.004731308411214954,0.06542056074766354,1997.0,20.0,2.0,spot_delta,50.0,False,False,0.1455114632844925,0.521468997001648
proto_source=spot_delta_k=50_weighted=0_learnw=0,val,1234,proto,-0.03408476710319519,0.04961267486214638,-0.1877971735596657,-0.1239149633795023,-0.1737259477376938,-0.01692424714565277,0.005267266836017369,0.8551401869158879,-0.037399422377347946,0.003701169043779373,0.0003865121689159423,0.03268952667713165,0.4966163635253906,0.36027342081069946,1.0,0.01133177570093458,0.01133177570093458,0.0,0.10046728971962617,,,cvar,/Users/yaniszaim/deephedging/.deephedging_real_runs/final_paper_asian_panel/panel_sweeps/NVDA_full_paper_grid_800_asian_call_step_robust/model_artifacts/seed_1234/risk_cvar/proto_source_spot_delta_k_50_weighted_0_learnw_0,85.0,0.1426640375445936,val_loss,0.03237062692642212,0.27848249673843384,0.004731308411214954,0.06542056074766354,428.0,20.0,2.0,spot_delta,50.0,False,False,0.1455114632844925,0.521468997001648
proto_source=spot_delta_k=50_weighted=0_learnw=0,test,1234,proto,-0.0373196005821228,0.04262222722172737,-0.17068206071853637,-0.12632217705249785,-0.15268510580062866,-0.02154471166431904,0.003992603812366713,0.8974358974358975,-0.04086930677294731,0.003927710000425577,0.00037800625432282686,0.03262097015976906,0.48940780758857727,0.35703450441360474,1.0,0.012062937062937063,0.012062937062937063,0.0,0.0979020979020979,,,cvar,/Users/yaniszaim/deephedging/.deephedging_real_runs/final_paper_asian_panel/panel_sweeps/NVDA_full_paper_grid_800_asian_call_step_robust/model_artifacts/seed_1234/risk_cvar/proto_source_spot_delta_k_50_weighted_0_learnw_0,85.0,0.1426640375445936,val_loss,0.03237062692642212,0.27848249673843384,0.004731308411214954,0.06542056074766354,429.0,20.0,2.0,spot_delta,50.0,False,False,0.1455114632844925,0.521468997001648
proto_source=spot_delta_k=50_weighted=1_learnw=0,train,1234,proto,-0.03685685992240906,0.04884474352002144,-0.2070620620250702,-0.13362194001674652,-0.1814592033624649,-0.018902456387877464,0.003986096475273366,0.8793189784677016,-0.03915594145655632,0.0025992209557443857,0.0003001392469741404,0.029202880337834358,0.38386645913124084,0.23642919957637787,1.0,0.0011016524787180772,0.0011016524787180772,0.0,0.02103154732098147,,,cvar,/Users/yaniszaim/deephedging/.deephedging_real_runs/final_paper_asian_panel/panel_sweeps/NVDA_full_paper_grid_800_asian_call_step_robust/model_artifacts/seed_1234/risk_cvar/proto_source_spot_delta_k_50_weighted_1_learnw_0,544.0,0.14344706803917118,val_loss,0.028805604204535484,0.2219354212284088,0.0007593457943925234,0.02570093457943925,1997.0,20.0,2.0,spot_delta,50.0,True,False,0.1411055028438568,0.40869826078414917
proto_source=spot_delta_k=50_weighted=1_learnw=0,val,1234,proto,-0.03559551388025284,0.04890352115035057,-0.17970957949757577,-0.13327115103602408,-0.1765870600938797,-0.01532699167728424,0.003803094709292052,0.8738317757009346,-0.037399422377347946,0.0021042521111667156,0.00030034620431251824,0.029161062091588974,0.3799781799316406,0.23907619714736938,1.0,0.0017523364485981308,0.0017523364485981308,0.0,0.03271028037383177,,,cvar,/Users/yaniszaim/deephedging/.deephedging_real_runs/final_paper_asian_panel/panel_sweeps/NVDA_full_paper_grid_800_asian_call_step_robust/model_artifacts/seed_1234/risk_cvar/proto_source_spot_delta_k_50_weighted_1_learnw_0,544.0,0.14344706803917118,val_loss,0.028805604204535484,0.2219354212284088,0.0007593457943925234,0.02570093457943925,428.0,20.0,2.0,spot_delta,50.0,True,False,0.1411055028438568,0.40869826078414917
proto_source=spot_delta_k=50_weighted=1_learnw=0,test,1234,proto,-0.04020663723349571,0.049690961837768555,-0.20959173142910004,-0.13208387494087218,-0.1843499094247818,-0.022383179515600204,0.00251139048486947,0.8857808857808858,-0.04086930677294731,0.000963853788562119,0.00030118616996333003,0.029259322211146355,0.3816680610179901,0.2382591813802719,1.0,0.0008158508158508159,0.0008158508158508159,0.0,0.018648018648018648,,,cvar,/Users/yaniszaim/deephedging/.deephedging_real_runs/final_paper_asian_panel/panel_sweeps/NVDA_full_paper_grid_800_asian_call_step_robust/model_artifacts/seed_1234/risk_cvar/proto_source_spot_delta_k_50_weighted_1_learnw_0,544.0,0.14344706803917118,val_loss,0.028805604204535484,0.2219354212284088,0.0007593457943925234,0.02570093457943925,429.0,20.0,2.0,spot_delta,50.0,True,False,0.1411055028438568,0.40869826078414917
proto_source=spot_delta_k=100_weighted=0_learnw=0,train,1234,proto,-0.03824076056480408,0.046085383743047714,-0.1947707337141037,-0.13101158440113067,-0.17116327583789825,-0.02425551600754261,0.006955463252961633,0.8637956935403105,-0.03915594145655632,0.0012893738457933068,0.0003741920518223196,0.03403400629758835,0.5513820648193359,0.34112489223480225,1.0,0.00038808212318477715,0.00038808212318477715,0.0,0.011016524787180772,,,cvar,/Users/yaniszaim/deephedging/.deephedging_real_runs/final_paper_asian_panel/panel_sweeps/NVDA_full_paper_grid_800_asian_call_step_robust/model_artifacts/seed_1234/risk_cvar/proto_source_spot_delta_k_100_weighted_0_learnw_0,100.0,0.14384159859539677,val_loss,0.027474092319607735,0.2374686598777771,0.00011682242990654206,0.004672897196261682,1997.0,20.0,2.0,spot_delta,100.0,False,False,0.17120693624019623,0.5976217985153198
proto_source=spot_delta_k=100_weighted=0_learnw=0,val,1234,proto,-0.03605629503726959,0.04649541899561882,-0.18508733078837394,-0.12951322942972182,-0.17160533368587494,-0.017906670458614826,0.007812315109185863,0.8644859813084113,-0.037399422377347946,0.001726052607409656,0.00038292788667604327,0.034871507436037064,0.5513233542442322,0.3418305814266205,1.0,5.841121495327103e-05,5.841121495327103e-05,0.0,0.002336448598130841,,,cvar,/Users/yaniszaim/deephedging/.deephedging_real_runs/final_paper_asian_panel/panel_sweeps/NVDA_full_paper_grid_800_asian_call_step_robust/model_artifacts/seed_1234/risk_cvar/proto_source_spot_delta_k_100_weighted_0_learnw_0,100.0,0.14384159859539677,val_loss,0.027474092319607735,0.2374686598777771,0.00011682242990654206,0.004672897196261682,428.0,20.0,2.0,spot_delta,100.0,False,False,0.17120693624019623,0.5976217985153198
proto_source=spot_delta_k=100_weighted=0_learnw=0,test,1234,proto,-0.03972206637263298,0.044356074184179306,-0.18389264166355132,-0.127690327167511,-0.15742036700248718,-0.025858605280518532,0.005342723336070762,0.8764568764568764,-0.04086930677294731,0.0015268694842234254,0.00037962786154821515,0.03449215367436409,0.5510149598121643,0.3420451581478119,1.0,0.0004079254079254079,0.0004079254079254079,0.0,0.011655011655011656,,,cvar,/Users/yaniszaim/deephedging/.deephedging_real_runs/final_paper_asian_panel/panel_sweeps/NVDA_full_paper_grid_800_asian_call_step_robust/model_artifacts/seed_1234/risk_cvar/proto_source_spot_delta_k_100_weighted_0_learnw_0,100.0,0.14384159859539677,val_loss,0.027474092319607735,0.2374686598777771,0.00011682242990654206,0.004672897196261682,429.0,20.0,2.0,spot_delta,100.0,False,False,0.17120693624019623,0.5976217985153198
proto_source=spot_delta_k=100_weighted=1_learnw=0,train,1234,proto,-0.037771280854940414,0.04715321585536003,-0.20344714403152467,-0.12972501814365386,-0.17363569140434265,-0.022626802325248718,0.00938484631478786,0.8502754131196795,-0.03915594145655632,0.00204824679531157,0.000663584447465837,0.05058397725224495,0.20698481798171997,0.3083615303039551,1.0,0.00171507260891337,0.00171507260891337,0.0,0.011517275913870806,,,cvar,/Users/yaniszaim/deephedging/.deephedging_real_runs/final_paper_asian_panel/panel_sweeps/NVDA_full_paper_grid_800_asian_call_step_robust/model_artifacts/seed_1234/risk_cvar/proto_source_spot_delta_k_100_weighted_1_learnw_0,39.0,0.14500252861738483,val_loss,0.025117389857769012,0.21182599663734436,0.0002920560747663551,0.007009345794392523,1997.0,20.0,2.0,spot_delta,100.0,True,False,0.11719992756843567,0.35291674733161926
proto_source=spot_delta_k=100_weighted=1_learnw=0,val,1234,proto,-0.03631952032446861,0.04896068572998047,-0.18978287786245346,-0.1337799608707428,-0.17592337727546692,-0.019523954950273037,0.011270234733819927,0.8294392523364486,-0.037399422377347946,0.0017408388666808605,0.0006609372212551534,0.0503636971116066,0.20698317885398865,0.3071325123310089,1.0,0.0009929906542056075,0.0009929906542056075,0.0,0.007009345794392523,,,cvar,/Users/yaniszaim/deephedging/.deephedging_real_runs/final_paper_asian_panel/panel_sweeps/NVDA_full_paper_grid_800_asian_call_step_robust/model_artifacts/seed_1234/risk_cvar/proto_source_spot_delta_k_100_weighted_1_learnw_0,39.0,0.14500252861738483,val_loss,0.025117389857769012,0.21182599663734436,0.0002920560747663551,0.007009345794392523,428.0,20.0,2.0,spot_delta,100.0,True,False,0.11719992756843567,0.35291674733161926
proto_source=spot_delta_k=100_weighted=1_learnw=0,test,1234,proto,-0.03952132165431976,0.04599634185433388,-0.194065899848938,-0.12936557233333587,-0.166999951004982,-0.02482309378683567,0.008074291795492171,0.8624708624708625,-0.04086930677294731,0.0020089326426386833,0.000660946883726865,0.050127893686294556,0.2069837749004364,0.30795469880104065,1.0,0.00168997668997669,0.00168997668997669,0.0,0.011655011655011656,,,cvar,/Users/yaniszaim/deephedging/.deephedging_real_runs/final_paper_asian_panel/panel_sweeps/NVDA_full_paper_grid_800_asian_call_step_robust/model_artifacts/seed_1234/risk_cvar/proto_source_spot_delta_k_100_weighted_1_learnw_0,39.0,0.14500252861738483,val_loss,0.025117389857769012,0.21182599663734436,0.0002920560747663551,0.007009345794392523,429.0,20.0,2.0,spot_delta,100.0,True,False,0.11719992756843567,0.35291674733161926
proto_source=vanilla_k=10_weighted=0_learnw=0,train,1234,proto,-0.040331970900297165,0.05196177959442139,-0.23715256094932555,-0.145983749628067,-0.1929464191198349,-0.021926777437329292,0.006211072672158471,0.8848272408612919,-0.03915594145655632,0.0009841974824666977,0.0021602248307317495,0.04954454302787781,0.5155709981918335,0.2123885601758957,1.0,0.005933900851276915,0.0,0.005933900851276915,0.04556835252879319,,,cvar,/Users/yaniszaim/deephedging/.deephedging_real_runs/final_paper_asian_panel/panel_sweeps/NVDA_full_paper_grid_800_asian_call_step_robust/model_artifacts/seed_1234/risk_cvar/proto_source_vanilla_k_10_weighted_0_learnw_0,740.0,0.15167816978661675,val_loss,0.05719966068863869,0.2938624620437622,0.020268691588785047,0.25934579439252337,1997.0,20.0,2.0,vanilla,10.0,False,False,0.18527524173259735,0.5162273645401001
proto_source=vanilla_k=10_weighted=0_learnw=0,val,1234,proto,-0.03884948417544365,0.051756322383880615,-0.20113915100693702,-0.14596727564930914,-0.19119971990585327,-0.019004524685442448,0.009003681037574972,0.8808411214953271,-0.037399422377347946,0.0006673808675259352,0.002117440104484558,0.049389392137527466,0.5150833129882812,0.21301274001598358,1.0,0.0038551401869158877,0.0,0.0038551401869158877,0.037383177570093455,,,cvar,/Users/yaniszaim/deephedging/.deephedging_real_runs/final_paper_asian_panel/panel_sweeps/NVDA_full_paper_grid_800_asian_call_step_robust/model_artifacts/seed_1234/risk_cvar/proto_source_vanilla_k_10_weighted_0_learnw_0,740.0,0.15167816978661675,val_loss,0.05719966068863869,0.2938624620437622,0.020268691588785047,0.25934579439252337,428.0,20.0,2.0,vanilla,10.0,False,False,0.18527524173259735,0.5162273645401001
proto_source=vanilla_k=10_weighted=0_learnw=0,test,1234,proto,-0.04293832182884216,0.04999716952443123,-0.21178489923477173,-0.13604193925857544,-0.18093670904636383,-0.028269916772842407,0.0031254587229341247,0.916083916083916,-0.04086930677294731,7.5301926699467e-05,0.0021443176083266735,0.04937921091914177,0.515570342540741,0.2167203575372696,1.0,0.00675990675990676,0.0,0.00675990675990676,0.039627039627039624,,,cvar,/Users/yaniszaim/deephedging/.deephedging_real_runs/final_paper_asian_panel/panel_sweeps/NVDA_full_paper_grid_800_asian_call_step_robust/model_artifacts/seed_1234/risk_cvar/proto_source_vanilla_k_10_weighted_0_learnw_0,740.0,0.15167816978661675,val_loss,0.05719966068863869,0.2938624620437622,0.020268691588785047,0.25934579439252337,429.0,20.0,2.0,vanilla,10.0,False,False,0.18527524173259735,0.5162273645401001
proto_source=vanilla_k=10_weighted=1_learnw=0,train,1234,proto,-0.03926849365234375,0.04832565411925316,-0.20270680606365205,-0.1354280889034271,-0.1778344362974167,-0.023409727960824966,0.007260143570601938,0.8627941912869304,-0.03915594145655632,0.001967765623703599,0.0020803166553378105,0.06453157216310501,0.12936285138130188,0.2903463840484619,1.0,0.015322984476715073,0.013395092638958437,0.001927891837756635,0.45768652979469204,,,cvar,/Users/yaniszaim/deephedging/.deephedging_real_runs/final_paper_asian_panel/panel_sweeps/NVDA_full_paper_grid_800_asian_call_step_robust/model_artifacts/seed_1234/risk_cvar/proto_source_vanilla_k_10_weighted_1_learnw_0,20.0,0.15485482353160035,val_loss,0.06356749683618546,0.35855427384376526,0.06588785046728972,0.9836448598130841,1997.0,20.0,2.0,vanilla,10.0,True,False,0.12455336004495621,0.15619684755802155
proto_source=vanilla_k=10_weighted=1_learnw=0,val,1234,proto,-0.038679517805576324,0.047873206436634064,-0.20288832038640975,-0.1259556844830513,-0.1787881851196289,-0.02048928290605545,0.006321861664764559,0.8574766355140186,-0.037399422377347946,0.000796447682660073,0.002076544100418687,0.06451089680194855,0.1293628215789795,0.28716766834259033,1.0,0.011799065420560747,0.011273364485981308,0.0005257009345794393,0.39485981308411217,,,cvar,/Users/yaniszaim/deephedging/.deephedging_real_runs/final_paper_asian_panel/panel_sweeps/NVDA_full_paper_grid_800_asian_call_step_robust/model_artifacts/seed_1234/risk_cvar/proto_source_vanilla_k_10_weighted_1_learnw_0,20.0,0.15485482353160035,val_loss,0.06356749683618546,0.35855427384376526,0.06588785046728972,0.9836448598130841,428.0,20.0,2.0,vanilla,10.0,True,False,0.12455336004495621,0.15619684755802155
proto_source=vanilla_k=10_weighted=1_learnw=0,test,1234,proto,-0.041623033583164215,0.04706356301903725,-0.20099365055561066,-0.13322934210300444,-0.17180749773979187,-0.0248652882874012,0.006079411134123759,0.8904428904428905,-0.04086930677294731,0.0013304678723216057,0.0020841925870627165,0.0645870715379715,0.1293628215789795,0.2888891398906708,1.0,0.015093240093240094,0.013986013986013986,0.0011072261072261073,0.4825174825174825,,,cvar,/Users/yaniszaim/deephedging/.deephedging_real_runs/final_paper_asian_panel/panel_sweeps/NVDA_full_paper_grid_800_asian_call_step_robust/model_artifacts/seed_1234/risk_cvar/proto_source_vanilla_k_10_weighted_1_learnw_0,20.0,0.15485482353160035,val_loss,0.06356749683618546,0.35855427384376526,0.06588785046728972,0.9836448598130841,429.0,20.0,2.0,vanilla,10.0,True,False,0.12455336004495621,0.15619684755802155
proto_source=vanilla_k=25_weighted=0_learnw=0,train,1234,proto,-0.03770212084054947,0.04368935897946358,-0.19341097831726073,-0.12742244899272917,-0.16735239326953888,-0.020665965974330902,-0.00013314777170307996,0.9549323985978968,-0.03915594145655632,0.0017786894459277391,0.0003248667053412646,0.026290643960237503,0.24403873085975647,0.403972864151001,1.0,0.26065348022033047,0.26065348022033047,0.0,1.0,,,cvar,/Users/yaniszaim/deephedging/.deephedging_real_runs/final_paper_asian_panel/panel_sweeps/NVDA_full_paper_grid_800_asian_call_step_robust/model_artifacts/seed_1234/risk_cvar/proto_source_vanilla_k_25_weighted_0_learnw_0,214.0,0.17065697312938205,val_loss,0.028494136407971382,0.4170662760734558,0.2661799065420561,1.0,1997.0,20.0,2.0,vanilla,25.0,False,False,0.1134498193860054,0.24563002586364746
proto_source=vanilla_k=25_weighted=0_learnw=0,val,1234,proto,-0.035625703632831573,0.04406851530075073,-0.18445289328694342,-0.12472450584173202,-0.16613037884235382,-0.015042011626064777,0.0012032014259602823,0.9299065420560748,-0.037399422377347946,0.002106005558744073,0.00033228565007448196,0.026346759870648384,0.24404793977737427,0.4035223424434662,1.0,0.25870327102803736,0.25870327102803736,0.0,1.0,,,cvar,/Users/yaniszaim/deephedging/.deephedging_real_runs/final_paper_asian_panel/panel_sweeps/NVDA_full_paper_grid_800_asian_call_step_robust/model_artifacts/seed_1234/risk_cvar/proto_source_vanilla_k_25_weighted_0_learnw_0,214.0,0.17065697312938205,val_loss,0.028494136407971382,0.4170662760734558,0.2661799065420561,1.0,428.0,20.0,2.0,vanilla,25.0,False,False,0.1134498193860054,0.24563002586364746
proto_source=vanilla_k=25_weighted=0_learnw=0,test,1234,proto,-0.03936187922954559,0.04174773022532463,-0.18899069249629974,-0.11970431059598922,-0.15634308755397797,-0.024033885449171066,-0.0014982360647991316,0.9696969696969697,-0.04086930677294731,0.0018386340234428644,0.00033120805164799094,0.026338346302509308,0.24403488636016846,0.4035370945930481,1.0,0.2594988344988345,0.2594988344988345,0.0,1.0,,,cvar,/Users/yaniszaim/deephedging/.deephedging_real_runs/final_paper_asian_panel/panel_sweeps/NVDA_full_paper_grid_800_asian_call_step_robust/model_artifacts/seed_1234/risk_cvar/proto_source_vanilla_k_25_weighted_0_learnw_0,214.0,0.17065697312938205,val_loss,0.028494136407971382,0.4170662760734558,0.2661799065420561,1.0,429.0,20.0,2.0,vanilla,25.0,False,False,0.1134498193860054,0.24563002586364746
proto_source=vanilla_k=25_weighted=1_learnw=0,train,1234,proto,-0.0380244143307209,0.04672250151634216,-0.20475820422172547,-0.13355210721492766,-0.17580677568912506,-0.01945054717361927,0.0025531280320137727,0.8943415122684026,-0.03915594145655632,0.0018720588413998485,0.000740528164897114,0.033159732818603516,0.1295943409204483,0.340274453163147,1.0,0.049674511767651475,0.049674511767651475,0.0,1.0,,,cvar,/Users/yaniszaim/deephedging/.deephedging_real_runs/final_paper_asian_panel/panel_sweeps/NVDA_full_paper_grid_800_asian_call_step_robust/model_artifacts/seed_1234/risk_cvar/proto_source_vanilla_k_25_weighted_1_learnw_0,8.0,0.1545065508838569,val_loss,0.030768603086471558,0.36906421184539795,0.08411214953271028,1.0,1997.0,20.0,2.0,vanilla,25.0,True,False,0.12444353103637695,0.17924706637859344
proto_source=vanilla_k=25_weighted=1_learnw=0,val,1234,proto,-0.03653584420681,0.04652205854654312,-0.1957015587389469,-0.12407519929111004,-0.17354589700698853,-0.015355466399341822,0.003354621655307702,0.8785046728971962,-0.037399422377347946,0.0016045812517404556,0.0007410035468637943,0.0331493504345417,0.1295943260192871,0.34029853343963623,1.0,0.049707943925233644,0.049707943925233644,0.0,1.0,,,cvar,/Users/yaniszaim/deephedging/.deephedging_real_runs/final_paper_asian_panel/panel_sweeps/NVDA_full_paper_grid_800_asian_call_step_robust/model_artifacts/seed_1234/risk_cvar/proto_source_vanilla_k_25_weighted_1_learnw_0,8.0,0.1545065508838569,val_loss,0.030768603086471558,0.36906421184539795,0.08411214953271028,1.0,428.0,20.0,2.0,vanilla,25.0,True,False,0.12444353103637695,0.17924706637859344
proto_source=vanilla_k=25_weighted=1_learnw=0,test,1234,proto,-0.03963429480791092,0.044765669852495193,-0.1986813050508499,-0.1280905395746231,-0.1663089394569397,-0.022726571187376976,0.002354157669469712,0.9090909090909091,-0.04086930677294731,0.0019764171447604895,0.000741408031899482,0.03315473720431328,0.1295943558216095,0.3402957320213318,1.0,0.04965034965034965,0.04965034965034965,0.0,1.0,,,cvar,/Users/yaniszaim/deephedging/.deephedging_real_runs/final_paper_asian_panel/panel_sweeps/NVDA_full_paper_grid_800_asian_call_step_robust/model_artifacts/seed_1234/risk_cvar/proto_source_vanilla_k_25_weighted_1_learnw_0,8.0,0.1545065508838569,val_loss,0.030768603086471558,0.36906421184539795,0.08411214953271028,1.0,429.0,20.0,2.0,vanilla,25.0,True,False,0.12444353103637695,0.17924706637859344
proto_source=vanilla_k=50_weighted=0_learnw=0,train,1234,proto,-0.03777797147631645,0.04523646458983421,-0.20104728221893312,-0.12836623787879942,-0.17198866605758667,-0.0198739692568779,0.0015520811313763116,0.9183775663495243,-0.03915594145655632,0.001952521619386971,0.0005745471571572125,0.03034977801144123,0.10145173966884613,0.3842318654060364,1.0,0.16443415122684027,0.16443415122684027,0.0,1.0,,,cvar,/Users/yaniszaim/deephedging/.deephedging_real_runs/final_paper_asian_panel/panel_sweeps/NVDA_full_paper_grid_800_asian_call_step_robust/model_artifacts/seed_1234/risk_cvar/proto_source_vanilla_k_50_weighted_0_learnw_0,4.0,0.1637314021001596,val_loss,0.0292085949331522,0.3890238404273987,0.17488317757009345,1.0,1997.0,20.0,2.0,vanilla,50.0,False,False,0.11642308533191681,0.16808247566223145
proto_source=vanilla_k=50_weighted=0_learnw=0,val,1234,proto,-0.036335982382297516,0.045369308441877365,-0.18866089075803757,-0.12624817192554474,-0.16959716379642487,-0.015500918962061405,0.0009800007130252193,0.9205607476635514,-0.037399422377347946,0.0016389383235946298,0.000575500016566366,0.030335670337080956,0.10145106911659241,0.38439592719078064,1.0,0.16448598130841122,0.16448598130841122,0.0,1.0,,,cvar,/Users/yaniszaim/deephedging/.deephedging_real_runs/final_paper_asian_panel/panel_sweeps/NVDA_full_paper_grid_800_asian_call_step_robust/model_artifacts/seed_1234/risk_cvar/proto_source_vanilla_k_50_weighted_0_learnw_0,4.0,0.1637314021001596,val_loss,0.0292085949331522,0.3890238404273987,0.17488317757009345,1.0,428.0,20.0,2.0,vanilla,50.0,False,False,0.11642308533191681,0.16808247566223145
proto_source=vanilla_k=50_weighted=0_learnw=0,test,1234,proto,-0.03969596326351166,0.0430169515311718,-0.1911009097099304,-0.12368976920843125,-0.16033250093460083,-0.022962650284171104,0.0003406444215215641,0.9463869463869464,-0.04086930677294731,0.0017486150609329343,0.0005752707947976887,0.03034135140478611,0.10147075355052948,0.38430362939834595,1.0,0.1649184149184149,0.1649184149184149,0.0,1.0,,,cvar,/Users/yaniszaim/deephedging/.deephedging_real_runs/final_paper_asian_panel/panel_sweeps/NVDA_full_paper_grid_800_asian_call_step_robust/model_artifacts/seed_1234/risk_cvar/proto_source_vanilla_k_50_weighted_0_learnw_0,4.0,0.1637314021001596,val_loss,0.0292085949331522,0.3890238404273987,0.17488317757009345,1.0,429.0,20.0,2.0,vanilla,50.0,False,False,0.11642308533191681,0.16808247566223145
proto_source=vanilla_k=50_weighted=1_learnw=0,train,1234,proto,-0.0390486940741539,0.048711299896240234,-0.21226493656635284,-0.13734345138072968,-0.1819978952407837,-0.019915327429771423,-8.44906549900775e-05,0.957436154231347,-0.03915594145655632,0.000538226799108088,0.00043097560410387814,0.01194452028721571,0.11958548426628113,0.11560206860303879,0.7708157300949097,0.0,0.0,0.0,0.0,,,cvar,/Users/yaniszaim/deephedging/.deephedging_real_runs/final_paper_asian_panel/panel_sweeps/NVDA_full_paper_grid_800_asian_call_step_robust/model_artifacts/seed_1234/risk_cvar/proto_source_vanilla_k_50_weighted_1_learnw_0,35.0,0.156100478874798,val_loss,0.029283979907631874,0.3765281140804291,0.10420560747663551,0.9135514018691588,1997.0,20.0,2.0,vanilla,50.0,True,False,0.11152655631303787,0.17091992497444153
proto_source=vanilla_k=50_weighted=1_learnw=0,val,1234,proto,-0.037315208464860916,0.04878245294094086,-0.20018575280904768,-0.13292861729860306,-0.17998959124088287,-0.014150210190564394,3.94030968891455e-05,0.9439252336448598,-0.037399422377347946,0.0005223185871727765,0.0004381044418551028,0.01201537437736988,0.11958540230989456,0.11493909358978271,0.7182896137237549,0.0,0.0,0.0,0.0,,,cvar,/Users/yaniszaim/deephedging/.deephedging_real_runs/final_paper_asian_panel/panel_sweeps/NVDA_full_paper_grid_800_asian_call_step_robust/model_artifacts/seed_1234/risk_cvar/proto_source_vanilla_k_50_weighted_1_learnw_0,35.0,0.156100478874798,val_loss,0.029283979907631874,0.3765281140804291,0.10420560747663551,0.9135514018691588,428.0,20.0,2.0,vanilla,50.0,True,False,0.11152655631303787,0.17091992497444153
proto_source=vanilla_k=50_weighted=1_learnw=0,test,1234,proto,-0.04069967567920685,0.04687478020787239,-0.20607071459293363,-0.13268475830554963,-0.17106777429580688,-0.025302475318312645,-0.00013751271762885218,0.9603729603729604,-0.04086930677294731,0.0006078316364437342,0.000438201503129676,0.012193683534860611,0.1195855364203453,0.11698179692029953,0.6542568802833557,0.0,0.0,0.0,0.0,,,cvar,/Users/yaniszaim/deephedging/.deephedging_real_runs/final_paper_asian_panel/panel_sweeps/NVDA_full_paper_grid_800_asian_call_step_robust/model_artifacts/seed_1234/risk_cvar/proto_source_vanilla_k_50_weighted_1_learnw_0,35.0,0.156100478874798,val_loss,0.029283979907631874,0.3765281140804291,0.10420560747663551,0.9135514018691588,429.0,20.0,2.0,vanilla,50.0,True,False,0.11152655631303787,0.17091992497444153
proto_source=vanilla_k=100_weighted=0_learnw=0,train,1234,proto,-0.04393842816352844,0.05070102959871292,-0.2221103888750076,-0.14574880599975587,-0.19522395730018616,-0.028475889936089516,0.00687377490103242,0.8913370055082624,-0.03915594145655632,0.001586363883689046,0.006368847563862801,0.09522665292024612,1.0,0.3861164450645447,1.0,0.0849399098647972,0.08492739108662994,1.2518778167250876e-05,0.85628442663996,,,cvar,/Users/yaniszaim/deephedging/.deephedging_real_runs/final_paper_asian_panel/panel_sweeps/NVDA_full_paper_grid_800_asian_call_step_robust/model_artifacts/seed_1234/risk_cvar/proto_source_vanilla_k_100_weighted_0_learnw_0,292.0,0.16464076425880192,val_loss,0.08720474690198898,0.42854809761047363,0.13125,0.9485981308411215,1997.0,20.0,2.0,vanilla,100.0,False,False,0.18482980132102966,1.0098410844802856
proto_source=vanilla_k=100_weighted=0_learnw=0,val,1234,proto,-0.042182233184576035,0.051411986351013184,-0.22263374984264372,-0.14525189325213433,-0.19489827752113342,-0.024061618372797966,0.008764681825414282,0.8855140186915887,-0.037399422377347946,0.0015809257747605443,0.0063637359999120235,0.09482120722532272,1.0,0.3833135664463043,1.0,0.08820093457943926,0.08814252336448598,5.841121495327103e-05,0.8434579439252337,,,cvar,/Users/yaniszaim/deephedging/.deephedging_real_runs/final_paper_asian_panel/panel_sweeps/NVDA_full_paper_grid_800_asian_call_step_robust/model_artifacts/seed_1234/risk_cvar/proto_source_vanilla_k_100_weighted_0_learnw_0,292.0,0.16464076425880192,val_loss,0.08720474690198898,0.42854809761047363,0.13125,0.9485981308411215,428.0,20.0,2.0,vanilla,100.0,False,False,0.18482980132102966,1.0098410844802856
proto_source=vanilla_k=100_weighted=0_learnw=0,test,1234,proto,-0.04494694992899895,0.047336068004369736,-0.20521666765213012,-0.14048057794570923,-0.17780429124832153,-0.03160247951745987,0.0030809348449110925,0.916083916083916,-0.04086930677294731,0.002259271452203393,0.006336917635053396,0.09455615282058716,0.9983355402946472,0.38267141580581665,1.0,0.08706293706293707,0.08706293706293707,0.0,0.8531468531468531,,,cvar,/Users/yaniszaim/deephedging/.deephedging_real_runs/final_paper_asian_panel/panel_sweeps/NVDA_full_paper_grid_800_asian_call_step_robust/model_artifacts/seed_1234/risk_cvar/proto_source_vanilla_k_100_weighted_0_learnw_0,292.0,0.16464076425880192,val_loss,0.08720474690198898,0.42854809761047363,0.13125,0.9485981308411215,429.0,20.0,2.0,vanilla,100.0,False,False,0.18482980132102966,1.0098410844802856
proto_source=vanilla_k=100_weighted=1_learnw=0,train,1234,proto,-0.038930151611566544,0.047959256917238235,-0.21351031303405762,-0.13706783950328827,-0.1810224950313568,-0.0193778108805418,0.0012797868344932761,0.9198798197295944,-0.03915594145655632,0.0008488059975206852,0.0006230187718756497,0.01867612637579441,0.8675919771194458,0.2636844515800476,1.0,0.00200300450676014,0.0,0.00200300450676014,0.00801201802704056,,,cvar,/Users/yaniszaim/deephedging/.deephedging_real_runs/final_paper_asian_panel/panel_sweeps/NVDA_full_paper_grid_800_asian_call_step_robust/model_artifacts/seed_1234/risk_cvar/proto_source_vanilla_k_100_weighted_1_learnw_0,181.0,0.14889722669819178,val_loss,0.02201433666050434,0.32607200741767883,0.0017523364485981308,0.004672897196261682,1997.0,20.0,2.0,vanilla,100.0,True,False,0.1528235226869583,0.8775795102119446
proto_source=vanilla_k=100_weighted=1_learnw=0,val,1234,proto,-0.03710918501019478,0.04834701865911484,-0.2017801037430763,-0.13091869354248048,-0.18077638745307922,-0.014323676470667124,0.001544359087711199,0.8808411214953271,-0.037399422377347946,0.0009125864016823471,0.0006223480449989438,0.01832103542983532,0.8530921936035156,0.2570459842681885,1.0,0.001810747663551402,0.0,0.001810747663551402,0.007009345794392523,,,cvar,/Users/yaniszaim/deephedging/.deephedging_real_runs/final_paper_asian_panel/panel_sweeps/NVDA_full_paper_grid_800_asian_call_step_robust/model_artifacts/seed_1234/risk_cvar/proto_source_vanilla_k_100_weighted_1_learnw_0,181.0,0.14889722669819178,val_loss,0.02201433666050434,0.32607200741767883,0.0017523364485981308,0.004672897196261682,428.0,20.0,2.0,vanilla,100.0,True,False,0.1528235226869583,0.8775795102119446
proto_source=vanilla_k=100_weighted=1_learnw=0,test,1234,proto,-0.04047832265496254,0.04645421355962753,-0.21053183376789092,-0.13239822387695313,-0.17031005024909973,-0.024193843826651573,0.0006016276893205924,0.9324009324009324,-0.04086930677294731,0.0010112145682796836,0.0006202302756719291,0.018467631191015244,0.8551514148712158,0.2605118453502655,1.0,0.0013986013986013986,0.0,0.0013986013986013986,0.004662004662004662,,,cvar,/Users/yaniszaim/deephedging/.deephedging_real_runs/final_paper_asian_panel/panel_sweeps/NVDA_full_paper_grid_800_asian_call_step_robust/model_artifacts/seed_1234/risk_cvar/proto_source_vanilla_k_100_weighted_1_learnw_0,181.0,0.14889722669819178,val_loss,0.02201433666050434,0.32607200741767883,0.0017523364485981308,0.004672897196261682,429.0,20.0,2.0,vanilla,100.0,True,False,0.1528235226869583,0.8775795102119446
unhedged,train,2345,baseline,-0.03965724632143974,0.05095252767205238,-0.22123562335968017,-0.14345388412475585,-0.18911607563495636,-0.01981353759765625,0.0,0.6384576865297947,-0.03965724632143974,0.0,0.0,0.0,0.0,0.0,0.0,0.0,0.0,0.0,0.0,,,,,,,,,,,,,,,,,,,,
spot_delta,train,2345,baseline,-0.03905804827809334,0.04897404462099075,-0.21044841527938843,-0.13435525000095366,-0.17994807660579681,-0.024170106276869774,0.009997524134814736,0.8367551326990486,-0.03965724632143974,0.000775920576415956,0.0001767247886164114,0.021934282034635544,0.7022129893302917,0.26351022720336914,0.7022129893302917,0.0,0.0,0.0,0.0,,,,,,,,,,,,,,,,,,,,
spot_delta_band,train,2345,baseline,-0.03892086073756218,0.04879296198487282,-0.20848836719989777,-0.1328997254371643,-0.17984694242477417,-0.023887882009148598,0.009198874048888655,0.8347521281922884,-0.03965724632143974,0.0008758556796237826,0.00013947382103651762,0.017358703538775444,0.6922129988670349,0.2628559470176697,0.6922129988670349,0.0,0.0,0.0,0.0,0.01,gains_mean,,,,,,,,,,,,,,,,,,
unhedged,val,2345,baseline,-0.0410730205476284,0.05097931623458862,-0.20873844981193543,-0.13762208223342895,-0.1841946691274643,-0.02245497703552246,-0.0,0.6588785046728972,-0.0410730205476284,0.0,0.0,0.0,0.0,0.0,0.0,0.0,0.0,0.0,0.0,,,,,,,,,,,,,,,,,,,,
spot_delta,val,2345,baseline,-0.039396725594997406,0.049270614981651306,-0.21114406764507293,-0.13692229613661766,-0.17930863797664642,-0.02803344465792179,0.013020476978272195,0.8200934579439252,-0.0410730205476284,0.0018535982817411423,0.0001773076510289684,0.02195989340543747,0.6559969782829285,0.26371872425079346,0.7022129893302917,0.0,0.0,0.0,0.0,,,,,,,,,,,,,,,,,,,,
spot_delta_band,val,2345,baseline,-0.03935805708169937,0.04901636019349098,-0.20961438059806822,-0.13877275884151458,-0.1787591278553009,-0.027335629798471928,0.012453812453895806,0.822429906542056,-0.0410730205476284,0.001855539157986641,0.0001405808434356004,0.017459968104958534,0.6459969878196716,0.26303619146347046,0.6922129988670349,0.0,0.0,0.0,0.0,0.01,gains_mean,,,,,,,,,,,,,,,,,,
unhedged,test,2345,baseline,-0.03487071022391319,0.04848552122712135,-0.19882487773895263,-0.1352754831314087,-0.1777271330356598,-0.01122283935546875,-0.0,0.585081585081585,-0.03487071022391319,0.0,0.0,0.0,0.0,0.0,0.0,0.0,0.0,0.0,0.0,,,,,,,,,,,,,,,,,,,,
spot_delta,test,2345,baseline,-0.033447571098804474,0.04674213007092476,-0.1926022356748581,-0.12662824392318725,-0.17098812758922577,-0.01728273741900921,0.013277361169457417,0.7878787878787878,-0.03487071022391319,0.0016013938002288342,0.0001782535546226427,0.022183183580636978,0.5986350178718567,0.26366350054740906,0.7022129893302917,0.0,0.0,0.0,0.0,,,,,,,,,,,,,,,,,,,,
spot_delta_band,test,2345,baseline,-0.0333796888589859,0.0465613417327404,-0.19091967701911927,-0.12732957899570466,-0.17049381136894226,-0.01719891093671322,0.012981876730918872,0.7902097902097902,-0.03487071022391319,0.0016318437410518527,0.00014082324923947453,0.017560800537467003,0.5886350274085999,0.26304197311401367,0.6922129988670349,0.0,0.0,0.0,0.0,0.01,gains_mean,,,,,,,,,,,,,,,,,,
vanilla,train,2345,vanilla,-0.04044093191623688,0.04625739902257919,-0.20672930598258973,-0.13391250967979432,-0.17738589644432068,-0.021659526973962784,1.8176157027482448e-05,0.9494241362043064,-0.03965724632143974,0.0018177343299612403,0.002601422369480133,0.05000000447034836,0.45851367712020874,0.7532484531402588,1.0,0.475,0.025,0.45,1.0,,,cvar,/Users/yaniszaim/deephedging/.deephedging_real_runs/final_paper_asian_panel/panel_sweeps/NVDA_full_paper_grid_800_asian_call_step_robust/model_artifacts/seed_2345/risk_cvar/vanilla,71.0,0.20887456145137545,val_loss,0.05000000447034836,0.7560153007507324,0.475,1.0,1997.0,20.0,2.0,,,,,,
vanilla,val,2345,vanilla,-0.041932880878448486,0.04571500048041344,-0.19468266278505325,-0.13119269013404847,-0.17103096842765808,-0.02644666377454996,-0.0011692466679960492,0.985981308411215,-0.0410730205476284,0.001745735527947545,0.002605599584057927,0.05000000074505806,0.4579467475414276,0.7532564401626587,1.0,0.475,0.025,0.45,1.0,,,cvar,/Users/yaniszaim/deephedging/.deephedging_real_runs/final_paper_asian_panel/panel_sweeps/NVDA_full_paper_grid_800_asian_call_step_robust/model_artifacts/seed_2345/risk_cvar/vanilla,71.0,0.20887456145137545,val_loss,0.05000000447034836,0.7560153007507324,0.475,1.0,428.0,20.0,2.0,,,,,,
vanilla,test,2345,vanilla,-0.036085084080696106,0.04344107210636139,-0.18367568373680115,-0.1311374932527542,-0.16536524891853333,-0.01627456396818161,-0.00014103800058364897,0.951048951048951,-0.03487071022391319,0.0013851658441126347,0.0025995385367423296,0.05000000074505806,0.45793965458869934,0.7532223463058472,1.0,0.475,0.025,0.45,1.0,,,cvar,/Users/yaniszaim/deephedging/.deephedging_real_runs/final_paper_asian_panel/panel_sweeps/NVDA_full_paper_grid_800_asian_call_step_robust/model_artifacts/seed_2345/risk_cvar/vanilla,71.0,0.20887456145137545,val_loss,0.05000000447034836,0.7560153007507324,0.475,1.0,429.0,20.0,2.0,,,,,,
proto_source=spot_delta_k=10_weighted=0_learnw=0,train,2345,proto,-0.03716279938817024,0.05901917442679405,-0.21970373153686523,-0.12916235029697418,-0.20064015686511993,-0.02434096857905388,0.012845859304070444,0.8332498748122183,-0.03965724632143974,0.003802249440923333,0.0013078023912385106,0.045104894787073135,0.8672714233398438,0.5257492065429688,1.0,0.2635077616424637,0.25842513770655984,0.005082623935903856,0.900851276915373,,,cvar,/Users/yaniszaim/deephedging/.deephedging_real_runs/final_paper_asian_panel/panel_sweeps/NVDA_full_paper_grid_800_asian_call_step_robust/model_artifacts/seed_2345/risk_cvar/proto_source_spot_delta_k_10_weighted_0_learnw_0,798.0,0.16274061599102255,val_loss,0.057368360459804535,0.43620726466178894,0.14649532710280375,0.7733644859813084,1997.0,20.0,2.0,spot_delta,10.0,False,False,0.2826554477214813,0.925913393497467
proto_source=spot_delta_k=10_weighted=0_learnw=0,val,2345,proto,-0.039427515119314194,0.06620382517576218,-0.25046134531497954,-0.13288693577051164,-0.21729522943496704,-0.028499457985162735,0.012081191455945363,0.8364485981308412,-0.0410730205476284,0.0029697278514504433,0.0013242297573015094,0.04535941034555435,0.8672714233398438,0.5244044661521912,1.0,0.2581191588785047,0.25391355140186916,0.004205607476635514,0.8925233644859814,,,cvar,/Users/yaniszaim/deephedging/.deephedging_real_runs/final_paper_asian_panel/panel_sweeps/NVDA_full_paper_grid_800_asian_call_step_robust/model_artifacts/seed_2345/risk_cvar/proto_source_spot_delta_k_10_weighted_0_learnw_0,798.0,0.16274061599102255,val_loss,0.057368360459804535,0.43620726466178894,0.14649532710280375,0.7733644859813084,428.0,20.0,2.0,spot_delta,10.0,False,False,0.2826554477214813,0.925913393497467
proto_source=spot_delta_k=10_weighted=0_learnw=0,test,2345,proto,-0.03434987738728523,0.05072474852204323,-0.2094616138935089,-0.12627285122871398,-0.19592580199241638,-0.018579691648483276,0.01142624281346793,0.8065268065268065,-0.03487071022391319,0.0017887495923787355,0.001267916290089488,0.04426971822977066,0.8672714233398438,0.5206025242805481,1.0,0.2594988344988345,0.2545454545454545,0.004953379953379953,0.9044289044289044,,,cvar,/Users/yaniszaim/deephedging/.deephedging_real_runs/final_paper_asian_panel/panel_sweeps/NVDA_full_paper_grid_800_asian_call_step_robust/model_artifacts/seed_2345/risk_cvar/proto_source_spot_delta_k_10_weighted_0_learnw_0,798.0,0.16274061599102255,val_loss,0.057368360459804535,0.43620726466178894,0.14649532710280375,0.7733644859813084,429.0,20.0,2.0,spot_delta,10.0,False,False,0.2826554477214813,0.925913393497467
proto_source=spot_delta_k=10_weighted=1_learnw=0,train,2345,proto,-0.0406346432864666,0.0517057403922081,-0.22639279544353486,-0.14349093437194824,-0.19536139070987701,-0.021526960656046867,0.0015436128946021146,0.8893340010015023,-0.03965724632143974,0.0004540832305792719,0.001431482145562768,0.024675611406564713,1.0968010425567627,0.20394276082515717,1.0,0.0020655983975963947,0.0016900350525788682,0.0003755633450175263,0.02303455182774161,,,cvar,/Users/yaniszaim/deephedging/.deephedging_real_runs/final_paper_asian_panel/panel_sweeps/NVDA_full_paper_grid_800_asian_call_step_robust/model_artifacts/seed_2345/risk_cvar/proto_source_spot_delta_k_10_weighted_1_learnw_0,705.0,0.1573994384333491,val_loss,0.030126474797725677,0.2776320278644562,0.00625,0.14485981308411214,1997.0,20.0,2.0,spot_delta,10.0,True,False,0.4232797622680664,1.2717361450195312
proto_source=spot_delta_k=10_weighted=1_learnw=0,val,2345,proto,-0.042279839515686035,0.05185636878013611,-0.2239705181121826,-0.13897847831249235,-0.19088710844516754,-0.024193868041038513,0.0012764512619469288,0.9088785046728972,-0.0410730205476284,0.00022370668011717498,0.0014305287040770054,0.024394450709223747,1.0970356464385986,0.20163562893867493,1.0,0.0012850467289719626,0.0008177570093457944,0.00046728971962616824,0.016355140186915886,,,cvar,/Users/yaniszaim/deephedging/.deephedging_real_runs/final_paper_asian_panel/panel_sweeps/NVDA_full_paper_grid_800_asian_call_step_robust/model_artifacts/seed_2345/risk_cvar/proto_source_spot_delta_k_10_weighted_1_learnw_0,705.0,0.1573994384333491,val_loss,0.030126474797725677,0.2776320278644562,0.00625,0.14485981308411214,428.0,20.0,2.0,spot_delta,10.0,True,False,0.4232797622680664,1.2717361450195312
proto_source=spot_delta_k=10_weighted=1_learnw=0,test,2345,proto,-0.036192476749420166,0.049105968326330185,-0.20350147306919097,-0.1421692430973053,-0.18205410242080688,-0.011779261752963066,0.0013337007490918037,0.8997668997668997,-0.03487071022391319,9.532609692541882e-05,0.0014170913491398096,0.024527961388230324,1.0970139503479004,0.20477768778800964,1.0,0.0018648018648018648,0.0017482517482517483,0.00011655011655011655,0.016317016317016316,,,cvar,/Users/yaniszaim/deephedging/.deephedging_real_runs/final_paper_asian_panel/panel_sweeps/NVDA_full_paper_grid_800_asian_call_step_robust/model_artifacts/seed_2345/risk_cvar/proto_source_spot_delta_k_10_weighted_1_learnw_0,705.0,0.1573994384333491,val_loss,0.030126474797725677,0.2776320278644562,0.00625,0.14485981308411214,429.0,20.0,2.0,spot_delta,10.0,True,False,0.4232797622680664,1.2717361450195312
proto_source=spot_delta_k=25_weighted=0_learnw=0,train,2345,proto,-0.038389597088098526,0.045496828854084015,-0.20362072169780732,-0.1284189850091934,-0.17266006767749786,-0.01972253993153572,0.0007603453239425972,0.9339008512769154,-0.03965724632143974,0.0014790627174079418,0.00021141517208889127,0.019340503960847855,0.11719772219657898,0.30464497208595276,0.8156290650367737,0.0,0.0,0.0,0.0,,,cvar,/Users/yaniszaim/deephedging/.deephedging_real_runs/final_paper_asian_panel/panel_sweeps/NVDA_full_paper_grid_800_asian_call_step_robust/model_artifacts/seed_2345/risk_cvar/proto_source_spot_delta_k_25_weighted_0_learnw_0,21.0,0.15393610269762575,val_loss,0.018998058512806892,0.22872133553028107,0.0,0.0,1997.0,20.0,2.0,spot_delta,25.0,False,False,0.09715253114700317,0.22256048023700714
proto_source=spot_delta_k=25_weighted=0_learnw=0,val,2345,proto,-0.03969978913664818,0.04533890634775162,-0.1899380752444267,-0.1253269322216511,-0.16797107458114624,-0.021032080985605717,0.0004958913254085907,0.9439252336448598,-0.0410730205476284,0.001585281570442021,0.00021205459779594094,0.01936589740216732,0.1169503927230835,0.3047869801521301,0.8138517737388611,0.0,0.0,0.0,0.0,,,cvar,/Users/yaniszaim/deephedging/.deephedging_real_runs/final_paper_asian_panel/panel_sweeps/NVDA_full_paper_grid_800_asian_call_step_robust/model_artifacts/seed_2345/risk_cvar/proto_source_spot_delta_k_25_weighted_0_learnw_0,21.0,0.15393610269762575,val_loss,0.018998058512806892,0.22872133553028107,0.0,0.0,428.0,20.0,2.0,spot_delta,25.0,False,False,0.09715253114700317,0.22256048023700714
proto_source=spot_delta_k=25_weighted=0_learnw=0,test,2345,proto,-0.03417660668492317,0.043676529079675674,-0.18343671441078185,-0.12648978233337402,-0.1645248532295227,-0.013746170327067375,0.0016224683029577084,0.9137529137529138,-0.03487071022391319,0.0009051321540027857,0.0002110286441165954,0.01936735212802887,0.11694997549057007,0.30483803153038025,0.8123447895050049,0.0,0.0,0.0,0.0,,,cvar,/Users/yaniszaim/deephedging/.deephedging_real_runs/final_paper_asian_panel/panel_sweeps/NVDA_full_paper_grid_800_asian_call_step_robust/model_artifacts/seed_2345/risk_cvar/proto_source_spot_delta_k_25_weighted_0_learnw_0,21.0,0.15393610269762575,val_loss,0.018998058512806892,0.22872133553028107,0.0,0.0,429.0,20.0,2.0,spot_delta,25.0,False,False,0.09715253114700317,0.22256048023700714
proto_source=spot_delta_k=25_weighted=1_learnw=0,train,2345,proto,-0.03829241171479225,0.04510960355401039,-0.20218296825885773,-0.12913159430027008,-0.17149589955806732,-0.01993081159889698,0.0013303651241585604,0.9208813219829745,-0.03965724632143974,0.0016283071599900723,0.00026347493985667825,0.022046048194169998,0.17477869987487793,0.3574278950691223,0.9840863347053528,0.0,0.0,0.0,0.0,,,cvar,/Users/yaniszaim/deephedging/.deephedging_real_runs/final_paper_asian_panel/panel_sweeps/NVDA_full_paper_grid_800_asian_call_step_robust/model_artifacts/seed_2345/risk_cvar/proto_source_spot_delta_k_25_weighted_1_learnw_0,93.0,0.15308139481581748,val_loss,0.021714942529797554,0.2591061294078827,0.0,0.0,1997.0,20.0,2.0,spot_delta,25.0,True,False,0.1164056658744812,0.22248651087284088
proto_source=spot_delta_k=25_weighted=1_learnw=0,val,2345,proto,-0.039577361196279526,0.04502053186297417,-0.1908147694170475,-0.12962181828916072,-0.16845597326755524,-0.02147128339856863,0.0014540598320309066,0.927570093457944,-0.0410730205476284,0.0017606549663469195,0.0002649949165061116,0.022071801126003265,0.14900869131088257,0.357360303401947,0.9764227867126465,0.0,0.0,0.0,0.0,,,cvar,/Users/yaniszaim/deephedging/.deephedging_real_runs/final_paper_asian_panel/panel_sweeps/NVDA_full_paper_grid_800_asian_call_step_robust/model_artifacts/seed_2345/risk_cvar/proto_source_spot_delta_k_25_weighted_1_learnw_0,93.0,0.15308139481581748,val_loss,0.021714942529797554,0.2591061294078827,0.0,0.0,428.0,20.0,2.0,spot_delta,25.0,True,False,0.1164056658744812,0.22248651087284088
proto_source=spot_delta_k=25_weighted=1_learnw=0,test,2345,proto,-0.03417956829071045,0.043148223310709,-0.18355320155620575,-0.12661062777042387,-0.16350099444389343,-0.015422571450471878,0.0025071327108889766,0.8974358974358975,-0.03487071022391319,0.0009540113969705999,0.00026286946376785636,0.022051233798265457,0.14881223440170288,0.35699400305747986,0.9851703643798828,0.0,0.0,0.0,0.0,,,cvar,/Users/yaniszaim/deephedging/.deephedging_real_runs/final_paper_asian_panel/panel_sweeps/NVDA_full_paper_grid_800_asian_call_step_robust/model_artifacts/seed_2345/risk_cvar/proto_source_spot_delta_k_25_weighted_1_learnw_0,93.0,0.15308139481581748,val_loss,0.021714942529797554,0.2591061294078827,0.0,0.0,429.0,20.0,2.0,spot_delta,25.0,True,False,0.1164056658744812,0.22248651087284088
proto_source=spot_delta_k=50_weighted=0_learnw=0,train,2345,proto,-0.04289647936820984,0.055747855454683304,-0.23352869629859924,-0.1555296301841736,-0.20129144191741943,-0.024463573470711708,0.006499186903238295,0.7991987981972959,-0.03965724632143974,-0.0014149732887744904,0.0018242602236568928,0.03975028544664383,0.509674072265625,0.34384843707084656,1.0,0.06360791186780171,0.0,0.06360791186780171,0.5317976965448172,,,cvar,/Users/yaniszaim/deephedging/.deephedging_real_runs/final_paper_asian_panel/panel_sweeps/NVDA_full_paper_grid_800_asian_call_step_robust/model_artifacts/seed_2345/risk_cvar/proto_source_spot_delta_k_50_weighted_0_learnw_0,56.0,0.17214344107189053,val_loss,0.055833276361227036,0.6186186671257019,0.18049065420560748,0.9299065420560748,1997.0,20.0,2.0,spot_delta,50.0,False,False,0.2679204046726227,0.6500735878944397
proto_source=spot_delta_k=50_weighted=0_learnw=0,val,2345,proto,-0.04411593824625015,0.056662194430828094,-0.22675885409116744,-0.15189402624964715,-0.19957496225833893,-0.02708951011300087,0.007110658916644751,0.7757009345794392,-0.0410730205476284,-0.001252038637176156,0.0017908846493810415,0.03901008516550064,0.29141390323638916,0.33494582772254944,1.0,0.05987149532710281,0.0,0.05987149532710281,0.5186915887850467,,,cvar,/Users/yaniszaim/deephedging/.deephedging_real_runs/final_paper_asian_panel/panel_sweeps/NVDA_full_paper_grid_800_asian_call_step_robust/model_artifacts/seed_2345/risk_cvar/proto_source_spot_delta_k_50_weighted_0_learnw_0,56.0,0.17214344107189053,val_loss,0.055833276361227036,0.6186186671257019,0.18049065420560748,0.9299065420560748,428.0,20.0,2.0,spot_delta,50.0,False,False,0.2679204046726227,0.6500735878944397
proto_source=spot_delta_k=50_weighted=0_learnw=0,test,2345,proto,-0.03800325095653534,0.053938426077365875,-0.21964313447475434,-0.1465516209602356,-0.19353047013282776,-0.01594662480056286,0.007161014154553411,0.7692307692307693,-0.03487071022391319,-0.0013185356510803103,0.0018140029860660434,0.03966492414474487,0.20799335837364197,0.34239840507507324,1.0,0.061888111888111885,0.0,0.061888111888111885,0.5198135198135199,,,cvar,/Users/yaniszaim/deephedging/.deephedging_real_runs/final_paper_asian_panel/panel_sweeps/NVDA_full_paper_grid_800_asian_call_step_robust/model_artifacts/seed_2345/risk_cvar/proto_source_spot_delta_k_50_weighted_0_learnw_0,56.0,0.17214344107189053,val_loss,0.055833276361227036,0.6186186671257019,0.18049065420560748,0.9299065420560748,429.0,20.0,2.0,spot_delta,50.0,False,False,0.2679204046726227,0.6500735878944397
proto_source=spot_delta_k=50_weighted=1_learnw=0,train,2345,proto,-0.038222502917051315,0.0450671948492527,-0.19595187723636628,-0.1287017583847046,-0.16984093189239502,-0.0211588554084301,0.0032742963172495304,0.900851276915373,-0.03965724632143974,0.0017880101222544909,0.00035326709621585906,0.03850555047392845,0.12244421243667603,0.3458388149738312,1.0,2.5037556334501753e-05,2.5037556334501753e-05,0.0,0.00100150225338007,,,cvar,/Users/yaniszaim/deephedging/.deephedging_real_runs/final_paper_asian_panel/panel_sweeps/NVDA_full_paper_grid_800_asian_call_step_robust/model_artifacts/seed_2345/risk_cvar/proto_source_spot_delta_k_50_weighted_1_learnw_0,31.0,0.15376594253815712,val_loss,0.022932427003979683,0.23688209056854248,0.0,0.0,1997.0,20.0,2.0,spot_delta,50.0,True,False,0.08235301822423935,0.21324202418327332
proto_source=spot_delta_k=50_weighted=1_learnw=0,val,2345,proto,-0.039027389138936996,0.04432925581932068,-0.19147699296474457,-0.12288868315517902,-0.16593873500823975,-0.02352441381663084,0.0016238272946793532,0.9205607476635514,-0.0410730205476284,0.0023959192913025618,0.0003502948966342956,0.03813833370804787,0.12218135595321655,0.34516629576683044,1.0,0.00011682242990654206,0.00011682242990654206,0.0,0.004672897196261682,,,cvar,/Users/yaniszaim/deephedging/.deephedging_real_runs/final_paper_asian_panel/panel_sweeps/NVDA_full_paper_grid_800_asian_call_step_robust/model_artifacts/seed_2345/risk_cvar/proto_source_spot_delta_k_50_weighted_1_learnw_0,31.0,0.15376594253815712,val_loss,0.022932427003979683,0.23688209056854248,0.0,0.0,428.0,20.0,2.0,spot_delta,50.0,True,False,0.08235301822423935,0.21324202418327332
proto_source=spot_delta_k=50_weighted=1_learnw=0,test,2345,proto,-0.034215718507766724,0.0425107441842556,-0.18284780263900757,-0.12251894623041153,-0.16253140568733215,-0.01638074964284897,0.0026896290015429158,0.9090909090909091,-0.03487071022391319,0.0010058426996693015,0.0003508486261125654,0.038392841815948486,0.1223025918006897,0.3463802933692932,0.9898891448974609,0.0,0.0,0.0,0.0,,,cvar,/Users/yaniszaim/deephedging/.deephedging_real_runs/final_paper_asian_panel/panel_sweeps/NVDA_full_paper_grid_800_asian_call_step_robust/model_artifacts/seed_2345/risk_cvar/proto_source_spot_delta_k_50_weighted_1_learnw_0,31.0,0.15376594253815712,val_loss,0.022932427003979683,0.23688209056854248,0.0,0.0,429.0,20.0,2.0,spot_delta,50.0,True,False,0.08235301822423935,0.21324202418327332
proto_source=spot_delta_k=100_weighted=0_learnw=0,train,2345,proto,-0.0412970669567585,0.057097021490335464,-0.2438839268684387,-0.15650329291820525,-0.2077471762895584,-0.021350273862481117,0.0077061128802597524,0.700550826239359,-0.03965724632143974,-0.0011453727493062615,0.0004944479442201555,0.019487589597702026,0.37561559677124023,0.3027184307575226,1.0,0.010741111667501252,0.0,0.010741111667501252,0.07811717576364546,,,cvar,/Users/yaniszaim/deephedging/.deephedging_real_runs/final_paper_asian_panel/panel_sweeps/NVDA_full_paper_grid_800_asian_call_step_robust/model_artifacts/seed_2345/risk_cvar/proto_source_spot_delta_k_100_weighted_0_learnw_0,51.0,0.15137716607564936,val_loss,0.028544340282678604,0.2777059078216553,0.0033878504672897195,0.06542056074766354,1997.0,20.0,2.0,spot_delta,100.0,False,False,0.1287470906972885,0.5863445401191711
proto_source=spot_delta_k=100_weighted=0_learnw=0,val,2345,proto,-0.043016113340854645,0.056833650916814804,-0.22416935339570046,-0.15284656137228012,-0.2015712857246399,-0.023419905453920364,0.007768566091544919,0.7313084112149533,-0.0410730205476284,-0.001441728207282722,0.0005013665650039911,0.01965966634452343,0.10578370094299316,0.30765098333358765,1.0,0.012616822429906542,0.0,0.012616822429906542,0.08644859813084112,,,cvar,/Users/yaniszaim/deephedging/.deephedging_real_runs/final_paper_asian_panel/panel_sweeps/NVDA_full_paper_grid_800_asian_call_step_robust/model_artifacts/seed_2345/risk_cvar/proto_source_spot_delta_k_100_weighted_0_learnw_0,51.0,0.15137716607564936,val_loss,0.028544340282678604,0.2777059078216553,0.0033878504672897195,0.06542056074766354,428.0,20.0,2.0,spot_delta,100.0,False,False,0.1287470906972885,0.5863445401191711
proto_source=spot_delta_k=100_weighted=0_learnw=0,test,2345,proto,-0.036218419671058655,0.05433451384305954,-0.21849278807640077,-0.14766238927841185,-0.1962262988090515,-0.011267420835793018,0.007671691570430992,0.6526806526806527,-0.03487071022391319,-0.0008590659708715975,0.0004886433598585427,0.01895795576274395,0.1438978910446167,0.29737862944602966,1.0,0.010372960372960373,0.0,0.010372960372960373,0.08158508158508158,,,cvar,/Users/yaniszaim/deephedging/.deephedging_real_runs/final_paper_asian_panel/panel_sweeps/NVDA_full_paper_grid_800_asian_call_step_robust/model_artifacts/seed_2345/risk_cvar/proto_source_spot_delta_k_100_weighted_0_learnw_0,51.0,0.15137716607564936,val_loss,0.028544340282678604,0.2777059078216553,0.0033878504672897195,0.06542056074766354,429.0,20.0,2.0,spot_delta,100.0,False,False,0.1287470906972885,0.5863445401191711
proto_source=spot_delta_k=100_weighted=1_learnw=0,train,2345,proto,-0.04061492905020714,0.05336698517203331,-0.22961005806922913,-0.1483200639486313,-0.19600404798984528,-0.02143513411283493,0.004021783359348773,0.728092138207311,-0.03965724632143974,-0.0007958362111821771,0.00016185424465220422,0.012003012001514435,0.022576823830604553,0.12601736187934875,0.45153528451919556,0.0,0.0,0.0,0.0,,,cvar,/Users/yaniszaim/deephedging/.deephedging_real_runs/final_paper_asian_panel/panel_sweeps/NVDA_full_paper_grid_800_asian_call_step_robust/model_artifacts/seed_2345/risk_cvar/proto_source_spot_delta_k_100_weighted_1_learnw_0,51.0,0.15330795051408147,val_loss,0.022955790162086487,0.24154748022556305,0.00035046728971962614,0.011682242990654205,1997.0,20.0,2.0,spot_delta,100.0,True,False,0.05822271853685379,0.16711924970149994
proto_source=spot_delta_k=100_weighted=1_learnw=0,val,2345,proto,-0.04211978241801262,0.053525421768426895,-0.21580558359622956,-0.14243044406175615,-0.1914992481470108,-0.0239682262763381,0.0035961845074780284,0.735981308411215,-0.0410730205476284,-0.0008846783312037587,0.00016208775923587382,0.012003913521766663,0.022576823830604553,0.12603366374969482,0.4515353739261627,0.0,0.0,0.0,0.0,,,cvar,/Users/yaniszaim/deephedging/.deephedging_real_runs/final_paper_asian_panel/panel_sweeps/NVDA_full_paper_grid_800_asian_call_step_robust/model_artifacts/seed_2345/risk_cvar/proto_source_spot_delta_k_100_weighted_1_learnw_0,51.0,0.15330795051408147,val_loss,0.022955790162086487,0.24154748022556305,0.00035046728971962614,0.011682242990654205,428.0,20.0,2.0,spot_delta,100.0,True,False,0.05822271853685379,0.16711924970149994
proto_source=spot_delta_k=100_weighted=1_learnw=0,test,2345,proto,-0.035758037120103836,0.05105018615722656,-0.20679396510124207,-0.14171030819416047,-0.18480205535888672,-0.013233935460448265,0.0036575360689312204,0.6806526806526807,-0.03487071022391319,-0.0007265085005201399,0.00016081715875770897,0.012003861367702484,0.022576823830604553,0.12603268027305603,0.45153552293777466,0.0,0.0,0.0,0.0,,,cvar,/Users/yaniszaim/deephedging/.deephedging_real_runs/final_paper_asian_panel/panel_sweeps/NVDA_full_paper_grid_800_asian_call_step_robust/model_artifacts/seed_2345/risk_cvar/proto_source_spot_delta_k_100_weighted_1_learnw_0,51.0,0.15330795051408147,val_loss,0.022955790162086487,0.24154748022556305,0.00035046728971962614,0.011682242990654205,429.0,20.0,2.0,spot_delta,100.0,True,False,0.05822271853685379,0.16711924970149994
proto_source=vanilla_k=10_weighted=0_learnw=0,train,2345,proto,-0.03885319083929062,0.047624681144952774,-0.20914653718471526,-0.13490329682826996,-0.17969806492328644,-0.02023882418870926,0.001428960775956509,0.9113670505758638,-0.03965724632143974,0.0015189051628112793,0.0007148505537770689,0.026392091065645218,0.15957915782928467,0.2701224684715271,1.0,0.00033800701051577367,0.0,0.00033800701051577367,0.00200300450676014,,,cvar,/Users/yaniszaim/deephedging/.deephedging_real_runs/final_paper_asian_panel/panel_sweeps/NVDA_full_paper_grid_800_asian_call_step_robust/model_artifacts/seed_2345/risk_cvar/proto_source_vanilla_k_10_weighted_0_learnw_0,3.0,0.15679160817134602,val_loss,0.029500797390937805,0.30723798274993896,0.00023364485981308412,0.002336448598130841,1997.0,20.0,2.0,vanilla,10.0,False,False,0.11029865592718124,0.16049781441688538
proto_source=vanilla_k=10_weighted=0_learnw=0,val,2345,proto,-0.04020850360393524,0.04700426757335663,-0.19666157215833663,-0.13112980797886847,-0.17309993505477905,-0.02332557737827301,0.0002915032353484985,0.9369158878504673,-0.0410730205476284,0.0015841000713407993,0.0007195859798230231,0.02640371583402157,0.15950924158096313,0.2701337933540344,1.0,5.841121495327103e-05,0.0,5.841121495327103e-05,0.002336448598130841,,,cvar,/Users/yaniszaim/deephedging/.deephedging_real_runs/final_paper_asian_panel/panel_sweeps/NVDA_full_paper_grid_800_asian_call_step_robust/model_artifacts/seed_2345/risk_cvar/proto_source_vanilla_k_10_weighted_0_learnw_0,3.0,0.15679160817134602,val_loss,0.029500797390937805,0.30723798274993896,0.00023364485981308412,0.002336448598130841,428.0,20.0,2.0,vanilla,10.0,False,False,0.11029865592718124,0.16049781441688538
proto_source=vanilla_k=10_weighted=0_learnw=0,test,2345,proto,-0.034317322075366974,0.044567614793777466,-0.18415798604488373,-0.12856550514698029,-0.16667144000530243,-0.0124457236379385,0.0011107067810371511,0.916083916083916,-0.03487071022391319,0.0012703235261142254,0.0007169353775680065,0.02641884982585907,0.15949761867523193,0.2709878981113434,1.0,0.0002331002331002331,0.0,0.0002331002331002331,0.002331002331002331,,,cvar,/Users/yaniszaim/deephedging/.deephedging_real_runs/final_paper_asian_panel/panel_sweeps/NVDA_full_paper_grid_800_asian_call_step_robust/model_artifacts/seed_2345/risk_cvar/proto_source_vanilla_k_10_weighted_0_learnw_0,3.0,0.15679160817134602,val_loss,0.029500797390937805,0.30723798274993896,0.00023364485981308412,0.002336448598130841,429.0,20.0,2.0,vanilla,10.0,False,False,0.11029865592718124,0.16049781441688538
proto_source=vanilla_k=10_weighted=1_learnw=0,train,2345,proto,-0.03900512307882309,0.048170480877161026,-0.21273540437221528,-0.13607869148254395,-0.18114812672138214,-0.020833773538470268,0.0004129906476009629,0.9344016024036054,-0.03965724632143974,0.0009549545357003808,0.0003028339706361294,0.01636589504778385,0.10997382551431656,0.16646388173103333,0.6149699091911316,0.0,0.0,0.0,0.0,,,cvar,/Users/yaniszaim/deephedging/.deephedging_real_runs/final_paper_asian_panel/panel_sweeps/NVDA_full_paper_grid_800_asian_call_step_robust/model_artifacts/seed_2345/risk_cvar/proto_source_vanilla_k_10_weighted_1_learnw_0,2.0,0.15685145075432955,val_loss,0.022031297907233238,0.20726054906845093,0.0,0.0,1997.0,20.0,2.0,vanilla,10.0,True,False,0.1088552325963974,0.16276641190052032
proto_source=vanilla_k=10_weighted=1_learnw=0,val,2345,proto,-0.04031383618712425,0.04795682430267334,-0.20045184671878813,-0.13403790667653084,-0.17577391862869263,-0.02322175819426775,0.00024664998200023426,0.9392523364485982,-0.0410730205476284,0.0010624497663229704,0.0003032680251635611,0.016375601291656494,0.1079183965921402,0.1662665158510208,0.6085037589073181,0.0,0.0,0.0,0.0,,,cvar,/Users/yaniszaim/deephedging/.deephedging_real_runs/final_paper_asian_panel/panel_sweeps/NVDA_full_paper_grid_800_asian_call_step_robust/model_artifacts/seed_2345/risk_cvar/proto_source_vanilla_k_10_weighted_1_learnw_0,2.0,0.15685145075432955,val_loss,0.022031297907233238,0.20726054906845093,0.0,0.0,428.0,20.0,2.0,vanilla,10.0,True,False,0.1088552325963974,0.16276641190052032
proto_source=vanilla_k=10_weighted=1_learnw=0,test,2345,proto,-0.03430506959557533,0.04540611058473587,-0.18897049009799957,-0.12929328382015226,-0.16918455064296722,-0.011748924851417542,0.0006257833912968608,0.9114219114219114,-0.03487071022391319,0.0008660733001306653,0.00030043491278775036,0.016324251890182495,0.10866983979940414,0.1666318029165268,0.6148697137832642,0.0,0.0,0.0,0.0,,,cvar,/Users/yaniszaim/deephedging/.deephedging_real_runs/final_paper_asian_panel/panel_sweeps/NVDA_full_paper_grid_800_asian_call_step_robust/model_artifacts/seed_2345/risk_cvar/proto_source_vanilla_k_10_weighted_1_learnw_0,2.0,0.15685145075432955,val_loss,0.022031297907233238,0.20726054906845093,0.0,0.0,429.0,20.0,2.0,vanilla,10.0,True,False,0.1088552325963974,0.16276641190052032
proto_source=vanilla_k=25_weighted=0_learnw=0,train,2345,proto,-0.03909583017230034,0.0445917509496212,-0.19542264461517334,-0.12810031175613404,-0.16965259611606598,-0.02136158011853695,-0.0005151358898729153,0.9604406609914873,-0.03965724632143974,0.002714140573516488,0.002152728382498026,0.045065559446811676,0.1989433467388153,0.5616399049758911,1.0,0.28892088132198296,0.203793189784677,0.08512769153730596,0.9974962443665498,,,cvar,/Users/yaniszaim/deephedging/.deephedging_real_runs/final_paper_asian_panel/panel_sweeps/NVDA_full_paper_grid_800_asian_call_step_robust/model_artifacts/seed_2345/risk_cvar/proto_source_vanilla_k_25_weighted_0_learnw_0,13.0,0.17674621819892775,val_loss,0.043476104736328125,0.5101010799407959,0.1971378504672897,0.8434579439252337,1997.0,20.0,2.0,vanilla,25.0,False,False,0.15464864671230316,0.23629896342754364
proto_source=vanilla_k=25_weighted=0_learnw=0,val,2345,proto,-0.040202368050813675,0.044661685824394226,-0.18573714911937714,-0.12736341692507266,-0.164890319108963,-0.02344676572829485,-0.0007762083027046197,0.9579439252336449,-0.0410730205476284,0.003054005792364478,0.002183355391025543,0.04531230032444,0.1901015341281891,0.5657222867012024,1.0,0.29217289719626166,0.2044392523364486,0.08773364485981308,0.9953271028037384,,,cvar,/Users/yaniszaim/deephedging/.deephedging_real_runs/final_paper_asian_panel/panel_sweeps/NVDA_full_paper_grid_800_asian_call_step_robust/model_artifacts/seed_2345/risk_cvar/proto_source_vanilla_k_25_weighted_0_learnw_0,13.0,0.17674621819892775,val_loss,0.043476104736328125,0.5101010799407959,0.1971378504672897,0.8434579439252337,428.0,20.0,2.0,vanilla,25.0,False,False,0.15464864671230316,0.23629896342754364
proto_source=vanilla_k=25_weighted=0_learnw=0,test,2345,proto,-0.03558925911784172,0.04269038885831833,-0.19204423785209657,-0.12530925273895263,-0.16358612477779388,-0.016811858862638474,-0.00039495840319432666,0.9557109557109557,-0.03487071022391319,0.0013699638657271862,0.002088513458147645,0.04470294341444969,0.19081518054008484,0.5567577481269836,1.0,0.28397435897435896,0.20244755244755244,0.08152680652680652,0.9976689976689976,,,cvar,/Users/yaniszaim/deephedging/.deephedging_real_runs/final_paper_asian_panel/panel_sweeps/NVDA_full_paper_grid_800_asian_call_step_robust/model_artifacts/seed_2345/risk_cvar/proto_source_vanilla_k_25_weighted_0_learnw_0,13.0,0.17674621819892775,val_loss,0.043476104736328125,0.5101010799407959,0.1971378504672897,0.8434579439252337,429.0,20.0,2.0,vanilla,25.0,False,False,0.15464864671230316,0.23629896342754364
proto_source=vanilla_k=25_weighted=1_learnw=0,train,2345,proto,-0.04111973196268082,0.048486579209566116,-0.21639134228229523,-0.14034834802150725,-0.18573550879955292,-0.022078176960349083,-0.001531037618406119,0.9864797195793691,-0.03965724632143974,0.0010768657084554434,0.0025393490213900805,0.03986996039748192,0.09687024354934692,0.46756619215011597,1.0,0.06844016024036054,0.0,0.06844016024036054,0.7476214321482223,,,cvar,/Users/yaniszaim/deephedging/.deephedging_real_runs/final_paper_asian_panel/panel_sweeps/NVDA_full_paper_grid_800_asian_call_step_robust/model_artifacts/seed_2345/risk_cvar/proto_source_vanilla_k_25_weighted_1_learnw_0,3.0,0.1645155705024149,val_loss,0.03771466016769409,0.37160834670066833,0.032768691588785044,0.8738317757009346,1997.0,20.0,2.0,vanilla,25.0,True,False,0.07656363397836685,0.1366538405418396
proto_source=vanilla_k=25_weighted=1_learnw=0,val,2345,proto,-0.042366839945316315,0.048439737409353256,-0.2034731613099575,-0.13427974358201028,-0.17997492849826813,-0.02357594482600689,-0.001709004305303098,0.985981308411215,-0.0410730205476284,0.0012519737938418984,0.0025457926094532013,0.039758697152137756,0.09673792123794556,0.4673117399215698,1.0,0.07167056074766355,0.0,0.07167056074766355,0.7920560747663551,,,cvar,/Users/yaniszaim/deephedging/.deephedging_real_runs/final_paper_asian_panel/panel_sweeps/NVDA_full_paper_grid_800_asian_call_step_robust/model_artifacts/seed_2345/risk_cvar/proto_source_vanilla_k_25_weighted_1_learnw_0,3.0,0.1645155705024149,val_loss,0.03771466016769409,0.37160834670066833,0.032768691588785044,0.8738317757009346,428.0,20.0,2.0,vanilla,25.0,True,False,0.07656363397836685,0.1366538405418396
proto_source=vanilla_k=25_weighted=1_learnw=0,test,2345,proto,-0.03660578280687332,0.04613574221730232,-0.1951980060338974,-0.13417480289936065,-0.17559318244457245,-0.013986924663186073,-0.0016111182980239405,0.993006993006993,-0.03487071022391319,0.0007863291539251804,0.002521403133869171,0.0403653085231781,0.09623277187347412,0.46959131956100464,1.0,0.06165501165501165,0.0,0.06165501165501165,0.7062937062937062,,,cvar,/Users/yaniszaim/deephedging/.deephedging_real_runs/final_paper_asian_panel/panel_sweeps/NVDA_full_paper_grid_800_asian_call_step_robust/model_artifacts/seed_2345/risk_cvar/proto_source_vanilla_k_25_weighted_1_learnw_0,3.0,0.1645155705024149,val_loss,0.03771466016769409,0.37160834670066833,0.032768691588785044,0.8738317757009346,429.0,20.0,2.0,vanilla,25.0,True,False,0.07656363397836685,0.1366538405418396
proto_source=vanilla_k=50_weighted=0_learnw=0,train,2345,proto,-0.03957872837781906,0.049767207354307175,-0.21848208963871002,-0.14127572178840636,-0.18591274321079254,-0.019578255712985992,-0.0003019359370227908,0.9834752128192289,-0.03965724632143974,0.00040786550380289555,0.0003293491608928889,0.007981141097843647,0.035160601139068604,0.0855836421251297,0.5508767366409302,0.0,0.0,0.0,0.0,,,cvar,/Users/yaniszaim/deephedging/.deephedging_real_runs/final_paper_asian_panel/panel_sweeps/NVDA_full_paper_grid_800_asian_call_step_robust/model_artifacts/seed_2345/risk_cvar/proto_source_vanilla_k_50_weighted_0_learnw_0,3.0,0.15809253986924884,val_loss,0.015373431146144867,0.16534967720508575,0.0,0.0,1997.0,20.0,2.0,vanilla,50.0,False,False,0.08369174599647522,0.1507193148136139
proto_source=vanilla_k=50_weighted=0_learnw=0,val,2345,proto,-0.0409630611538887,0.049786876887083054,-0.20590385511517525,-0.1360163614153862,-0.18118473887443542,-0.022492272779345512,-0.00035948037839261815,0.985981308411215,-0.0410730205476284,0.0004394531133584678,0.0003294976195320487,0.007950924336910248,0.03273305296897888,0.0853007584810257,0.3914196193218231,0.0,0.0,0.0,0.0,,,cvar,/Users/yaniszaim/deephedging/.deephedging_real_runs/final_paper_asian_panel/panel_sweeps/NVDA_full_paper_grid_800_asian_call_step_robust/model_artifacts/seed_2345/risk_cvar/proto_source_vanilla_k_50_weighted_0_learnw_0,3.0,0.15809253986924884,val_loss,0.015373431146144867,0.16534967720508575,0.0,0.0,428.0,20.0,2.0,vanilla,50.0,False,False,0.08369174599647522,0.1507193148136139
proto_source=vanilla_k=50_weighted=0_learnw=0,test,2345,proto,-0.03486130014061928,0.04725496098399162,-0.1956324052810669,-0.13277700841426848,-0.17452841997146606,-0.011634746566414833,-0.0003101353824604304,0.9836829836829837,-0.03487071022391319,0.0003329440369270742,0.00032353418646380305,0.007967261597514153,0.03272327780723572,0.0853169783949852,0.42494145035743713,0.0,0.0,0.0,0.0,,,cvar,/Users/yaniszaim/deephedging/.deephedging_real_runs/final_paper_asian_panel/panel_sweeps/NVDA_full_paper_grid_800_asian_call_step_robust/model_artifacts/seed_2345/risk_cvar/proto_source_vanilla_k_50_weighted_0_learnw_0,3.0,0.15809253986924884,val_loss,0.015373431146144867,0.16534967720508575,0.0,0.0,429.0,20.0,2.0,vanilla,50.0,False,False,0.08369174599647522,0.1507193148136139
proto_source=vanilla_k=50_weighted=1_learnw=0,train,2345,proto,-0.038806743919849396,0.04673585295677185,-0.20751838743686676,-0.13263245224952697,-0.1768883466720581,-0.021404240280389786,0.0003962564631365216,0.9318978467701552,-0.03965724632143974,0.001417884137481451,0.0005673858104273677,0.02350536547601223,0.04574020206928253,0.2328466773033142,0.9036952257156372,0.0,0.0,0.0,0.0,,,cvar,/Users/yaniszaim/deephedging/.deephedging_real_runs/final_paper_asian_panel/panel_sweeps/NVDA_full_paper_grid_800_asian_call_step_robust/model_artifacts/seed_2345/risk_cvar/proto_source_vanilla_k_50_weighted_1_learnw_0,3.0,0.1563333185389638,val_loss,0.0198214128613472,0.14191336929798126,0.0,0.0,1997.0,20.0,2.0,vanilla,50.0,True,False,0.09553804248571396,0.1620369404554367
proto_source=vanilla_k=50_weighted=1_learnw=0,val,2345,proto,-0.039957866072654724,0.04655569791793823,-0.1957516573369503,-0.13072846084833145,-0.171690434217453,-0.024057867005467415,0.0001550990302348505,0.9392523364485982,-0.0410730205476284,0.001683379989117384,0.000568231800571084,0.023733384907245636,0.04571925103664398,0.23480099439620972,0.9036227464675903,0.0,0.0,0.0,0.0,,,cvar,/Users/yaniszaim/deephedging/.deephedging_real_runs/final_paper_asian_panel/panel_sweeps/NVDA_full_paper_grid_800_asian_call_step_robust/model_artifacts/seed_2345/risk_cvar/proto_source_vanilla_k_50_weighted_1_learnw_0,3.0,0.1563333185389638,val_loss,0.0198214128613472,0.14191336929798126,0.0,0.0,428.0,20.0,2.0,vanilla,50.0,True,False,0.09553804248571396,0.1620369404554367
proto_source=vanilla_k=50_weighted=1_learnw=0,test,2345,proto,-0.034103844314813614,0.04393094405531883,-0.18418091297149658,-0.12623981535434722,-0.16485223174095154,-0.012738855555653572,0.000705835374537852,0.9067599067599068,-0.03487071022391319,0.0013279299018904567,0.0005610627704299986,0.023266809061169624,0.04571820795536041,0.23117437958717346,0.9043692946434021,0.0,0.0,0.0,0.0,,,cvar,/Users/yaniszaim/deephedging/.deephedging_real_runs/final_paper_asian_panel/panel_sweeps/NVDA_full_paper_grid_800_asian_call_step_robust/model_artifacts/seed_2345/risk_cvar/proto_source_vanilla_k_50_weighted_1_learnw_0,3.0,0.1563333185389638,val_loss,0.0198214128613472,0.14191336929798126,0.0,0.0,429.0,20.0,2.0,vanilla,50.0,True,False,0.09553804248571396,0.1620369404554367
proto_source=vanilla_k=100_weighted=0_learnw=0,train,2345,proto,-0.0394262969493866,0.04863175377249718,-0.21418999433517455,-0.1377611517906189,-0.18302983045578003,-0.02020816132426262,-0.0002579426916781814,0.9624436654982473,-0.03965724632143974,0.0008556290995329618,0.0006246799603104591,0.01720265857875347,0.027000920847058296,0.18281379342079163,0.5224512815475464,0.0,0.0,0.0,0.0,,,cvar,/Users/yaniszaim/deephedging/.deephedging_real_runs/final_paper_asian_panel/panel_sweeps/NVDA_full_paper_grid_800_asian_call_step_robust/model_artifacts/seed_2345/risk_cvar/proto_source_vanilla_k_100_weighted_0_learnw_0,2.0,0.15683833873365075,val_loss,0.011720133014023304,0.09030121564865112,0.0,0.0,1997.0,20.0,2.0,vanilla,100.0,False,False,0.11123619228601456,0.16587743163108826
proto_source=vanilla_k=100_weighted=0_learnw=0,val,2345,proto,-0.04075043275952339,0.04848722741007805,-0.20213058978319168,-0.13482410237193107,-0.17776674032211304,-0.022228579968214035,-0.00021787594596389727,0.9672897196261683,-0.0410730205476284,0.0009472374222241342,0.0006246545817703009,0.017178572714328766,0.02694219909608364,0.18273623287677765,0.5215880274772644,0.0,0.0,0.0,0.0,,,cvar,/Users/yaniszaim/deephedging/.deephedging_real_runs/final_paper_asian_panel/panel_sweeps/NVDA_full_paper_grid_800_asian_call_step_robust/model_artifacts/seed_2345/risk_cvar/proto_source_vanilla_k_100_weighted_0_learnw_0,2.0,0.15683833873365075,val_loss,0.011720133014023304,0.09030121564865112,0.0,0.0,428.0,20.0,2.0,vanilla,100.0,False,False,0.11123619228601456,0.16587743163108826
proto_source=vanilla_k=100_weighted=0_learnw=0,test,2345,proto,-0.03474980220198631,0.04598353058099747,-0.19150555193424224,-0.13026342093944548,-0.17128129303455353,-0.01214370597153902,-1.9405968487268586e-06,0.9487179487179487,-0.03487071022391319,0.0007397339213639498,0.0006188279949128628,0.01715848594903946,0.02700177952647209,0.18241611123085022,0.5203371644020081,0.0,0.0,0.0,0.0,,,cvar,/Users/yaniszaim/deephedging/.deephedging_real_runs/final_paper_asian_panel/panel_sweeps/NVDA_full_paper_grid_800_asian_call_step_robust/model_artifacts/seed_2345/risk_cvar/proto_source_vanilla_k_100_weighted_0_learnw_0,2.0,0.15683833873365075,val_loss,0.011720133014023304,0.09030121564865112,0.0,0.0,429.0,20.0,2.0,vanilla,100.0,False,False,0.11123619228601456,0.16587743163108826
proto_source=vanilla_k=100_weighted=1_learnw=0,train,2345,proto,-0.0384940579533577,0.047208402305841446,-0.20920625686645508,-0.13363846838474272,-0.17813962697982788,-0.020415255799889565,0.0005421931622549884,0.927391086629945,-0.03965724632143974,0.001360683934763074,0.00019749748753383756,0.019619649276137352,0.03850565478205681,0.20640993118286133,0.7691835165023804,0.0,0.0,0.0,0.0,,,cvar,/Users/yaniszaim/deephedging/.deephedging_real_runs/final_paper_asian_panel/panel_sweeps/NVDA_full_paper_grid_800_asian_call_step_robust/model_artifacts/seed_2345/risk_cvar/proto_source_vanilla_k_100_weighted_1_learnw_0,2.0,0.15550938009284437,val_loss,0.017911581322550774,0.17164306342601776,0.0,0.0,1997.0,20.0,2.0,vanilla,100.0,True,False,0.11078030616044998,0.16385586559772491
proto_source=vanilla_k=100_weighted=1_learnw=0,val,2345,proto,-0.0397610180079937,0.046974241733551025,-0.19725903242826462,-0.1316794902086258,-0.1728946417570114,-0.023904433473944664,0.00044555459462571794,0.9392523364485982,-0.0410730205476284,0.0015098024159669876,0.00019780447473749518,0.019620012491941452,0.038505133241415024,0.20641180872917175,0.7691624164581299,0.0,0.0,0.0,0.0,,,cvar,/Users/yaniszaim/deephedging/.deephedging_real_runs/final_paper_asian_panel/panel_sweeps/NVDA_full_paper_grid_800_asian_call_step_robust/model_artifacts/seed_2345/risk_cvar/proto_source_vanilla_k_100_weighted_1_learnw_0,2.0,0.15550938009284437,val_loss,0.017911581322550774,0.17164306342601776,0.0,0.0,428.0,20.0,2.0,vanilla,100.0,True,False,0.11078030616044998,0.16385586559772491
proto_source=vanilla_k=100_weighted=1_learnw=0,test,2345,proto,-0.03382783755660057,0.044423315674066544,-0.18581413388252258,-0.12669501602649688,-0.16615746915340424,-0.011847012676298618,0.0008488647523336096,0.9067599067599068,-0.03487071022391319,0.0012390062911435962,0.00019613387121353298,0.01961800828576088,0.03850502893328667,0.2064037173986435,0.7691324949264526,0.0,0.0,0.0,0.0,,,cvar,/Users/yaniszaim/deephedging/.deephedging_real_runs/final_paper_asian_panel/panel_sweeps/NVDA_full_paper_grid_800_asian_call_step_robust/model_artifacts/seed_2345/risk_cvar/proto_source_vanilla_k_100_weighted_1_learnw_0,2.0,0.15550938009284437,val_loss,0.017911581322550774,0.17164306342601776,0.0,0.0,429.0,20.0,2.0,vanilla,100.0,True,False,0.11078030616044998,0.16385586559772491
unhedged,train,3456,baseline,-0.03827979788184166,0.04982205107808113,-0.2151678228378296,-0.1387615203857422,-0.1830267757177353,-0.0178220272064209,0.0,0.6364546820230346,-0.03827979788184166,0.0,0.0,0.0,0.0,0.0,0.0,0.0,0.0,0.0,0.0,,,,,,,,,,,,,,,,,,,,
spot_delta,train,3456,baseline,-0.037450674921274185,0.04895608499646187,-0.20770562410354615,-0.13223908841609955,-0.17854036390781403,-0.022180262953042984,0.011651726998388753,0.8222333500250375,-0.03827979788184166,0.0010064520174637437,0.00017732952255755663,0.022019045427441597,0.6862819790840149,0.26354122161865234,0.7022129893302917,0.0,0.0,0.0,0.0,,,,,,,,,,,,,,,,,,,,
spot_delta_band,train,3456,baseline,-0.03733287751674652,0.04872222989797592,-0.20776428937911987,-0.13132087290287017,-0.17807342112064362,-0.02196452207863331,0.01102783903479576,0.8202303455182774,-0.03827979788184166,0.001087121432647109,0.00014020180969964713,0.017450574785470963,0.6762819886207581,0.26287832856178284,0.6922129988670349,0.0,0.0,0.0,0.0,0.01,gains_mean,,,,,,,,,,,,,,,,,,
unhedged,val,3456,baseline,-0.0433480441570282,0.05486034229397774,-0.2295426869392395,-0.15616156458854674,-0.20129896700382233,-0.02259528636932373,-0.0,0.6121495327102804,-0.0433480441570282,0.0,0.0,0.0,0.0,0.0,0.0,0.0,0.0,0.0,0.0,,,,,,,,,,,,,,,,,,,,
spot_delta,val,3456,baseline,-0.042055677622556686,0.04981550946831703,-0.20978883191943168,-0.14399541243910788,-0.18020810186862946,-0.027139264158904552,0.010620651440694925,0.8387850467289719,-0.0433480441570282,0.0014669197844341397,0.00017454935004934669,0.0216301791369915,0.5878080129623413,0.26385676860809326,0.6041579842567444,0.0,0.0,0.0,0.0,,,,,,,,,,,,,,,,,,,,
spot_delta_band,val,3456,baseline,-0.04203785955905914,0.04983602091670036,-0.20829861670732497,-0.14506424367427825,-0.18074776232242584,-0.02706858702003956,0.009462025901302684,0.8481308411214953,-0.0433480441570282,0.001447604619897902,0.0001374155981466174,0.017092488706111908,0.5778080224990845,0.26323583722114563,0.5941579937934875,0.0,0.0,0.0,0.0,0.01,gains_mean,,,,,,,,,,,,,,,,,,
unhedged,test,3456,baseline,-0.03901301696896553,0.049733519554138184,-0.2192142677307129,-0.12972619533538815,-0.1864679455757141,-0.020653605461120605,-0.0,0.6410256410256411,-0.03901301696896553,0.0,0.0,0.0,0.0,0.0,0.0,0.0,0.0,0.0,0.0,,,,,,,,,,,,,,,,,,,,
spot_delta,test,3456,baseline,-0.03827715665102005,0.046358801424503326,-0.2077832305431366,-0.12533198893070222,-0.17516332864761353,-0.02475406788289547,0.01078115701675414,0.8368298368298368,-0.03901301696896553,0.0009140447364188731,0.00017819044296629727,0.02211754582822323,0.7022129893302917,0.2633817493915558,0.7022129893302917,0.0,0.0,0.0,0.0,,,,,,,,,,,,,,,,,,,,
spot_delta_band,test,3456,baseline,-0.03809821605682373,0.046130433678627014,-0.20759802758693696,-0.12555170357227324,-0.17478318512439728,-0.024058794602751732,0.010204667225480078,0.8321678321678322,-0.03901301696896553,0.00105538300704211,0.0001405924413120374,0.017499767243862152,0.6922129988670349,0.26273855566978455,0.6922129988670349,0.0,0.0,0.0,0.0,0.01,gains_mean,,,,,,,,,,,,,,,,,,
vanilla,train,3456,vanilla,-0.036988258361816406,0.04527340829372406,-0.20309111952781678,-0.1295969009399414,-0.1698770672082901,-0.01815914176404476,0.00047375805443152365,0.9323985978968453,-0.03827979788184166,0.0015160299371927977,0.0002244883798994124,0.023069610819220543,0.05080650374293327,0.25177040696144104,0.9109159708023071,0.0,0.0,0.0,0.0,,,cvar,/Users/yaniszaim/deephedging/.deephedging_real_runs/final_paper_asian_panel/panel_sweeps/NVDA_full_paper_grid_800_asian_call_step_robust/model_artifacts/seed_3456/risk_cvar/vanilla,140.0,0.16462086267769335,val_loss,0.023116067051887512,0.25245192646980286,0.0,0.0,1997.0,20.0,2.0,,,,,,
vanilla,val,3456,vanilla,-0.0415777862071991,0.04966602846980095,-0.21069053590297698,-0.1413041301071644,-0.18515545129776,-0.023239653557538986,0.0008584081253502505,0.9228971962616822,-0.0433480441570282,0.0019964403472840786,0.00022617922513745725,0.023070378229022026,0.050795409828424454,0.2517643868923187,0.9112114310264587,0.0,0.0,0.0,0.0,,,cvar,/Users/yaniszaim/deephedging/.deephedging_real_runs/final_paper_asian_panel/panel_sweeps/NVDA_full_paper_grid_800_asian_call_step_robust/model_artifacts/seed_3456/risk_cvar/vanilla,140.0,0.16462086267769335,val_loss,0.023116067051887512,0.25245192646980286,0.0,0.0,428.0,20.0,2.0,,,,,,
vanilla,test,3456,vanilla,-0.03747265040874481,0.045180026441812515,-0.20151123464107512,-0.1197022721171379,-0.17272739112377167,-0.020038822665810585,-9.624837548472394e-05,0.9533799533799534,-0.03901301696896553,0.0017656919080764055,0.00022533017909154296,0.023070819675922394,0.0507931225001812,0.2517937123775482,0.911186933517456,0.0,0.0,0.0,0.0,,,cvar,/Users/yaniszaim/deephedging/.deephedging_real_runs/final_paper_asian_panel/panel_sweeps/NVDA_full_paper_grid_800_asian_call_step_robust/model_artifacts/seed_3456/risk_cvar/vanilla,140.0,0.16462086267769335,val_loss,0.023116067051887512,0.25245192646980286,0.0,0.0,429.0,20.0,2.0,,,,,,
proto_source=spot_delta_k=10_weighted=0_learnw=0,train,3456,proto,-0.03918226435780525,0.06383281201124191,-0.2704175245761871,-0.14338552951812744,-0.2363140881061554,-0.021227428689599037,0.00929203536361456,0.8728092138207311,-0.03827979788184166,0.00024103013856802136,0.0011434911284595728,0.06443267315626144,0.7617117166519165,0.44936996698379517,1.0,0.2109539308963445,0.21045317976965447,0.000500751126690035,0.9248873309964948,,,cvar,/Users/yaniszaim/deephedging/.deephedging_real_runs/final_paper_asian_panel/panel_sweeps/NVDA_full_paper_grid_800_asian_call_step_robust/model_artifacts/seed_3456/risk_cvar/proto_source_spot_delta_k_10_weighted_0_learnw_0,693.0,0.16048325964432453,val_loss,0.09309281408786774,0.3476525545120239,0.11197429906542056,0.8294392523364486,1997.0,20.0,2.0,spot_delta,10.0,False,False,0.4004976153373718,0.761711835861206
proto_source=spot_delta_k=10_weighted=0_learnw=0,val,3456,proto,-0.04136405512690544,0.09281185269355774,-0.2986619266867638,-0.16625546365976332,-0.28752654790878296,-0.023162509314715862,0.005838191439397632,0.8761682242990654,-0.0433480441570282,0.003219718113541603,0.001235725125297904,0.06925541162490845,0.7617117166519165,0.44751453399658203,1.0,0.21080607476635513,0.20917056074766355,0.0016355140186915889,0.927570093457944,,,cvar,/Users/yaniszaim/deephedging/.deephedging_real_runs/final_paper_asian_panel/panel_sweeps/NVDA_full_paper_grid_800_asian_call_step_robust/model_artifacts/seed_3456/risk_cvar/proto_source_spot_delta_k_10_weighted_0_learnw_0,693.0,0.16048325964432453,val_loss,0.09309281408786774,0.3476525545120239,0.11197429906542056,0.8294392523364486,428.0,20.0,2.0,spot_delta,10.0,False,False,0.4004976153373718,0.761711835861206
proto_source=spot_delta_k=10_weighted=0_learnw=0,test,3456,proto,-0.03682514280080795,0.0762881338596344,-0.23845220148563384,-0.12012578397989272,-0.22985343635082245,-0.022107038646936417,0.008646041899919505,0.8741258741258742,-0.03901301696896553,0.0033350049052387476,0.0011471366742625833,0.0652170330286026,0.7617117166519165,0.4477004110813141,1.0,0.20541958041958042,0.20437062937062936,0.001048951048951049,0.916083916083916,,,cvar,/Users/yaniszaim/deephedging/.deephedging_real_runs/final_paper_asian_panel/panel_sweeps/NVDA_full_paper_grid_800_asian_call_step_robust/model_artifacts/seed_3456/risk_cvar/proto_source_spot_delta_k_10_weighted_0_learnw_0,693.0,0.16048325964432453,val_loss,0.09309281408786774,0.3476525545120239,0.11197429906542056,0.8294392523364486,429.0,20.0,2.0,spot_delta,10.0,False,False,0.4004976153373718,0.761711835861206
proto_source=spot_delta_k=10_weighted=1_learnw=0,train,3456,proto,-0.03929683938622475,0.05091024190187454,-0.22338684439659118,-0.14175083935260774,-0.1865435093641281,-0.020327776670455933,0.007611427456140517,0.8327491236855283,-0.03827979788184166,0.0007762579480186105,0.0017933008493855596,0.04822618514299393,0.680428147315979,0.32796886563301086,1.0,0.01828993490235353,0.015673510265398097,0.0026164246369554333,0.19028542814221333,,,cvar,/Users/yaniszaim/deephedging/.deephedging_real_runs/final_paper_asian_panel/panel_sweeps/NVDA_full_paper_grid_800_asian_call_step_robust/model_artifacts/seed_3456/risk_cvar/proto_source_spot_delta_k_10_weighted_1_learnw_0,150.0,0.1706553257068741,val_loss,0.04249781370162964,0.35789087414741516,0.034871495327102806,0.37850467289719625,1997.0,20.0,2.0,spot_delta,10.0,True,False,0.30144721269607544,0.6855252981185913
proto_source=spot_delta_k=10_weighted=1_learnw=0,val,3456,proto,-0.04485612362623215,0.05535561963915825,-0.23191434204578398,-0.15507365241646767,-0.20225605368614197,-0.025999403558671474,0.005707582132890818,0.8434579439252337,-0.0433480441570282,0.0003117979795206338,0.0018198710167780519,0.049173083156347275,0.680428147315979,0.32882532477378845,1.0,0.01664719626168224,0.014719626168224299,0.0019275700934579438,0.20093457943925233,,,cvar,/Users/yaniszaim/deephedging/.deephedging_real_runs/final_paper_asian_panel/panel_sweeps/NVDA_full_paper_grid_800_asian_call_step_robust/model_artifacts/seed_3456/risk_cvar/proto_source_spot_delta_k_10_weighted_1_learnw_0,150.0,0.1706553257068741,val_loss,0.04249781370162964,0.35789087414741516,0.034871495327102806,0.37850467289719625,428.0,20.0,2.0,spot_delta,10.0,True,False,0.30144721269607544,0.6855252981185913
proto_source=spot_delta_k=10_weighted=1_learnw=0,test,3456,proto,-0.04132987931370735,0.052371587604284286,-0.24653494775295257,-0.13363594114780425,-0.20003457367420197,-0.023853106424212456,0.0064934287220239474,0.8414918414918415,-0.03901301696896553,-0.0005208811489865184,0.001795985153876245,0.047624874860048294,0.6018694639205933,0.32457876205444336,1.0,0.015093240093240094,0.01381118881118881,0.001282051282051282,0.1888111888111888,,,cvar,/Users/yaniszaim/deephedging/.deephedging_real_runs/final_paper_asian_panel/panel_sweeps/NVDA_full_paper_grid_800_asian_call_step_robust/model_artifacts/seed_3456/risk_cvar/proto_source_spot_delta_k_10_weighted_1_learnw_0,150.0,0.1706553257068741,val_loss,0.04249781370162964,0.35789087414741516,0.034871495327102806,0.37850467289719625,429.0,20.0,2.0,spot_delta,10.0,True,False,0.30144721269607544,0.6855252981185913
proto_source=spot_delta_k=25_weighted=0_learnw=0,train,3456,proto,-0.03740251064300537,0.04966326057910919,-0.21251894891262055,-0.12491934299468993,-0.17979595065116882,-0.024900130927562714,0.010802169702947116,0.8247371056584877,-0.03827979788184166,0.0034090231638401747,0.0025317310355603695,0.06163078173995018,0.488742858171463,0.5308144688606262,1.0,0.23960941412118178,0.16497245868803204,0.07463695543314973,0.6960440660991487,,,cvar,/Users/yaniszaim/deephedging/.deephedging_real_runs/final_paper_asian_panel/panel_sweeps/NVDA_full_paper_grid_800_asian_call_step_robust/model_artifacts/seed_3456/risk_cvar/proto_source_spot_delta_k_25_weighted_0_learnw_0,91.0,0.1702825623003888,val_loss,0.059684667736291885,0.4559684693813324,0.1223714953271028,0.7570093457943925,1997.0,20.0,2.0,spot_delta,25.0,False,False,0.20015785098075867,0.5077406167984009
proto_source=spot_delta_k=25_weighted=0_learnw=0,val,3456,proto,-0.03908377140760422,0.05044952407479286,-0.1947863844037056,-0.12718238942325114,-0.17766590416431427,-0.026843800209462643,0.009841366903856391,0.822429906542056,-0.0433480441570282,0.006826127879321575,0.0025618516374379396,0.06300009787082672,0.4887428283691406,0.5305506587028503,1.0,0.23329439252336448,0.1573014018691589,0.0759929906542056,0.6892523364485982,,,cvar,/Users/yaniszaim/deephedging/.deephedging_real_runs/final_paper_asian_panel/panel_sweeps/NVDA_full_paper_grid_800_asian_call_step_robust/model_artifacts/seed_3456/risk_cvar/proto_source_spot_delta_k_25_weighted_0_learnw_0,91.0,0.1702825623003888,val_loss,0.059684667736291885,0.4559684693813324,0.1223714953271028,0.7570093457943925,428.0,20.0,2.0,spot_delta,25.0,False,False,0.20015785098075867,0.5077406167984009
proto_source=spot_delta_k=25_weighted=0_learnw=0,test,3456,proto,-0.03652958571910858,0.047623563557863235,-0.2089896559715271,-0.12337082475423812,-0.1782335638999939,-0.024184109643101692,0.010963870957493752,0.8041958041958042,-0.03901301696896553,0.00501381978392601,0.0025303936563432217,0.061414968222379684,0.4887426495552063,0.5293137431144714,1.0,0.23175990675990676,0.16083916083916083,0.07092074592074592,0.7016317016317016,,,cvar,/Users/yaniszaim/deephedging/.deephedging_real_runs/final_paper_asian_panel/panel_sweeps/NVDA_full_paper_grid_800_asian_call_step_robust/model_artifacts/seed_3456/risk_cvar/proto_source_spot_delta_k_25_weighted_0_learnw_0,91.0,0.1702825623003888,val_loss,0.059684667736291885,0.4559684693813324,0.1223714953271028,0.7570093457943925,429.0,20.0,2.0,spot_delta,25.0,False,False,0.20015785098075867,0.5077406167984009
proto_source=spot_delta_k=25_weighted=1_learnw=0,train,3456,proto,-0.03695939853787422,0.04538848623633385,-0.20515096187591553,-0.12577994167804718,-0.17205975949764252,-0.020714571699500084,0.001318394229747355,0.8693039559339009,-0.03827979788184166,0.0026378643233329058,0.0013174661435186863,0.03628706559538841,0.8420560359954834,0.32491645216941833,1.0,0.09665748622934402,0.09586880320480722,0.0007886830245368052,0.5087631447170756,,,cvar,/Users/yaniszaim/deephedging/.deephedging_real_runs/final_paper_asian_panel/panel_sweeps/NVDA_full_paper_grid_800_asian_call_step_robust/model_artifacts/seed_3456/risk_cvar/proto_source_spot_delta_k_25_weighted_1_learnw_0,643.0,0.16825158534049292,val_loss,0.05052681639790535,0.3822321593761444,0.07739485981308411,0.6378504672897196,1997.0,20.0,2.0,spot_delta,25.0,True,False,0.2525038421154022,0.9034212827682495
proto_source=spot_delta_k=25_weighted=1_learnw=0,val,3456,proto,-0.04183745011687279,0.05024650692939758,-0.21295657575130464,-0.14592929184436798,-0.18793067336082458,-0.025843140669167042,0.0012713030097074788,0.8481308411214953,-0.0433480441570282,0.002899259328842163,0.0013886586530134082,0.03855230286717415,0.8418936729431152,0.31815579533576965,1.0,0.08160046728971962,0.0802570093457944,0.0013434579439252337,0.4719626168224299,,,cvar,/Users/yaniszaim/deephedging/.deephedging_real_runs/final_paper_asian_panel/panel_sweeps/NVDA_full_paper_grid_800_asian_call_step_robust/model_artifacts/seed_3456/risk_cvar/proto_source_spot_delta_k_25_weighted_1_learnw_0,643.0,0.16825158534049292,val_loss,0.05052681639790535,0.3822321593761444,0.07739485981308411,0.6378504672897196,428.0,20.0,2.0,spot_delta,25.0,True,False,0.2525038421154022,0.9034212827682495
proto_source=spot_delta_k=25_weighted=1_learnw=0,test,3456,proto,-0.038783881813287735,0.04641908407211304,-0.21419554233551025,-0.12180508375167845,-0.18124248087406158,-0.02371487207710743,0.0008850801503285757,0.8787878787878788,-0.03901301696896553,0.0015305214328691363,0.0013013911666348577,0.03566461056470871,0.8449910283088684,0.31880348920822144,1.0,0.09096736596736597,0.09085081585081585,0.00011655011655011655,0.4988344988344988,,,cvar,/Users/yaniszaim/deephedging/.deephedging_real_runs/final_paper_asian_panel/panel_sweeps/NVDA_full_paper_grid_800_asian_call_step_robust/model_artifacts/seed_3456/risk_cvar/proto_source_spot_delta_k_25_weighted_1_learnw_0,643.0,0.16825158534049292,val_loss,0.05052681639790535,0.3822321593761444,0.07739485981308411,0.6378504672897196,429.0,20.0,2.0,spot_delta,25.0,True,False,0.2525038421154022,0.9034212827682495
proto_source=spot_delta_k=50_weighted=0_learnw=0,train,3456,proto,-0.03674045205116272,0.043593842536211014,-0.19687340080738067,-0.12359103560447693,-0.16830036044120789,-0.02148425206542015,0.00238556889817118,0.9163745618427641,-0.03827979788184166,0.002879128325730562,0.0013397822622209787,0.036424048244953156,0.45981651544570923,0.4212181568145752,1.0,0.12754131196795193,0.12469954932398598,0.002841762643965949,0.558337506259389,,,cvar,/Users/yaniszaim/deephedging/.deephedging_real_runs/final_paper_asian_panel/panel_sweeps/NVDA_full_paper_grid_800_asian_call_step_robust/model_artifacts/seed_3456/risk_cvar/proto_source_spot_delta_k_50_weighted_0_learnw_0,80.0,0.17478322232194313,val_loss,0.048182033002376556,0.45651140809059143,0.1453855140186916,0.7757009345794392,1997.0,20.0,2.0,spot_delta,50.0,False,False,0.16215166449546814,0.4821452498435974
proto_source=spot_delta_k=50_weighted=0_learnw=0,val,3456,proto,-0.03916746377944946,0.04780478775501251,-0.19223407685756683,-0.12773909643292428,-0.17527751624584198,-0.022000356577336788,0.0017009245289955237,0.9135514018691588,-0.0433480441570282,0.005560983903706074,0.0013803982874378562,0.038111865520477295,0.4597757160663605,0.42567965388298035,1.0,0.13358644859813085,0.12768691588785047,0.0058995327102803734,0.5864485981308412,,,cvar,/Users/yaniszaim/deephedging/.deephedging_real_runs/final_paper_asian_panel/panel_sweeps/NVDA_full_paper_grid_800_asian_call_step_robust/model_artifacts/seed_3456/risk_cvar/proto_source_spot_delta_k_50_weighted_0_learnw_0,80.0,0.17478322232194313,val_loss,0.048182033002376556,0.45651140809059143,0.1453855140186916,0.7757009345794392,428.0,20.0,2.0,spot_delta,50.0,False,False,0.16215166449546814,0.4821452498435974
proto_source=spot_delta_k=50_weighted=0_learnw=0,test,3456,proto,-0.035926904529333115,0.04181594401597977,-0.17901937782764435,-0.10624673813581466,-0.16070745885372162,-0.01889253407716751,0.0007924552075564811,0.9277389277389277,-0.03901301696896553,0.004396343138068914,0.001310234540142119,0.035621773451566696,0.45981740951538086,0.41626372933387756,1.0,0.13001165501165501,0.12674825174825174,0.0032634032634032634,0.5687645687645687,,,cvar,/Users/yaniszaim/deephedging/.deephedging_real_runs/final_paper_asian_panel/panel_sweeps/NVDA_full_paper_grid_800_asian_call_step_robust/model_artifacts/seed_3456/risk_cvar/proto_source_spot_delta_k_50_weighted_0_learnw_0,80.0,0.17478322232194313,val_loss,0.048182033002376556,0.45651140809059143,0.1453855140186916,0.7757009345794392,429.0,20.0,2.0,spot_delta,50.0,False,False,0.16215166449546814,0.4821452498435974
proto_source=spot_delta_k=50_weighted=1_learnw=0,train,3456,proto,-0.0401618629693985,0.04600127041339874,-0.2029528021812439,-0.1345788985490799,-0.17467765510082245,-0.021120911464095116,-0.0021589482668787244,0.9904857285928893,-0.03827979788184166,0.0006590491393581033,0.002541112480685115,0.038805484771728516,0.08082729578018188,0.4924750328063965,1.0,0.10013770655983976,0.0,0.10013770655983976,1.0,,,cvar,/Users/yaniszaim/deephedging/.deephedging_real_runs/final_paper_asian_panel/panel_sweeps/NVDA_full_paper_grid_800_asian_call_step_robust/model_artifacts/seed_3456/risk_cvar/proto_source_spot_delta_k_50_weighted_1_learnw_0,5.0,0.18171395324257628,val_loss,0.04212002083659172,0.48627153038978577,0.10064252336448598,1.0,1997.0,20.0,2.0,spot_delta,50.0,True,False,0.10610557347536087,0.15857213735580444
proto_source=spot_delta_k=50_weighted=1_learnw=0,val,3456,proto,-0.04461688548326492,0.050850529223680496,-0.2177128605544567,-0.149134162068367,-0.19252532720565796,-0.024583561345934868,-0.0025248832418583384,0.9929906542056075,-0.0433480441570282,0.001295398804359138,0.0025642397813498974,0.0388658344745636,0.080230712890625,0.49278417229652405,1.0,0.09988317757009346,0.0,0.09988317757009346,1.0,,,cvar,/Users/yaniszaim/deephedging/.deephedging_real_runs/final_paper_asian_panel/panel_sweeps/NVDA_full_paper_grid_800_asian_call_step_robust/model_artifacts/seed_3456/risk_cvar/proto_source_spot_delta_k_50_weighted_1_learnw_0,5.0,0.18171395324257628,val_loss,0.04212002083659172,0.48627153038978577,0.10064252336448598,1.0,428.0,20.0,2.0,spot_delta,50.0,True,False,0.10610557347536087,0.15857213735580444
proto_source=spot_delta_k=50_weighted=1_learnw=0,test,3456,proto,-0.04054864123463631,0.04594073444604874,-0.2103557926416397,-0.12342798709869382,-0.1782318502664566,-0.022209255024790764,-0.002562978304922583,0.986013986013986,-0.03901301696896553,0.0010145831620320678,0.0025502117350697517,0.03885785490274429,0.0805177092552185,0.4931927025318146,1.0,0.09988344988344988,0.0,0.09988344988344988,1.0,,,cvar,/Users/yaniszaim/deephedging/.deephedging_real_runs/final_paper_asian_panel/panel_sweeps/NVDA_full_paper_grid_800_asian_call_step_robust/model_artifacts/seed_3456/risk_cvar/proto_source_spot_delta_k_50_weighted_1_learnw_0,5.0,0.18171395324257628,val_loss,0.04212002083659172,0.48627153038978577,0.10064252336448598,1.0,429.0,20.0,2.0,spot_delta,50.0,True,False,0.10610557347536087,0.15857213735580444
proto_source=spot_delta_k=100_weighted=0_learnw=0,train,3456,proto,-0.040839288383722305,0.0505848228931427,-0.20994194805622102,-0.14322689175605774,-0.18313269317150116,-0.021630171686410904,0.0025189212057739434,0.8793189784677016,-0.03827979788184166,-0.00032091361936181784,0.0022385751362890005,0.03404691815376282,0.3498033583164215,0.3244696259498596,1.0,0.12794191286930395,0.004106159238858287,0.12383575363044567,0.8152228342513771,,,cvar,/Users/yaniszaim/deephedging/.deephedging_real_runs/final_paper_asian_panel/panel_sweeps/NVDA_full_paper_grid_800_asian_call_step_robust/model_artifacts/seed_3456/risk_cvar/proto_source_spot_delta_k_100_weighted_0_learnw_0,37.0,0.1686890235858334,val_loss,0.039874013513326645,0.42400503158569336,0.06325934579439252,0.5700934579439252,1997.0,20.0,2.0,spot_delta,100.0,False,False,0.11892291903495789,0.39646628499031067
proto_source=spot_delta_k=100_weighted=0_learnw=0,val,3456,proto,-0.04612118750810623,0.05553940311074257,-0.22555273056030273,-0.15157392024993896,-0.20279936492443085,-0.025903227739036083,0.0013807518174871782,0.897196261682243,-0.0433480441570282,-0.0004938714555464685,0.002279269741848111,0.034920234233140945,0.3636711537837982,0.316106915473938,1.0,0.12073598130841122,0.002803738317757009,0.1179322429906542,0.7827102803738317,,,cvar,/Users/yaniszaim/deephedging/.deephedging_real_runs/final_paper_asian_panel/panel_sweeps/NVDA_full_paper_grid_800_asian_call_step_robust/model_artifacts/seed_3456/risk_cvar/proto_source_spot_delta_k_100_weighted_0_learnw_0,37.0,0.1686890235858334,val_loss,0.039874013513326645,0.42400503158569336,0.06325934579439252,0.5700934579439252,428.0,20.0,2.0,spot_delta,100.0,False,False,0.11892291903495789,0.39646628499031067
proto_source=spot_delta_k=100_weighted=0_learnw=0,test,3456,proto,-0.0424075610935688,0.05123262107372284,-0.21564536929130554,-0.14125410616397857,-0.19067111611366272,-0.02389133907854557,0.0019589098636060894,0.8694638694638694,-0.03901301696896553,-0.001089160330593586,0.002305392874404788,0.033958643674850464,0.2971512973308563,0.3238046169281006,1.0,0.12791375291375293,0.0037296037296037296,0.12418414918414919,0.8158508158508159,,,cvar,/Users/yaniszaim/deephedging/.deephedging_real_runs/final_paper_asian_panel/panel_sweeps/NVDA_full_paper_grid_800_asian_call_step_robust/model_artifacts/seed_3456/risk_cvar/proto_source_spot_delta_k_100_weighted_0_learnw_0,37.0,0.1686890235858334,val_loss,0.039874013513326645,0.42400503158569336,0.06325934579439252,0.5700934579439252,429.0,20.0,2.0,spot_delta,100.0,False,False,0.11892291903495789,0.39646628499031067
proto_source=spot_delta_k=100_weighted=1_learnw=0,train,3456,proto,-0.03740416094660759,0.04491806402802467,-0.1939944690465927,-0.12746044695377348,-0.16790655255317688,-0.019937943667173386,0.0018442537169903505,0.9018527791687532,-0.03827979788184166,0.0012343304697424173,0.00035869036219082773,0.021328803151845932,0.214097797870636,0.28302183747291565,0.7459871768951416,0.0,0.0,0.0,0.0,,,cvar,/Users/yaniszaim/deephedging/.deephedging_real_runs/final_paper_asian_panel/panel_sweeps/NVDA_full_paper_grid_800_asian_call_step_robust/model_artifacts/seed_3456/risk_cvar/proto_source_spot_delta_k_100_weighted_1_learnw_0,22.0,0.16420981725677847,val_loss,0.018371205776929855,0.21385839581489563,0.0,0.0,1997.0,20.0,2.0,spot_delta,100.0,True,False,0.08087711036205292,0.248490571975708
proto_source=spot_delta_k=100_weighted=1_learnw=0,val,3456,proto,-0.04175252839922905,0.049513787031173706,-0.21275476798415183,-0.1444327250123024,-0.185594841837883,-0.021925839595496655,0.0019170818210113732,0.9018691588785047,-0.0433480441570282,0.0019591234158724546,0.0003636051551438868,0.021588245406746864,0.212295800447464,0.2827034592628479,0.7427282929420471,0.0,0.0,0.0,0.0,,,cvar,/Users/yaniszaim/deephedging/.deephedging_real_runs/final_paper_asian_panel/panel_sweeps/NVDA_full_paper_grid_800_asian_call_step_robust/model_artifacts/seed_3456/risk_cvar/proto_source_spot_delta_k_100_weighted_1_learnw_0,22.0,0.16420981725677847,val_loss,0.018371205776929855,0.21385839581489563,0.0,0.0,428.0,20.0,2.0,spot_delta,100.0,True,False,0.08087711036205292,0.248490571975708
proto_source=spot_delta_k=100_weighted=1_learnw=0,test,3456,proto,-0.0376889705657959,0.04477192461490631,-0.19267897486686705,-0.11494571715593337,-0.17062151432037354,-0.020426085218787193,0.0015907112043350908,0.9207459207459208,-0.03901301696896553,0.0016819320153445005,0.0003578897740226239,0.021338632330298424,0.18127143383026123,0.28287237882614136,0.7461127638816833,0.0,0.0,0.0,0.0,,,cvar,/Users/yaniszaim/deephedging/.deephedging_real_runs/final_paper_asian_panel/panel_sweeps/NVDA_full_paper_grid_800_asian_call_step_robust/model_artifacts/seed_3456/risk_cvar/proto_source_spot_delta_k_100_weighted_1_learnw_0,22.0,0.16420981725677847,val_loss,0.018371205776929855,0.21385839581489563,0.0,0.0,429.0,20.0,2.0,spot_delta,100.0,True,False,0.08087711036205292,0.248490571975708
proto_source=vanilla_k=10_weighted=0_learnw=0,train,3456,proto,-0.039108168333768845,0.05078976973891258,-0.21766285955905915,-0.14154775738716124,-0.18538251519203186,-0.019961832091212273,0.005380955059081315,0.7866800200300451,-0.03827979788184166,-0.0002093863586196676,0.0006189859705045819,0.02075216919183731,0.1974184513092041,0.13111215829849243,1.0,0.00013770655983975965,0.00013770655983975965,0.0,0.0030045067601402104,,,cvar,/Users/yaniszaim/deephedging/.deephedging_real_runs/final_paper_asian_panel/panel_sweeps/NVDA_full_paper_grid_800_asian_call_step_robust/model_artifacts/seed_3456/risk_cvar/proto_source_vanilla_k_10_weighted_0_learnw_0,171.0,0.16915378362889114,val_loss,0.024227363988757133,0.16397731006145477,0.002628504672897196,0.053738317757009345,1997.0,20.0,2.0,vanilla,10.0,False,False,0.0848531723022461,0.2704070806503296
proto_source=vanilla_k=10_weighted=0_learnw=0,val,3456,proto,-0.044531337916851044,0.054908838123083115,-0.2291914340853691,-0.16081196516752244,-0.20046667754650116,-0.023255961947143078,0.003798727935645727,0.8130841121495327,-0.0433480441570282,-0.000556494458578527,0.0006267959251999855,0.020635075867176056,0.19405025243759155,0.12725655734539032,0.8665609359741211,0.0,0.0,0.0,0.0,,,cvar,/Users/yaniszaim/deephedging/.deephedging_real_runs/final_paper_asian_panel/panel_sweeps/NVDA_full_paper_grid_800_asian_call_step_robust/model_artifacts/seed_3456/risk_cvar/proto_source_vanilla_k_10_weighted_0_learnw_0,171.0,0.16915378362889114,val_loss,0.024227363988757133,0.16397731006145477,0.002628504672897196,0.053738317757009345,428.0,20.0,2.0,vanilla,10.0,False,False,0.0848531723022461,0.2704070806503296
proto_source=vanilla_k=10_weighted=0_learnw=0,test,3456,proto,-0.040052443742752075,0.05036896839737892,-0.2244764858484268,-0.13011359870433806,-0.18779167532920837,-0.0208840761333704,0.005657562986016264,0.8111888111888111,-0.03901301696896553,-0.00043972619459964335,0.0005997102125547826,0.020395830273628235,0.19349715113639832,0.12949851155281067,1.0,0.00017482517482517483,0.00017482517482517483,0.0,0.002331002331002331,,,cvar,/Users/yaniszaim/deephedging/.deephedging_real_runs/final_paper_asian_panel/panel_sweeps/NVDA_full_paper_grid_800_asian_call_step_robust/model_artifacts/seed_3456/risk_cvar/proto_source_vanilla_k_10_weighted_0_learnw_0,171.0,0.16915378362889114,val_loss,0.024227363988757133,0.16397731006145477,0.002628504672897196,0.053738317757009345,429.0,20.0,2.0,vanilla,10.0,False,False,0.0848531723022461,0.2704070806503296
proto_source=vanilla_k=10_weighted=1_learnw=0,train,3456,proto,-0.04152872785925865,0.05930852144956589,-0.234143887758255,-0.15845313370227812,-0.20395402610301971,-0.023303352296352386,0.016786927729844994,0.7676514772158237,-0.03827979788184166,-0.0008568784105591476,0.002392050577327609,0.06089504063129425,0.20951765775680542,0.40074729919433594,1.0,0.12198297446169254,0.0,0.12198297446169254,0.7946920380570857,,,cvar,/Users/yaniszaim/deephedging/.deephedging_real_runs/final_paper_asian_panel/panel_sweeps/NVDA_full_paper_grid_800_asian_call_step_robust/model_artifacts/seed_3456/risk_cvar/proto_source_vanilla_k_10_weighted_1_learnw_0,187.0,0.16642304938286542,val_loss,0.03530760854482651,0.2800666093826294,0.0,0.0,1997.0,20.0,2.0,vanilla,10.0,True,False,0.14632712304592133,0.3575259745121002
proto_source=vanilla_k=10_weighted=1_learnw=0,val,3456,proto,-0.04840762913227081,0.06276137381792068,-0.2551389598846435,-0.16977243646979331,-0.22213563323020935,-0.026715394109487534,0.01301962826400995,0.7616822429906542,-0.0433480441570282,-0.0026239189319312572,0.002435660921037197,0.06115759164094925,0.2095152735710144,0.4007660448551178,1.0,0.11845794392523365,0.0,0.11845794392523365,0.7990654205607477,,,cvar,/Users/yaniszaim/deephedging/.deephedging_real_runs/final_paper_asian_panel/panel_sweeps/NVDA_full_paper_grid_800_asian_call_step_robust/model_artifacts/seed_3456/risk_cvar/proto_source_vanilla_k_10_weighted_1_learnw_0,187.0,0.16642304938286542,val_loss,0.03530760854482651,0.2800666093826294,0.0,0.0,428.0,20.0,2.0,vanilla,10.0,True,False,0.14632712304592133,0.3575259745121002
proto_source=vanilla_k=10_weighted=1_learnw=0,test,3456,proto,-0.04293448105454445,0.05744122713804245,-0.22485894858837127,-0.1461219400167465,-0.2035009264945984,-0.02584133855998516,0.012992769479751582,0.7878787878787878,-0.03901301696896553,-0.001541070407256484,0.0023803983349353075,0.06065661087632179,0.2095174789428711,0.4024890959262848,1.0,0.12231934731934732,0.0,0.12231934731934732,0.8135198135198135,,,cvar,/Users/yaniszaim/deephedging/.deephedging_real_runs/final_paper_asian_panel/panel_sweeps/NVDA_full_paper_grid_800_asian_call_step_robust/model_artifacts/seed_3456/risk_cvar/proto_source_vanilla_k_10_weighted_1_learnw_0,187.0,0.16642304938286542,val_loss,0.03530760854482651,0.2800666093826294,0.0,0.0,429.0,20.0,2.0,vanilla,10.0,True,False,0.14632712304592133,0.3575259745121002
proto_source=vanilla_k=25_weighted=0_learnw=0,train,3456,proto,-0.03701923415064812,0.044746655970811844,-0.204212247133255,-0.12759990990161896,-0.16841010749340057,-0.01863926649093628,0.0009903669124469148,0.9253880821231848,-0.03827979788184166,0.001810148824006319,0.0005495838704518974,0.02926192618906498,0.1090167835354805,0.31073033809661865,1.0,0.04113670505758638,0.04113670505758638,0.0,0.9934902353530295,,,cvar,/Users/yaniszaim/deephedging/.deephedging_real_runs/final_paper_asian_panel/panel_sweeps/NVDA_full_paper_grid_800_asian_call_step_robust/model_artifacts/seed_3456/risk_cvar/proto_source_vanilla_k_25_weighted_0_learnw_0,100.0,0.16624823990208315,val_loss,0.030040761455893517,0.2858113944530487,0.008235981308411215,0.3107476635514019,1997.0,20.0,2.0,vanilla,25.0,False,False,0.10270200669765472,0.15597368776798248
proto_source=vanilla_k=25_weighted=0_learnw=0,val,3456,proto,-0.041598841547966,0.048752617090940475,-0.20667631044983864,-0.13998433500528334,-0.18151921033859253,-0.023601781576871872,0.0018289510800968826,0.9112149532710281,-0.0433480441570282,0.0022988736163824797,0.0005496683879755437,0.029184196144342422,0.10780331492424011,0.31072568893432617,1.0,0.04182242990654206,0.04182242990654206,0.0,0.9929906542056075,,,cvar,/Users/yaniszaim/deephedging/.deephedging_real_runs/final_paper_asian_panel/panel_sweeps/NVDA_full_paper_grid_800_asian_call_step_robust/model_artifacts/seed_3456/risk_cvar/proto_source_vanilla_k_25_weighted_0_learnw_0,100.0,0.16624823990208315,val_loss,0.030040761455893517,0.2858113944530487,0.008235981308411215,0.3107476635514019,428.0,20.0,2.0,vanilla,25.0,False,False,0.10270200669765472,0.15597368776798248
proto_source=vanilla_k=25_weighted=0_learnw=0,test,3456,proto,-0.03751978278160095,0.044600680470466614,-0.20186322927474976,-0.11952760219573974,-0.17071713507175446,-0.020067483186721802,0.00010852707782760207,0.9463869463869464,-0.03901301696896553,0.0020432984456419945,0.0005500698462128639,0.02928970567882061,0.10681246966123581,0.31026801466941833,1.0,0.04114219114219114,0.04114219114219114,0.0,0.986013986013986,,,cvar,/Users/yaniszaim/deephedging/.deephedging_real_runs/final_paper_asian_panel/panel_sweeps/NVDA_full_paper_grid_800_asian_call_step_robust/model_artifacts/seed_3456/risk_cvar/proto_source_vanilla_k_25_weighted_0_learnw_0,100.0,0.16624823990208315,val_loss,0.030040761455893517,0.2858113944530487,0.008235981308411215,0.3107476635514019,429.0,20.0,2.0,vanilla,25.0,False,False,0.10270200669765472,0.15597368776798248
proto_source=vanilla_k=25_weighted=1_learnw=0,train,3456,proto,-0.03773913532495499,0.047379784286022186,-0.20828796446323394,-0.1334800750017166,-0.17585162818431854,-0.018523026257753372,0.002503378223627805,0.8883324987481221,-0.03827979788184166,0.0010692767100408673,0.0005286119994707406,0.024251773953437805,0.09710056334733963,0.2123795747756958,0.6692768931388855,0.0,0.0,0.0,0.0,,,cvar,/Users/yaniszaim/deephedging/.deephedging_real_runs/final_paper_asian_panel/panel_sweeps/NVDA_full_paper_grid_800_asian_call_step_robust/model_artifacts/seed_3456/risk_cvar/proto_source_vanilla_k_25_weighted_1_learnw_0,4.0,0.16626962755806743,val_loss,0.02252967096865177,0.25094765424728394,0.0,0.0,1997.0,20.0,2.0,vanilla,25.0,True,False,0.11651474982500076,0.17054979503154755
proto_source=vanilla_k=25_weighted=1_learnw=0,val,3456,proto,-0.042497824877500534,0.05222385749220848,-0.2196571338176727,-0.1485545016825199,-0.19342400133609772,-0.024408813565969467,0.0025688404333777683,0.8785046728971962,-0.0433480441570282,0.001381585723720491,0.0005313663277775049,0.024252478033304214,0.09639976173639297,0.21233898401260376,0.668001651763916,0.0,0.0,0.0,0.0,,,cvar,/Users/yaniszaim/deephedging/.deephedging_real_runs/final_paper_asian_panel/panel_sweeps/NVDA_full_paper_grid_800_asian_call_step_robust/model_artifacts/seed_3456/risk_cvar/proto_source_vanilla_k_25_weighted_1_learnw_0,4.0,0.16626962755806743,val_loss,0.02252967096865177,0.25094765424728394,0.0,0.0,428.0,20.0,2.0,vanilla,25.0,True,False,0.11651474982500076,0.17054979503154755
proto_source=vanilla_k=25_weighted=1_learnw=0,test,3456,proto,-0.0382922925055027,0.04745584726333618,-0.20887615859508513,-0.12121565788984297,-0.1783662736415863,-0.021091600880026817,0.002399227814748883,0.8904428904428905,-0.03901301696896553,0.0012500754091888666,0.000529352284502238,0.024252140894532204,0.09626099467277527,0.21235966682434082,0.6677531003952026,0.0,0.0,0.0,0.0,,,cvar,/Users/yaniszaim/deephedging/.deephedging_real_runs/final_paper_asian_panel/panel_sweeps/NVDA_full_paper_grid_800_asian_call_step_robust/model_artifacts/seed_3456/risk_cvar/proto_source_vanilla_k_25_weighted_1_learnw_0,4.0,0.16626962755806743,val_loss,0.02252967096865177,0.25094765424728394,0.0,0.0,429.0,20.0,2.0,vanilla,25.0,True,False,0.11651474982500076,0.17054979503154755
proto_source=vanilla_k=50_weighted=0_learnw=0,train,3456,proto,-0.03778396174311638,0.047647666186094284,-0.21078073620796203,-0.134122034907341,-0.1769457757472992,-0.018705444410443306,0.0007362223579548279,0.9148723084626941,-0.03827979788184166,0.0008070044568739831,0.00031116645550355315,0.014779696241021156,0.06533470749855042,0.13637995719909668,0.48523759841918945,0.0,0.0,0.0,0.0,,,cvar,/Users/yaniszaim/deephedging/.deephedging_real_runs/final_paper_asian_panel/panel_sweeps/NVDA_full_paper_grid_800_asian_call_step_robust/model_artifacts/seed_3456/risk_cvar/proto_source_vanilla_k_50_weighted_0_learnw_0,3.0,0.16614044843707232,val_loss,0.014788356609642506,0.16308219730854034,0.0,0.0,1997.0,20.0,2.0,vanilla,50.0,False,False,0.0987682119011879,0.16648341715335846
proto_source=vanilla_k=50_weighted=0_learnw=0,val,3456,proto,-0.04263659566640854,0.052494846284389496,-0.22153716892004013,-0.14777018278837203,-0.19404955208301544,-0.022814488969743252,0.0009075257257791222,0.8948598130841121,-0.0433480441570282,0.0010258600814267993,0.000314405799144879,0.014781065285205841,0.06939488649368286,0.13651403784751892,0.4825967252254486,0.0,0.0,0.0,0.0,,,cvar,/Users/yaniszaim/deephedging/.deephedging_real_runs/final_paper_asian_panel/panel_sweeps/NVDA_full_paper_grid_800_asian_call_step_robust/model_artifacts/seed_3456/risk_cvar/proto_source_vanilla_k_50_weighted_0_learnw_0,3.0,0.16614044843707232,val_loss,0.014788356609642506,0.16308219730854034,0.0,0.0,428.0,20.0,2.0,vanilla,50.0,False,False,0.0987682119011879,0.16648341715335846
proto_source=vanilla_k=50_weighted=0_learnw=0,test,3456,proto,-0.038398560136556625,0.047669537365436554,-0.21256108582019806,-0.12363702952861784,-0.1801220327615738,-0.02021249569952488,0.00040140619967132617,0.9254079254079254,-0.03901301696896553,0.0009266661945730448,0.0003122154448647052,0.01478591002523899,0.05768407881259918,0.13641004264354706,0.48259371519088745,0.0,0.0,0.0,0.0,,,cvar,/Users/yaniszaim/deephedging/.deephedging_real_runs/final_paper_asian_panel/panel_sweeps/NVDA_full_paper_grid_800_asian_call_step_robust/model_artifacts/seed_3456/risk_cvar/proto_source_vanilla_k_50_weighted_0_learnw_0,3.0,0.16614044843707232,val_loss,0.014788356609642506,0.16308219730854034,0.0,0.0,429.0,20.0,2.0,vanilla,50.0,False,False,0.0987682119011879,0.16648341715335846
proto_source=vanilla_k=50_weighted=1_learnw=0,train,3456,proto,-0.03740385174751282,0.04668410122394562,-0.2060886663198471,-0.13212943375110625,-0.1736498326063156,-0.01814950816333294,0.0026486919727176355,0.885828743114672,-0.03827979788184166,0.0013370815431699157,0.00046113328426145017,0.026923768222332,0.08961138129234314,0.24023433029651642,0.822604775428772,0.0,0.0,0.0,0.0,,,cvar,/Users/yaniszaim/deephedging/.deephedging_real_runs/final_paper_asian_panel/panel_sweeps/NVDA_full_paper_grid_800_asian_call_step_robust/model_artifacts/seed_3456/risk_cvar/proto_source_vanilla_k_50_weighted_1_learnw_0,4.0,0.16519787632860244,val_loss,0.025509046390652657,0.2805596590042114,0.0,0.0,1997.0,20.0,2.0,vanilla,50.0,True,False,0.11273974180221558,0.16906778514385223
proto_source=vanilla_k=50_weighted=1_learnw=0,val,3456,proto,-0.0420849472284317,0.051431719213724136,-0.21630629062652587,-0.14790601432323455,-0.1910834163427353,-0.02360165026038885,0.002924821490887546,0.8808411214953271,-0.0433480441570282,0.0017266826471313834,0.0004635841469280422,0.026925861835479736,0.09074196964502335,0.24023586511611938,0.8224650025367737,0.0,0.0,0.0,0.0,,,cvar,/Users/yaniszaim/deephedging/.deephedging_real_runs/final_paper_asian_panel/panel_sweeps/NVDA_full_paper_grid_800_asian_call_step_robust/model_artifacts/seed_3456/risk_cvar/proto_source_vanilla_k_50_weighted_1_learnw_0,4.0,0.16519787632860244,val_loss,0.025509046390652657,0.2805596590042114,0.0,0.0,428.0,20.0,2.0,vanilla,50.0,True,False,0.11273974180221558,0.16906778514385223
proto_source=vanilla_k=50_weighted=1_learnw=0,test,3456,proto,-0.03791320323944092,0.04676120728254318,-0.20602126479148863,-0.11956541836261748,-0.1759442538022995,-0.021438878029584885,0.0023747042752802366,0.8951048951048951,-0.03901301696896553,0.001561477780342102,0.00046167170512489974,0.026921700686216354,0.08831840753555298,0.2402334362268448,0.8224353790283203,0.0,0.0,0.0,0.0,,,cvar,/Users/yaniszaim/deephedging/.deephedging_real_runs/final_paper_asian_panel/panel_sweeps/NVDA_full_paper_grid_800_asian_call_step_robust/model_artifacts/seed_3456/risk_cvar/proto_source_vanilla_k_50_weighted_1_learnw_0,4.0,0.16519787632860244,val_loss,0.025509046390652657,0.2805596590042114,0.0,0.0,429.0,20.0,2.0,vanilla,50.0,True,False,0.11273974180221558,0.16906778514385223
proto_source=vanilla_k=100_weighted=0_learnw=0,train,3456,proto,-0.03760676458477974,0.04714253917336464,-0.20896065831184388,-0.1330366015434265,-0.17540429532527924,-0.018928391858935356,0.0008804977405816296,0.9173760640961443,-0.03827979788184166,0.0009454466635361314,0.0002724136284086853,0.01624991185963154,0.06464902311563492,0.1734754592180252,0.5925256013870239,0.0,0.0,0.0,0.0,,,cvar,/Users/yaniszaim/deephedging/.deephedging_real_runs/final_paper_asian_panel/panel_sweeps/NVDA_full_paper_grid_800_asian_call_step_robust/model_artifacts/seed_3456/risk_cvar/proto_source_vanilla_k_100_weighted_0_learnw_0,3.0,0.16621203646995128,val_loss,0.016128214076161385,0.17708870768547058,0.0,0.0,1997.0,20.0,2.0,vanilla,100.0,False,False,0.09287501126527786,0.16736610233783722
proto_source=vanilla_k=100_weighted=0_learnw=0,val,3456,proto,-0.04239795729517937,0.05186289921402931,-0.21896344542503357,-0.14563036262989043,-0.19171899557113647,-0.023870965465903282,0.0010511067113839073,0.8948598130841121,-0.0433480441570282,0.0012237499468028545,0.0002736617170739919,0.016248062252998352,0.0644761323928833,0.17353306710720062,0.5931555032730103,0.0,0.0,0.0,0.0,,,cvar,/Users/yaniszaim/deephedging/.deephedging_real_runs/final_paper_asian_panel/panel_sweeps/NVDA_full_paper_grid_800_asian_call_step_robust/model_artifacts/seed_3456/risk_cvar/proto_source_vanilla_k_100_weighted_0_learnw_0,3.0,0.16621203646995128,val_loss,0.016128214076161385,0.17708870768547058,0.0,0.0,428.0,20.0,2.0,vanilla,100.0,False,False,0.09287501126527786,0.16736610233783722
proto_source=vanilla_k=100_weighted=0_learnw=0,test,3456,proto,-0.038195591419935226,0.04718862473964691,-0.21053335964679717,-0.12268861830234526,-0.17861032485961914,-0.020474005490541458,0.0004418681724928295,0.9324009324009324,-0.03901301696896553,0.001090233214199543,0.0002728105173446238,0.01624985970556736,0.06444227695465088,0.17345485091209412,0.5896470546722412,0.0,0.0,0.0,0.0,,,cvar,/Users/yaniszaim/deephedging/.deephedging_real_runs/final_paper_asian_panel/panel_sweeps/NVDA_full_paper_grid_800_asian_call_step_robust/model_artifacts/seed_3456/risk_cvar/proto_source_vanilla_k_100_weighted_0_learnw_0,3.0,0.16621203646995128,val_loss,0.016128214076161385,0.17708870768547058,0.0,0.0,429.0,20.0,2.0,vanilla,100.0,False,False,0.09287501126527786,0.16736610233783722
proto_source=vanilla_k=100_weighted=1_learnw=0,train,3456,proto,-0.03739360347390175,0.046564266085624695,-0.20560113608837127,-0.13212888240814208,-0.17324283719062805,-0.018123356625437737,0.0027261627838015457,0.885828743114672,-0.03827979788184166,0.0013939404161646962,0.0005077452515251935,0.02844098210334778,0.09974335879087448,0.24143047630786896,0.8615540266036987,0.0,0.0,0.0,0.0,,,cvar,/Users/yaniszaim/deephedging/.deephedging_real_runs/final_paper_asian_panel/panel_sweeps/NVDA_full_paper_grid_800_asian_call_step_robust/model_artifacts/seed_3456/risk_cvar/proto_source_vanilla_k_100_weighted_1_learnw_0,4.0,0.16494756537489594,val_loss,0.025871848687529564,0.27538326382637024,0.0,0.0,1997.0,20.0,2.0,vanilla,100.0,True,False,0.1144336611032486,0.17667599022388458
proto_source=vanilla_k=100_weighted=1_learnw=0,val,3456,proto,-0.04205594211816788,0.051288582384586334,-0.2156919552385807,-0.14758010432124138,-0.19063721597194672,-0.023376635275781155,0.003185598284471771,0.8808411214953271,-0.0433480441570282,0.0018022785661742091,0.0005101704155094922,0.028438299894332886,0.09974335134029388,0.24145656824111938,0.8658135533332825,0.0,0.0,0.0,0.0,,,cvar,/Users/yaniszaim/deephedging/.deephedging_real_runs/final_paper_asian_panel/panel_sweeps/NVDA_full_paper_grid_800_asian_call_step_robust/model_artifacts/seed_3456/risk_cvar/proto_source_vanilla_k_100_weighted_1_learnw_0,4.0,0.16494756537489594,val_loss,0.025871848687529564,0.27538326382637024,0.0,0.0,428.0,20.0,2.0,vanilla,100.0,True,False,0.1144336611032486,0.17667599022388458
proto_source=vanilla_k=100_weighted=1_learnw=0,test,3456,proto,-0.03789428621530533,0.04667309299111366,-0.2054075628519058,-0.11917869597673415,-0.17554260790348053,-0.021453291177749634,0.0025532689876854413,0.8927738927738927,-0.03901301696896553,0.0016272867796942592,0.0005085596349090338,0.028442872688174248,0.0997433215379715,0.24146930873394012,0.8582414984703064,0.0,0.0,0.0,0.0,,,cvar,/Users/yaniszaim/deephedging/.deephedging_real_runs/final_paper_asian_panel/panel_sweeps/NVDA_full_paper_grid_800_asian_call_step_robust/model_artifacts/seed_3456/risk_cvar/proto_source_vanilla_k_100_weighted_1_learnw_0,4.0,0.16494756537489594,val_loss,0.025871848687529564,0.27538326382637024,0.0,0.0,429.0,20.0,2.0,vanilla,100.0,True,False,0.1144336611032486,0.17667599022388458
