model,split,seed,model_family,gains_mean,gains_std,gains_p01,gains_p05,gains_cvar05,gains_p50,gains_p95,shortfall_prob,payoff_mean,pnl_mean,cost_mean,action_abs_mean,action_abs_max,delta_abs_mean,delta_abs_max,pct_at_any_position_bound,pct_at_upper_position_bound,pct_at_lower_position_bound,pct_paths_touch_any_position_bound,selected_band,baseline_selection_metric,risk_measure,artifact_dir,selected_epoch,selected_score,selection_metric,selected_val_action_abs_mean,selected_val_delta_abs_mean,selected_val_pct_at_any_position_bound,selected_val_pct_paths_touch_any_position_bound,n_paths,n_steps,n_inst,prototype_source,n_prototypes,weighted_similarity,learn_distance_feature_weights,proto_action_norm_mean,proto_action_norm_max
unhedged,train,1234,baseline,-0.010417906567454338,0.013895342126488686,-0.055822757482528684,-0.035714924335479736,-0.04945746809244156,-0.004492044448852539,0.0,0.5878787878787879,-0.010417906567454338,0.0,0.0,0.0,0.0,0.0,0.0,0.0,0.0,0.0,0.0,,,,,,,,,,,,,,,,,,,,
spot_delta,train,1234,baseline,-0.010525171644985676,0.013561593368649483,-0.05280073769390583,-0.033673794381320475,-0.04828584939241409,-0.006959202932193875,0.0035972613026387986,0.8166666666666667,-0.010417906567454338,7.123500836314633e-05,0.00017850121366791427,0.022255100309848785,0.60760897397995,0.25741463899612427,0.60760897397995,0.0,0.0,0.0,0.0,,,,,,,,,,,,,,,,,,,,
spot_delta_band,train,1234,baseline,-0.010479694232344627,0.013514768332242966,-0.05267014820128679,-0.03371577952057123,-0.048190295696258545,-0.006963840452954173,0.0034869521507062003,0.8176767676767677,-0.010417906567454338,7.600331446155906e-05,0.00013779073196928948,0.017187919467687607,0.5976089835166931,0.25714796781539917,0.5976089835166931,0.0,0.0,0.0,0.0,0.01,gains_mean,,,,,,,,,,,,,,,,,,
unhedged,val,1234,baseline,-0.011150320060551167,0.018210818991065025,-0.06953550815582275,-0.038621234893798824,-0.06508208066225052,-0.003930449485778809,-0.0,0.5849056603773585,-0.011150320060551167,0.0,0.0,0.0,0.0,0.0,0.0,0.0,0.0,0.0,0.0,,,,,,,,,,,,,,,,,,,,
spot_delta,val,1234,baseline,-0.010582199320197105,0.015470800921320915,-0.06173260055482387,-0.03618068899959326,-0.05532803386449814,-0.0057928659953176975,0.003233471675775939,0.8018867924528302,-0.011150320060551167,0.0007473683799616992,0.0001792490656953305,0.022341186180710793,0.5931580066680908,0.25734761357307434,0.60760897397995,0.0,0.0,0.0,0.0,,,,,,,,,,,,,,,,,,,,
spot_delta_band,val,1234,baseline,-0.010554014705121517,0.015528031624853611,-0.06163490448147058,-0.03582572005689144,-0.05544556677341461,-0.005520550301298499,0.0031816907692700565,0.8042452830188679,-0.011150320060551167,0.0007348039653152227,0.00013849844981450588,0.017275415360927582,0.583158016204834,0.2569981813430786,0.5976089835166931,0.0,0.0,0.0,0.0,0.01,gains_mean,,,,,,,,,,,,,,,,,,
unhedged,test,1234,baseline,-0.010633057914674282,0.014922143891453743,-0.04891428351402283,-0.03775036334991455,-0.051970697939395905,-0.002481400966644287,-0.0,0.5539906103286385,-0.010633057914674282,0.0,0.0,0.0,0.0,0.0,0.0,0.0,0.0,0.0,0.0,,,,,,,,,,,,,,,,,,,,
spot_delta,test,1234,baseline,-0.010169717483222485,0.0138093875721097,-0.044965109787881374,-0.03440295439213514,-0.046564601361751556,-0.006178705021739006,0.004370104870758951,0.784037558685446,-0.010633057914674282,0.0006383737782016397,0.00017503314302302897,0.021821627393364906,0.6018829941749573,0.2580479383468628,0.60760897397995,0.0,0.0,0.0,0.0,,,,,,,,,,,,,,,,,,,,
spot_delta_band,test,1234,baseline,-0.010215320624411106,0.01376036275178194,-0.04490918945521116,-0.03407793305814266,-0.04651416465640068,-0.006072121672332287,0.004072416923008859,0.7910798122065728,-0.010633057914674282,0.0005529890768229961,0.0001352518011117354,0.01687302440404892,0.5918830037117004,0.2577821910381317,0.5976089835166931,0.0,0.0,0.0,0.0,0.01,gains_mean,,,,,,,,,,,,,,,,,,
vanilla,train,1234,vanilla,-0.010292327031493187,0.012778724543750286,-0.05240916062146425,-0.03380952775478363,-0.04655858874320984,-0.004567059455439448,7.356105488724992e-05,0.9404040404040404,-0.010417906567454338,0.0002913493080995977,0.00016577063070144504,0.019523175433278084,0.04473315179347992,0.21545735001564026,0.7796006798744202,0.0,0.0,0.0,0.0,,,cvar,/Users/yaniszaim/deephedging/.deephedging_real_runs/final_paper_asian_panel/panel_sweeps/XLV_full_paper_grid_800_asian_call_step_robust/model_artifacts/seed_1234/risk_cvar/vanilla,147.0,0.04487314596772194,val_loss,0.019770920276641846,0.21905352175235748,0.0,0.0,1980.0,20.0,2.0,,,,,,
vanilla,val,1234,vanilla,-0.010927465744316578,0.016873540356755257,-0.06616576552391053,-0.0360549496486783,-0.061200544238090515,-0.004462170181795955,0.00022554819443030256,0.9198113207547169,-0.011150320060551167,0.0003888503706548363,0.0001659955596551299,0.019523970782756805,0.04472184181213379,0.2154562622308731,0.7818938493728638,0.0,0.0,0.0,0.0,,,cvar,/Users/yaniszaim/deephedging/.deephedging_real_runs/final_paper_asian_panel/panel_sweeps/XLV_full_paper_grid_800_asian_call_step_robust/model_artifacts/seed_1234/risk_cvar/vanilla,147.0,0.04487314596772194,val_loss,0.019770920276641846,0.21905352175235748,0.0,0.0,424.0,20.0,2.0,,,,,,
vanilla,test,1234,vanilla,-0.010547620244324207,0.013761567883193493,-0.04639699589461088,-0.03588783647865057,-0.04917249456048012,-0.00405820133164525,6.699333971482702e-05,0.9436619718309859,-0.010633057914674282,0.00025121428188867867,0.00016577591304667294,0.019522331655025482,0.0447017103433609,0.21544598042964935,0.7793998718261719,0.0,0.0,0.0,0.0,,,cvar,/Users/yaniszaim/deephedging/.deephedging_real_runs/final_paper_asian_panel/panel_sweeps/XLV_full_paper_grid_800_asian_call_step_robust/model_artifacts/seed_1234/risk_cvar/vanilla,147.0,0.04487314596772194,val_loss,0.019770920276641846,0.21905352175235748,0.0,0.0,426.0,20.0,2.0,,,,,,
proto_source=spot_delta_k=10_weighted=0_learnw=0,train,1234,proto,-0.01030300185084343,0.012942317873239517,-0.053272899016737936,-0.03427698817104101,-0.04699300602078438,-0.004581707064062357,0.00011410900915507222,0.9313131313131313,-0.010417906567454338,0.0002484640572220087,0.0001335603737970814,0.01542289461940527,0.16670653223991394,0.16279715299606323,0.7295360565185547,0.0,0.0,0.0,0.0,,,cvar,/Users/yaniszaim/deephedging/.deephedging_real_runs/final_paper_asian_panel/panel_sweeps/XLV_full_paper_grid_800_asian_call_step_robust/model_artifacts/seed_1234/risk_cvar/proto_source_spot_delta_k_10_weighted_0_learnw_0,11.0,0.04434253675397486,val_loss,0.0153768016025424,0.16336317360401154,0.0,0.0,1980.0,20.0,2.0,spot_delta,10.0,False,False,0.08690068870782852,0.1868065744638443
proto_source=spot_delta_k=10_weighted=0_learnw=0,val,1234,proto,-0.010888511314988136,0.016712015494704247,-0.06662581235170364,-0.03658937737345695,-0.060637105256319046,-0.004263442708179355,0.0002473569038556881,0.910377358490566,-0.011150320060551167,0.00039975045365281403,0.0001379415043629706,0.015552669763565063,0.16279816627502441,0.16296125948429108,0.7271810173988342,0.0,0.0,0.0,0.0,,,cvar,/Users/yaniszaim/deephedging/.deephedging_real_runs/final_paper_asian_panel/panel_sweeps/XLV_full_paper_grid_800_asian_call_step_robust/model_artifacts/seed_1234/risk_cvar/proto_source_spot_delta_k_10_weighted_0_learnw_0,11.0,0.04434253675397486,val_loss,0.0153768016025424,0.16336317360401154,0.0,0.0,424.0,20.0,2.0,spot_delta,10.0,False,False,0.08690068870782852,0.1868065744638443
proto_source=spot_delta_k=10_weighted=0_learnw=0,test,1234,proto,-0.010584063827991486,0.014062420465052128,-0.04685699660331011,-0.035666280426084995,-0.04993146285414696,-0.0032962948316708207,9.715036503621377e-05,0.9342723004694836,-0.010633057914674282,0.0001836803712649271,0.0001346854114672169,0.015489418990910053,0.1278206706047058,0.16316157579421997,0.7358918190002441,0.0,0.0,0.0,0.0,,,cvar,/Users/yaniszaim/deephedging/.deephedging_real_runs/final_paper_asian_panel/panel_sweeps/XLV_full_paper_grid_800_asian_call_step_robust/model_artifacts/seed_1234/risk_cvar/proto_source_spot_delta_k_10_weighted_0_learnw_0,11.0,0.04434253675397486,val_loss,0.0153768016025424,0.16336317360401154,0.0,0.0,426.0,20.0,2.0,spot_delta,10.0,False,False,0.08690068870782852,0.1868065744638443
proto_source=spot_delta_k=10_weighted=1_learnw=0,train,1234,proto,-0.010294265113770962,0.012538302689790726,-0.05191343728452921,-0.03319846019148827,-0.046093277633190155,-0.004906474845483899,-6.522140611195937e-05,0.9575757575757575,-0.010417906567454338,0.00029529622406698763,0.00017165523604489863,0.020367620512843132,0.37650224566459656,0.24831892549991608,0.9436509013175964,0.0,0.0,0.0,0.0,,,cvar,/Users/yaniszaim/deephedging/.deephedging_real_runs/final_paper_asian_panel/panel_sweeps/XLV_full_paper_grid_800_asian_call_step_robust/model_artifacts/seed_1234/risk_cvar/proto_source_spot_delta_k_10_weighted_1_learnw_0,444.0,0.04437517089716528,val_loss,0.02146209590137005,0.12415526807308197,0.00035377358490566035,0.0023584905660377358,1980.0,20.0,2.0,spot_delta,10.0,True,False,0.11631002277135849,0.37681859731674194
proto_source=spot_delta_k=10_weighted=1_learnw=0,val,1234,proto,-0.010948597453534603,0.01676986925303936,-0.06486029900610447,-0.036292838491499425,-0.060407038778066635,-0.004686112282797694,-0.00026465417176950787,0.964622641509434,-0.011150320060551167,0.0003764346183743328,0.0001747125934343785,0.02059350349009037,0.37662509083747864,0.2467915117740631,0.8918538689613342,0.0,0.0,0.0,0.0,,,cvar,/Users/yaniszaim/deephedging/.deephedging_real_runs/final_paper_asian_panel/panel_sweeps/XLV_full_paper_grid_800_asian_call_step_robust/model_artifacts/seed_1234/risk_cvar/proto_source_spot_delta_k_10_weighted_1_learnw_0,444.0,0.04437517089716528,val_loss,0.02146209590137005,0.12415526807308197,0.00035377358490566035,0.0023584905660377358,424.0,20.0,2.0,spot_delta,10.0,True,False,0.11631002277135849,0.37681859731674194
proto_source=spot_delta_k=10_weighted=1_learnw=0,test,1234,proto,-0.010484494268894196,0.013711522333323956,-0.04683918785303831,-0.035060551948845387,-0.049002841114997864,-0.003667411976493895,-6.22796669631498e-05,0.9553990610328639,-0.010633057914674282,0.00032112112967297435,0.00017255668353755027,0.020328575745224953,0.3684416115283966,0.24623478949069977,1.0,0.00029342723004694836,0.00029342723004694836,0.0,0.002347417840375587,,,cvar,/Users/yaniszaim/deephedging/.deephedging_real_runs/final_paper_asian_panel/panel_sweeps/XLV_full_paper_grid_800_asian_call_step_robust/model_artifacts/seed_1234/risk_cvar/proto_source_spot_delta_k_10_weighted_1_learnw_0,444.0,0.04437517089716528,val_loss,0.02146209590137005,0.12415526807308197,0.00035377358490566035,0.0023584905660377358,426.0,20.0,2.0,spot_delta,10.0,True,False,0.11631002277135849,0.37681859731674194
proto_source=spot_delta_k=25_weighted=0_learnw=0,train,1234,proto,-0.010318081825971603,0.013073364272713661,-0.051444118432700636,-0.033931154571473596,-0.046728067100048065,-0.0053463527001440525,0.0015309600159525848,0.852020202020202,-0.010417906567454338,0.0002648417139425874,0.00016501701611559838,0.020110908895730972,0.10858795046806335,0.14302073419094086,0.5892374515533447,0.0,0.0,0.0,0.0,,,cvar,/Users/yaniszaim/deephedging/.deephedging_real_runs/final_paper_asian_panel/panel_sweeps/XLV_full_paper_grid_800_asian_call_step_robust/model_artifacts/seed_1234/risk_cvar/proto_source_spot_delta_k_25_weighted_0_learnw_0,206.0,0.043988989996723835,val_loss,0.013636133633553982,0.09703505039215088,0.0,0.0,1980.0,20.0,2.0,spot_delta,25.0,False,False,0.11720089614391327,0.38986343145370483
proto_source=spot_delta_k=25_weighted=0_learnw=0,val,1234,proto,-0.010816448368132114,0.016824161633849144,-0.0645094333589077,-0.037742209620773785,-0.060232438147068024,-0.004536931635811925,0.001615882921032607,0.8160377358490566,-0.011150320060551167,0.0005005387356504798,0.00016666681040078402,0.02015366405248642,0.23904335498809814,0.14371076226234436,0.6007735729217529,0.0,0.0,0.0,0.0,,,cvar,/Users/yaniszaim/deephedging/.deephedging_real_runs/final_paper_asian_panel/panel_sweeps/XLV_full_paper_grid_800_asian_call_step_robust/model_artifacts/seed_1234/risk_cvar/proto_source_spot_delta_k_25_weighted_0_learnw_0,206.0,0.043988989996723835,val_loss,0.013636133633553982,0.09703505039215088,0.0,0.0,424.0,20.0,2.0,spot_delta,25.0,False,False,0.11720089614391327,0.38986343145370483
proto_source=spot_delta_k=25_weighted=0_learnw=0,test,1234,proto,-0.010237665846943855,0.014212526381015778,-0.04643565136939287,-0.0354961147531867,-0.04876375198364258,-0.004289885750040412,0.0018221661739517003,0.784037558685446,-0.010633057914674282,0.0005590122891589999,0.00016361997404601425,0.019945956766605377,0.10858237743377686,0.1440005600452423,0.5499505996704102,0.0,0.0,0.0,0.0,,,cvar,/Users/yaniszaim/deephedging/.deephedging_real_runs/final_paper_asian_panel/panel_sweeps/XLV_full_paper_grid_800_asian_call_step_robust/model_artifacts/seed_1234/risk_cvar/proto_source_spot_delta_k_25_weighted_0_learnw_0,206.0,0.043988989996723835,val_loss,0.013636133633553982,0.09703505039215088,0.0,0.0,426.0,20.0,2.0,spot_delta,25.0,False,False,0.11720089614391327,0.38986343145370483
proto_source=spot_delta_k=25_weighted=1_learnw=0,train,1234,proto,-0.01036811899393797,0.012958882376551628,-0.05290015179663896,-0.034235825017094615,-0.04706493020057678,-0.0046465834602713585,4.133393304073246e-05,0.9424242424242424,-0.010417906567454338,0.00015532239922322333,0.00010553536412771791,0.010507670231163502,0.05149821192026138,0.1588016301393509,0.6194258332252502,0.0,0.0,0.0,0.0,,,cvar,/Users/yaniszaim/deephedging/.deephedging_real_runs/final_paper_asian_panel/panel_sweeps/XLV_full_paper_grid_800_asian_call_step_robust/model_artifacts/seed_1234/risk_cvar/proto_source_spot_delta_k_25_weighted_1_learnw_0,5.0,0.04449089297093451,val_loss,0.011351661756634712,0.12545444071292877,0.0,0.0,1980.0,20.0,2.0,spot_delta,25.0,True,False,0.0808638408780098,0.13606715202331543
proto_source=spot_delta_k=25_weighted=1_learnw=0,val,1234,proto,-0.010994884185492992,0.01699225977063179,-0.06570045039057731,-0.0369056599214673,-0.06146079674363136,-0.003986272495239973,0.00012060262743034368,0.9433962264150944,-0.011150320060551167,0.0002616030687931925,0.00010616778308758512,0.010549315251410007,0.05149815231561661,0.15912669897079468,0.7830187678337097,0.0,0.0,0.0,0.0,,,cvar,/Users/yaniszaim/deephedging/.deephedging_real_runs/final_paper_asian_panel/panel_sweeps/XLV_full_paper_grid_800_asian_call_step_robust/model_artifacts/seed_1234/risk_cvar/proto_source_spot_delta_k_25_weighted_1_learnw_0,5.0,0.04449089297093451,val_loss,0.011351661756634712,0.12545444071292877,0.0,0.0,424.0,20.0,2.0,spot_delta,25.0,True,False,0.0808638408780098,0.13606715202331543
proto_source=spot_delta_k=25_weighted=1_learnw=0,test,1234,proto,-0.010517396032810211,0.014033476822078228,-0.04730862099677324,-0.03607276827096939,-0.049519967287778854,-0.003219624049961567,0.0001812209011404775,0.9131455399061033,-0.010633057914674282,0.00022229060414247215,0.00010662788554327562,0.010531090199947357,0.051498137414455414,0.15879912674427032,0.48932531476020813,0.0,0.0,0.0,0.0,,,cvar,/Users/yaniszaim/deephedging/.deephedging_real_runs/final_paper_asian_panel/panel_sweeps/XLV_full_paper_grid_800_asian_call_step_robust/model_artifacts/seed_1234/risk_cvar/proto_source_spot_delta_k_25_weighted_1_learnw_0,5.0,0.04449089297093451,val_loss,0.011351661756634712,0.12545444071292877,0.0,0.0,426.0,20.0,2.0,spot_delta,25.0,True,False,0.0808638408780098,0.13606715202331543
proto_source=spot_delta_k=50_weighted=0_learnw=0,train,1234,proto,-0.010359266772866249,0.012438912875950336,-0.05136156767606735,-0.03335980027914047,-0.045461174100637436,-0.006293056067079306,0.001826233247993514,0.8570707070707071,-0.010417906567454338,0.00031148738344199955,0.00025284820003435016,0.0262147169560194,0.31318366527557373,0.26410844922065735,0.9851953387260437,0.0,0.0,0.0,0.0,,,cvar,/Users/yaniszaim/deephedging/.deephedging_real_runs/final_paper_asian_panel/panel_sweeps/XLV_full_paper_grid_800_asian_call_step_robust/model_artifacts/seed_1234/risk_cvar/proto_source_spot_delta_k_50_weighted_0_learnw_0,385.0,0.04382127398625016,val_loss,0.021585632115602493,0.17704327404499054,0.0,0.0,1980.0,20.0,2.0,spot_delta,50.0,False,False,0.10145323723554611,0.3269565999507904
proto_source=spot_delta_k=50_weighted=0_learnw=0,val,1234,proto,-0.010762019082903862,0.015442488715052605,-0.06685462206602097,-0.03563188780099154,-0.057055357843637466,-0.005853216629475355,0.00219001539517194,0.8537735849056604,-0.011150320060551167,0.0006458765710704029,0.00025757591356523335,0.02624349668622017,0.3132772743701935,0.2633390426635742,0.8114145398139954,0.0,0.0,0.0,0.0,,,cvar,/Users/yaniszaim/deephedging/.deephedging_real_runs/final_paper_asian_panel/panel_sweeps/XLV_full_paper_grid_800_asian_call_step_robust/model_artifacts/seed_1234/risk_cvar/proto_source_spot_delta_k_50_weighted_0_learnw_0,385.0,0.04382127398625016,val_loss,0.021585632115602493,0.17704327404499054,0.0,0.0,424.0,20.0,2.0,spot_delta,50.0,False,False,0.10145323723554611,0.3269565999507904
proto_source=spot_delta_k=50_weighted=0_learnw=0,test,1234,proto,-0.010168836452066898,0.013631279580295086,-0.044357992708683014,-0.03421609662473202,-0.04621267691254616,-0.0056651863269507885,0.0021091363159939647,0.8262910798122066,-0.010633057914674282,0.00071835977723822,0.00025413863477297127,0.025926368311047554,0.31033754348754883,0.26440757513046265,0.8979995250701904,0.0,0.0,0.0,0.0,,,cvar,/Users/yaniszaim/deephedging/.deephedging_real_runs/final_paper_asian_panel/panel_sweeps/XLV_full_paper_grid_800_asian_call_step_robust/model_artifacts/seed_1234/risk_cvar/proto_source_spot_delta_k_50_weighted_0_learnw_0,385.0,0.04382127398625016,val_loss,0.021585632115602493,0.17704327404499054,0.0,0.0,426.0,20.0,2.0,spot_delta,50.0,False,False,0.10145323723554611,0.3269565999507904
proto_source=spot_delta_k=50_weighted=1_learnw=0,train,1234,proto,-0.010459973476827145,0.01328943483531475,-0.054143941290676595,-0.034625176526606086,-0.048064861446619034,-0.0047204389702528715,-0.0001325345649092924,0.9762626262626263,-0.010417906567454338,7.98962137196213e-05,0.00012196359602967277,0.008110514841973782,0.14748191833496094,0.1078583225607872,0.9755846858024597,0.0,0.0,0.0,0.0,,,cvar,/Users/yaniszaim/deephedging/.deephedging_real_runs/final_paper_asian_panel/panel_sweeps/XLV_full_paper_grid_800_asian_call_step_robust/model_artifacts/seed_1234/risk_cvar/proto_source_spot_delta_k_50_weighted_1_learnw_0,4.0,0.044443129040300844,val_loss,0.00872061401605606,0.09060315787792206,0.0,0.0,1980.0,20.0,2.0,spot_delta,50.0,True,False,0.09895231574773788,0.1749275177717209
proto_source=spot_delta_k=50_weighted=1_learnw=0,val,1234,proto,-0.01114504225552082,0.01765081100165844,-0.06707548312842845,-0.03735091630369425,-0.06339990347623825,-0.0039946523029357195,-0.0001607770391274246,0.9764150943396226,-0.011150320060551167,0.00012916751438751817,0.00012388938921503723,0.008131606504321098,0.1474815011024475,0.10757382214069366,0.8516654372215271,0.0,0.0,0.0,0.0,,,cvar,/Users/yaniszaim/deephedging/.deephedging_real_runs/final_paper_asian_panel/panel_sweeps/XLV_full_paper_grid_800_asian_call_step_robust/model_artifacts/seed_1234/risk_cvar/proto_source_spot_delta_k_50_weighted_1_learnw_0,4.0,0.044443129040300844,val_loss,0.00872061401605606,0.09060315787792206,0.0,0.0,424.0,20.0,2.0,spot_delta,50.0,True,False,0.09895231574773788,0.1749275177717209
proto_source=spot_delta_k=50_weighted=1_learnw=0,test,1234,proto,-0.010636962950229645,0.01430473942309618,-0.047753107734024525,-0.03664138447493315,-0.050453897565603256,-0.0030993197578936815,-7.515523793699685e-05,0.9671361502347418,-0.010633057914674282,0.00011976308451266959,0.0001236674579558894,0.008133172988891602,0.14748156070709229,0.10742711275815964,0.9639396667480469,0.0,0.0,0.0,0.0,,,cvar,/Users/yaniszaim/deephedging/.deephedging_real_runs/final_paper_asian_panel/panel_sweeps/XLV_full_paper_grid_800_asian_call_step_robust/model_artifacts/seed_1234/risk_cvar/proto_source_spot_delta_k_50_weighted_1_learnw_0,4.0,0.044443129040300844,val_loss,0.00872061401605606,0.09060315787792206,0.0,0.0,426.0,20.0,2.0,spot_delta,50.0,True,False,0.09895231574773788,0.1749275177717209
proto_source=spot_delta_k=100_weighted=0_learnw=0,train,1234,proto,-0.010350984521210194,0.012515044771134853,-0.050930650867521764,-0.03339952062815428,-0.045422811061143875,-0.005701524205505848,0.0009398510970640925,0.8853535353535353,-0.010417906567454338,0.0003189074632246047,0.0002519866975490004,0.016544701531529427,0.1358773112297058,0.24547003209590912,0.9335566759109497,0.0,0.0,0.0,0.0,,,cvar,/Users/yaniszaim/deephedging/.deephedging_real_runs/final_paper_asian_panel/panel_sweeps/XLV_full_paper_grid_800_asian_call_step_robust/model_artifacts/seed_1234/risk_cvar/proto_source_spot_delta_k_100_weighted_0_learnw_0,28.0,0.04434972490166437,val_loss,0.013563688844442368,0.15906774997711182,0.0001179245283018868,0.0023584905660377358,1980.0,20.0,2.0,spot_delta,100.0,False,False,0.0850718766450882,0.17940135300159454
proto_source=spot_delta_k=100_weighted=0_learnw=0,val,1234,proto,-0.010936831124126911,0.01638208143413067,-0.06355953231453895,-0.03601016849279404,-0.05853961780667305,-0.004740362986922264,0.0006226436904398702,0.8985849056603774,-0.011150320060551167,0.0004746776248794049,0.00026118921232409775,0.016703777015209198,0.13586504757404327,0.24659064412117004,1.0,0.00029481132075471697,0.00029481132075471697,0.0,0.0023584905660377358,,,cvar,/Users/yaniszaim/deephedging/.deephedging_real_runs/final_paper_asian_panel/panel_sweeps/XLV_full_paper_grid_800_asian_call_step_robust/model_artifacts/seed_1234/risk_cvar/proto_source_spot_delta_k_100_weighted_0_learnw_0,28.0,0.04434972490166437,val_loss,0.013563688844442368,0.15906774997711182,0.0001179245283018868,0.0023584905660377358,424.0,20.0,2.0,spot_delta,100.0,False,False,0.0850718766450882,0.17940135300159454
proto_source=spot_delta_k=100_weighted=0_learnw=0,test,1234,proto,-0.010460938327014446,0.013498653657734394,-0.04538651090115309,-0.03477530740201473,-0.04724502936005592,-0.0047660458367317915,0.0010231106425635517,0.8497652582159625,-0.010633057914674282,0.0004284858878236264,0.00025636618374846876,0.01667696051299572,0.13587424159049988,0.24616096913814545,0.5993520617485046,0.0,0.0,0.0,0.0,,,cvar,/Users/yaniszaim/deephedging/.deephedging_real_runs/final_paper_asian_panel/panel_sweeps/XLV_full_paper_grid_800_asian_call_step_robust/model_artifacts/seed_1234/risk_cvar/proto_source_spot_delta_k_100_weighted_0_learnw_0,28.0,0.04434972490166437,val_loss,0.013563688844442368,0.15906774997711182,0.0001179245283018868,0.0023584905660377358,426.0,20.0,2.0,spot_delta,100.0,False,False,0.0850718766450882,0.17940135300159454
proto_source=spot_delta_k=100_weighted=1_learnw=0,train,1234,proto,-0.010419269092381,0.01301751658320427,-0.052765570692718027,-0.03439370840787888,-0.047154247760772705,-0.0047896746546030045,0.0002523927993024688,0.9191919191919192,-0.010417906567454338,0.00013638508971780539,0.0001377492881147191,0.010346222668886185,0.06360337883234024,0.14878316223621368,0.6594828963279724,0.0,0.0,0.0,0.0,,,cvar,/Users/yaniszaim/deephedging/.deephedging_real_runs/final_paper_asian_panel/panel_sweeps/XLV_full_paper_grid_800_asian_call_step_robust/model_artifacts/seed_1234/risk_cvar/proto_source_spot_delta_k_100_weighted_1_learnw_0,4.0,0.044530822206288574,val_loss,0.010892841964960098,0.10777691006660461,0.0,0.0,1980.0,20.0,2.0,spot_delta,100.0,True,False,0.09489753097295761,0.16331170499324799
proto_source=spot_delta_k=100_weighted=1_learnw=0,val,1234,proto,-0.011037017218768597,0.017225073650479317,-0.06566034838557243,-0.037279455922544,-0.06203002855181694,-0.003972689853981137,0.0004323353889049016,0.9150943396226415,-0.011150320060551167,0.00025105668464675546,0.00013775390107184649,0.01039193570613861,0.06360331177711487,0.1492983102798462,0.8043044209480286,0.0,0.0,0.0,0.0,,,cvar,/Users/yaniszaim/deephedging/.deephedging_real_runs/final_paper_asian_panel/panel_sweeps/XLV_full_paper_grid_800_asian_call_step_robust/model_artifacts/seed_1234/risk_cvar/proto_source_spot_delta_k_100_weighted_1_learnw_0,4.0,0.044530822206288574,val_loss,0.010892841964960098,0.10777691006660461,0.0,0.0,424.0,20.0,2.0,spot_delta,100.0,True,False,0.09489753097295761,0.16331170499324799
proto_source=spot_delta_k=100_weighted=1_learnw=0,test,1234,proto,-0.010562106035649776,0.014070088975131512,-0.04671279154717922,-0.0361012713983655,-0.0493989922106266,-0.003065914032049477,0.0005147727206349373,0.8967136150234741,-0.010633057914674282,0.00020883676188532263,0.00013788571231998503,0.01035620179027319,0.06360328942537308,0.14884333312511444,0.510359525680542,0.0,0.0,0.0,0.0,,,cvar,/Users/yaniszaim/deephedging/.deephedging_real_runs/final_paper_asian_panel/panel_sweeps/XLV_full_paper_grid_800_asian_call_step_robust/model_artifacts/seed_1234/risk_cvar/proto_source_spot_delta_k_100_weighted_1_learnw_0,4.0,0.044530822206288574,val_loss,0.010892841964960098,0.10777691006660461,0.0,0.0,426.0,20.0,2.0,spot_delta,100.0,True,False,0.09489753097295761,0.16331170499324799
proto_source=vanilla_k=10_weighted=0_learnw=0,train,1234,proto,-0.010437927208840847,0.013389472849667072,-0.05483616974204779,-0.03503085095435381,-0.04815874993801117,-0.004608179442584515,0.0003058672969928009,0.9035353535353535,-0.010417906567454338,0.0001690317440079525,0.00018905368051491678,0.012660671956837177,0.04987384006381035,0.11821809411048889,0.4236357510089874,0.0,0.0,0.0,0.0,,,cvar,/Users/yaniszaim/deephedging/.deephedging_real_runs/final_paper_asian_panel/panel_sweeps/XLV_full_paper_grid_800_asian_call_step_robust/model_artifacts/seed_1234/risk_cvar/proto_source_vanilla_k_10_weighted_0_learnw_0,2.0,0.04477458162698895,val_loss,0.012956527061760426,0.11681067943572998,0.0,0.0,1980.0,20.0,2.0,vanilla,10.0,False,False,0.06729009002447128,0.14347109198570251
proto_source=vanilla_k=10_weighted=0_learnw=0,val,1234,proto,-0.01119166798889637,0.01786091737449169,-0.06880524389445782,-0.037209499068558215,-0.06428218632936478,-0.004505247343331575,0.00036500082205747746,0.8891509433962265,-0.011150320060551167,0.0001480919891037047,0.00018944102339446545,0.012666608206927776,0.04958360642194748,0.11815925687551498,0.42154255509376526,0.0,0.0,0.0,0.0,,,cvar,/Users/yaniszaim/deephedging/.deephedging_real_runs/final_paper_asian_panel/panel_sweeps/XLV_full_paper_grid_800_asian_call_step_robust/model_artifacts/seed_1234/risk_cvar/proto_source_vanilla_k_10_weighted_0_learnw_0,2.0,0.04477458162698895,val_loss,0.012956527061760426,0.11681067943572998,0.0,0.0,424.0,20.0,2.0,vanilla,10.0,False,False,0.06729009002447128,0.14347109198570251
proto_source=vanilla_k=10_weighted=0_learnw=0,test,1234,proto,-0.010723608545958996,0.014468071982264519,-0.04830644000321627,-0.036825901828706264,-0.05120396614074707,-0.0033086788607761264,0.00014745907901669852,0.9131455399061033,-0.010633057914674282,9.864113962976262e-05,0.00018919105059467256,0.012672493234276772,0.04645778238773346,0.11814963817596436,0.42137476801872253,0.0,0.0,0.0,0.0,,,cvar,/Users/yaniszaim/deephedging/.deephedging_real_runs/final_paper_asian_panel/panel_sweeps/XLV_full_paper_grid_800_asian_call_step_robust/model_artifacts/seed_1234/risk_cvar/proto_source_vanilla_k_10_weighted_0_learnw_0,2.0,0.04477458162698895,val_loss,0.012956527061760426,0.11681067943572998,0.0,0.0,426.0,20.0,2.0,vanilla,10.0,False,False,0.06729009002447128,0.14347109198570251
proto_source=vanilla_k=10_weighted=1_learnw=0,train,1234,proto,-0.010472279973328114,0.013373644091188908,-0.054886711426079274,-0.035343792475759986,-0.04809923842549324,-0.004603694658726454,0.0004969619301846249,0.8898989898989899,-0.010417906567454338,0.0001827680243877694,0.00023714355484116822,0.014947953633964062,0.061540357768535614,0.12719941139221191,0.45295286178588867,0.0,0.0,0.0,0.0,,,cvar,/Users/yaniszaim/deephedging/.deephedging_real_runs/final_paper_asian_panel/panel_sweeps/XLV_full_paper_grid_800_asian_call_step_robust/model_artifacts/seed_1234/risk_cvar/proto_source_vanilla_k_10_weighted_1_learnw_0,2.0,0.04483801322989166,val_loss,0.014408161863684654,0.12334556132555008,0.0,0.0,1980.0,20.0,2.0,vanilla,10.0,True,False,0.08204112946987152,0.1492174118757248
proto_source=vanilla_k=10_weighted=1_learnw=0,val,1234,proto,-0.011228220537304878,0.017828891053795815,-0.06896919712424278,-0.037095689773559565,-0.06422031670808792,-0.004746680147945881,0.000508222440839743,0.8867924528301887,-0.011150320060551167,0.00015895516844466329,0.00023685592168476433,0.014936324208974838,0.05957198143005371,0.12713177502155304,0.4525637924671173,0.0,0.0,0.0,0.0,,,cvar,/Users/yaniszaim/deephedging/.deephedging_real_runs/final_paper_asian_panel/panel_sweeps/XLV_full_paper_grid_800_asian_call_step_robust/model_artifacts/seed_1234/risk_cvar/proto_source_vanilla_k_10_weighted_1_learnw_0,2.0,0.04483801322989166,val_loss,0.014408161863684654,0.12334556132555008,0.0,0.0,424.0,20.0,2.0,vanilla,10.0,True,False,0.08204112946987152,0.1492174118757248
proto_source=vanilla_k=10_weighted=1_learnw=0,test,1234,proto,-0.010779750533401966,0.014457994140684605,-0.048335189931094646,-0.03685557469725609,-0.05125924199819565,-0.0034512411803007126,0.0003063046024180949,0.8990610328638498,-0.010633057914674282,8.912316843634471e-05,0.00023581601271871477,0.014926990494132042,0.05911141633987427,0.12708887457847595,0.45273447036743164,0.0,0.0,0.0,0.0,,,cvar,/Users/yaniszaim/deephedging/.deephedging_real_runs/final_paper_asian_panel/panel_sweeps/XLV_full_paper_grid_800_asian_call_step_robust/model_artifacts/seed_1234/risk_cvar/proto_source_vanilla_k_10_weighted_1_learnw_0,2.0,0.04483801322989166,val_loss,0.014408161863684654,0.12334556132555008,0.0,0.0,426.0,20.0,2.0,vanilla,10.0,True,False,0.08204112946987152,0.1492174118757248
proto_source=vanilla_k=25_weighted=0_learnw=0,train,1234,proto,-0.010496094822883606,0.013164231553673744,-0.05422471098601818,-0.03495241645723581,-0.04762141779065132,-0.004665547050535679,0.0003438650586758738,0.9131313131313131,-0.010417906567454338,0.00023643393069505692,0.00031462390325032175,0.018271394073963165,0.06831417232751846,0.17094771564006805,0.5916030406951904,0.0,0.0,0.0,0.0,,,cvar,/Users/yaniszaim/deephedging/.deephedging_real_runs/final_paper_asian_panel/panel_sweeps/XLV_full_paper_grid_800_asian_call_step_robust/model_artifacts/seed_1234/risk_cvar/proto_source_vanilla_k_25_weighted_0_learnw_0,2.0,0.04517636296339333,val_loss,0.018336141481995583,0.17035165429115295,0.0,0.0,1980.0,20.0,2.0,vanilla,25.0,False,False,0.08376897871494293,0.12797129154205322
proto_source=vanilla_k=25_weighted=0_learnw=0,val,1234,proto,-0.011226607486605644,0.017551526427268982,-0.0683477609604597,-0.03656483795493841,-0.06346884369850159,-0.004831476369872689,0.0003637720539700208,0.910377358490566,-0.011150320060551167,0.00023852875165175647,0.00031481668702326715,0.018269827589392662,0.0682072713971138,0.1709471344947815,0.5910179018974304,0.0,0.0,0.0,0.0,,,cvar,/Users/yaniszaim/deephedging/.deephedging_real_runs/final_paper_asian_panel/panel_sweeps/XLV_full_paper_grid_800_asian_call_step_robust/model_artifacts/seed_1234/risk_cvar/proto_source_vanilla_k_25_weighted_0_learnw_0,2.0,0.04517636296339333,val_loss,0.018336141481995583,0.17035165429115295,0.0,0.0,424.0,20.0,2.0,vanilla,25.0,False,False,0.08376897871494293,0.12797129154205322
proto_source=vanilla_k=25_weighted=0_learnw=0,test,1234,proto,-0.010807926766574383,0.014232750050723553,-0.047845625318586826,-0.03644708264619112,-0.050750482827425,-0.003637043642811477,0.00016557088383706287,0.9272300469483568,-0.010633057914674282,0.00013973239401821047,0.00031460175523534417,0.01827475242316723,0.0681002289056778,0.17094697058200836,0.5905390977859497,0.0,0.0,0.0,0.0,,,cvar,/Users/yaniszaim/deephedging/.deephedging_real_runs/final_paper_asian_panel/panel_sweeps/XLV_full_paper_grid_800_asian_call_step_robust/model_artifacts/seed_1234/risk_cvar/proto_source_vanilla_k_25_weighted_0_learnw_0,2.0,0.04517636296339333,val_loss,0.018336141481995583,0.17035165429115295,0.0,0.0,426.0,20.0,2.0,vanilla,25.0,False,False,0.08376897871494293,0.12797129154205322
proto_source=vanilla_k=25_weighted=1_learnw=0,train,1234,proto,-0.010486539453268051,0.01274480577558279,-0.05051910515874624,-0.03350043427199125,-0.04662983492016792,-0.005238417768850923,0.00020786561799468467,0.9348484848484848,-0.010417906567454338,0.0002796643238980323,0.0003482972097117454,0.020564662292599678,0.27242982387542725,0.25507742166519165,0.8692284822463989,0.0,0.0,0.0,0.0,,,cvar,/Users/yaniszaim/deephedging/.deephedging_real_runs/final_paper_asian_panel/panel_sweeps/XLV_full_paper_grid_800_asian_call_step_robust/model_artifacts/seed_1234/risk_cvar/proto_source_vanilla_k_25_weighted_1_learnw_0,60.0,0.04534286950117434,val_loss,0.01907237432897091,0.22549405694007874,0.000884433962264151,0.0047169811320754715,1980.0,20.0,2.0,vanilla,25.0,True,False,0.115333691239357,0.285055547952652
proto_source=vanilla_k=25_weighted=1_learnw=0,val,1234,proto,-0.011170023120939732,0.017010699957609177,-0.0636889572441578,-0.03650055136531591,-0.06138700619339943,-0.004851195262745023,9.026251791510625e-06,0.9457547169811321,-0.011150320060551167,0.00033192854607477784,0.0003516323340591043,0.020657652989029884,0.27201810479164124,0.25519859790802,0.8549520969390869,0.0,0.0,0.0,0.0,,,cvar,/Users/yaniszaim/deephedging/.deephedging_real_runs/final_paper_asian_panel/panel_sweeps/XLV_full_paper_grid_800_asian_call_step_robust/model_artifacts/seed_1234/risk_cvar/proto_source_vanilla_k_25_weighted_1_learnw_0,60.0,0.04534286950117434,val_loss,0.01907237432897091,0.22549405694007874,0.000884433962264151,0.0047169811320754715,424.0,20.0,2.0,vanilla,25.0,True,False,0.115333691239357,0.285055547952652
proto_source=vanilla_k=25_weighted=1_learnw=0,test,1234,proto,-0.0106391916051507,0.013506347313523293,-0.04511394817382097,-0.03505073394626379,-0.04791661351919174,-0.0046656494960188866,0.0002649552043294534,0.9107981220657277,-0.010633057914674282,0.00034689088352024555,0.00035302439937368035,0.020722316578030586,0.26908260583877563,0.25597837567329407,0.8109136819839478,0.0,0.0,0.0,0.0,,,cvar,/Users/yaniszaim/deephedging/.deephedging_real_runs/final_paper_asian_panel/panel_sweeps/XLV_full_paper_grid_800_asian_call_step_robust/model_artifacts/seed_1234/risk_cvar/proto_source_vanilla_k_25_weighted_1_learnw_0,60.0,0.04534286950117434,val_loss,0.01907237432897091,0.22549405694007874,0.000884433962264151,0.0047169811320754715,426.0,20.0,2.0,vanilla,25.0,True,False,0.115333691239357,0.285055547952652
proto_source=vanilla_k=50_weighted=0_learnw=0,train,1234,proto,-0.010388307273387909,0.013003682717680931,-0.053457669652998446,-0.034375207498669624,-0.04717421904206276,-0.004588647047057748,0.0001871249645773786,0.9267676767676768,-0.010417906567454338,0.000255459250183776,0.00022586072736885399,0.0178506001830101,0.03993062674999237,0.18465247750282288,0.6894145011901855,0.0,0.0,0.0,0.0,,,cvar,/Users/yaniszaim/deephedging/.deephedging_real_runs/final_paper_asian_panel/panel_sweeps/XLV_full_paper_grid_800_asian_call_step_robust/model_artifacts/seed_1234/risk_cvar/proto_source_vanilla_k_50_weighted_0_learnw_0,4.0,0.044889252679422495,val_loss,0.017966577783226967,0.18603715300559998,0.0,0.0,1980.0,20.0,2.0,vanilla,50.0,False,False,0.06017555296421051,0.16112399101257324
proto_source=vanilla_k=50_weighted=0_learnw=0,val,1234,proto,-0.011059637181460857,0.017207225784659386,-0.067324835434556,-0.03637954629957676,-0.06230003759264946,-0.004636403173208237,0.00032229644275503074,0.9080188679245284,-0.011150320060551167,0.0003167144604958594,0.00022603172692470253,0.01785152591764927,0.03956159949302673,0.1847609281539917,0.6885466575622559,0.0,0.0,0.0,0.0,,,cvar,/Users/yaniszaim/deephedging/.deephedging_real_runs/final_paper_asian_panel/panel_sweeps/XLV_full_paper_grid_800_asian_call_step_robust/model_artifacts/seed_1234/risk_cvar/proto_source_vanilla_k_50_weighted_0_learnw_0,4.0,0.044889252679422495,val_loss,0.017966577783226967,0.18603715300559998,0.0,0.0,424.0,20.0,2.0,vanilla,50.0,False,False,0.06017555296421051,0.16112399101257324
proto_source=vanilla_k=50_weighted=0_learnw=0,test,1234,proto,-0.010666252113878727,0.014021390117704868,-0.04709364380687475,-0.036161646246910095,-0.04998160898685455,-0.0036428874591365457,0.00010042194480774924,0.9272300469483568,-0.010633057914674282,0.0001928010315168649,0.00022599424119107425,0.017860151827335358,0.03995794057846069,0.18486711382865906,0.6894830465316772,0.0,0.0,0.0,0.0,,,cvar,/Users/yaniszaim/deephedging/.deephedging_real_runs/final_paper_asian_panel/panel_sweeps/XLV_full_paper_grid_800_asian_call_step_robust/model_artifacts/seed_1234/risk_cvar/proto_source_vanilla_k_50_weighted_0_learnw_0,4.0,0.044889252679422495,val_loss,0.017966577783226967,0.18603715300559998,0.0,0.0,426.0,20.0,2.0,vanilla,50.0,False,False,0.06017555296421051,0.16112399101257324
proto_source=vanilla_k=50_weighted=1_learnw=0,train,1234,proto,-0.010501038283109665,0.01338108628988266,-0.05475957646965981,-0.03518668469041586,-0.04818398505449295,-0.004679270787164569,0.0003207390007446519,0.9106060606060606,-0.010417906567454338,0.00016934699669945985,0.0002524790179450065,0.013818909414112568,0.06412343680858612,0.1277579516172409,0.4213269054889679,0.0,0.0,0.0,0.0,,,cvar,/Users/yaniszaim/deephedging/.deephedging_real_runs/final_paper_asian_panel/panel_sweeps/XLV_full_paper_grid_800_asian_call_step_robust/model_artifacts/seed_1234/risk_cvar/proto_source_vanilla_k_50_weighted_1_learnw_0,2.0,0.04484204384498298,val_loss,0.013952871784567833,0.1242530569434166,0.0,0.0,1980.0,20.0,2.0,vanilla,50.0,True,False,0.07413015514612198,0.13311393558979034
proto_source=vanilla_k=50_weighted=1_learnw=0,val,1234,proto,-0.011241324245929718,0.017780540511012077,-0.06888898521661758,-0.0371100153774023,-0.06410979479551315,-0.00462958519347012,0.0002803092094836747,0.9056603773584906,-0.011150320060551167,0.00016171940660569817,0.00025272442144341767,0.013820350170135498,0.06236265227198601,0.127775639295578,0.4210180938243866,0.0,0.0,0.0,0.0,,,cvar,/Users/yaniszaim/deephedging/.deephedging_real_runs/final_paper_asian_panel/panel_sweeps/XLV_full_paper_grid_800_asian_call_step_robust/model_artifacts/seed_1234/risk_cvar/proto_source_vanilla_k_50_weighted_1_learnw_0,2.0,0.04484204384498298,val_loss,0.013952871784567833,0.1242530569434166,0.0,0.0,424.0,20.0,2.0,vanilla,50.0,True,False,0.07413015514612198,0.13311393558979034
proto_source=vanilla_k=50_weighted=1_learnw=0,test,1234,proto,-0.010794554837048054,0.014448864385485649,-0.04825702868402004,-0.03687474224716425,-0.05121908336877823,-0.003354333690367639,0.00013899070836487226,0.92018779342723,-0.010633057914674282,9.077470895135775e-05,0.00025227057631127536,0.013818077743053436,0.06040855497121811,0.12778040766716003,0.4214574694633484,0.0,0.0,0.0,0.0,,,cvar,/Users/yaniszaim/deephedging/.deephedging_real_runs/final_paper_asian_panel/panel_sweeps/XLV_full_paper_grid_800_asian_call_step_robust/model_artifacts/seed_1234/risk_cvar/proto_source_vanilla_k_50_weighted_1_learnw_0,2.0,0.04484204384498298,val_loss,0.013952871784567833,0.1242530569434166,0.0,0.0,426.0,20.0,2.0,vanilla,50.0,True,False,0.07413015514612198,0.13311393558979034
proto_source=vanilla_k=100_weighted=0_learnw=0,train,1234,proto,-0.010894726030528545,0.012801319360733032,-0.05310254395008087,-0.03429159503430128,-0.0472000390291214,-0.005603059194982052,0.0006595668353838837,0.9106060606060606,-0.010417906567454338,0.0003143788198940456,0.0007911990396678448,0.0351046584546566,0.1389288753271103,0.2983911633491516,1.0,0.00017676767676767677,0.00017676767676767677,0.0,0.0035353535353535356,,,cvar,/Users/yaniszaim/deephedging/.deephedging_real_runs/final_paper_asian_panel/panel_sweeps/XLV_full_paper_grid_800_asian_call_step_robust/model_artifacts/seed_1234/risk_cvar/proto_source_vanilla_k_100_weighted_0_learnw_0,94.0,0.0466834772086509,val_loss,0.03335421159863472,0.2882877588272095,0.0039504716981132075,0.15330188679245282,1980.0,20.0,2.0,vanilla,100.0,False,False,0.11228258907794952,0.20506267249584198
proto_source=vanilla_k=100_weighted=0_learnw=0,val,1234,proto,-0.011471015401184559,0.017108241096138954,-0.06735570646822453,-0.03588457927107811,-0.06238198280334473,-0.005793101387098432,0.0006928287330083538,0.9033018867924528,-0.011150320060551167,0.0004704553575720638,0.0007911509601399302,0.035091955214738846,0.1389283984899521,0.29848167300224304,1.0,0.0001179245283018868,0.0001179245283018868,0.0,0.0023584905660377358,,,cvar,/Users/yaniszaim/deephedging/.deephedging_real_runs/final_paper_asian_panel/panel_sweeps/XLV_full_paper_grid_800_asian_call_step_robust/model_artifacts/seed_1234/risk_cvar/proto_source_vanilla_k_100_weighted_0_learnw_0,94.0,0.0466834772086509,val_loss,0.03335421159863472,0.2882877588272095,0.0039504716981132075,0.15330188679245282,424.0,20.0,2.0,vanilla,100.0,False,False,0.11228258907794952,0.20506267249584198
proto_source=vanilla_k=100_weighted=0_learnw=0,test,1234,proto,-0.011038155294954777,0.01370287500321865,-0.04680038057267666,-0.03700665198266506,-0.049197208136320114,-0.005498591111972928,0.0008563911833334714,0.8896713615023474,-0.010633057914674282,0.000386459578294307,0.0007915576570667326,0.03509349375963211,0.13892881572246552,0.29841798543930054,1.0,5.868544600938967e-05,5.868544600938967e-05,0.0,0.002347417840375587,,,cvar,/Users/yaniszaim/deephedging/.deephedging_real_runs/final_paper_asian_panel/panel_sweeps/XLV_full_paper_grid_800_asian_call_step_robust/model_artifacts/seed_1234/risk_cvar/proto_source_vanilla_k_100_weighted_0_learnw_0,94.0,0.0466834772086509,val_loss,0.03335421159863472,0.2882877588272095,0.0039504716981132075,0.15330188679245282,426.0,20.0,2.0,vanilla,100.0,False,False,0.11228258907794952,0.20506267249584198
proto_source=vanilla_k=100_weighted=1_learnw=0,train,1234,proto,-0.010494278743863106,0.013805318623781204,-0.05526098042726517,-0.03552979454398155,-0.0493193157017231,-0.004665723070502281,0.00041471677104709643,0.8525252525252526,-0.010417906567454338,1.7937214579433203e-05,9.430985664948821e-05,0.003606476355344057,0.1823224425315857,0.02420075610280037,0.23766827583312988,0.0,0.0,0.0,0.0,,,cvar,/Users/yaniszaim/deephedging/.deephedging_real_runs/final_paper_asian_panel/panel_sweeps/XLV_full_paper_grid_800_asian_call_step_robust/model_artifacts/seed_1234/risk_cvar/proto_source_vanilla_k_100_weighted_1_learnw_0,146.0,0.0444910820457153,val_loss,0.004906145390123129,0.0714275911450386,0.0,0.0,1980.0,20.0,2.0,vanilla,100.0,True,False,0.11494136601686478,0.24199584126472473
proto_source=vanilla_k=100_weighted=1_learnw=0,val,1234,proto,-0.011243727058172226,0.01833341270685196,-0.06880850121378898,-0.03848726078867912,-0.0652243047952652,-0.003919293405488133,0.0003319802330224774,0.8325471698113207,-0.011150320060551167,5.324505764292553e-06,9.87308521871455e-05,0.003744549583643675,0.15355755388736725,0.024963855743408203,0.22867953777313232,0.0,0.0,0.0,0.0,,,cvar,/Users/yaniszaim/deephedging/.deephedging_real_runs/final_paper_asian_panel/panel_sweeps/XLV_full_paper_grid_800_asian_call_step_robust/model_artifacts/seed_1234/risk_cvar/proto_source_vanilla_k_100_weighted_1_learnw_0,146.0,0.0444910820457153,val_loss,0.004906145390123129,0.0714275911450386,0.0,0.0,424.0,20.0,2.0,vanilla,100.0,True,False,0.11494136601686478,0.24199584126472473
proto_source=vanilla_k=100_weighted=1_learnw=0,test,1234,proto,-0.010671040043234825,0.014766434207558632,-0.04826151020824909,-0.0379752591252327,-0.0515083447098732,-0.002862217486836016,0.00047124251432251185,0.8356807511737089,-0.010633057914674282,5.20371031598188e-05,9.001938451547176e-05,0.00349184637889266,0.14430317282676697,0.02366611361503601,0.3024696409702301,0.0,0.0,0.0,0.0,,,cvar,/Users/yaniszaim/deephedging/.deephedging_real_runs/final_paper_asian_panel/panel_sweeps/XLV_full_paper_grid_800_asian_call_step_robust/model_artifacts/seed_1234/risk_cvar/proto_source_vanilla_k_100_weighted_1_learnw_0,146.0,0.0444910820457153,val_loss,0.004906145390123129,0.0714275911450386,0.0,0.0,426.0,20.0,2.0,vanilla,100.0,True,False,0.11494136601686478,0.24199584126472473
unhedged,train,2345,baseline,-0.010751479305326939,0.014153496362268925,-0.0550742506980896,-0.03702582716941834,-0.05052000656723976,-0.005006074905395508,0.0,0.5863636363636363,-0.010751479305326939,0.0,0.0,0.0,0.0,0.0,0.0,0.0,0.0,0.0,0.0,,,,,,,,,,,,,,,,,,,,
spot_delta,train,2345,baseline,-0.010650145821273327,0.013402863405644894,-0.05208517614752054,-0.035503900796175006,-0.04768003523349762,-0.007052888628095388,0.0038752138265408563,0.8141414141414142,-0.010751479305326939,0.00027913361554965377,0.00017779965128283948,0.022162914276123047,0.60760897397995,0.2573429048061371,0.60760897397995,0.0,0.0,0.0,0.0,,,,,,,,,,,,,,,,,,,,
spot_delta_band,train,2345,baseline,-0.010622345842421055,0.013285435736179352,-0.05169696290045977,-0.03517183344811201,-0.0475764274597168,-0.0068428972736001015,0.003287778794765471,0.8176767676767677,-0.010751479305326939,0.00022889516549184918,9.976152796298265e-05,0.01246737688779831,0.557608962059021,0.2443738430738449,0.557608962059021,0.0,0.0,0.0,0.0,0.05,gains_mean,,,,,,,,,,,,,,,,,,
unhedged,val,2345,baseline,-0.010771487839519978,0.017545100301504135,-0.0644631814956665,-0.03602740168571472,-0.05851808935403824,-0.0029299259185791016,-0.0,0.5566037735849056,-0.010771487839519978,0.0,0.0,0.0,0.0,0.0,0.0,0.0,0.0,0.0,0.0,,,,,,,,,,,,,,,,,,,,
spot_delta,val,2345,baseline,-0.010667772963643074,0.015576792880892754,-0.06635041460394858,-0.032588647492229936,-0.05272384732961655,-0.006007197545841336,0.0032130210776813305,0.8066037735849056,-0.010771487839519978,0.0002835781779140234,0.00017986221064347774,0.022426223382353783,0.5931580066680908,0.25800275802612305,0.60760897397995,0.0,0.0,0.0,0.0,,,,,,,,,,,,,,,,,,,,
spot_delta_band,val,2345,baseline,-0.010655430145561695,0.01567988470196724,-0.06614460762590169,-0.032281364500522616,-0.052651550620794296,-0.005637709982693195,0.0031332160695455953,0.8136792452830188,-0.010771487839519978,0.00021636465680785477,0.00010030690464191139,0.012536423280835152,0.5431579947471619,0.24557232856750488,0.557608962059021,0.0,0.0,0.0,0.0,0.05,gains_mean,,,,,,,,,,,,,,,,,,
unhedged,test,2345,baseline,-0.009459699504077435,0.014550861902534962,-0.06712749600410461,-0.03331702947616577,-0.05312196910381317,-0.002948582172393799,-0.0,0.5892018779342723,-0.009459699504077435,0.0,0.0,0.0,0.0,0.0,0.0,0.0,0.0,0.0,0.0,,,,,,,,,,,,,,,,,,,,
spot_delta,test,2345,baseline,-0.009503684937953949,0.01436350867152214,-0.05742217693477869,-0.0312733743339777,-0.05146317556500435,-0.005773046985268593,0.003564285463653505,0.7910798122065728,-0.009459699504077435,0.00013369740918278694,0.00017768375982996076,0.022165458649396896,0.6018829941749573,0.25772908329963684,0.60760897397995,0.0,0.0,0.0,0.0,,,,,,,,,,,,,,,,,,,,
spot_delta_band,test,2345,baseline,-0.00943219754844904,0.014330540783703327,-0.05777920503169298,-0.030988726764917374,-0.05158017948269844,-0.005498333601281047,0.0029736580327153206,0.7863849765258216,-0.009459699504077435,0.00012758169032167643,0.00010007982200477272,0.012507960200309753,0.5518829822540283,0.24476714432239532,0.557608962059021,0.0,0.0,0.0,0.0,0.05,gains_mean,,,,,,,,,,,,,,,,,,
vanilla,train,2345,vanilla,-0.010600822046399117,0.013106154277920723,-0.05176279928535223,-0.03513182550668716,-0.04778144508600235,-0.004971865331754088,7.986168711795467e-05,0.9398989898989899,-0.010751479305326939,0.0002999532443936914,0.00014929632015991956,0.017974138259887695,0.04281303659081459,0.20027107000350952,0.7175323367118835,0.0,0.0,0.0,0.0,,,cvar,/Users/yaniszaim/deephedging/.deephedging_real_runs/final_paper_asian_panel/panel_sweeps/XLV_full_paper_grid_800_asian_call_step_robust/model_artifacts/seed_2345/risk_cvar/vanilla,81.0,0.04381579574197531,val_loss,0.01820801943540573,0.20374347269535065,0.0,0.0,1980.0,20.0,2.0,,,,,,
vanilla,val,2345,vanilla,-0.010659168474376202,0.016315165907144547,-0.06155238442122936,-0.03408992700278759,-0.05543806776404381,-0.003130817203782499,4.0060809260466743e-05,0.9410377358490566,-0.010771487839519978,0.00026158534456044436,0.00014926490257494152,0.017974333837628365,0.042802844196558,0.20027963817119598,0.7175689339637756,0.0,0.0,0.0,0.0,,,cvar,/Users/yaniszaim/deephedging/.deephedging_real_runs/final_paper_asian_panel/panel_sweeps/XLV_full_paper_grid_800_asian_call_step_robust/model_artifacts/seed_2345/risk_cvar/vanilla,81.0,0.04381579574197531,val_loss,0.01820801943540573,0.20374347269535065,0.0,0.0,424.0,20.0,2.0,,,,,,
vanilla,test,2345,vanilla,-0.009417136199772358,0.013436555862426758,-0.06322530284523964,-0.031498010735958815,-0.0501321405172348,-0.0035836653551086783,-6.262758688535541e-06,0.9507042253521126,-0.009459699504077435,0.0001917035406222567,0.00014914156054146588,0.017974931746721268,0.04280566796660423,0.20029814541339874,0.7175028324127197,0.0,0.0,0.0,0.0,,,cvar,/Users/yaniszaim/deephedging/.deephedging_real_runs/final_paper_asian_panel/panel_sweeps/XLV_full_paper_grid_800_asian_call_step_robust/model_artifacts/seed_2345/risk_cvar/vanilla,81.0,0.04381579574197531,val_loss,0.01820801943540573,0.20374347269535065,0.0,0.0,426.0,20.0,2.0,,,,,,
proto_source=spot_delta_k=10_weighted=0_learnw=0,train,2345,proto,-0.01061723381280899,0.012634259648621082,-0.05134718116372824,-0.03402335811406374,-0.04597627371549606,-0.005782722029834986,0.0008381432213354853,0.8919191919191919,-0.010751479305326939,0.00030368464649654925,0.00016943886294029653,0.020634720101952553,0.16922616958618164,0.24017173051834106,1.0,8.838383838383838e-05,8.838383838383838e-05,0.0,0.00101010101010101,,,cvar,/Users/yaniszaim/deephedging/.deephedging_real_runs/final_paper_asian_panel/panel_sweeps/XLV_full_paper_grid_800_asian_call_step_robust/model_artifacts/seed_2345/risk_cvar/proto_source_spot_delta_k_10_weighted_0_learnw_0,275.0,0.04317074068821967,val_loss,0.01906190998852253,0.16215331852436066,0.0,0.0,1980.0,20.0,2.0,spot_delta,10.0,False,False,0.076556496322155,0.17148281633853912
proto_source=spot_delta_k=10_weighted=0_learnw=0,val,2345,proto,-0.010498587973415852,0.015552776865661144,-0.06654032126069068,-0.033311417885124685,-0.053444091230630875,-0.004279061919078231,0.000829724088544024,0.8962264150943396,-0.010771487839519978,0.0004418379394337535,0.0001689376513240859,0.02055450715124607,0.16188061237335205,0.2397238165140152,0.7678297162055969,0.0,0.0,0.0,0.0,,,cvar,/Users/yaniszaim/deephedging/.deephedging_real_runs/final_paper_asian_panel/panel_sweeps/XLV_full_paper_grid_800_asian_call_step_robust/model_artifacts/seed_2345/risk_cvar/proto_source_spot_delta_k_10_weighted_0_learnw_0,275.0,0.04317074068821967,val_loss,0.01906190998852253,0.16215331852436066,0.0,0.0,424.0,20.0,2.0,spot_delta,10.0,False,False,0.076556496322155,0.17148281633853912
proto_source=spot_delta_k=10_weighted=0_learnw=0,test,2345,proto,-0.009451942518353462,0.013031020760536194,-0.06329696252942085,-0.030717217829078436,-0.04986440762877464,-0.0038194938097149134,0.000677793548675254,0.9014084507042254,-0.009459699504077435,0.0001728443894535303,0.00016508830594830215,0.02009482868015766,0.16904962062835693,0.2390730232000351,1.0,0.00023474178403755868,0.00023474178403755868,0.0,0.002347417840375587,,,cvar,/Users/yaniszaim/deephedging/.deephedging_real_runs/final_paper_asian_panel/panel_sweeps/XLV_full_paper_grid_800_asian_call_step_robust/model_artifacts/seed_2345/risk_cvar/proto_source_spot_delta_k_10_weighted_0_learnw_0,275.0,0.04317074068821967,val_loss,0.01906190998852253,0.16215331852436066,0.0,0.0,426.0,20.0,2.0,spot_delta,10.0,False,False,0.076556496322155,0.17148281633853912
proto_source=spot_delta_k=10_weighted=1_learnw=0,train,2345,proto,-0.010713827796280384,0.013528753072023392,-0.054034063741564754,-0.036021515168249606,-0.04906706511974335,-0.004951386712491512,-1.9018606326426482e-05,0.955050505050505,-0.010751479305326939,0.00016029170365072787,0.00012263994722161442,0.011212996207177639,0.0720873773097992,0.13161520659923553,0.46924063563346863,0.0,0.0,0.0,0.0,,,cvar,/Users/yaniszaim/deephedging/.deephedging_real_runs/final_paper_asian_panel/panel_sweeps/XLV_full_paper_grid_800_asian_call_step_robust/model_artifacts/seed_2345/risk_cvar/proto_source_spot_delta_k_10_weighted_1_learnw_0,4.0,0.04354112384840846,val_loss,0.010018300265073776,0.115402452647686,0.0,0.0,1980.0,20.0,2.0,spot_delta,10.0,True,False,0.0983797162771225,0.1453137844800949
proto_source=spot_delta_k=10_weighted=1_learnw=0,val,2345,proto,-0.010767132975161076,0.016933616250753403,-0.062286857999861237,-0.03544495701789856,-0.05696002021431923,-0.0027984946500509977,-3.343002645124235e-05,0.9551886792452831,-0.010771487839519978,0.00012667763803619891,0.00012232185690663755,0.011165306903421879,0.07099726796150208,0.1316102296113968,0.46040770411491394,0.0,0.0,0.0,0.0,,,cvar,/Users/yaniszaim/deephedging/.deephedging_real_runs/final_paper_asian_panel/panel_sweeps/XLV_full_paper_grid_800_asian_call_step_robust/model_artifacts/seed_2345/risk_cvar/proto_source_spot_delta_k_10_weighted_1_learnw_0,4.0,0.04354112384840846,val_loss,0.010018300265073776,0.115402452647686,0.0,0.0,424.0,20.0,2.0,spot_delta,10.0,True,False,0.0983797162771225,0.1453137844800949
proto_source=spot_delta_k=10_weighted=1_learnw=0,test,2345,proto,-0.00949773658066988,0.014002116397023201,-0.06528088264167309,-0.03196906764060259,-0.0517759695649147,-0.003161261323839426,-0.00011073179848608561,0.9671361502347418,-0.009459699504077435,8.4908380813431e-05,0.00012294636690057814,0.011177307926118374,0.05961829423904419,0.13149791955947876,0.4586658179759979,0.0,0.0,0.0,0.0,,,cvar,/Users/yaniszaim/deephedging/.deephedging_real_runs/final_paper_asian_panel/panel_sweeps/XLV_full_paper_grid_800_asian_call_step_robust/model_artifacts/seed_2345/risk_cvar/proto_source_spot_delta_k_10_weighted_1_learnw_0,4.0,0.04354112384840846,val_loss,0.010018300265073776,0.115402452647686,0.0,0.0,426.0,20.0,2.0,spot_delta,10.0,True,False,0.0983797162771225,0.1453137844800949
proto_source=spot_delta_k=25_weighted=0_learnw=0,train,2345,proto,-0.010372206568717957,0.012181950733065605,-0.04919032130390406,-0.0338112398982048,-0.044064171612262726,-0.006571267498657107,0.002174617373384535,0.8611111111111112,-0.010751479305326939,0.000762216339353472,0.00038294377736747265,0.045154817402362823,0.3090914487838745,0.34615209698677063,1.0,0.0031313131313131315,0.0031313131313131315,0.0,0.0297979797979798,,,cvar,/Users/yaniszaim/deephedging/.deephedging_real_runs/final_paper_asian_panel/panel_sweeps/XLV_full_paper_grid_800_asian_call_step_robust/model_artifacts/seed_2345/risk_cvar/proto_source_spot_delta_k_25_weighted_0_learnw_0,203.0,0.04335607970871453,val_loss,0.03422113507986069,0.2524057626724243,0.0012971698113207546,0.01179245283018868,1980.0,20.0,2.0,spot_delta,25.0,False,False,0.14725707471370697,0.3358203172683716
proto_source=spot_delta_k=25_weighted=0_learnw=0,val,2345,proto,-0.01054610125720501,0.015672901645302773,-0.05215438164770603,-0.03264334443956614,-0.05074307695031166,-0.005482872016727924,0.002240092004649334,0.8372641509433962,-0.010771487839519978,0.000607867434155196,0.00038247997872531414,0.04472636058926582,0.30650579929351807,0.3455492854118347,1.0,0.0033018867924528303,0.0033018867924528303,0.0,0.030660377358490566,,,cvar,/Users/yaniszaim/deephedging/.deephedging_real_runs/final_paper_asian_panel/panel_sweeps/XLV_full_paper_grid_800_asian_call_step_robust/model_artifacts/seed_2345/risk_cvar/proto_source_spot_delta_k_25_weighted_0_learnw_0,203.0,0.04335607970871453,val_loss,0.03422113507986069,0.2524057626724243,0.0012971698113207546,0.01179245283018868,424.0,20.0,2.0,spot_delta,25.0,False,False,0.14725707471370697,0.3358203172683716
proto_source=spot_delta_k=25_weighted=0_learnw=0,test,2345,proto,-0.009258740581572056,0.012130596674978733,-0.053358737379312515,-0.029380363877862692,-0.045986756682395935,-0.005423845024779439,0.0021319339284673333,0.8544600938967136,-0.009459699504077435,0.000575355370528996,0.0003743973502423614,0.04394903406500816,0.30650579929351807,0.34507015347480774,1.0,0.002640845070422535,0.002640845070422535,0.0,0.02112676056338028,,,cvar,/Users/yaniszaim/deephedging/.deephedging_real_runs/final_paper_asian_panel/panel_sweeps/XLV_full_paper_grid_800_asian_call_step_robust/model_artifacts/seed_2345/risk_cvar/proto_source_spot_delta_k_25_weighted_0_learnw_0,203.0,0.04335607970871453,val_loss,0.03422113507986069,0.2524057626724243,0.0012971698113207546,0.01179245283018868,426.0,20.0,2.0,spot_delta,25.0,False,False,0.14725707471370697,0.3358203172683716
proto_source=spot_delta_k=25_weighted=1_learnw=0,train,2345,proto,-0.010788491927087307,0.013707196339964867,-0.05462353721261024,-0.036218656599521636,-0.04944922775030136,-0.005040222313255072,-1.4297956658992926e-05,0.952020202020202,-0.010751479305326939,0.00012525446072686464,0.00016226661682594568,0.009181754663586617,0.11180368065834045,0.09935576468706131,1.0,0.0001388888888888889,0.0,0.0001388888888888889,0.0025252525252525255,,,cvar,/Users/yaniszaim/deephedging/.deephedging_real_runs/final_paper_asian_panel/panel_sweeps/XLV_full_paper_grid_800_asian_call_step_robust/model_artifacts/seed_2345/risk_cvar/proto_source_spot_delta_k_25_weighted_1_learnw_0,5.0,0.04359479475300759,val_loss,0.009874231182038784,0.10456094145774841,0.0,0.0,1980.0,20.0,2.0,spot_delta,25.0,True,False,0.08459492772817612,0.13625383377075195
proto_source=spot_delta_k=25_weighted=1_learnw=0,val,2345,proto,-0.010827412828803062,0.017224183306097984,-0.06335894338786602,-0.03563985433429479,-0.057706329971551895,-0.0028399283764883876,3.223960375180459e-05,0.9386792452830188,-0.010771487839519978,0.00010765594925032929,0.00016358087304979563,0.009212913922965527,0.11180326342582703,0.09908366203308105,1.0,5.89622641509434e-05,0.0,5.89622641509434e-05,0.0023584905660377358,,,cvar,/Users/yaniszaim/deephedging/.deephedging_real_runs/final_paper_asian_panel/panel_sweeps/XLV_full_paper_grid_800_asian_call_step_robust/model_artifacts/seed_2345/risk_cvar/proto_source_spot_delta_k_25_weighted_1_learnw_0,5.0,0.04359479475300759,val_loss,0.009874231182038784,0.10456094145774841,0.0,0.0,424.0,20.0,2.0,spot_delta,25.0,True,False,0.08459492772817612,0.13625383377075195
proto_source=spot_delta_k=25_weighted=1_learnw=0,test,2345,proto,-0.009532525204122066,0.014087188988924026,-0.06565093621611595,-0.03265719395130873,-0.05197113752365112,-0.0031775558600202203,-8.7812622950878e-06,0.9507042253521126,-0.009459699504077435,8.871340105542913e-05,0.00016154164040926844,0.009148214012384415,0.11180225014686584,0.09891339391469955,1.0,0.00011737089201877934,0.0,0.00011737089201877934,0.002347417840375587,,,cvar,/Users/yaniszaim/deephedging/.deephedging_real_runs/final_paper_asian_panel/panel_sweeps/XLV_full_paper_grid_800_asian_call_step_robust/model_artifacts/seed_2345/risk_cvar/proto_source_spot_delta_k_25_weighted_1_learnw_0,5.0,0.04359479475300759,val_loss,0.009874231182038784,0.10456094145774841,0.0,0.0,426.0,20.0,2.0,spot_delta,25.0,True,False,0.08459492772817612,0.13625383377075195
proto_source=spot_delta_k=50_weighted=0_learnw=0,train,2345,proto,-0.010898818261921406,0.013954134657979012,-0.05486089866608381,-0.036654350161552426,-0.050180498510599136,-0.005639400100335479,-4.8404161680082326e-05,0.9691919191919192,-0.010751479305326939,8.241144314524718e-06,0.00015558076847810298,0.00541700329631567,0.12303733825683594,0.06133759394288063,1.0,0.0020707070707070706,0.0,0.0020707070707070706,0.006060606060606061,,,cvar,/Users/yaniszaim/deephedging/.deephedging_real_runs/final_paper_asian_panel/panel_sweeps/XLV_full_paper_grid_800_asian_call_step_robust/model_artifacts/seed_2345/risk_cvar/proto_source_spot_delta_k_50_weighted_0_learnw_0,3.0,0.04369558012315055,val_loss,0.0069660609588027,0.07541090250015259,0.001768867924528302,0.007075471698113208,1980.0,20.0,2.0,spot_delta,50.0,False,False,0.07617195695638657,0.16987954080104828
proto_source=spot_delta_k=50_weighted=0_learnw=0,val,2345,proto,-0.010922843590378761,0.017382385209202766,-0.06223759025335311,-0.03596579469740391,-0.0579444020986557,-0.0031512834830209613,-8.308840369863919e-05,0.9811320754716981,-0.010771487839519978,6.87657620801474e-06,0.00015823222929611802,0.0054650334641337395,0.12303733825683594,0.06123244762420654,1.0,0.0012382075471698113,0.0,0.0012382075471698113,0.0047169811320754715,,,cvar,/Users/yaniszaim/deephedging/.deephedging_real_runs/final_paper_asian_panel/panel_sweeps/XLV_full_paper_grid_800_asian_call_step_robust/model_artifacts/seed_2345/risk_cvar/proto_source_spot_delta_k_50_weighted_0_learnw_0,3.0,0.04369558012315055,val_loss,0.0069660609588027,0.07541090250015259,0.001768867924528302,0.007075471698113208,424.0,20.0,2.0,spot_delta,50.0,False,False,0.07617195695638657,0.16987954080104828
proto_source=spot_delta_k=50_weighted=0_learnw=0,test,2345,proto,-0.009606072679162025,0.014407136477530003,-0.06650109402835369,-0.03270862624049187,-0.05279191955924034,-0.0032706474885344505,-0.00010636201659508515,0.9906103286384976,-0.009459699504077435,6.6405877987563144e-06,0.0001530143345007673,0.005365042015910149,0.12303736805915833,0.06045189127326012,1.0,0.0009389671361502347,0.0,0.0009389671361502347,0.002347417840375587,,,cvar,/Users/yaniszaim/deephedging/.deephedging_real_runs/final_paper_asian_panel/panel_sweeps/XLV_full_paper_grid_800_asian_call_step_robust/model_artifacts/seed_2345/risk_cvar/proto_source_spot_delta_k_50_weighted_0_learnw_0,3.0,0.04369558012315055,val_loss,0.0069660609588027,0.07541090250015259,0.001768867924528302,0.007075471698113208,426.0,20.0,2.0,spot_delta,50.0,False,False,0.07617195695638657,0.16987954080104828
proto_source=spot_delta_k=50_weighted=1_learnw=0,train,2345,proto,-0.010755711235105991,0.01354695949703455,-0.053374027907848356,-0.03572472352534532,-0.04911072924733162,-0.00526779075153172,0.00017377488911733934,0.9252525252525252,-0.010751479305326939,0.00011534341319929808,0.00011957449169130996,0.009912985377013683,0.09720674157142639,0.13106724619865417,1.0,0.0017676767676767678,0.0,0.0017676767676767678,0.005555555555555556,,,cvar,/Users/yaniszaim/deephedging/.deephedging_real_runs/final_paper_asian_panel/panel_sweeps/XLV_full_paper_grid_800_asian_call_step_robust/model_artifacts/seed_2345/risk_cvar/proto_source_spot_delta_k_50_weighted_1_learnw_0,5.0,0.043715657711573784,val_loss,0.011954314075410366,0.11624111235141754,0.000884433962264151,0.0023584905660377358,1980.0,20.0,2.0,spot_delta,50.0,True,False,0.06904156506061554,0.16300709545612335
proto_source=spot_delta_k=50_weighted=1_learnw=0,val,2345,proto,-0.010812614113092422,0.017074091359972954,-0.06231877654790878,-0.03568238019943237,-0.05698255077004433,-0.0030495813116431236,0.00010678225917217727,0.9292452830188679,-0.010771487839519978,7.595886563649401e-05,0.00011708513920893893,0.009886984713375568,0.0972067266702652,0.13038112223148346,1.0,0.000884433962264151,0.0,0.000884433962264151,0.0023584905660377358,,,cvar,/Users/yaniszaim/deephedging/.deephedging_real_runs/final_paper_asian_panel/panel_sweeps/XLV_full_paper_grid_800_asian_call_step_robust/model_artifacts/seed_2345/risk_cvar/proto_source_spot_delta_k_50_weighted_1_learnw_0,5.0,0.043715657711573784,val_loss,0.011954314075410366,0.11624111235141754,0.000884433962264151,0.0023584905660377358,424.0,20.0,2.0,spot_delta,50.0,True,False,0.06904156506061554,0.16300709545612335
proto_source=spot_delta_k=50_weighted=1_learnw=0,test,2345,proto,-0.00953551847487688,0.014422651380300522,-0.06632811948657036,-0.03208229783922434,-0.05285236984491348,-0.003355539753101766,0.00018761889077723026,0.9154929577464789,-0.009459699504077435,4.9159298214362934e-05,0.00012497956049628556,0.010013208724558353,0.097206711769104,0.1336411088705063,1.0,0.0031103286384976526,0.0,0.0031103286384976526,0.007042253521126761,,,cvar,/Users/yaniszaim/deephedging/.deephedging_real_runs/final_paper_asian_panel/panel_sweeps/XLV_full_paper_grid_800_asian_call_step_robust/model_artifacts/seed_2345/risk_cvar/proto_source_spot_delta_k_50_weighted_1_learnw_0,5.0,0.043715657711573784,val_loss,0.011954314075410366,0.11624111235141754,0.000884433962264151,0.0023584905660377358,426.0,20.0,2.0,spot_delta,50.0,True,False,0.06904156506061554,0.16300709545612335
proto_source=spot_delta_k=100_weighted=0_learnw=0,train,2345,proto,-0.010698298923671246,0.013656297698616982,-0.05362714126706124,-0.035902941785752776,-0.049110230058431625,-0.005212004063650966,0.00021428262625704497,0.902020202020202,-0.010751479305326939,0.00011493470083223656,6.175364251248538e-05,0.00707593746483326,0.3851161301136017,0.07457862049341202,0.31514501571655273,0.0,0.0,0.0,0.0,,,cvar,/Users/yaniszaim/deephedging/.deephedging_real_runs/final_paper_asian_panel/panel_sweeps/XLV_full_paper_grid_800_asian_call_step_robust/model_artifacts/seed_2345/risk_cvar/proto_source_spot_delta_k_100_weighted_0_learnw_0,515.0,0.04286057709250599,val_loss,0.006275382824242115,0.06978730857372284,0.0,0.0,1980.0,20.0,2.0,spot_delta,100.0,False,False,0.13471423089504242,0.4368419945240021
proto_source=spot_delta_k=100_weighted=0_learnw=0,val,2345,proto,-0.010639306157827377,0.01643342524766922,-0.061576064303517336,-0.034920551069080825,-0.05551072582602501,-0.002660226193256676,0.00027933836390729987,0.8773584905660378,-0.010771487839519978,0.00019467230595182627,6.249071884667501e-05,0.0071568675339221954,0.38214078545570374,0.0745614618062973,0.2924652695655823,0.0,0.0,0.0,0.0,,,cvar,/Users/yaniszaim/deephedging/.deephedging_real_runs/final_paper_asian_panel/panel_sweeps/XLV_full_paper_grid_800_asian_call_step_robust/model_artifacts/seed_2345/risk_cvar/proto_source_spot_delta_k_100_weighted_0_learnw_0,515.0,0.04286057709250599,val_loss,0.006275382824242115,0.06978730857372284,0.0,0.0,424.0,20.0,2.0,spot_delta,100.0,False,False,0.13471423089504242,0.4368419945240021
proto_source=spot_delta_k=100_weighted=0_learnw=0,test,2345,proto,-0.009409035556018353,0.01388530433177948,-0.0655212365090847,-0.031577334739267826,-0.051149871200323105,-0.0034625139087438583,0.00017491180187789723,0.9084507042253521,-0.009459699504077435,0.00010917310282820836,5.851092282682657e-05,0.00668579014018178,0.3835894763469696,0.07341472804546356,0.2967384457588196,0.0,0.0,0.0,0.0,,,cvar,/Users/yaniszaim/deephedging/.deephedging_real_runs/final_paper_asian_panel/panel_sweeps/XLV_full_paper_grid_800_asian_call_step_robust/model_artifacts/seed_2345/risk_cvar/proto_source_spot_delta_k_100_weighted_0_learnw_0,515.0,0.04286057709250599,val_loss,0.006275382824242115,0.06978730857372284,0.0,0.0,426.0,20.0,2.0,spot_delta,100.0,False,False,0.13471423089504242,0.4368419945240021
proto_source=spot_delta_k=100_weighted=1_learnw=0,train,2345,proto,-0.010545514523983002,0.013125836849212646,-0.05400518801063299,-0.03582293000072241,-0.048144806176424026,-0.005409786244854331,0.0005357470421586162,0.9151515151515152,-0.010751479305326939,0.0004326453199610114,0.00022668119345325977,0.02257227711379528,0.36194148659706116,0.21322692930698395,1.0,0.018421717171717172,0.01768939393939394,0.0007323232323232324,0.2287878787878788,,,cvar,/Users/yaniszaim/deephedging/.deephedging_real_runs/final_paper_asian_panel/panel_sweeps/XLV_full_paper_grid_800_asian_call_step_robust/model_artifacts/seed_2345/risk_cvar/proto_source_spot_delta_k_100_weighted_1_learnw_0,473.0,0.04340606462210417,val_loss,0.02287878841161728,0.08478066325187683,0.0,0.0,1980.0,20.0,2.0,spot_delta,100.0,True,False,0.11046554893255234,0.3619576692581177
proto_source=spot_delta_k=100_weighted=1_learnw=0,val,2345,proto,-0.0102579016238451,0.015983493998646736,-0.05326656807214022,-0.0353377528488636,-0.05385786294937134,-0.0030836943769827485,0.0007781249296385722,0.9009433962264151,-0.010771487839519978,0.0007412606501020491,0.0002276746672578156,0.02229490503668785,0.36192700266838074,0.2125915139913559,1.0,0.01757075471698113,0.016745283018867924,0.0008254716981132076,0.2240566037735849,,,cvar,/Users/yaniszaim/deephedging/.deephedging_real_runs/final_paper_asian_panel/panel_sweeps/XLV_full_paper_grid_800_asian_call_step_robust/model_artifacts/seed_2345/risk_cvar/proto_source_spot_delta_k_100_weighted_1_learnw_0,473.0,0.04340606462210417,val_loss,0.02287878841161728,0.08478066325187683,0.0,0.0,424.0,20.0,2.0,spot_delta,100.0,True,False,0.11046554893255234,0.3619576692581177
proto_source=spot_delta_k=100_weighted=1_learnw=0,test,2345,proto,-0.009294278919696808,0.012951514683663845,-0.06403698492795229,-0.030098610557615757,-0.04907240718603134,-0.004497215384617448,0.00041671459621284157,0.8990610328638498,-0.009459699504077435,0.0003931850369554013,0.00022776555852033198,0.02231917716562748,0.36187270283699036,0.2192596048116684,1.0,0.018838028169014084,0.01813380281690141,0.0007042253521126761,0.22769953051643194,,,cvar,/Users/yaniszaim/deephedging/.deephedging_real_runs/final_paper_asian_panel/panel_sweeps/XLV_full_paper_grid_800_asian_call_step_robust/model_artifacts/seed_2345/risk_cvar/proto_source_spot_delta_k_100_weighted_1_learnw_0,473.0,0.04340606462210417,val_loss,0.02287878841161728,0.08478066325187683,0.0,0.0,426.0,20.0,2.0,spot_delta,100.0,True,False,0.11046554893255234,0.3619576692581177
proto_source=vanilla_k=10_weighted=0_learnw=0,train,2345,proto,-0.01122075505554676,0.013497384265065193,-0.053613328151404856,-0.035964015312492846,-0.04977714270353317,-0.005984246963635087,0.00020548713946482147,0.9323232323232323,-0.010751479305326939,-0.00013307934568729252,0.00033619647729210556,0.016524450853466988,0.10620488226413727,0.10793352127075195,1.0,0.0003661616161616162,0.0,0.0003661616161616162,0.005555555555555556,,,cvar,/Users/yaniszaim/deephedging/.deephedging_real_runs/final_paper_asian_panel/panel_sweeps/XLV_full_paper_grid_800_asian_call_step_robust/model_artifacts/seed_2345/risk_cvar/proto_source_vanilla_k_10_weighted_0_learnw_0,4.0,0.04363246045075357,val_loss,0.009467659518122673,0.05064760893583298,0.0,0.0,1980.0,20.0,2.0,vanilla,10.0,False,False,0.07155611366033554,0.11837047338485718
proto_source=vanilla_k=10_weighted=0_learnw=0,val,2345,proto,-0.01130764652043581,0.017741290852427483,-0.06477466832846403,-0.03489487189799547,-0.05898777395486832,-0.004771659150719643,0.00012469628854887383,0.9433962264150944,-0.010771487839519978,-0.000176795176230371,0.0003593637375161052,0.016987653449177742,0.10620486736297607,0.10524200648069382,1.0,5.89622641509434e-05,0.0,5.89622641509434e-05,0.0023584905660377358,,,cvar,/Users/yaniszaim/deephedging/.deephedging_real_runs/final_paper_asian_panel/panel_sweeps/XLV_full_paper_grid_800_asian_call_step_robust/model_artifacts/seed_2345/risk_cvar/proto_source_vanilla_k_10_weighted_0_learnw_0,4.0,0.04363246045075357,val_loss,0.009467659518122673,0.05064760893583298,0.0,0.0,424.0,20.0,2.0,vanilla,10.0,False,False,0.07155611366033554,0.11837047338485718
proto_source=vanilla_k=10_weighted=0_learnw=0,test,2345,proto,-0.009981831535696983,0.014648416079580784,-0.06604932993650436,-0.03234187886118889,-0.054019514471292496,-0.00475079077295959,0.0002489035396138206,0.9342723004694836,-0.009459699504077435,-0.00017116684466600418,0.00035096649662591517,0.016753781586885452,0.10620486736297607,0.10630254447460175,1.0,0.0006455399061032864,0.0,0.0006455399061032864,0.004694835680751174,,,cvar,/Users/yaniszaim/deephedging/.deephedging_real_runs/final_paper_asian_panel/panel_sweeps/XLV_full_paper_grid_800_asian_call_step_robust/model_artifacts/seed_2345/risk_cvar/proto_source_vanilla_k_10_weighted_0_learnw_0,4.0,0.04363246045075357,val_loss,0.009467659518122673,0.05064760893583298,0.0,0.0,426.0,20.0,2.0,vanilla,10.0,False,False,0.07155611366033554,0.11837047338485718
proto_source=vanilla_k=10_weighted=1_learnw=0,train,2345,proto,-0.010928444564342499,0.014011017046868801,-0.05515314523130655,-0.036932661384344104,-0.05018913000822067,-0.005139487562701106,0.0007278077187947919,0.8565656565656565,-0.010751479305326939,9.597153984941542e-05,0.0002729364496190101,0.011797434650361538,0.0944020003080368,0.08786831796169281,0.2831556797027588,0.0,0.0,0.0,0.0,,,cvar,/Users/yaniszaim/deephedging/.deephedging_real_runs/final_paper_asian_panel/panel_sweeps/XLV_full_paper_grid_800_asian_call_step_robust/model_artifacts/seed_2345/risk_cvar/proto_source_vanilla_k_10_weighted_1_learnw_0,7.0,0.04379707086831331,val_loss,0.010831929743289948,0.1393837183713913,0.0,0.0,1980.0,20.0,2.0,vanilla,10.0,True,False,0.09070073813199997,0.13340087234973907
proto_source=vanilla_k=10_weighted=1_learnw=0,val,2345,proto,-0.01096469908952713,0.01738525927066803,-0.06430418636649847,-0.0364547336474061,-0.058615878224372864,-0.0032307690707966685,0.0007212139811599606,0.8514150943396226,-0.010771487839519978,7.894816371845081e-05,0.000272159231826663,0.011788696050643921,0.09357353299856186,0.08792828023433685,0.2833687961101532,0.0,0.0,0.0,0.0,,,cvar,/Users/yaniszaim/deephedging/.deephedging_real_runs/final_paper_asian_panel/panel_sweeps/XLV_full_paper_grid_800_asian_call_step_robust/model_artifacts/seed_2345/risk_cvar/proto_source_vanilla_k_10_weighted_1_learnw_0,7.0,0.04379707086831331,val_loss,0.010831929743289948,0.1393837183713913,0.0,0.0,424.0,20.0,2.0,vanilla,10.0,True,False,0.09070073813199997,0.13340087234973907
proto_source=vanilla_k=10_weighted=1_learnw=0,test,2345,proto,-0.009686760604381561,0.014245308004319668,-0.06564667914062738,-0.033291032537817955,-0.052628353238105774,-0.0033317796187475324,0.0005969847843516618,0.863849765258216,-0.009459699504077435,4.508392157731578e-05,0.0002721475902944803,0.01178915984928608,0.09392654895782471,0.08762691169977188,0.28081777691841125,0.0,0.0,0.0,0.0,,,cvar,/Users/yaniszaim/deephedging/.deephedging_real_runs/final_paper_asian_panel/panel_sweeps/XLV_full_paper_grid_800_asian_call_step_robust/model_artifacts/seed_2345/risk_cvar/proto_source_vanilla_k_10_weighted_1_learnw_0,7.0,0.04379707086831331,val_loss,0.010831929743289948,0.1393837183713913,0.0,0.0,426.0,20.0,2.0,vanilla,10.0,True,False,0.09070073813199997,0.13340087234973907
proto_source=vanilla_k=25_weighted=0_learnw=0,train,2345,proto,-0.01094011589884758,0.013902142643928528,-0.054173973128199576,-0.03692902252078056,-0.05023280158638954,-0.005103982053697109,0.0007251365575939415,0.8691919191919192,-0.010751479305326939,1.7399084754288197e-05,0.00020603605662472546,0.007723385468125343,0.1743582934141159,0.06114773824810982,0.3486369252204895,0.0,0.0,0.0,0.0,,,cvar,/Users/yaniszaim/deephedging/.deephedging_real_runs/final_paper_asian_panel/panel_sweeps/XLV_full_paper_grid_800_asian_call_step_robust/model_artifacts/seed_2345/risk_cvar/proto_source_vanilla_k_25_weighted_0_learnw_0,193.0,0.04352029330097139,val_loss,0.008478386327624321,0.07171045243740082,0.0,0.0,1980.0,20.0,2.0,vanilla,25.0,False,False,0.11174582690000534,0.2549631595611572
proto_source=vanilla_k=25_weighted=0_learnw=0,val,2345,proto,-0.010959607549011707,0.017104212194681168,-0.06558107033371925,-0.03564664330333471,-0.05770079791545868,-0.0031620609806850553,0.0008058254810748599,0.8561320754716981,-0.010771487839519978,1.846622399170883e-05,0.0002065844601020217,0.007707270327955484,0.1755474954843521,0.06090737134218216,0.2857568860054016,0.0,0.0,0.0,0.0,,,cvar,/Users/yaniszaim/deephedging/.deephedging_real_runs/final_paper_asian_panel/panel_sweeps/XLV_full_paper_grid_800_asian_call_step_robust/model_artifacts/seed_2345/risk_cvar/proto_source_vanilla_k_25_weighted_0_learnw_0,193.0,0.04352029330097139,val_loss,0.008478386327624321,0.07171045243740082,0.0,0.0,424.0,20.0,2.0,vanilla,25.0,False,False,0.11174582690000534,0.2549631595611572
proto_source=vanilla_k=25_weighted=0_learnw=0,test,2345,proto,-0.00969577394425869,0.014616061002016068,-0.06694809347391129,-0.03267740365117788,-0.053433652967214584,-0.0034816336119547486,0.0006640871870331466,0.8450704225352113,-0.009459699504077435,-2.727721403061878e-05,0.00020879783551208675,0.00781319011002779,0.17434963583946228,0.06244237348437309,0.2831747531890869,0.0,0.0,0.0,0.0,,,cvar,/Users/yaniszaim/deephedging/.deephedging_real_runs/final_paper_asian_panel/panel_sweeps/XLV_full_paper_grid_800_asian_call_step_robust/model_artifacts/seed_2345/risk_cvar/proto_source_vanilla_k_25_weighted_0_learnw_0,193.0,0.04352029330097139,val_loss,0.008478386327624321,0.07171045243740082,0.0,0.0,426.0,20.0,2.0,vanilla,25.0,False,False,0.11174582690000534,0.2549631595611572
proto_source=vanilla_k=25_weighted=1_learnw=0,train,2345,proto,-0.01139405183494091,0.013265104033052921,-0.05294538274407387,-0.036110645160079,-0.04896419867873192,-0.006092120660468936,-1.0290532373006642e-07,0.95,-0.010751479305326939,0.00010554491018410772,0.0007481175125576556,0.023390166461467743,0.2253328561782837,0.21518149971961975,1.0,0.012815656565656565,0.012815656565656565,0.0,0.09595959595959595,,,cvar,/Users/yaniszaim/deephedging/.deephedging_real_runs/final_paper_asian_panel/panel_sweeps/XLV_full_paper_grid_800_asian_call_step_robust/model_artifacts/seed_2345/risk_cvar/proto_source_vanilla_k_25_weighted_1_learnw_0,552.0,0.04432551225049878,val_loss,0.017168782651424408,0.17419017851352692,0.000884433962264151,0.009433962264150943,1980.0,20.0,2.0,vanilla,25.0,True,False,0.11752332001924515,0.22638770937919617
proto_source=vanilla_k=25_weighted=1_learnw=0,val,2345,proto,-0.01146665494889021,0.017052819952368736,-0.06469139244407415,-0.03517812434583902,-0.05767533555626869,-0.0048384827096015215,2.519431291148038e-05,0.9433962264150944,-0.010771487839519978,6.611788558075204e-05,0.0007612844347022474,0.023904673755168915,0.2253328561782837,0.21773208677768707,1.0,0.009669811320754717,0.009669811320754717,0.0,0.06132075471698113,,,cvar,/Users/yaniszaim/deephedging/.deephedging_real_runs/final_paper_asian_panel/panel_sweeps/XLV_full_paper_grid_800_asian_call_step_robust/model_artifacts/seed_2345/risk_cvar/proto_source_vanilla_k_25_weighted_1_learnw_0,552.0,0.04432551225049878,val_loss,0.017168782651424408,0.17419017851352692,0.000884433962264151,0.009433962264150943,424.0,20.0,2.0,vanilla,25.0,True,False,0.11752332001924515,0.22638770937919617
proto_source=vanilla_k=25_weighted=1_learnw=0,test,2345,proto,-0.010034977458417416,0.013166381977498531,-0.060943606309592724,-0.0326315201818943,-0.049300216138362885,-0.004774819826707244,0.0003773375356104225,0.9272300469483568,-0.009459699504077435,0.00019134847389068455,0.0007666269666515291,0.023770393803715706,0.2253328561782837,0.21791976690292358,1.0,0.012558685446009389,0.012558685446009389,0.0,0.09859154929577464,,,cvar,/Users/yaniszaim/deephedging/.deephedging_real_runs/final_paper_asian_panel/panel_sweeps/XLV_full_paper_grid_800_asian_call_step_robust/model_artifacts/seed_2345/risk_cvar/proto_source_vanilla_k_25_weighted_1_learnw_0,552.0,0.04432551225049878,val_loss,0.017168782651424408,0.17419017851352692,0.000884433962264151,0.009433962264150943,426.0,20.0,2.0,vanilla,25.0,True,False,0.11752332001924515,0.22638770937919617
proto_source=vanilla_k=50_weighted=0_learnw=0,train,2345,proto,-0.01059661153703928,0.012817831709980965,-0.05088947083801031,-0.03495918288826942,-0.04728278890252113,-0.005794008960947394,0.0006696456170175222,0.907070707070707,-0.010751479305326939,0.0003740714746527374,0.0002192034589825198,0.02135859616100788,0.2201482504606247,0.27792102098464966,1.0,5.0505050505050505e-05,5.0505050505050505e-05,0.0,0.00101010101010101,,,cvar,/Users/yaniszaim/deephedging/.deephedging_real_runs/final_paper_asian_panel/panel_sweeps/XLV_full_paper_grid_800_asian_call_step_robust/model_artifacts/seed_2345/risk_cvar/proto_source_vanilla_k_50_weighted_0_learnw_0,215.0,0.04443711165742914,val_loss,0.021764932200312614,0.2707751989364624,0.0004127358490566038,0.0047169811320754715,1980.0,20.0,2.0,vanilla,50.0,False,False,0.18793487548828125,0.30558672547340393
proto_source=vanilla_k=50_weighted=0_learnw=0,val,2345,proto,-0.010459802113473415,0.015308454632759094,-0.06236972216516733,-0.0334402022883296,-0.05241177976131439,-0.004205573350191116,0.0005738927051424975,0.9080188679245284,-0.010771487839519978,0.0005327225662767887,0.00022103685478214175,0.021536651998758316,0.2198290079832077,0.2786159813404083,1.0,0.0005896226415094339,0.0005896226415094339,0.0,0.0023584905660377358,,,cvar,/Users/yaniszaim/deephedging/.deephedging_real_runs/final_paper_asian_panel/panel_sweeps/XLV_full_paper_grid_800_asian_call_step_robust/model_artifacts/seed_2345/risk_cvar/proto_source_vanilla_k_50_weighted_0_learnw_0,215.0,0.04443711165742914,val_loss,0.021764932200312614,0.2707751989364624,0.0004127358490566038,0.0047169811320754715,424.0,20.0,2.0,vanilla,50.0,False,False,0.18793487548828125,0.30558672547340393
proto_source=vanilla_k=50_weighted=0_learnw=0,test,2345,proto,-0.009533833712339401,0.013613812625408173,-0.0628436952829361,-0.03136771824210882,-0.05084552988409996,-0.004062949912622571,0.0006093847914598882,0.8802816901408451,-0.009459699504077435,0.00015226916002575308,0.0002264047652715817,0.021617818623781204,0.21805675327777863,0.28052911162376404,1.0,0.00029342723004694836,0.00029342723004694836,0.0,0.002347417840375587,,,cvar,/Users/yaniszaim/deephedging/.deephedging_real_runs/final_paper_asian_panel/panel_sweeps/XLV_full_paper_grid_800_asian_call_step_robust/model_artifacts/seed_2345/risk_cvar/proto_source_vanilla_k_50_weighted_0_learnw_0,215.0,0.04443711165742914,val_loss,0.021764932200312614,0.2707751989364624,0.0004127358490566038,0.0047169811320754715,426.0,20.0,2.0,vanilla,50.0,False,False,0.18793487548828125,0.30558672547340393
proto_source=vanilla_k=50_weighted=1_learnw=0,train,2345,proto,-0.010926881805062294,0.014115246012806892,-0.05516148440539837,-0.03702805247157812,-0.05051753669977188,-0.005141925765201449,0.00031532831635558883,0.8727272727272727,-0.010751479305326939,3.223574458388612e-05,0.00020763826614711434,0.006076632998883724,0.07129894942045212,0.05173491686582565,0.1596580147743225,0.0,0.0,0.0,0.0,,,cvar,/Users/yaniszaim/deephedging/.deephedging_real_runs/final_paper_asian_panel/panel_sweeps/XLV_full_paper_grid_800_asian_call_step_robust/model_artifacts/seed_2345/risk_cvar/proto_source_vanilla_k_50_weighted_1_learnw_0,3.0,0.04331823668675497,val_loss,0.005225925240665674,0.07043872028589249,0.0,0.0,1980.0,20.0,2.0,vanilla,50.0,True,False,0.08630199730396271,0.14795412123203278
proto_source=vanilla_k=50_weighted=1_learnw=0,val,2345,proto,-0.010946763679385185,0.017425626516342163,-0.06467143259942532,-0.03674458470195532,-0.058628570288419724,-0.0029794255970045924,0.0003725358052179212,0.8702830188679245,-0.010771487839519978,3.156430466333404e-05,0.0002068402973236516,0.0060687074437737465,0.07113552838563919,0.0517071895301342,0.15137703716754913,0.0,0.0,0.0,0.0,,,cvar,/Users/yaniszaim/deephedging/.deephedging_real_runs/final_paper_asian_panel/panel_sweeps/XLV_full_paper_grid_800_asian_call_step_robust/model_artifacts/seed_2345/risk_cvar/proto_source_vanilla_k_50_weighted_1_learnw_0,3.0,0.04331823668675497,val_loss,0.005225925240665674,0.07043872028589249,0.0,0.0,424.0,20.0,2.0,vanilla,50.0,True,False,0.08630199730396271,0.14795412123203278
proto_source=vanilla_k=50_weighted=1_learnw=0,test,2345,proto,-0.009673521853983402,0.014512789435684681,-0.06730825640261173,-0.03352240100502968,-0.05331895500421524,-0.002947133150883019,0.00022472644195659086,0.8732394366197183,-0.009459699504077435,-5.747342584072612e-06,0.00020807494001928717,0.0060790725983679295,0.0712042823433876,0.051849089562892914,0.15369044244289398,0.0,0.0,0.0,0.0,,,cvar,/Users/yaniszaim/deephedging/.deephedging_real_runs/final_paper_asian_panel/panel_sweeps/XLV_full_paper_grid_800_asian_call_step_robust/model_artifacts/seed_2345/risk_cvar/proto_source_vanilla_k_50_weighted_1_learnw_0,3.0,0.04331823668675497,val_loss,0.005225925240665674,0.07043872028589249,0.0,0.0,426.0,20.0,2.0,vanilla,50.0,True,False,0.08630199730396271,0.14795412123203278
proto_source=vanilla_k=100_weighted=0_learnw=0,train,2345,proto,-0.010813772678375244,0.01382230781018734,-0.054396901093423364,-0.036384074576199056,-0.04971834272146225,-0.005049670115113258,0.00013283623266033826,0.9196969696969697,-0.010751479305326939,0.00011542553693288937,0.00017771899001672864,0.00902087427675724,0.054088808596134186,0.07965964823961258,0.2909483313560486,0.0,0.0,0.0,0.0,,,cvar,/Users/yaniszaim/deephedging/.deephedging_real_runs/final_paper_asian_panel/panel_sweeps/XLV_full_paper_grid_800_asian_call_step_robust/model_artifacts/seed_2345/risk_cvar/proto_source_vanilla_k_100_weighted_0_learnw_0,2.0,0.0436058060079813,val_loss,0.0088481605052948,0.07835575193166733,0.0,0.0,1980.0,20.0,2.0,vanilla,100.0,False,False,0.0663827508687973,0.1329076588153839
proto_source=vanilla_k=100_weighted=0_learnw=0,val,2345,proto,-0.010845582000911236,0.017195003107190132,-0.06366279929876327,-0.03579434342682362,-0.05783113092184067,-0.002968379878439009,7.337337301578366e-05,0.9268867924528302,-0.010771487839519978,0.00010330720397178084,0.00017740068142302334,0.009023839607834816,0.049794480204582214,0.0796784982085228,0.290938138961792,0.0,0.0,0.0,0.0,,,cvar,/Users/yaniszaim/deephedging/.deephedging_real_runs/final_paper_asian_panel/panel_sweeps/XLV_full_paper_grid_800_asian_call_step_robust/model_artifacts/seed_2345/risk_cvar/proto_source_vanilla_k_100_weighted_0_learnw_0,2.0,0.0436058060079813,val_loss,0.0088481605052948,0.07835575193166733,0.0,0.0,424.0,20.0,2.0,vanilla,100.0,False,False,0.0663827508687973,0.1329076588153839
proto_source=vanilla_k=100_weighted=0_learnw=0,test,2345,proto,-0.009561828337609768,0.014105627313256264,-0.06581101194024086,-0.032895066775381565,-0.05209880694746971,-0.002879369305446744,7.020271368674003e-05,0.9272300469483568,-0.009459699504077435,7.568470027763397e-05,0.00017781468341127038,0.00902547873556614,0.0509629063308239,0.07965420931577682,0.2889310419559479,0.0,0.0,0.0,0.0,,,cvar,/Users/yaniszaim/deephedging/.deephedging_real_runs/final_paper_asian_panel/panel_sweeps/XLV_full_paper_grid_800_asian_call_step_robust/model_artifacts/seed_2345/risk_cvar/proto_source_vanilla_k_100_weighted_0_learnw_0,2.0,0.0436058060079813,val_loss,0.0088481605052948,0.07835575193166733,0.0,0.0,426.0,20.0,2.0,vanilla,100.0,False,False,0.0663827508687973,0.1329076588153839
proto_source=vanilla_k=100_weighted=1_learnw=0,train,2345,proto,-0.010829540900886059,0.013929671607911587,-0.05467900197952986,-0.036572450771927834,-0.04998721182346344,-0.00501693319529295,0.00020821782381972263,0.9030303030303031,-0.010751479305326939,8.446817082585767e-05,0.0001625299919396639,0.007771352306008339,0.047362565994262695,0.0661315992474556,0.21729743480682373,0.0,0.0,0.0,0.0,,,cvar,/Users/yaniszaim/deephedging/.deephedging_real_runs/final_paper_asian_panel/panel_sweeps/XLV_full_paper_grid_800_asian_call_step_robust/model_artifacts/seed_2345/risk_cvar/proto_source_vanilla_k_100_weighted_1_learnw_0,2.0,0.04350118594244123,val_loss,0.006839592009782791,0.0644574835896492,0.0,0.0,1980.0,20.0,2.0,vanilla,100.0,True,False,0.05076543986797333,0.13379113376140594
proto_source=vanilla_k=100_weighted=1_learnw=0,val,2345,proto,-0.010861387476325035,0.017345594242215157,-0.06392433110624551,-0.03605908378958702,-0.0581783801317215,-0.002895228797569871,0.00014832967572146977,0.910377358490566,-0.010771487839519978,7.21622200217098e-05,0.00016206223517656326,0.007767748553305864,0.04257309064269066,0.06611403077840805,0.21715550124645233,0.0,0.0,0.0,0.0,,,cvar,/Users/yaniszaim/deephedging/.deephedging_real_runs/final_paper_asian_panel/panel_sweeps/XLV_full_paper_grid_800_asian_call_step_robust/model_artifacts/seed_2345/risk_cvar/proto_source_vanilla_k_100_weighted_1_learnw_0,2.0,0.04350118594244123,val_loss,0.006839592009782791,0.0644574835896492,0.0,0.0,424.0,20.0,2.0,vanilla,100.0,True,False,0.05076543986797333,0.13379113376140594
proto_source=vanilla_k=100_weighted=1_learnw=0,test,2345,proto,-0.009569245390594006,0.014201173558831215,-0.06621936801820993,-0.03305652365088463,-0.0523395910859108,-0.002899852697737515,0.00010078174818772823,0.9084507042253521,-0.009459699504077435,5.353164306143299e-05,0.00016307851183228195,0.007781071588397026,0.04387395828962326,0.06614299863576889,0.21696621179580688,0.0,0.0,0.0,0.0,,,cvar,/Users/yaniszaim/deephedging/.deephedging_real_runs/final_paper_asian_panel/panel_sweeps/XLV_full_paper_grid_800_asian_call_step_robust/model_artifacts/seed_2345/risk_cvar/proto_source_vanilla_k_100_weighted_1_learnw_0,2.0,0.04350118594244123,val_loss,0.006839592009782791,0.0644574835896492,0.0,0.0,426.0,20.0,2.0,vanilla,100.0,True,False,0.05076543986797333,0.13379113376140594
unhedged,train,3456,baseline,-0.010545572265982628,0.01428697258234024,-0.05635207653045655,-0.03632117509841919,-0.05134562402963638,-0.004606485366821289,0.0,0.5878787878787879,-0.010545572265982628,0.0,0.0,0.0,0.0,0.0,0.0,0.0,0.0,0.0,0.0,,,,,,,,,,,,,,,,,,,,
spot_delta,train,3456,baseline,-0.010419157333672047,0.013748505152761936,-0.05473404657095671,-0.034472059644758704,-0.04900940880179405,-0.00663154199719429,0.003772931545972823,0.8075757575757576,-0.010545572265982628,0.0003038944269064814,0.00017747927631717175,0.022125376388430595,0.60760897397995,0.2575572729110718,0.60760897397995,0.0,0.0,0.0,0.0,,,,,,,,,,,,,,,,,,,,
spot_delta_band,train,3456,baseline,-0.010419157333672047,0.013748505152761936,-0.05473404657095671,-0.034472059644758704,-0.04900940880179405,-0.00663154199719429,0.003772931545972823,0.8075757575757576,-0.010545572265982628,0.0003038944269064814,0.00017747927631717175,0.022125376388430595,0.60760897397995,0.2575572729110718,0.60760897397995,0.0,0.0,0.0,0.0,0.0,gains_mean,,,,,,,,,,,,,,,,,,
unhedged,val,3456,baseline,-0.010103856213390827,0.013963516801595688,-0.05245511293411255,-0.035602772235870356,-0.04921657219529152,-0.00368344783782959,-0.0,0.5754716981132075,-0.010103856213390827,0.0,0.0,0.0,0.0,0.0,0.0,0.0,0.0,0.0,0.0,,,,,,,,,,,,,,,,,,,,
spot_delta,val,3456,baseline,-0.009729467332363129,0.012546299956738949,-0.046545475125312805,-0.03263024017214775,-0.04331708326935768,-0.0061315076891332865,0.004053361224941905,0.8113207547169812,-0.010103856213390827,0.0005532752838917077,0.00017888614092953503,0.022304166108369827,0.5982080101966858,0.2575494349002838,0.60760897397995,0.0,0.0,0.0,0.0,,,,,,,,,,,,,,,,,,,,
spot_delta_band,val,3456,baseline,-0.009729467332363129,0.012546299956738949,-0.046545475125312805,-0.03263024017214775,-0.04331708326935768,-0.0061315076891332865,0.004053361224941905,0.8113207547169812,-0.010103856213390827,0.0005532752838917077,0.00017888614092953503,0.022304166108369827,0.5982080101966858,0.2575494349002838,0.60760897397995,0.0,0.0,0.0,0.0,0.0,gains_mean,,,,,,,,,,,,,,,,,,
unhedged,test,3456,baseline,-0.011081225238740444,0.017531413584947586,-0.06112256646156311,-0.036522746086120605,-0.0595644973218441,-0.0031777620315551758,-0.0,0.5633802816901409,-0.011081225238740444,0.0,0.0,0.0,0.0,0.0,0.0,0.0,0.0,0.0,0.0,,,,,,,,,,,,,,,,,,,,
spot_delta,test,3456,baseline,-0.011511188931763172,0.01571623422205448,-0.06096966750919819,-0.033657750114798546,-0.05552259460091591,-0.007170510478317738,0.002887473558075726,0.8169014084507042,-0.011081225238740444,-0.00024981910246424377,0.00018014427041634917,0.02246139943599701,0.592831015586853,0.25718390941619873,0.60760897397995,0.0,0.0,0.0,0.0,,,,,,,,,,,,,,,,,,,,
spot_delta_band,test,3456,baseline,-0.011511188931763172,0.01571623422205448,-0.06096966750919819,-0.033657750114798546,-0.05552259460091591,-0.007170510478317738,0.002887473558075726,0.8169014084507042,-0.011081225238740444,-0.00024981910246424377,0.00018014427041634917,0.02246139943599701,0.592831015586853,0.25718390941619873,0.60760897397995,0.0,0.0,0.0,0.0,0.0,gains_mean,,,,,,,,,,,,,,,,,,
vanilla,train,3456,vanilla,-0.010520190000534058,0.013501540757715702,-0.05420426908880472,-0.0349962243810296,-0.04934080317616463,-0.004762842319905758,6.579609907930711e-05,0.9378787878787879,-0.010545572265982628,0.0002046789595624432,0.00017929649038705975,0.014603732153773308,0.029481882229447365,0.155990868806839,0.5646371841430664,0.0,0.0,0.0,0.0,,,cvar,/Users/yaniszaim/deephedging/.deephedging_real_runs/final_paper_asian_panel/panel_sweeps/XLV_full_paper_grid_800_asian_call_step_robust/model_artifacts/seed_3456/risk_cvar/vanilla,18.0,0.040882748793810604,val_loss,0.015143390744924545,0.16351796686649323,0.0,0.0,1980.0,20.0,2.0,,,,,,
vanilla,val,3456,vanilla,-0.010056988336145878,0.01321791298687458,-0.04995002094656229,-0.034646620601415636,-0.047340262681245804,-0.0035124608548358083,5.003286423743666e-05,0.9386792452830188,-0.010103856213390827,0.0002259504544781521,0.0001790819806046784,0.014603788033127785,0.029396144673228264,0.15599395334720612,0.561594545841217,0.0,0.0,0.0,0.0,,,cvar,/Users/yaniszaim/deephedging/.deephedging_real_runs/final_paper_asian_panel/panel_sweeps/XLV_full_paper_grid_800_asian_call_step_robust/model_artifacts/seed_3456/risk_cvar/vanilla,18.0,0.040882748793810604,val_loss,0.015143390744924545,0.16351796686649323,0.0,0.0,424.0,20.0,2.0,,,,,,
vanilla,test,3456,vanilla,-0.0110208410769701,0.016631942242383957,-0.058561949990689754,-0.035241798497736454,-0.05731033906340599,-0.0033031582133844495,5.955962114967406e-05,0.9389671361502347,-0.011081225238740444,0.00023969858011696488,0.0001793142728274688,0.014603137969970703,0.029255641624331474,0.15598517656326294,0.5655144453048706,0.0,0.0,0.0,0.0,,,cvar,/Users/yaniszaim/deephedging/.deephedging_real_runs/final_paper_asian_panel/panel_sweeps/XLV_full_paper_grid_800_asian_call_step_robust/model_artifacts/seed_3456/risk_cvar/vanilla,18.0,0.040882748793810604,val_loss,0.015143390744924545,0.16351796686649323,0.0,0.0,426.0,20.0,2.0,,,,,,
proto_source=spot_delta_k=10_weighted=0_learnw=0,train,3456,proto,-0.009795994497835636,0.012949456460773945,-0.0515966334939003,-0.03389128223061562,-0.044510722160339355,-0.004830808378756046,0.002113918901886788,0.8661616161616161,-0.010545572265982628,0.0010168063454329967,0.00026722802431322634,0.029293805360794067,0.4724183976650238,0.2156992107629776,1.0,7.575757575757576e-05,2.5252525252525253e-05,5.0505050505050505e-05,0.00202020202020202,,,cvar,/Users/yaniszaim/deephedging/.deephedging_real_runs/final_paper_asian_panel/panel_sweeps/XLV_full_paper_grid_800_asian_call_step_robust/model_artifacts/seed_3456/risk_cvar/proto_source_spot_delta_k_10_weighted_0_learnw_0,426.0,0.039660821742958055,val_loss,0.025549281388521194,0.15561509132385254,0.0002358490566037736,0.0023584905660377358,1980.0,20.0,2.0,spot_delta,10.0,False,False,0.30217280983924866,0.6667190790176392
proto_source=spot_delta_k=10_weighted=0_learnw=0,val,3456,proto,-0.009424226358532906,0.012995922937989235,-0.04893734283745289,-0.033000761084258555,-0.04542473331093788,-0.004350948613137007,0.00178199981455691,0.8514150943396226,-0.010103856213390827,0.000933540053665638,0.0002539096458349377,0.028674935922026634,0.44394513964653015,0.2128119021654129,1.0,0.0001179245283018868,0.0,0.0001179245283018868,0.0023584905660377358,,,cvar,/Users/yaniszaim/deephedging/.deephedging_real_runs/final_paper_asian_panel/panel_sweeps/XLV_full_paper_grid_800_asian_call_step_robust/model_artifacts/seed_3456/risk_cvar/proto_source_spot_delta_k_10_weighted_0_learnw_0,426.0,0.039660821742958055,val_loss,0.025549281388521194,0.15561509132385254,0.0002358490566037736,0.0023584905660377358,424.0,20.0,2.0,spot_delta,10.0,False,False,0.30217280983924866,0.6667190790176392
proto_source=spot_delta_k=10_weighted=0_learnw=0,test,3456,proto,-0.010489038191735744,0.014558504335582256,-0.049982279539108276,-0.03472790028899908,-0.04968219995498657,-0.00462577142752707,0.0014800801582168788,0.8661971830985915,-0.011081225238740444,0.0008668989175930619,0.00027471213252283633,0.02991158701479435,0.44877761602401733,0.21255335211753845,1.0,0.0007629107981220657,0.00011737089201877934,0.0006455399061032864,0.002347417840375587,,,cvar,/Users/yaniszaim/deephedging/.deephedging_real_runs/final_paper_asian_panel/panel_sweeps/XLV_full_paper_grid_800_asian_call_step_robust/model_artifacts/seed_3456/risk_cvar/proto_source_spot_delta_k_10_weighted_0_learnw_0,426.0,0.039660821742958055,val_loss,0.025549281388521194,0.15561509132385254,0.0002358490566037736,0.0023584905660377358,426.0,20.0,2.0,spot_delta,10.0,False,False,0.30217280983924866,0.6667190790176392
proto_source=spot_delta_k=10_weighted=1_learnw=0,train,3456,proto,-0.010596775449812412,0.01365998387336731,-0.056579883061349395,-0.0350308233872056,-0.049966659396886826,-0.0048443765845149755,-5.4342277144315e-05,0.9580808080808081,-0.010545572265982628,0.00014111919153947383,0.00019232166232541203,0.01207104604691267,0.07998877763748169,0.12816858291625977,0.4544128179550171,0.0,0.0,0.0,0.0,,,cvar,/Users/yaniszaim/deephedging/.deephedging_real_runs/final_paper_asian_panel/panel_sweeps/XLV_full_paper_grid_800_asian_call_step_robust/model_artifacts/seed_3456/risk_cvar/proto_source_spot_delta_k_10_weighted_1_learnw_0,4.0,0.040554588045924905,val_loss,0.011015322059392929,0.11999153345823288,0.0,0.0,1980.0,20.0,2.0,spot_delta,10.0,True,False,0.10480189323425293,0.1488746851682663
proto_source=spot_delta_k=10_weighted=1_learnw=0,val,3456,proto,-0.010182803496718407,0.013353964313864708,-0.05071681026369333,-0.0344963576644659,-0.0477762334048748,-0.0036770266015082598,-0.00011381596268620345,0.964622641509434,-0.010103856213390827,0.00011116222594864666,0.00019010985852219164,0.0120144784450531,0.07866448163986206,0.12821581959724426,0.45347344875335693,0.0,0.0,0.0,0.0,,,cvar,/Users/yaniszaim/deephedging/.deephedging_real_runs/final_paper_asian_panel/panel_sweeps/XLV_full_paper_grid_800_asian_call_step_robust/model_artifacts/seed_3456/risk_cvar/proto_source_spot_delta_k_10_weighted_1_learnw_0,4.0,0.040554588045924905,val_loss,0.011015322059392929,0.11999153345823288,0.0,0.0,424.0,20.0,2.0,spot_delta,10.0,True,False,0.10480189323425293,0.1488746851682663
proto_source=spot_delta_k=10_weighted=1_learnw=0,test,3456,proto,-0.011090690270066261,0.01688363403081894,-0.0583522105589509,-0.035440138541162014,-0.05782041698694229,-0.0037760615814477205,1.6601799870841205e-05,0.9460093896713615,-0.011081225238740444,0.00018088692741002887,0.00019035156583413482,0.012035593390464783,0.07105675339698792,0.12826311588287354,0.44787904620170593,0.0,0.0,0.0,0.0,,,cvar,/Users/yaniszaim/deephedging/.deephedging_real_runs/final_paper_asian_panel/panel_sweeps/XLV_full_paper_grid_800_asian_call_step_robust/model_artifacts/seed_3456/risk_cvar/proto_source_spot_delta_k_10_weighted_1_learnw_0,4.0,0.040554588045924905,val_loss,0.011015322059392929,0.11999153345823288,0.0,0.0,426.0,20.0,2.0,spot_delta,10.0,True,False,0.10480189323425293,0.1488746851682663
proto_source=spot_delta_k=25_weighted=0_learnw=0,train,3456,proto,-0.010359411127865314,0.012807554565370083,-0.051992296054959294,-0.03395737092941999,-0.04603135958313942,-0.005896159680560231,0.0017453982261940832,0.8883838383838384,-0.010545572265982628,0.0007826549699530005,0.0005964944139122963,0.0387333407998085,0.4053123891353607,0.2696322202682495,1.0,0.00030303030303030303,0.00030303030303030303,0.0,0.006060606060606061,,,cvar,/Users/yaniszaim/deephedging/.deephedging_real_runs/final_paper_asian_panel/panel_sweeps/XLV_full_paper_grid_800_asian_call_step_robust/model_artifacts/seed_3456/risk_cvar/proto_source_spot_delta_k_25_weighted_0_learnw_0,776.0,0.03992946419864893,val_loss,0.032365866005420685,0.1781684160232544,0.0,0.0,1980.0,20.0,2.0,spot_delta,25.0,False,False,0.18257510662078857,0.5499700903892517
proto_source=spot_delta_k=25_weighted=0_learnw=0,val,3456,proto,-0.010216225869953632,0.012308287434279919,-0.04749441646039486,-0.03377915397286415,-0.04482368379831314,-0.005717296386137605,0.00113614648580551,0.9009433962264151,-0.010103856213390827,0.00046241231029853225,0.0005747818504460156,0.03796010836958885,0.49628016352653503,0.26604554057121277,1.0,0.00035377358490566035,0.00035377358490566035,0.0,0.0047169811320754715,,,cvar,/Users/yaniszaim/deephedging/.deephedging_real_runs/final_paper_asian_panel/panel_sweeps/XLV_full_paper_grid_800_asian_call_step_robust/model_artifacts/seed_3456/risk_cvar/proto_source_spot_delta_k_25_weighted_0_learnw_0,776.0,0.03992946419864893,val_loss,0.032365866005420685,0.1781684160232544,0.0,0.0,424.0,20.0,2.0,spot_delta,25.0,False,False,0.18257510662078857,0.5499700903892517
proto_source=spot_delta_k=25_weighted=0_learnw=0,test,3456,proto,-0.01092279888689518,0.014772425405681133,-0.06313495803624392,-0.03494550846517086,-0.053047772496938705,-0.005772994831204414,0.0010196176008321345,0.8967136150234741,-0.011081225238740444,0.0007682840223424137,0.0006098580197431147,0.03942706808447838,0.496282696723938,0.2695040702819824,1.0,0.0008802816901408451,0.0008802816901408451,0.0,0.007042253521126761,,,cvar,/Users/yaniszaim/deephedging/.deephedging_real_runs/final_paper_asian_panel/panel_sweeps/XLV_full_paper_grid_800_asian_call_step_robust/model_artifacts/seed_3456/risk_cvar/proto_source_spot_delta_k_25_weighted_0_learnw_0,776.0,0.03992946419864893,val_loss,0.032365866005420685,0.1781684160232544,0.0,0.0,426.0,20.0,2.0,spot_delta,25.0,False,False,0.18257510662078857,0.5499700903892517
proto_source=spot_delta_k=25_weighted=1_learnw=0,train,3456,proto,-0.010480955243110657,0.01356578804552555,-0.054401315301656726,-0.034957276470959184,-0.04953707754611969,-0.004492955980822444,-0.0001318682814599015,0.9772727272727273,-0.010545572265982628,0.0001559020602144301,9.128425881499425e-05,0.009478922002017498,0.03151903674006462,0.1317194253206253,0.4225521981716156,0.0,0.0,0.0,0.0,,,cvar,/Users/yaniszaim/deephedging/.deephedging_real_runs/final_paper_asian_panel/panel_sweeps/XLV_full_paper_grid_800_asian_call_step_robust/model_artifacts/seed_3456/risk_cvar/proto_source_spot_delta_k_25_weighted_1_learnw_0,3.0,0.040396164250560106,val_loss,0.009917193092405796,0.09992016106843948,0.0,0.0,1980.0,20.0,2.0,spot_delta,25.0,True,False,0.11062537878751755,0.15900160372257233
proto_source=spot_delta_k=25_weighted=1_learnw=0,val,3456,proto,-0.010077322833240032,0.013242669403553009,-0.05069146178662777,-0.034357639960944646,-0.04743979126214981,-0.003641262650489807,-0.00015990731626516237,0.9905660377358491,-0.010103856213390827,0.00011773804726544768,9.120360482484102e-05,0.009479512460529804,0.031519025564193726,0.13180692493915558,0.41965389251708984,0.0,0.0,0.0,0.0,,,cvar,/Users/yaniszaim/deephedging/.deephedging_real_runs/final_paper_asian_panel/panel_sweeps/XLV_full_paper_grid_800_asian_call_step_robust/model_artifacts/seed_3456/risk_cvar/proto_source_spot_delta_k_25_weighted_1_learnw_0,3.0,0.040396164250560106,val_loss,0.009917193092405796,0.09992016106843948,0.0,0.0,424.0,20.0,2.0,spot_delta,25.0,True,False,0.11062537878751755,0.15900160372257233
proto_source=spot_delta_k=25_weighted=1_learnw=0,test,3456,proto,-0.010998858138918877,0.01668565534055233,-0.05871533788740635,-0.03540253173559904,-0.05737321078777313,-0.003279369790107012,-0.00011509638534334954,0.9882629107981221,-0.011081225238740444,0.00017382540681865066,9.145883086603135e-05,0.009501214139163494,0.03151901811361313,0.13194182515144348,0.4173564612865448,0.0,0.0,0.0,0.0,,,cvar,/Users/yaniszaim/deephedging/.deephedging_real_runs/final_paper_asian_panel/panel_sweeps/XLV_full_paper_grid_800_asian_call_step_robust/model_artifacts/seed_3456/risk_cvar/proto_source_spot_delta_k_25_weighted_1_learnw_0,3.0,0.040396164250560106,val_loss,0.009917193092405796,0.09992016106843948,0.0,0.0,426.0,20.0,2.0,spot_delta,25.0,True,False,0.11062537878751755,0.15900160372257233
proto_source=spot_delta_k=50_weighted=0_learnw=0,train,3456,proto,-0.010634894482791424,0.013530162163078785,-0.05427942518144846,-0.03505333717912436,-0.04948824644088745,-0.004688645713031292,-0.00011777256731875256,0.9621212121212122,-0.010545572265982628,0.00017103322898037732,0.0002603548055049032,0.013316143304109573,0.12539494037628174,0.14527444541454315,0.8884702920913696,0.0,0.0,0.0,0.0,,,cvar,/Users/yaniszaim/deephedging/.deephedging_real_runs/final_paper_asian_panel/panel_sweeps/XLV_full_paper_grid_800_asian_call_step_robust/model_artifacts/seed_3456/risk_cvar/proto_source_spot_delta_k_50_weighted_0_learnw_0,5.0,0.040747431330382826,val_loss,0.014234624803066254,0.1631714105606079,0.0,0.0,1980.0,20.0,2.0,spot_delta,50.0,False,False,0.05350860580801964,0.1320195496082306
proto_source=spot_delta_k=50_weighted=0_learnw=0,val,3456,proto,-0.010265383869409561,0.013214072212576866,-0.05158186439424753,-0.03435272499918938,-0.0476808100938797,-0.004136702744290233,-6.188147817738466e-05,0.9575471698113207,-0.010103856213390827,9.953407425200567e-05,0.0002610626688692719,0.013325299136340618,0.12005700170993805,0.14578191936016083,0.8731704950332642,0.0,0.0,0.0,0.0,,,cvar,/Users/yaniszaim/deephedging/.deephedging_real_runs/final_paper_asian_panel/panel_sweeps/XLV_full_paper_grid_800_asian_call_step_robust/model_artifacts/seed_3456/risk_cvar/proto_source_spot_delta_k_50_weighted_0_learnw_0,5.0,0.040747431330382826,val_loss,0.014234624803066254,0.1631714105606079,0.0,0.0,424.0,20.0,2.0,spot_delta,50.0,False,False,0.05350860580801964,0.1320195496082306
proto_source=spot_delta_k=50_weighted=0_learnw=0,test,3456,proto,-0.01118679903447628,0.016888808459043503,-0.05934067256748676,-0.03524160757660866,-0.05764009803533554,-0.0036178110167384148,-0.00024193212448153645,0.971830985915493,-0.011081225238740444,0.00015522161265835166,0.00026079421513713896,0.013263936154544353,0.12494035065174103,0.14379540085792542,0.8144824504852295,0.0,0.0,0.0,0.0,,,cvar,/Users/yaniszaim/deephedging/.deephedging_real_runs/final_paper_asian_panel/panel_sweeps/XLV_full_paper_grid_800_asian_call_step_robust/model_artifacts/seed_3456/risk_cvar/proto_source_spot_delta_k_50_weighted_0_learnw_0,5.0,0.040747431330382826,val_loss,0.014234624803066254,0.1631714105606079,0.0,0.0,426.0,20.0,2.0,spot_delta,50.0,False,False,0.05350860580801964,0.1320195496082306
proto_source=spot_delta_k=50_weighted=1_learnw=0,train,3456,proto,-0.010638379491865635,0.01389380358159542,-0.05534799013286829,-0.035469125024974346,-0.05056091398000717,-0.004928339971229434,-0.00015610451446264052,0.9873737373737373,-0.010545572265982628,8.424511179327965e-05,0.00017705165373627096,0.007618270814418793,0.06228596717119217,0.08568376302719116,0.28309622406959534,0.0,0.0,0.0,0.0,,,cvar,/Users/yaniszaim/deephedging/.deephedging_real_runs/final_paper_asian_panel/panel_sweeps/XLV_full_paper_grid_800_asian_call_step_robust/model_artifacts/seed_3456/risk_cvar/proto_source_spot_delta_k_50_weighted_1_learnw_0,3.0,0.04054956057108938,val_loss,0.009078728035092354,0.07010643184185028,0.0,0.0,1980.0,20.0,2.0,spot_delta,50.0,True,False,0.08038243651390076,0.15023930370807648
proto_source=spot_delta_k=50_weighted=1_learnw=0,val,3456,proto,-0.01021114643663168,0.013573704287409782,-0.051535259075462816,-0.03498478680849075,-0.04836459457874298,-0.0037933880230411887,-0.00017551758282934358,0.9952830188679245,-0.010103856213390827,6.717374344589189e-05,0.00017446324636694044,0.007577098906040192,0.05216832458972931,0.08573553711175919,0.28335586190223694,0.0,0.0,0.0,0.0,,,cvar,/Users/yaniszaim/deephedging/.deephedging_real_runs/final_paper_asian_panel/panel_sweeps/XLV_full_paper_grid_800_asian_call_step_robust/model_artifacts/seed_3456/risk_cvar/proto_source_spot_delta_k_50_weighted_1_learnw_0,3.0,0.04054956057108938,val_loss,0.009078728035092354,0.07010643184185028,0.0,0.0,424.0,20.0,2.0,spot_delta,50.0,True,False,0.08038243651390076,0.15023930370807648
proto_source=spot_delta_k=50_weighted=1_learnw=0,test,3456,proto,-0.011171824298799038,0.017191557213664055,-0.05973867978900671,-0.036144486628472805,-0.05879022181034088,-0.0034437691792845726,-0.00012966731446795166,0.9953051643192489,-0.011081225238740444,8.579473796999082e-05,0.00017639428551774472,0.007614387199282646,0.05799250304698944,0.08581636846065521,0.28286880254745483,0.0,0.0,0.0,0.0,,,cvar,/Users/yaniszaim/deephedging/.deephedging_real_runs/final_paper_asian_panel/panel_sweeps/XLV_full_paper_grid_800_asian_call_step_robust/model_artifacts/seed_3456/risk_cvar/proto_source_spot_delta_k_50_weighted_1_learnw_0,3.0,0.04054956057108938,val_loss,0.009078728035092354,0.07010643184185028,0.0,0.0,426.0,20.0,2.0,spot_delta,50.0,True,False,0.08038243651390076,0.15023930370807648
proto_source=spot_delta_k=100_weighted=0_learnw=0,train,3456,proto,-0.010660161264240742,0.013783499598503113,-0.05496115367859602,-0.0351705577224493,-0.0503351092338562,-0.004815796390175819,-8.873878468875778e-05,0.9611111111111111,-0.010545572265982628,5.65847112738993e-05,0.00017117304378189147,0.010170521214604378,0.13230860233306885,0.10638067871332169,1.0,0.0005555555555555556,0.0,0.0005555555555555556,0.0035353535353535356,,,cvar,/Users/yaniszaim/deephedging/.deephedging_real_runs/final_paper_asian_panel/panel_sweeps/XLV_full_paper_grid_800_asian_call_step_robust/model_artifacts/seed_3456/risk_cvar/proto_source_spot_delta_k_100_weighted_0_learnw_0,4.0,0.040754760573442385,val_loss,0.010731463320553303,0.12169580906629562,0.0001179245283018868,0.0023584905660377358,1980.0,20.0,2.0,spot_delta,100.0,False,False,0.06963013112545013,0.18973875045776367
proto_source=spot_delta_k=100_weighted=0_learnw=0,val,3456,proto,-0.010269418358802795,0.013443853706121445,-0.051227407567203044,-0.034700947068631645,-0.04807039350271225,-0.00407184031791985,-7.3350353341084e-05,0.964622641509434,-0.010103856213390827,2.7118728667119285e-06,0.0001682732836343348,0.010018029250204563,0.13940028846263885,0.10642499476671219,1.0,0.0005896226415094339,0.0,0.0005896226415094339,0.0047169811320754715,,,cvar,/Users/yaniszaim/deephedging/.deephedging_real_runs/final_paper_asian_panel/panel_sweeps/XLV_full_paper_grid_800_asian_call_step_robust/model_artifacts/seed_3456/risk_cvar/proto_source_spot_delta_k_100_weighted_0_learnw_0,4.0,0.040754760573442385,val_loss,0.010731463320553303,0.12169580906629562,0.0001179245283018868,0.0023584905660377358,424.0,20.0,2.0,spot_delta,100.0,False,False,0.06963013112545013,0.18973875045776367
proto_source=spot_delta_k=100_weighted=0_learnw=0,test,3456,proto,-0.01125743892043829,0.017354054376482964,-0.05914831254631281,-0.035855732858181,-0.05903463065624237,-0.003275187686085701,-0.00012776943549397402,0.9694835680751174,-0.011081225238740444,-5.166140454093693e-06,0.0001710476353764534,0.010086256079375744,0.12244546413421631,0.10520724207162857,1.0,0.0006455399061032864,0.0,0.0006455399061032864,0.002347417840375587,,,cvar,/Users/yaniszaim/deephedging/.deephedging_real_runs/final_paper_asian_panel/panel_sweeps/XLV_full_paper_grid_800_asian_call_step_robust/model_artifacts/seed_3456/risk_cvar/proto_source_spot_delta_k_100_weighted_0_learnw_0,4.0,0.040754760573442385,val_loss,0.010731463320553303,0.12169580906629562,0.0001179245283018868,0.0023584905660377358,426.0,20.0,2.0,spot_delta,100.0,False,False,0.06963013112545013,0.18973875045776367
proto_source=spot_delta_k=100_weighted=1_learnw=0,train,3456,proto,-0.010605615563690662,0.01366845890879631,-0.054878334291279314,-0.0349868331104517,-0.04986011981964111,-0.004877266939729452,0.00019045709123020058,0.9272727272727272,-0.010545572265982628,5.247453736956231e-05,0.00011251786781940609,0.010260047391057014,0.11893177032470703,0.12045566737651825,0.7358801364898682,0.0,0.0,0.0,0.0,,,cvar,/Users/yaniszaim/deephedging/.deephedging_real_runs/final_paper_asian_panel/panel_sweeps/XLV_full_paper_grid_800_asian_call_step_robust/model_artifacts/seed_3456/risk_cvar/proto_source_spot_delta_k_100_weighted_1_learnw_0,4.0,0.040764542324468495,val_loss,0.012285878881812096,0.11006022989749908,0.0,0.0,1980.0,20.0,2.0,spot_delta,100.0,True,False,0.09108329564332962,0.16390205919742584
proto_source=spot_delta_k=100_weighted=1_learnw=0,val,3456,proto,-0.010215835645794868,0.013324856758117676,-0.05100387390702963,-0.03432243410497903,-0.047676242887973785,-0.00440410478040576,0.00018787673252518267,0.9198113207547169,-0.010103856213390827,-4.645461103791604e-06,0.00010733331873780116,0.010118752717971802,0.11893069744110107,0.12030210345983505,0.4998968541622162,0.0,0.0,0.0,0.0,,,cvar,/Users/yaniszaim/deephedging/.deephedging_real_runs/final_paper_asian_panel/panel_sweeps/XLV_full_paper_grid_800_asian_call_step_robust/model_artifacts/seed_3456/risk_cvar/proto_source_spot_delta_k_100_weighted_1_learnw_0,4.0,0.040764542324468495,val_loss,0.012285878881812096,0.11006022989749908,0.0,0.0,424.0,20.0,2.0,spot_delta,100.0,True,False,0.09108329564332962,0.16390205919742584
proto_source=spot_delta_k=100_weighted=1_learnw=0,test,3456,proto,-0.01114881131798029,0.01701560989022255,-0.05902657750993967,-0.03593834210187197,-0.058167457580566406,-0.0036927377805113792,5.176523518457543e-05,0.9366197183098591,-0.011081225238740444,4.3386466131778434e-05,0.00011097244714619592,0.010228958912193775,0.11893177032470703,0.12085842341184616,0.7531535625457764,0.0,0.0,0.0,0.0,,,cvar,/Users/yaniszaim/deephedging/.deephedging_real_runs/final_paper_asian_panel/panel_sweeps/XLV_full_paper_grid_800_asian_call_step_robust/model_artifacts/seed_3456/risk_cvar/proto_source_spot_delta_k_100_weighted_1_learnw_0,4.0,0.040764542324468495,val_loss,0.012285878881812096,0.11006022989749908,0.0,0.0,426.0,20.0,2.0,spot_delta,100.0,True,False,0.09108329564332962,0.16390205919742584
proto_source=vanilla_k=10_weighted=0_learnw=0,train,3456,proto,-0.010704237036406994,0.013940255157649517,-0.05591959115117788,-0.03594445548951626,-0.050622858107089996,-0.004770812811329961,0.0001322258234722539,0.9242424242424242,-0.010545572265982628,0.0001025393430609256,0.0002612037933431566,0.010928237810730934,0.11836451292037964,0.10335928201675415,0.3120068311691284,0.0,0.0,0.0,0.0,,,cvar,/Users/yaniszaim/deephedging/.deephedging_real_runs/final_paper_asian_panel/panel_sweeps/XLV_full_paper_grid_800_asian_call_step_robust/model_artifacts/seed_3456/risk_cvar/proto_source_vanilla_k_10_weighted_0_learnw_0,2.0,0.04093198885209859,val_loss,0.010270098224282265,0.10341957211494446,0.0,0.0,1980.0,20.0,2.0,vanilla,10.0,False,False,0.09001562744379044,0.13858000934123993
proto_source=vanilla_k=10_weighted=0_learnw=0,val,3456,proto,-0.010269835591316223,0.013741846196353436,-0.05172247190028429,-0.035850321874022484,-0.0488438718020916,-0.0038591157644987106,0.0002261418238049373,0.9080188679245284,-0.010103856213390827,9.687981219030917e-05,0.0002628594229463488,0.010960623621940613,0.10900959372520447,0.10347704589366913,0.31073474884033203,0.0,0.0,0.0,0.0,,,cvar,/Users/yaniszaim/deephedging/.deephedging_real_runs/final_paper_asian_panel/panel_sweeps/XLV_full_paper_grid_800_asian_call_step_robust/model_artifacts/seed_3456/risk_cvar/proto_source_vanilla_k_10_weighted_0_learnw_0,2.0,0.04093198885209859,val_loss,0.010270098224282265,0.10341957211494446,0.0,0.0,424.0,20.0,2.0,vanilla,10.0,False,False,0.09001562744379044,0.13858000934123993
proto_source=vanilla_k=10_weighted=0_learnw=0,test,3456,proto,-0.011155305430293083,0.017180442810058594,-0.05943636503070593,-0.036581216380000114,-0.05876757204532623,-0.0033268979750573635,0.00022896489826962352,0.9131455399061033,-0.011081225238740444,0.00018668877601157874,0.0002607687783893198,0.010927258990705013,0.11422335356473923,0.10339754819869995,0.3075823187828064,0.0,0.0,0.0,0.0,,,cvar,/Users/yaniszaim/deephedging/.deephedging_real_runs/final_paper_asian_panel/panel_sweeps/XLV_full_paper_grid_800_asian_call_step_robust/model_artifacts/seed_3456/risk_cvar/proto_source_vanilla_k_10_weighted_0_learnw_0,2.0,0.04093198885209859,val_loss,0.010270098224282265,0.10341957211494446,0.0,0.0,426.0,20.0,2.0,vanilla,10.0,False,False,0.09001562744379044,0.13858000934123993
proto_source=vanilla_k=10_weighted=1_learnw=0,train,3456,proto,-0.01206892915070057,0.013362554833292961,-0.05571335420012474,-0.03601450733840465,-0.05049885809421539,-0.0066054705530405045,-0.0008103371597826488,0.9828282828282828,-0.010545572265982628,0.00029076472856104374,0.001814121613278985,0.039401501417160034,0.13247115910053253,0.3935000002384186,0.8773464560508728,0.0,0.0,0.0,0.0,,,cvar,/Users/yaniszaim/deephedging/.deephedging_real_runs/final_paper_asian_panel/panel_sweeps/XLV_full_paper_grid_800_asian_call_step_robust/model_artifacts/seed_3456/risk_cvar/proto_source_vanilla_k_10_weighted_1_learnw_0,3.0,0.04524632427841425,val_loss,0.04105383902788162,0.44748714566230774,0.0,0.0,1980.0,20.0,2.0,vanilla,10.0,True,False,0.12312295287847519,0.17270365357398987
proto_source=vanilla_k=10_weighted=1_learnw=0,val,3456,proto,-0.011609472334384918,0.013280585408210754,-0.0514884989336133,-0.03652376066893339,-0.049001190811395645,-0.005826309556141496,-0.0006848544697277275,0.9764150943396226,-0.010103856213390827,0.00030828345916233957,0.0018138987943530083,0.03942912071943283,0.12660351395606995,0.39339685440063477,0.877487063407898,0.0,0.0,0.0,0.0,,,cvar,/Users/yaniszaim/deephedging/.deephedging_real_runs/final_paper_asian_panel/panel_sweeps/XLV_full_paper_grid_800_asian_call_step_robust/model_artifacts/seed_3456/risk_cvar/proto_source_vanilla_k_10_weighted_1_learnw_0,3.0,0.04524632427841425,val_loss,0.04105383902788162,0.44748714566230774,0.0,0.0,424.0,20.0,2.0,vanilla,10.0,True,False,0.12312295287847519,0.17270365357398987
proto_source=vanilla_k=10_weighted=1_learnw=0,test,3456,proto,-0.012463491410017014,0.016580885276198387,-0.057620467618107796,-0.037156292237341404,-0.058667395263910294,-0.005421070847660303,-0.0008293054270325229,0.9812206572769953,-0.011081225238740444,0.0004305879701860249,0.0018128544325008988,0.03939983621239662,0.12975138425827026,0.39366450905799866,0.8777217864990234,0.0,0.0,0.0,0.0,,,cvar,/Users/yaniszaim/deephedging/.deephedging_real_runs/final_paper_asian_panel/panel_sweeps/XLV_full_paper_grid_800_asian_call_step_robust/model_artifacts/seed_3456/risk_cvar/proto_source_vanilla_k_10_weighted_1_learnw_0,3.0,0.04524632427841425,val_loss,0.04105383902788162,0.44748714566230774,0.0,0.0,426.0,20.0,2.0,vanilla,10.0,True,False,0.12312295287847519,0.17270365357398987
proto_source=vanilla_k=25_weighted=0_learnw=0,train,3456,proto,-0.010850232094526291,0.013444659300148487,-0.05504654049873352,-0.035107706859707835,-0.04947527125477791,-0.005201180698350072,9.079917799681416e-05,0.9378787878787879,-0.010545572265982628,0.00025938719045370817,0.0005640461458824575,0.02279210463166237,0.10494043678045273,0.23963704705238342,0.7262617349624634,0.0,0.0,0.0,0.0,,,cvar,/Users/yaniszaim/deephedging/.deephedging_real_runs/final_paper_asian_panel/panel_sweeps/XLV_full_paper_grid_800_asian_call_step_robust/model_artifacts/seed_3456/risk_cvar/proto_source_vanilla_k_25_weighted_0_learnw_0,2.0,0.04201000719331205,val_loss,0.02261018566787243,0.2401476949453354,0.0,0.0,1980.0,20.0,2.0,vanilla,25.0,False,False,0.11621342599391937,0.1647358536720276
proto_source=vanilla_k=25_weighted=0_learnw=0,val,3456,proto,-0.010401642881333828,0.013306903652846813,-0.05020115952938795,-0.03529668934643269,-0.04780710116028786,-0.00431840936653316,0.00033853427157737087,0.9292452830188679,-0.010103856213390827,0.0002665879437699914,0.0005643739132210612,0.022838115692138672,0.10493259876966476,0.23940950632095337,0.722855806350708,0.0,0.0,0.0,0.0,,,cvar,/Users/yaniszaim/deephedging/.deephedging_real_runs/final_paper_asian_panel/panel_sweeps/XLV_full_paper_grid_800_asian_call_step_robust/model_artifacts/seed_3456/risk_cvar/proto_source_vanilla_k_25_weighted_0_learnw_0,2.0,0.04201000719331205,val_loss,0.02261018566787243,0.2401476949453354,0.0,0.0,424.0,20.0,2.0,vanilla,25.0,False,False,0.11621342599391937,0.1647358536720276
proto_source=vanilla_k=25_weighted=0_learnw=0,test,3456,proto,-0.011295795440673828,0.01668221317231655,-0.057513993233442307,-0.03576239850372076,-0.05769345909357071,-0.004142468795180321,3.0140246963128448e-05,0.9436619718309859,-0.011081225238740444,0.0003490525996312499,0.0005636219284497201,0.022764910012483597,0.10492997616529465,0.2396126687526703,0.7241655588150024,0.0,0.0,0.0,0.0,,,cvar,/Users/yaniszaim/deephedging/.deephedging_real_runs/final_paper_asian_panel/panel_sweeps/XLV_full_paper_grid_800_asian_call_step_robust/model_artifacts/seed_3456/risk_cvar/proto_source_vanilla_k_25_weighted_0_learnw_0,2.0,0.04201000719331205,val_loss,0.02261018566787243,0.2401476949453354,0.0,0.0,426.0,20.0,2.0,vanilla,25.0,False,False,0.11621342599391937,0.1647358536720276
proto_source=vanilla_k=25_weighted=1_learnw=0,train,3456,proto,-0.011758566834032536,0.014706208370625973,-0.059396816268563274,-0.03900246638804674,-0.05272112786769867,-0.0059831649996340275,0.0011033318820409476,0.8848484848484849,-0.010545572265982628,0.0004181648837402463,0.001631158054806292,0.032294292002916336,0.3369690179824829,0.15846073627471924,1.0,0.00015151515151515152,6.313131313131313e-05,8.838383838383838e-05,0.0025252525252525255,,,cvar,/Users/yaniszaim/deephedging/.deephedging_real_runs/final_paper_asian_panel/panel_sweeps/XLV_full_paper_grid_800_asian_call_step_robust/model_artifacts/seed_3456/risk_cvar/proto_source_vanilla_k_25_weighted_1_learnw_0,120.0,0.043358519135640476,val_loss,0.04399319738149643,0.20562495291233063,0.001474056603773585,0.01179245283018868,1980.0,20.0,2.0,vanilla,25.0,True,False,0.12430139631032944,0.35095834732055664
proto_source=vanilla_k=25_weighted=1_learnw=0,val,3456,proto,-0.011667218059301376,0.015231458470225334,-0.05518356632441282,-0.03912646435201168,-0.0533764474093914,-0.0054024276323616505,0.0012861320166848596,0.8844339622641509,-0.010103856213390827,3.964504139730707e-05,0.0016030067345127463,0.03231048956513405,0.3369690179824829,0.15913723409175873,1.0,5.89622641509434e-05,5.89622641509434e-05,0.0,0.0023584905660377358,,,cvar,/Users/yaniszaim/deephedging/.deephedging_real_runs/final_paper_asian_panel/panel_sweeps/XLV_full_paper_grid_800_asian_call_step_robust/model_artifacts/seed_3456/risk_cvar/proto_source_vanilla_k_25_weighted_1_learnw_0,120.0,0.043358519135640476,val_loss,0.04399319738149643,0.20562495291233063,0.001474056603773585,0.01179245283018868,424.0,20.0,2.0,vanilla,25.0,True,False,0.12430139631032944,0.35095834732055664
proto_source=vanilla_k=25_weighted=1_learnw=0,test,3456,proto,-0.0124514140188694,0.01970650814473629,-0.06359701603651047,-0.03970309067517519,-0.06517042964696884,-0.004675656324252486,0.0009913646208588034,0.8661971830985915,-0.011081225238740444,0.000241479225223884,0.0016116671031340957,0.03217722102999687,0.3369690179824829,0.15520942211151123,1.0,0.000528169014084507,0.0,0.000528169014084507,0.002347417840375587,,,cvar,/Users/yaniszaim/deephedging/.deephedging_real_runs/final_paper_asian_panel/panel_sweeps/XLV_full_paper_grid_800_asian_call_step_robust/model_artifacts/seed_3456/risk_cvar/proto_source_vanilla_k_25_weighted_1_learnw_0,120.0,0.043358519135640476,val_loss,0.04399319738149643,0.20562495291233063,0.001474056603773585,0.01179245283018868,426.0,20.0,2.0,vanilla,25.0,True,False,0.12430139631032944,0.35095834732055664
proto_source=vanilla_k=50_weighted=0_learnw=0,train,3456,proto,-0.010795502923429012,0.013348067179322243,-0.0545195497572422,-0.03470647055655718,-0.04914144426584244,-0.005286712432280183,0.00021187714592088003,0.9363636363636364,-0.010545572265982628,0.00028139568166807294,0.0005313255824148655,0.024441879242658615,0.10143763571977615,0.2509365975856781,0.8230160474777222,0.0,0.0,0.0,0.0,,,cvar,/Users/yaniszaim/deephedging/.deephedging_real_runs/final_paper_asian_panel/panel_sweeps/XLV_full_paper_grid_800_asian_call_step_robust/model_artifacts/seed_3456/risk_cvar/proto_source_vanilla_k_50_weighted_0_learnw_0,3.0,0.041914321789518004,val_loss,0.02382505126297474,0.2488250434398651,0.0,0.0,1980.0,20.0,2.0,vanilla,50.0,False,False,0.11622773110866547,0.1637805551290512
proto_source=vanilla_k=50_weighted=0_learnw=0,val,3456,proto,-0.010348171927034855,0.013231032527983189,-0.0501492689549923,-0.03519631307572126,-0.047591432929039,-0.004368675407022238,0.0003763096465263502,0.9268867924528302,-0.010103856213390827,0.0002878062368836254,0.000532120990101248,0.024460822343826294,0.10143742710351944,0.25074994564056396,0.816554069519043,0.0,0.0,0.0,0.0,,,cvar,/Users/yaniszaim/deephedging/.deephedging_real_runs/final_paper_asian_panel/panel_sweeps/XLV_full_paper_grid_800_asian_call_step_robust/model_artifacts/seed_3456/risk_cvar/proto_source_vanilla_k_50_weighted_0_learnw_0,3.0,0.041914321789518004,val_loss,0.02382505126297474,0.2488250434398651,0.0,0.0,424.0,20.0,2.0,vanilla,50.0,False,False,0.11622773110866547,0.1637805551290512
proto_source=vanilla_k=50_weighted=0_learnw=0,test,3456,proto,-0.011210371740162373,0.01657397858798504,-0.05710914172232151,-0.035541062243282795,-0.05736207589507103,-0.00411607651039958,0.00012897337728645653,0.931924882629108,-0.011081225238740444,0.00040120273479260504,0.0005303495563566685,0.024401957169175148,0.10143763571977615,0.2507939636707306,0.813202440738678,0.0,0.0,0.0,0.0,,,cvar,/Users/yaniszaim/deephedging/.deephedging_real_runs/final_paper_asian_panel/panel_sweeps/XLV_full_paper_grid_800_asian_call_step_robust/model_artifacts/seed_3456/risk_cvar/proto_source_vanilla_k_50_weighted_0_learnw_0,3.0,0.041914321789518004,val_loss,0.02382505126297474,0.2488250434398651,0.0,0.0,426.0,20.0,2.0,vanilla,50.0,False,False,0.11622773110866547,0.1637805551290512
proto_source=vanilla_k=50_weighted=1_learnw=0,train,3456,proto,-0.01082555204629898,0.01409274060279131,-0.056863123960793016,-0.036385130137205124,-0.051051732152700424,-0.004894563229754567,0.0004685256790253333,0.8833333333333333,-0.010545572265982628,6.936553108971566e-05,0.0003493444819469005,0.012733514420688152,0.0863371416926384,0.10234584659337997,0.2973555624485016,0.0,0.0,0.0,0.0,,,cvar,/Users/yaniszaim/deephedging/.deephedging_real_runs/final_paper_asian_panel/panel_sweeps/XLV_full_paper_grid_800_asian_call_step_robust/model_artifacts/seed_3456/risk_cvar/proto_source_vanilla_k_50_weighted_1_learnw_0,2.0,0.041449365811422466,val_loss,0.014511564746499062,0.15241739153862,0.0,0.0,1980.0,20.0,2.0,vanilla,50.0,True,False,0.1011604368686676,0.14853261411190033
proto_source=vanilla_k=50_weighted=1_learnw=0,val,3456,proto,-0.010389089584350586,0.013934653252363205,-0.05245482739061117,-0.0363613236695528,-0.049405671656131744,-0.004108274821192026,0.0006587810756172978,0.8632075471698113,-0.010103856213390827,6.490525265689939e-05,0.000350138550857082,0.012743912637233734,0.08314012736082077,0.10245845466852188,0.28981614112854004,0.0,0.0,0.0,0.0,,,cvar,/Users/yaniszaim/deephedging/.deephedging_real_runs/final_paper_asian_panel/panel_sweeps/XLV_full_paper_grid_800_asian_call_step_robust/model_artifacts/seed_3456/risk_cvar/proto_source_vanilla_k_50_weighted_1_learnw_0,2.0,0.041449365811422466,val_loss,0.014511564746499062,0.15241739153862,0.0,0.0,424.0,20.0,2.0,vanilla,50.0,True,False,0.1011604368686676,0.14853261411190033
proto_source=vanilla_k=50_weighted=1_learnw=0,test,3456,proto,-0.01123453862965107,0.017409173771739006,-0.05947188101708889,-0.03704258147627115,-0.05938589200377464,-0.0035852884175255895,0.0007210644544102252,0.8615023474178404,-0.011081225238740444,0.0001959812652785331,0.00034929453977383673,0.012729774229228497,0.08495797961950302,0.1023208498954773,0.29606008529663086,0.0,0.0,0.0,0.0,,,cvar,/Users/yaniszaim/deephedging/.deephedging_real_runs/final_paper_asian_panel/panel_sweeps/XLV_full_paper_grid_800_asian_call_step_robust/model_artifacts/seed_3456/risk_cvar/proto_source_vanilla_k_50_weighted_1_learnw_0,2.0,0.041449365811422466,val_loss,0.014511564746499062,0.15241739153862,0.0,0.0,426.0,20.0,2.0,vanilla,50.0,True,False,0.1011604368686676,0.14853261411190033
proto_source=vanilla_k=100_weighted=0_learnw=0,train,3456,proto,-0.010735771618783474,0.013530167751014233,-0.0551310358569026,-0.03515719212591648,-0.049618493765592575,-0.004904127446934581,-2.902380947489523e-06,0.95,-0.010545572265982628,0.00020509408204816282,0.00039529259083792567,0.017538968473672867,0.10819131135940552,0.19328437745571136,0.602997362613678,0.0,0.0,0.0,0.0,,,cvar,/Users/yaniszaim/deephedging/.deephedging_real_runs/final_paper_asian_panel/panel_sweeps/XLV_full_paper_grid_800_asian_call_step_robust/model_artifacts/seed_3456/risk_cvar/proto_source_vanilla_k_100_weighted_0_learnw_0,3.0,0.04164886283688247,val_loss,0.017538582906126976,0.19988738000392914,0.0,0.0,1980.0,20.0,2.0,vanilla,100.0,False,False,0.11951567977666855,0.17649853229522705
proto_source=vanilla_k=100_weighted=0_learnw=0,val,3456,proto,-0.010285836644470692,0.013355972245335579,-0.05031366065144539,-0.03529276624321938,-0.047863125801086426,-0.0039400451350957155,2.3411659640253893e-06,0.9481132075471698,-0.010103856213390827,0.00021480978466570377,0.00039678957546129823,0.017561106011271477,0.10797352343797684,0.19324533641338348,0.5958890318870544,0.0,0.0,0.0,0.0,,,cvar,/Users/yaniszaim/deephedging/.deephedging_real_runs/final_paper_asian_panel/panel_sweeps/XLV_full_paper_grid_800_asian_call_step_robust/model_artifacts/seed_3456/risk_cvar/proto_source_vanilla_k_100_weighted_0_learnw_0,3.0,0.04164886283688247,val_loss,0.017538582906126976,0.19988738000392914,0.0,0.0,424.0,20.0,2.0,vanilla,100.0,False,False,0.11951567977666855,0.17649853229522705
proto_source=vanilla_k=100_weighted=0_learnw=0,test,3456,proto,-0.011194489896297455,0.016789918765425682,-0.05833559203892946,-0.035771291702985764,-0.057779427617788315,-0.0037075630389153957,1.7451340681873262e-05,0.9460093896713615,-0.011081225238740444,0.00028228931478224695,0.00039555379771627486,0.017538659274578094,0.10801886022090912,0.1932915449142456,0.5949869155883789,0.0,0.0,0.0,0.0,,,cvar,/Users/yaniszaim/deephedging/.deephedging_real_runs/final_paper_asian_panel/panel_sweeps/XLV_full_paper_grid_800_asian_call_step_robust/model_artifacts/seed_3456/risk_cvar/proto_source_vanilla_k_100_weighted_0_learnw_0,3.0,0.04164886283688247,val_loss,0.017538582906126976,0.19988738000392914,0.0,0.0,426.0,20.0,2.0,vanilla,100.0,False,False,0.11951567977666855,0.17649853229522705
proto_source=vanilla_k=100_weighted=1_learnw=0,train,3456,proto,-0.010678318329155445,0.013386346399784088,-0.054692349843680856,-0.034893430583178994,-0.04923189431428909,-0.004933221964165568,-6.806822493672375e-05,0.9580808080808081,-0.010545572265982628,0.00023061166575644165,0.0003633567539509386,0.018776927143335342,0.08950556814670563,0.21333779394626617,0.6760461330413818,0.0,0.0,0.0,0.0,,,cvar,/Users/yaniszaim/deephedging/.deephedging_real_runs/final_paper_asian_panel/panel_sweeps/XLV_full_paper_grid_800_asian_call_step_robust/model_artifacts/seed_3456/risk_cvar/proto_source_vanilla_k_100_weighted_1_learnw_0,4.0,0.04150228262878954,val_loss,0.018878908827900887,0.21518145501613617,0.0,0.0,1980.0,20.0,2.0,vanilla,100.0,True,False,0.105687715113163,0.16207262873649597
proto_source=vanilla_k=100_weighted=1_learnw=0,val,3456,proto,-0.010234886780381203,0.013213962316513062,-0.0496478521451354,-0.03477942943572998,-0.04746213182806969,-0.003938635345548391,-3.11677969875761e-05,0.9504716981132075,-0.010103856213390827,0.0002331338037038222,0.0003641642106231302,0.018783895298838615,0.08937790989875793,0.21312937140464783,0.6727408170700073,0.0,0.0,0.0,0.0,,,cvar,/Users/yaniszaim/deephedging/.deephedging_real_runs/final_paper_asian_panel/panel_sweeps/XLV_full_paper_grid_800_asian_call_step_robust/model_artifacts/seed_3456/risk_cvar/proto_source_vanilla_k_100_weighted_1_learnw_0,4.0,0.04150228262878954,val_loss,0.018878908827900887,0.21518145501613617,0.0,0.0,424.0,20.0,2.0,vanilla,100.0,True,False,0.105687715113163,0.16207262873649597
proto_source=vanilla_k=100_weighted=1_learnw=0,test,3456,proto,-0.011156677268445492,0.016612837091088295,-0.05789657775312662,-0.03549233917146921,-0.057351186871528625,-0.0037930638063699007,-0.00010175173156312667,0.9553990610328639,-0.011081225238740444,0.00028867056244052947,0.00036412154440768063,0.018780840560793877,0.08948183804750443,0.21339352428913116,0.6706845760345459,0.0,0.0,0.0,0.0,,,cvar,/Users/yaniszaim/deephedging/.deephedging_real_runs/final_paper_asian_panel/panel_sweeps/XLV_full_paper_grid_800_asian_call_step_robust/model_artifacts/seed_3456/risk_cvar/proto_source_vanilla_k_100_weighted_1_learnw_0,4.0,0.04150228262878954,val_loss,0.018878908827900887,0.21518145501613617,0.0,0.0,426.0,20.0,2.0,vanilla,100.0,True,False,0.105687715113163,0.16207262873649597
