model,model_family,prototype_source,n_prototypes,weighted_similarity,learn_distance_feature_weights,risk_measure,n_runs,gains_mean_avg,gains_mean_std,gains_p05_avg,gains_cvar05_avg,shortfall_prob_avg,delta_abs_max_avg,action_abs_mean_avg,pct_at_any_position_bound_avg,pct_at_upper_position_bound_avg,pct_at_lower_position_bound_avg,pct_paths_touch_any_position_bound_avg,selected_epoch_avg,selected_score_avg,selected_val_pct_at_any_position_bound_avg,selected_val_pct_paths_touch_any_position_bound_avg,selected_band_avg,passes_bound_occupancy_screen,passes_path_touch_screen,passes_robust_screen,gains_mean_avg_minus_unhedged,gains_mean_avg_minus_spot_delta,gains_mean_avg_minus_spot_delta_band,gains_mean_avg_minus_vanilla,gains_cvar05_avg_minus_unhedged,gains_cvar05_avg_minus_spot_delta,gains_cvar05_avg_minus_spot_delta_band,gains_cvar05_avg_minus_vanilla,shortfall_prob_avg_minus_unhedged,shortfall_prob_avg_minus_spot_delta,shortfall_prob_avg_minus_spot_delta_band,shortfall_prob_avg_minus_vanilla,ticker,output_dir
proto_source=vanilla_k=50_weighted=0_learnw=0,proto,vanilla,50.0,False,False,cvar,3,-0.0378743124504884,0.0028281800429852,-0.127182778591911,-0.150609423716863,0.9437134502923976,0.970511774222056,0.0315710448970397,0.064875730994152,0.064875730994152,0.0,0.2792397660818713,161.0,0.1527257204627845,0.0166116005873715,0.1659324522760646,,True,True,True,0.0011485181748867,0.0008936276038487,0.0008896005650361,0.0017533612747987,0.0033734589815139,-0.0013550917307535,-0.0007940779129664,-0.0026827305555343,-0.3267543859649123,-0.1315789473684211,-0.125,0.0562865497076022,AAPL,/Users/yaniszaim/deephedging/.deephedging_real_runs/final_paper_notebook/panel_sweeps/AAPL_full_paper_grid_800_step_robust
spot_delta_band,baseline,,,,,,3,-0.0387639130155245,0.0013327061745255,-0.126438483595848,-0.1498153458038965,0.8187134502923977,0.5422319869200388,0.011546604335308,0.0,0.0,0.0,0.0,,,,,0.0999999999999999,True,True,True,0.0002589176098505,4.027038812637329e-06,0.0,0.0008637607097625,0.0041675368944804,-0.0005610138177871,0.0,-0.0018886526425679,-0.2017543859649123,-0.0065789473684211,0.0,0.1812865497076022,AAPL,/Users/yaniszaim/deephedging/.deephedging_real_runs/final_paper_notebook/panel_sweeps/AAPL_full_paper_grid_800_step_robust
spot_delta,baseline,,,,,,3,-0.0387679400543371,0.0012394963973335,-0.1261724376430114,-0.1492543319861094,0.8121345029239766,0.6422320008277893,0.0243560460706551,0.0,0.0,0.0,0.0,,,,,,True,True,True,0.0002548905710379,0.0,-4.027038812637329e-06,0.0008597336709499,0.0047285507122675,0.0,0.0005610138177871,-0.0013276388247807,-0.1951754385964912,0.0,0.0065789473684211,0.1878654970760234,AAPL,/Users/yaniszaim/deephedging/.deephedging_real_runs/final_paper_notebook/panel_sweeps/AAPL_full_paper_grid_800_step_robust
proto_source=spot_delta_k=10_weighted=1_learnw=0,proto,spot_delta,10.0,True,False,cvar,3,-0.038854061315457,0.0017464705080439,-0.1245335483302672,-0.1489203572273254,0.9195906432748538,1.0,0.0205334772666295,0.0048062865497076,0.004422514619883,0.0003837719298245,0.0957602339181286,37.666666666666664,0.1500763683118987,0.0004955947136563,0.0073421439060205,,True,True,True,0.000168769309918,-8.612126111984253e-05,-9.014829993247986e-05,0.00077361240983,0.0050625254710515,0.0003339747587839,0.0008949885765711,-0.0009936640659967,-0.3026315789473685,-0.1074561403508772,-0.1008771929824561,0.0804093567251461,AAPL,/Users/yaniszaim/deephedging/.deephedging_real_runs/final_paper_notebook/panel_sweeps/AAPL_full_paper_grid_800_step_robust
proto_source=vanilla_k=10_weighted=1_learnw=0,proto,vanilla,10.0,True,False,cvar,3,-0.0389095979432264,0.0019215490235995,-0.1238444168120622,-0.1470285256703694,0.9473684210526316,0.9279790123303732,0.0259891121337811,0.1249086257309941,0.1248720760233918,3.654970760233918e-05,0.6637426900584796,265.3333333333333,0.1509343858793236,0.0037995594713656,0.1505139500734214,,True,True,True,0.0001132326821486,-0.0001416578888893,-0.0001456849277019,0.0007180757820606,0.0069543570280075,0.0022258063157399,0.0027868201335271,0.0008981674909591,-0.3304093567251461,-0.1352339181286549,-0.1286549707602338,0.0526315789473684,AAPL,/Users/yaniszaim/deephedging/.deephedging_real_runs/final_paper_notebook/panel_sweeps/AAPL_full_paper_grid_800_step_robust
proto_source=vanilla_k=25_weighted=1_learnw=0,proto,vanilla,25.0,True,False,cvar,3,-0.0389320502678553,0.0020347169818881,-0.1246569106976191,-0.1481972237428029,0.9671052631578948,0.7644700507322947,0.0214884768550594,0.0412646198830409,0.0412646198830409,0.0,0.6418128654970761,7.333333333333333,0.1509807829291624,0.0025697503671071,0.0917767988252569,,True,True,True,9.07803575197902e-05,-0.0001641102135181,-0.0001681372523307,0.0006956234574317,0.005785658955574,0.0010571082433064,0.0016181220610936,-0.0002705305814743,-0.3501461988304093,-0.1549707602339181,-0.1483918128654969,0.0328947368421053,AAPL,/Users/yaniszaim/deephedging/.deephedging_real_runs/final_paper_notebook/panel_sweeps/AAPL_full_paper_grid_800_step_robust
proto_source=vanilla_k=50_weighted=1_learnw=0,proto,vanilla,50.0,True,False,cvar,3,-0.0389531602462132,0.0019076677409928,-0.1254950041572252,-0.1490186800559362,0.9298245614035088,0.9117435415585836,0.020513384292523,0.0713633040935672,0.0713633040935672,0.0,0.3296783625730994,409.0,0.1514393194357792,0.0002936857562408,0.0080763582966226,,True,True,True,6.967037916183472e-05,-0.000185220191876,-0.0001892472306887,0.0006745134790738,0.0049642026424407,0.0002356519301732,0.0007966657479603,-0.0010919868946075,-0.3128654970760235,-0.1176900584795322,-0.1111111111111111,0.0701754385964911,AAPL,/Users/yaniszaim/deephedging/.deephedging_real_runs/final_paper_notebook/panel_sweeps/AAPL_full_paper_grid_800_step_robust
proto_source=spot_delta_k=25_weighted=0_learnw=0,proto,spot_delta,25.0,False,False,cvar,3,-0.0390030754109223,0.0018058397886251,-0.1249100652833779,-0.1479251484076182,0.8918128654970761,1.0,0.0280479565262794,0.0012792397660818,0.0007309941520467,0.000548245614035,0.0080409356725146,34.0,0.150027253219349,0.0003303964757709,0.0044052863436123,,True,True,True,1.975521445274353e-05,-0.0002351353565851,-0.0002391623953978,0.0006245983143647,0.0060577342907587,0.0013291835784912,0.0018901973962783,1.5447537104473774e-06,-0.2748538011695907,-0.0796783625730994,-0.0730994152046783,0.1081871345029239,AAPL,/Users/yaniszaim/deephedging/.deephedging_real_runs/final_paper_notebook/panel_sweeps/AAPL_full_paper_grid_800_step_robust
proto_source=vanilla_k=100_weighted=0_learnw=0,proto,vanilla,100.0,False,False,cvar,3,-0.0390106489260991,0.0017985541570553,-0.1250798758119344,-0.1490987092256546,0.9671052631578948,0.8049969971179962,0.0203081276267766,0.0013157894736842,0.0013157894736842,0.0,0.0073099415204678,160.66666666666666,0.1506029968972149,0.000367107195301,0.0022026431718061,,True,True,True,1.218169927597046e-05,-0.0002427088717619,-0.0002467359105745,0.0006170247991879,0.0048841734727223,0.0001556227604548,0.0007166365782419,-0.0011720160643259,-0.3501461988304093,-0.1549707602339181,-0.1483918128654969,0.0328947368421053,AAPL,/Users/yaniszaim/deephedging/.deephedging_real_runs/final_paper_notebook/panel_sweeps/AAPL_full_paper_grid_800_step_robust
proto_source=vanilla_k=10_weighted=0_learnw=0,proto,vanilla,10.0,False,False,cvar,3,-0.0390173569321632,0.001715553400737,-0.1240849252790212,-0.14637091755867,0.9722222222222222,1.0,0.0257360649605592,0.009594298245614,0.0083516081871345,0.0012426900584795,0.1410818713450292,446.0,0.1511511663577236,0.0029552129221732,0.0543318649045521,,True,True,True,5.473693211875685e-06,-0.000249416877826,-0.0002534439166386,0.0006103167931238,0.0076119651397069,0.0028834144274393,0.0034444282452265,0.0015557756026585,-0.3552631578947368,-0.1600877192982456,-0.1535087719298244,0.0277777777777777,AAPL,/Users/yaniszaim/deephedging/.deephedging_real_runs/final_paper_notebook/panel_sweeps/AAPL_full_paper_grid_800_step_robust
unhedged,baseline,,,,,,3,-0.0390228306253751,0.0017610023770476,-0.1294522484143575,-0.1539828826983769,0.6169590643274854,0.0,0.0,0.0,0.0,0.0,0.0,,,,,,True,True,True,0.0,-0.0002548905710379,-0.0002589176098505,0.000604843099912,0.0,-0.0047285507122675,-0.0041675368944804,-0.0060561895370483,0.0,0.1951754385964912,0.2017543859649123,0.3830409356725146,AAPL,/Users/yaniszaim/deephedging/.deephedging_real_runs/final_paper_notebook/panel_sweeps/AAPL_full_paper_grid_800_step_robust
proto_source=spot_delta_k=25_weighted=1_learnw=0,proto,spot_delta,25.0,True,False,cvar,3,-0.03903620565931,0.0017259240592119,-0.1236481604476769,-0.147941251595815,0.956140350877193,0.9051714738210044,0.0237565500040849,0.004422514619883,0.0038011695906432,0.0006213450292397,0.097953216374269,25.0,0.1500253934509609,0.0004588839941262,0.0044052863436123,,True,True,True,-1.3375033934906466e-05,-0.0002682656049728,-0.0002722926437854,0.000591468065977,0.0060416311025619,0.0013130803902943,0.0018740942080815,-1.455843448638916e-05,-0.3391812865497076,-0.1440058479532163,-0.1374269005847952,0.043859649122807,AAPL,/Users/yaniszaim/deephedging/.deephedging_real_runs/final_paper_notebook/panel_sweeps/AAPL_full_paper_grid_800_step_robust
proto_source=spot_delta_k=10_weighted=0_learnw=0,proto,spot_delta,10.0,False,False,cvar,3,-0.039085862537225,0.0018698538290069,-0.1257984098047018,-0.1511758069197336,0.915204678362573,0.913515547911326,0.0214015633488694,0.0287097953216374,0.0287097953216374,0.0,0.2478070175438596,65.0,0.1500985300190002,0.0012848751835535,0.026431718061674,,True,True,True,-6.303191184997559e-05,-0.0003179224828879,-0.0003219495217005,0.000541811188062,0.0028070757786433,-0.0019214749336242,-0.001360461115837,-0.003249113758405,-0.2982456140350876,-0.1030701754385964,-0.0964912280701753,0.0847953216374269,AAPL,/Users/yaniszaim/deephedging/.deephedging_real_runs/final_paper_notebook/panel_sweeps/AAPL_full_paper_grid_800_step_robust
proto_source=spot_delta_k=50_weighted=1_learnw=0,proto,spot_delta,50.0,True,False,cvar,3,-0.0391867396732171,0.001690994580486,-0.1238492919752995,-0.149303858478864,0.8691520467836257,0.9742626349131266,0.0275854840874671,0.0111476608187134,0.0106542397660818,0.0004934210526315,0.1023391812865497,57.333333333333336,0.1498907047243058,0.0006791483113069,0.0058737151248164,,True,True,True,-0.000163909047842,-0.0004187996188799,-0.0004228266576925,0.0004409340520699,0.0046790242195129,-4.952649275463683e-05,0.0005114873250325,-0.0013771653175354,-0.2521929824561403,-0.057017543859649,-0.0504385964912279,0.1308479532163743,AAPL,/Users/yaniszaim/deephedging/.deephedging_real_runs/final_paper_notebook/panel_sweeps/AAPL_full_paper_grid_800_step_robust
proto_source=vanilla_k=25_weighted=0_learnw=0,proto,vanilla,25.0,False,False,cvar,3,-0.0392138933142026,0.0015352012718224,-0.1250383698691924,-0.1491518914699554,0.9751461988304094,0.7603841125965118,0.020628091879189,0.0150036549707602,0.0150036549707602,0.0,0.2945906432748538,80.0,0.1505223734879376,1.8355359765051395e-05,0.000734214390602,,True,True,True,-0.0001910626888275,-0.0004459532598654,-0.000449980298678,0.0004137804110844,0.0048309912284215,0.0001024405161539,0.0006634543339411,-0.0012251983086268,-0.358187134502924,-0.1630116959064328,-0.1564327485380117,0.0248538011695905,AAPL,/Users/yaniszaim/deephedging/.deephedging_real_runs/final_paper_notebook/panel_sweeps/AAPL_full_paper_grid_800_step_robust
proto_source=vanilla_k=100_weighted=1_learnw=0,proto,vanilla,100.0,True,False,cvar,3,-0.0393154037495454,0.002190110006515,-0.1246624502042929,-0.1489292581876119,0.9451754385964912,0.8926205436388651,0.0256837178021669,0.0641995614035087,0.0641995614035087,0.0,0.3326023391812865,132.66666666666666,0.1521296815412111,0.015363436123348,0.3002936857562408,,True,True,True,-0.0002925731241703,-0.0005474636952082,-0.0005514907340208,0.0003122699757416,0.005053624510765,0.0003250737984974,0.0008860876162846,-0.0010025650262832,-0.3282163742690057,-0.1330409356725145,-0.1264619883040934,0.0548245614035088,AAPL,/Users/yaniszaim/deephedging/.deephedging_real_runs/final_paper_notebook/panel_sweeps/AAPL_full_paper_grid_800_step_robust
proto_source=spot_delta_k=50_weighted=0_learnw=0,proto,spot_delta,50.0,False,False,cvar,3,-0.0393500241140524,0.0021832719731349,-0.127247588088115,-0.1523969074090322,0.8391812865497076,1.0,0.0266659446060657,0.0341008771929824,0.016703216374269,0.0173976608187134,0.581140350877193,30.0,0.1499573683281594,0.0005873715124816,0.0095447870778267,,True,True,True,-0.0003271934886773,-0.0005820840597152,-0.0005861110985279,0.0002776496112346,0.0015859752893447,-0.0031425754229227,-0.0025815616051356,-0.0044702142477035,-0.2222222222222222,-0.0270467836257309,-0.0204678362573098,0.1608187134502924,AAPL,/Users/yaniszaim/deephedging/.deephedging_real_runs/final_paper_notebook/panel_sweeps/AAPL_full_paper_grid_800_step_robust
proto_source=spot_delta_k=100_weighted=1_learnw=0,proto,spot_delta,100.0,True,False,cvar,3,-0.0394064846138159,0.0026048706479538,-0.129405861099561,-0.15377872188886,0.8406432748538012,0.8947405020395914,0.0230246785407265,0.0792763157894736,0.0060307017543859,0.0732456140350877,0.3969298245614035,70.66666666666667,0.1501136220604176,0.0019089574155653,0.0550660792951541,,True,True,True,-0.0003836539884408,-0.0006385445594787,-0.0006425715982913,0.0002211891114711,0.0002041608095169,-0.0045243899027506,-0.0039633760849634,-0.0058520287275314,-0.2236842105263158,-0.0285087719298245,-0.0219298245614034,0.1593567251461988,AAPL,/Users/yaniszaim/deephedging/.deephedging_real_runs/final_paper_notebook/panel_sweeps/AAPL_full_paper_grid_800_step_robust
vanilla,vanilla,,,,,cvar,3,-0.0396276737252871,0.0021370210862994,-0.1246225163340568,-0.1479266931613286,1.0,0.9471570452054342,0.030568620810906,0.1250365497076023,3.654970760233918e-05,0.125,0.3347953216374268,141.0,0.1652240714803338,0.125,0.3333333333333333,,True,True,True,-0.000604843099912,-0.0008597336709499,-0.0008637607097625,0.0,0.0060561895370483,0.0013276388247807,0.0018886526425679,0.0,-0.3830409356725146,-0.1878654970760234,-0.1812865497076022,0.0,AAPL,/Users/yaniszaim/deephedging/.deephedging_real_runs/final_paper_notebook/panel_sweeps/AAPL_full_paper_grid_800_step_robust
proto_source=spot_delta_k=100_weighted=0_learnw=0,proto,spot_delta,100.0,False,False,cvar,3,-0.039674745251735,0.0026138810846143,-0.128015503908197,-0.1667018930117289,0.8552631578947368,0.8555658459663391,0.0338014895096421,0.0041666666666666,0.0002741228070175,0.0038925438596491,0.0270467836257309,91.66666666666669,0.1496830629932361,0.0034691629955947,0.0198237885462555,,True,True,True,-0.0006519146263599,-0.0009068051973978,-0.0009108322362105,-4.707152644793655e-05,-0.0127190103133519,-0.0174475610256195,-0.0168865472078323,-0.0187751998504002,-0.2383040935672514,-0.0431286549707602,-0.0365497076023391,0.1447368421052631,AAPL,/Users/yaniszaim/deephedging/.deephedging_real_runs/final_paper_notebook/panel_sweeps/AAPL_full_paper_grid_800_step_robust
proto_source=spot_delta_k=25_weighted=1_learnw=0,proto,spot_delta,25.0,True,False,cvar,3,-0.0269900653511285,0.0004974629118461,-0.0935913314421971,-0.1247269958257675,0.9286182056319582,0.9436107476552328,0.0201027154301603,0.1002292075965946,0.1002292075965946,0.0,0.3313686967910936,454.0,0.099231561317986,0.0002794214332675,0.0111768573307034,,True,True,True,0.0006004534661769,0.000592378899455,0.0005622655153274,0.0001224999626477,0.0058800081411997,0.0057594974835713,0.0051394601662953,-0.0007457211613655,-0.3097576948264572,-0.1159135559921414,-0.1139489194499019,0.0170268500327438,IWM,/Users/yaniszaim/deephedging/.deephedging_real_runs/final_paper_notebook/panel_sweeps/IWM_full_paper_grid_800_step_robust
vanilla,vanilla,,,,,cvar,3,-0.0271125653137763,0.0004092848851479,-0.0946559965610504,-0.123981274664402,0.945645055664702,1.0,0.0250967827936013,0.0907007203667321,0.0907007203667321,0.0,1.0,542.6666666666666,0.0998653120949391,0.0001314924391847,0.0052596975673898,,True,True,True,0.0004779535035292,0.0004698789368073,0.0004397655526796,0.0,0.0066257293025652,0.0065052186449368,0.0058851813276608,0.0,-0.326784544859201,-0.1329404060248853,-0.1309757694826457,0.0,IWM,/Users/yaniszaim/deephedging/.deephedging_real_runs/final_paper_notebook/panel_sweeps/IWM_full_paper_grid_800_step_robust
proto_source=spot_delta_k=10_weighted=0_learnw=0,proto,spot_delta,10.0,False,False,cvar,3,-0.0271572433412075,0.0004365889246725,-0.0945872555176417,-0.1239328533411026,0.8788474132285528,0.9320770899454752,0.0227569105724493,0.005697445972495,0.005697445972495,0.0,0.0720366732154551,221.33333333333337,0.0992662305927931,1.643655489809336e-05,0.0006574621959237,,True,True,True,0.000433275476098,0.0004252009093761,0.0003950875252485,-4.46780274311713e-05,0.0066741506258646,0.0065536399682362,0.0059336026509602,4.842132329940796e-05,-0.2599869024230518,-0.066142763588736,-0.0641781270464965,0.0667976424361492,IWM,/Users/yaniszaim/deephedging/.deephedging_real_runs/final_paper_notebook/panel_sweeps/IWM_full_paper_grid_800_step_robust
proto_source=spot_delta_k=10_weighted=1_learnw=0,proto,spot_delta,10.0,True,False,cvar,3,-0.0271917786449193,0.0003969407229053,-0.0931245004137357,-0.1225073412060737,0.8932547478716438,0.92140797773997,0.0307835210114717,0.0027504911591355,0.0027504911591355,0.0,0.0648330058939096,17.0,0.0992475038750267,8.21827744904668e-05,0.0019723865877712,,True,True,True,0.0003987401723861,0.0003906656056642,0.0003605522215366,-7.921333114306248e-05,0.0080996627608934,0.0079791521032651,0.0073591147859891,0.0014739334583282,-0.2743942370661428,-0.0805500982318271,-0.0785854616895875,0.0523903077930582,IWM,/Users/yaniszaim/deephedging/.deephedging_real_runs/final_paper_notebook/panel_sweeps/IWM_full_paper_grid_800_step_robust
proto_source=spot_delta_k=100_weighted=0_learnw=0,proto,spot_delta,100.0,False,False,cvar,3,-0.0272104342778523,0.0003772722502152,-0.0935018231471379,-0.1238688429196675,0.8867059593975114,0.9085535407066344,0.0252372678369283,0.0125900458415193,0.0125900458415193,0.0,0.1846758349705304,23.666666666666668,0.0993255246460822,6.574621959237344e-05,0.0013149243918474,,True,True,True,0.0003800845394531,0.0003720099727312,0.0003418965886036,-9.786896407604218e-05,0.0067381610472996,0.0066176503896713,0.0059976130723953,0.0001124317447344,-0.2678454485920104,-0.0740013097576947,-0.0720366732154551,0.0589390962671906,IWM,/Users/yaniszaim/deephedging/.deephedging_real_runs/final_paper_notebook/panel_sweeps/IWM_full_paper_grid_800_step_robust
proto_source=spot_delta_k=50_weighted=0_learnw=0,proto,spot_delta,50.0,False,False,cvar,3,-0.0272439743081728,0.0005416785760587,-0.0965139473477999,-0.1265071406960487,0.9122462344466274,0.9472566843032836,0.0190987670794129,0.0329076620825147,0.0326784544859201,0.0002292075965946,0.24950884086444,151.33333333333334,0.099348220084108,0.0005259697567389,0.0052596975673898,,True,True,True,0.0003465445091327,0.0003384699424107,0.0003083565582831,-0.0001314089943965,0.0040998632709185,0.0039793526132901,0.0033593152960141,-0.0025258660316467,-0.2933857236411265,-0.0995415848068107,-0.0975769482645712,0.0333988212180745,IWM,/Users/yaniszaim/deephedging/.deephedging_real_runs/final_paper_notebook/panel_sweeps/IWM_full_paper_grid_800_step_robust
proto_source=spot_delta_k=25_weighted=0_learnw=0,proto,spot_delta,25.0,False,False,cvar,3,-0.0273150950670242,0.000444135358867,-0.0951718052228291,-0.1257520243525505,0.9096267190569746,1.0,0.0237382308890422,0.0257694826457105,0.0257694826457105,0.0,0.2174197773411919,26.0,0.0993126651489486,0.0,0.0,,True,True,True,0.0002754237502813,0.0002673491835594,0.0002372357994318,-0.0002025297532478,0.0048549796144167,0.0047344689567883,0.0041144316395123,-0.0017707496881484,-0.2907662082514736,-0.0969220694171578,-0.0949574328749183,0.0360183366077274,IWM,/Users/yaniszaim/deephedging/.deephedging_real_runs/final_paper_notebook/panel_sweeps/IWM_full_paper_grid_800_step_robust
proto_source=spot_delta_k=100_weighted=1_learnw=0,proto,spot_delta,100.0,True,False,cvar,3,-0.0273278653621673,0.0005047674058464,-0.0960134282708168,-0.1257891381780306,0.8978388998035364,0.925969421863556,0.0241043604910373,0.0013425016371971,0.0,0.0013425016371971,0.0098231827111984,75.33333333333333,0.0992420258090196,0.0002629848783694,0.0039447731755424,,True,True,True,0.0002626534551382,0.0002545788884162,0.0002244655042886,-0.000215300048391,0.0048178657889366,0.0046973551313082,0.0040773178140322,-0.0018078635136286,-0.2789783889980354,-0.0851342501637196,-0.0831696136214801,0.0478061558611656,IWM,/Users/yaniszaim/deephedging/.deephedging_real_runs/final_paper_notebook/panel_sweeps/IWM_full_paper_grid_800_step_robust
proto_source=spot_delta_k=50_weighted=1_learnw=0,proto,spot_delta,50.0,True,False,cvar,3,-0.0273369091252485,0.000498552296592,-0.0928178777297337,-0.1239968066414197,0.9194499017681728,0.9666748642921448,0.0269509299347798,0.0067288801571709,0.0067288801571709,0.0,0.1617550753110674,21.333333333333332,0.0995735707453756,0.0004766600920447,0.0164365548980933,,True,True,True,0.0002536096920569,0.000245535125335,0.0002154217412074,-0.0002243438114722,0.0066101973255475,0.0064896866679191,0.0058696493506431,-1.5531977017715914e-05,-0.3005893909626719,-0.1067452521283561,-0.1047806155861166,0.0261951538965291,IWM,/Users/yaniszaim/deephedging/.deephedging_real_runs/final_paper_notebook/panel_sweeps/IWM_full_paper_grid_800_step_robust
proto_source=vanilla_k=10_weighted=0_learnw=0,proto,vanilla,10.0,False,False,cvar,3,-0.0273997417340676,0.0005482437170534,-0.0969281072417895,-0.1263956427574157,0.9954158480681072,0.6916100780169169,0.01808687672019,0.0,0.0,0.0,0.0,232.66666666666663,0.100268873826911,0.0,0.0,,True,True,True,0.0001907770832379,0.000182702516516,0.0001525891323884,-0.0002871764202912,0.0042113612095514,0.0040908505519231,0.0034708132346471,-0.0024143680930137,-0.3765553372626063,-0.1827111984282906,-0.1807465618860511,-0.0497707924034053,IWM,/Users/yaniszaim/deephedging/.deephedging_real_runs/final_paper_notebook/panel_sweeps/IWM_full_paper_grid_800_step_robust
proto_source=vanilla_k=10_weighted=1_learnw=0,proto,vanilla,10.0,True,False,cvar,3,-0.0274379520366589,0.0004219182489422,-0.0969541043043136,-0.1264558608333269,0.95743287491814,0.7932159602642059,0.0200594482012093,0.0160281597904387,0.0160281597904387,0.0,0.4760969220694171,297.6666666666667,0.1000721695530014,1.643655489809336e-05,0.0006574621959237,,True,True,True,0.0001525667806466,0.0001444922139247,0.0001143788297971,-0.0003253867228825,0.0041511431336402,0.0040306324760119,0.0034105951587359,-0.0024745861689249,-0.3385723641126391,-0.1447282252783234,-0.1427635887360838,-0.011787819253438,IWM,/Users/yaniszaim/deephedging/.deephedging_real_runs/final_paper_notebook/panel_sweeps/IWM_full_paper_grid_800_step_robust
proto_source=vanilla_k=50_weighted=0_learnw=0,proto,vanilla,50.0,False,False,cvar,3,-0.0274743338425954,0.0004778655703368,-0.0980853413542111,-0.1276530995965004,0.9476096922069418,0.4938351412614186,0.0158913225556413,0.0,0.0,0.0,0.0,97.66666666666669,0.1003236078579599,0.0,0.0,,True,True,True,0.0001161849747101,0.0001081104079882,7.799702386061466e-05,-0.000361768528819,0.0029539043704668,0.0028333937128385,0.0022133563955624,-0.0036718249320983,-0.3287491814014408,-0.1349050425671251,-0.1329404060248855,-0.0019646365422397,IWM,/Users/yaniszaim/deephedging/.deephedging_real_runs/final_paper_notebook/panel_sweeps/IWM_full_paper_grid_800_step_robust
proto_source=vanilla_k=100_weighted=0_learnw=0,proto,vanilla,100.0,False,False,cvar,3,-0.0275089349597692,0.0006041344367055,-0.09752260496219,-0.1270909483234087,0.960052390307793,0.6742477814356486,0.0180858103558421,0.0,0.0,0.0,0.0,143.66666666666666,0.1002827501964444,0.0,0.0,,True,True,True,8.158385753631592e-05,7.350929081439972e-05,4.339590668678284e-05,-0.0003963696459929,0.0035160556435585,0.0033955449859301,0.0027755076686541,-0.0031096736590067,-0.341191879502292,-0.1473477406679763,-0.1453831041257367,-0.0144073346430909,IWM,/Users/yaniszaim/deephedging/.deephedging_real_runs/final_paper_notebook/panel_sweeps/IWM_full_paper_grid_800_step_robust
proto_source=vanilla_k=25_weighted=0_learnw=0,proto,vanilla,25.0,False,False,cvar,3,-0.0275448678682247,0.0004807926559107,-0.0990802566210428,-0.1288828775286674,0.9443352979698756,0.3197730829318364,0.0090416772291064,0.0,0.0,0.0,0.0,88.66666666666667,0.1001162910965892,0.0,0.0,,True,True,True,4.565094908078396e-05,3.757638235886776e-05,7.462998231250878e-06,-0.0004323025544484,0.0017241264382998,0.0016036157806714,0.0009835784633954,-0.0049016028642654,-0.3254747871643746,-0.1316306483300588,-0.1296660117878193,0.0013097576948264,IWM,/Users/yaniszaim/deephedging/.deephedging_real_runs/final_paper_notebook/panel_sweeps/IWM_full_paper_grid_800_step_robust
spot_delta_band,baseline,,,,,,3,-0.027552330866456,0.0004228978660512,-0.0972503324349721,-0.1298664559920629,0.8146692861820563,0.5076263050238291,0.0113904997706413,0.0,0.0,0.0,0.0,,,,,0.0833333333333333,True,True,True,3.818795084953308e-05,3.011338412761688e-05,0.0,-0.0004397655526796,0.0007405479749043,0.000620037317276,0.0,-0.0058851813276608,-0.1958087753765552,-0.0019646365422395,0.0,0.1309757694826457,IWM,/Users/yaniszaim/deephedging/.deephedging_real_runs/final_paper_notebook/panel_sweeps/IWM_full_paper_grid_800_step_robust
spot_delta,baseline,,,,,,3,-0.0275824442505836,0.0004180021509198,-0.0970875024795532,-0.1304864933093389,0.8127046496398167,0.5909596482912699,0.0193859878927469,0.0,0.0,0.0,0.0,,,,,,True,True,True,8.074566721916199e-06,0.0,-3.011338412761688e-05,-0.0004698789368073,0.0001205106576283,0.0,-0.000620037317276,-0.0065052186449368,-0.1938441388343157,0.0,0.0019646365422395,0.1329404060248853,IWM,/Users/yaniszaim/deephedging/.deephedging_real_runs/final_paper_notebook/panel_sweeps/IWM_full_paper_grid_800_step_robust
unhedged,baseline,,,,,,3,-0.0275905188173055,0.0004892693194098,-0.1001339038213093,-0.1306070039669672,0.618860510805501,0.0,0.0,0.0,0.0,0.0,0.0,,,,,,True,True,True,0.0,-8.074566721916199e-06,-3.818795084953308e-05,-0.0004779535035292,0.0,-0.0001205106576283,-0.0007405479749043,-0.0066257293025652,0.0,0.1938441388343157,0.1958087753765552,0.326784544859201,IWM,/Users/yaniszaim/deephedging/.deephedging_real_runs/final_paper_notebook/panel_sweeps/IWM_full_paper_grid_800_step_robust
proto_source=vanilla_k=50_weighted=1_learnw=0,proto,vanilla,50.0,True,False,cvar,3,-0.0276984081914027,0.0005457004080301,-0.1003196408351262,-0.1302671357989311,0.8664047151277013,0.1615225945909818,0.0059870639039824,0.0,0.0,0.0,0.0,61.0,0.100043766706173,0.0,0.0,,True,True,True,-0.0001078893740971,-0.0001159639408191,-0.0001460773249467,-0.0005858428776264,0.0003398681680361,0.0002193575104077,-0.0004006798068682,-0.0062858611345291,-0.2475442043222003,-0.0537000654878846,-0.051735428945645,0.0792403405370006,IWM,/Users/yaniszaim/deephedging/.deephedging_real_runs/final_paper_notebook/panel_sweeps/IWM_full_paper_grid_800_step_robust
proto_source=vanilla_k=25_weighted=1_learnw=0,proto,vanilla,25.0,True,False,cvar,3,-0.0278709189345439,0.0001538378250599,-0.0991432562470436,-0.128478430211544,0.9390962671905696,0.4675835967063904,0.0164653005388875,0.0003274394237066,0.0003274394237066,0.0,0.0085134250163719,149.33333333333334,0.0999505587411113,0.0,0.0,,True,True,True,-0.0002804001172383,-0.0002884746839602,-0.0003185880680878,-0.0007583536207675,0.0021285737554232,0.0020080630977948,0.0013880257805188,-0.004497155547142,-0.3202357563850687,-0.126391617550753,-0.1244269810085134,0.0065487884741323,IWM,/Users/yaniszaim/deephedging/.deephedging_real_runs/final_paper_notebook/panel_sweeps/IWM_full_paper_grid_800_step_robust
proto_source=vanilla_k=100_weighted=1_learnw=0,proto,vanilla,100.0,True,False,cvar,3,-0.0278990641236305,0.0006829135144657,-0.1006837472319602,-0.1313692927360534,0.8801571709233791,0.3129784812529881,0.0119399355414013,0.0,0.0,0.0,0.0,150.33333333333334,0.1001383634761441,0.0,0.0,,True,True,True,-0.0003085453063249,-0.0003166198730468,-0.0003467332571744,-0.0007864988098541,-0.0007622887690862,-0.0008827994267145,-0.0015028367439905,-0.0073880180716514,-0.2612966601178781,-0.0674525212835623,-0.0654878847413228,0.0654878847413229,IWM,/Users/yaniszaim/deephedging/.deephedging_real_runs/final_paper_notebook/panel_sweeps/IWM_full_paper_grid_800_step_robust
proto_source=spot_delta_k=10_weighted=1_learnw=0,proto,spot_delta,10.0,True,False,cvar,3,-0.0698797876636187,0.0009629975677378,-0.2590915004412333,-0.3243991235891978,0.8313908313908315,1.0,0.0451811552047729,0.2754467754467755,0.2753302253302254,0.0001165501165501,0.93006993006993,313.3333333333333,0.2892715881726591,0.0650895638629283,0.795171339563863,,True,True,True,0.003289150695006,0.0021430402994155,0.0020354191462198,0.002494936188062,0.0183314780394235,0.0083196461200714,0.0082541406154632,0.0021343926588693,-0.198912198912199,-0.0101010101010102,-0.0116550116550117,0.1592851592851591,NVDA,/Users/yaniszaim/deephedging/.deephedging_real_runs/final_paper_notebook/panel_sweeps/NVDA_full_paper_grid_800_step_robust
proto_source=spot_delta_k=25_weighted=0_learnw=0,proto,spot_delta,25.0,False,False,cvar,3,-0.0709929466247558,0.001592458853436,-0.24941060145696,-0.3356270591417948,0.8531468531468532,1.0,0.04029957515498,0.2795648795648796,0.2748251748251748,0.0047397047397047,0.8935508935508936,504.0,0.2890982045624927,0.0789135514018691,0.6238317757009345,,True,True,True,0.0021759917338689,0.0010298813382784,0.0009222601850827,0.0013817772269248,0.0071035424868265,-0.0029082894325256,-0.0029737949371337,-0.0090935428937276,-0.2206682206682207,-0.031857031857032,-0.0334110334110334,0.1375291375291374,NVDA,/Users/yaniszaim/deephedging/.deephedging_real_runs/final_paper_notebook/panel_sweeps/NVDA_full_paper_grid_800_step_robust
proto_source=vanilla_k=50_weighted=1_learnw=0,proto,vanilla,50.0,True,False,cvar,3,-0.0710279444853464,0.003164621102551,-0.2490031053622563,-0.323891411225001,0.8943278943278944,1.0,0.0321793258190155,0.1261849261849262,0.1255439005439005,0.0006410256410256,0.3597513597513597,188.33333333333337,0.2901809847964455,0.0235397196261682,0.5763239875389409,,True,True,True,0.0021409938732782,0.0009948834776878,0.0008872623244921,0.0013467793663342,0.0188391904036203,0.0088273584842681,0.00876185297966,0.0026421050230661,-0.2618492618492619,-0.0730380730380731,-0.0745920745920746,0.0963480963480962,NVDA,/Users/yaniszaim/deephedging/.deephedging_real_runs/final_paper_notebook/panel_sweeps/NVDA_full_paper_grid_800_step_robust
proto_source=vanilla_k=25_weighted=1_learnw=0,proto,vanilla,25.0,True,False,cvar,3,-0.0713093827168146,0.0032997612855606,-0.2557662109533945,-0.3203637699286143,0.975135975135975,0.9464661876360576,0.0257621401300032,0.0115967365967365,0.0115773115773115,1.9425019425019425e-05,0.3838383838383838,358.3333333333333,0.2905076827895697,0.0110007788161993,0.366043613707165,,True,True,True,0.00185955564181,0.0007134452462196,0.0006058240930239,0.001065341134866,0.022366831700007,0.0123549997806549,0.0122894942760467,0.0061697463194528,-0.3426573426573426,-0.1538461538461538,-0.1554001554001552,0.0155400155400156,NVDA,/Users/yaniszaim/deephedging/.deephedging_real_runs/final_paper_notebook/panel_sweeps/NVDA_full_paper_grid_800_step_robust
proto_source=spot_delta_k=50_weighted=1_learnw=0,proto,spot_delta,50.0,True,False,cvar,3,-0.0713484287261962,0.0021506501115953,-0.2630605101585388,-0.331489235162735,0.85003885003885,1.0,0.0394633865604798,0.0354506604506604,0.0354506604506604,0.0,0.3752913752913753,206.66666666666663,0.290037886534449,0.0012071651090342,0.0342679127725856,,True,True,True,0.0018205096324284,0.000674399236838,0.0005667780836423,0.0010262951254844,0.0112413664658864,0.0012295345465342,0.001164029041926,-0.0049557189146677,-0.2175602175602176,-0.0287490287490288,-0.0303030303030302,0.1406371406371406,NVDA,/Users/yaniszaim/deephedging/.deephedging_real_runs/final_paper_notebook/panel_sweeps/NVDA_full_paper_grid_800_step_robust
proto_source=vanilla_k=100_weighted=0_learnw=0,proto,vanilla,100.0,False,False,cvar,3,-0.0713514263431231,0.0034826782520901,-0.257019285360972,-0.3251672883828481,0.902097902097902,0.9952584505081176,0.0380531990279754,0.0437257187257187,0.0437257187257187,0.0,0.3869463869463869,126.66666666666669,0.2911802653482073,0.0178543613707165,0.3045171339563863,,True,True,True,0.0018175120155016,0.0006714016199111,0.0005637804667154,0.0010232975085576,0.0175633132457733,0.0075514813264211,0.0074859758218129,0.0013662278652191,-0.2696192696192696,-0.0808080808080808,-0.0823620823620823,0.0885780885780885,NVDA,/Users/yaniszaim/deephedging/.deephedging_real_runs/final_paper_notebook/panel_sweeps/NVDA_full_paper_grid_800_step_robust
proto_source=spot_delta_k=25_weighted=1_learnw=0,proto,spot_delta,25.0,True,False,cvar,3,-0.0714772914846738,0.0017718095556907,-0.2588386317094167,-0.3298407296339671,0.8850038850038849,0.8229324420293173,0.0230830553919076,0.1401903651903651,0.1401903651903651,0.0,0.3333333333333333,314.6666666666667,0.2935100764721179,0.0291082554517134,0.3177570093457944,,True,True,True,0.0016916468739509,0.0005455364783605,0.0004379153251647,0.0008974323670069,0.0128898719946543,0.0028780400753021,0.0028125345706939,-0.0033072133858998,-0.2525252525252525,-0.0637140637140637,-0.0652680652680651,0.1056721056721057,NVDA,/Users/yaniszaim/deephedging/.deephedging_real_runs/final_paper_notebook/panel_sweeps/NVDA_full_paper_grid_800_step_robust
proto_source=spot_delta_k=100_weighted=1_learnw=0,proto,spot_delta,100.0,True,False,cvar,3,-0.0715885336200396,0.0019976472666075,-0.2622625648975372,-0.3263790408770243,0.8733488733488733,1.0,0.026731992761294,0.1557498057498057,0.1515540015540015,0.0041958041958041,0.6052836052836054,77.0,0.2902124745087449,0.0205607476635514,0.3154205607476635,,True,True,True,0.0015804047385851,0.0004342943429946,0.0003266731897989,0.0007861902316411,0.016351560751597,0.0063397288322448,0.0062742233276367,0.0001544753710428,-0.2408702408702409,-0.0520590520590521,-0.0536130536130535,0.1173271173271173,NVDA,/Users/yaniszaim/deephedging/.deephedging_real_runs/final_paper_notebook/panel_sweeps/NVDA_full_paper_grid_800_step_robust
proto_source=spot_delta_k=10_weighted=0_learnw=0,proto,spot_delta,10.0,False,False,cvar,3,-0.0718820343414942,0.0027256255167621,-0.2567137042681376,-0.3327500323454539,0.8818958818958819,1.0,0.0381003183623155,0.1654040404040404,0.1646658896658896,0.0007381507381507,0.763014763014763,115.66666666666669,0.2903911187568813,0.0438473520249221,0.6386292834890965,,True,True,True,0.0012869040171305,0.00014079362154,3.317246834436127e-05,0.0004926895101865,0.0099805692831674,-3.126263618469238e-05,-9.676814079284668e-05,-0.0062165160973867,-0.2494172494172494,-0.0606060606060606,-0.062160062160062,0.1087801087801088,NVDA,/Users/yaniszaim/deephedging/.deephedging_real_runs/final_paper_notebook/panel_sweeps/NVDA_full_paper_grid_800_step_robust
proto_source=spot_delta_k=100_weighted=0_learnw=0,proto,spot_delta,100.0,False,False,cvar,3,-0.0718999082843462,0.0026742762883146,-0.2610527078310649,-0.3371270596981048,0.8671328671328672,0.7153765360514323,0.0248529060433308,0.0,0.0,0.0,0.0,319.3333333333333,0.2889109364420326,1.9470404984423677e-05,0.0007788161993769,,True,True,True,0.0012690300742785,0.000122919678688,1.529852549234101e-05,0.0004748155673344,0.0056035419305165,-0.0044082899888356,-0.0044737954934437,-0.0105935434500376,-0.2346542346542347,-0.0458430458430459,-0.0473970473970474,0.1235431235431234,NVDA,/Users/yaniszaim/deephedging/.deephedging_real_runs/final_paper_notebook/panel_sweeps/NVDA_full_paper_grid_800_step_robust
spot_delta_band,baseline,,,,,,3,-0.0719152068098386,0.0026119691429269,-0.259780200322469,-0.332653264204661,0.8197358197358198,0.6922129988670349,0.017435498535633,0.0,0.0,0.0,0.0,,,,,0.01,True,True,True,0.0012537315487861,0.0001076211531957,0.0,0.0004595170418421,0.0100773374239603,6.55055046081543e-05,0.0,-0.0061197479565938,-0.1872571872571873,0.0015540015540014,0.0,0.1709401709401709,NVDA,/Users/yaniszaim/deephedging/.deephedging_real_runs/final_paper_notebook/panel_sweeps/NVDA_full_paper_grid_800_step_robust
proto_source=vanilla_k=25_weighted=0_learnw=0,proto,vanilla,25.0,False,False,cvar,3,-0.0719570939739545,0.0022315320696935,-0.2590652525424957,-0.3300471703211466,0.9735819735819736,0.925007184346517,0.0255794636905193,0.0124902874902874,0.0124902874902874,0.0,0.2921522921522921,164.0,0.291208068561157,0.0135903426791277,0.3224299065420561,,True,True,True,0.0012118443846702,6.573398907980255e-05,-4.188716411590576e-05,0.0004176298777262,0.0126834313074747,0.0026715993881225,0.0026060938835144,-0.0035136540730794,-0.341103341103341,-0.1522921522921523,-0.1538461538461537,0.0170940170940171,NVDA,/Users/yaniszaim/deephedging/.deephedging_real_runs/final_paper_notebook/panel_sweeps/NVDA_full_paper_grid_800_step_robust
proto_source=vanilla_k=10_weighted=1_learnw=0,proto,vanilla,10.0,True,False,cvar,3,-0.0720035508275032,0.002559875508839,-0.2599249472220739,-0.3274593651294708,0.9743589743589745,1.0,0.0263505683590968,0.0303224553224553,0.0303224553224553,0.0,0.498057498057498,245.0,0.2902050138047585,0.0,0.0,,True,True,True,0.0011653875311215,1.927713553111221e-05,-8.83440176645961e-05,0.0003711730241775,0.0152712364991505,0.0052594045797983,0.0051938990751902,-0.0009258488814036,-0.3418803418803419,-0.1530691530691531,-0.1546231546231545,0.0163170163170163,NVDA,/Users/yaniszaim/deephedging/.deephedging_real_runs/final_paper_notebook/panel_sweeps/NVDA_full_paper_grid_800_step_robust
spot_delta,baseline,,,,,,3,-0.0720228279630343,0.0026193855689001,-0.2591034988562266,-0.3327187697092692,0.8212898212898212,0.7022129893302917,0.0220250536998113,0.0,0.0,0.0,0.0,,,,,,True,True,True,0.0011461103955904,0.0,-0.0001076211531957,0.0003518958886464,0.0100118319193521,0.0,-6.55055046081543e-05,-0.006185253461202,-0.1888111888111887,0.0,-0.0015540015540014,0.1693861693861694,NVDA,/Users/yaniszaim/deephedging/.deephedging_real_runs/final_paper_notebook/panel_sweeps/NVDA_full_paper_grid_800_step_robust
proto_source=vanilla_k=100_weighted=1_learnw=0,proto,vanilla,100.0,True,False,cvar,3,-0.0723050087690353,0.0022279147945502,-0.2605292379856109,-0.3294797341028849,0.944055944055944,0.9720088442166648,0.0279857839147249,0.0021173271173271,0.0021173271173271,0.0,0.0163170163170163,237.66666666666663,0.290732125616705,0.0036993769470404,0.0661993769470404,,True,True,True,0.0008639295895894,-0.000282180806001,-0.0003898019591967,6.971508264541626e-05,0.0132508675257364,0.0032390356063842,0.0031735301017761,-0.0029462178548177,-0.3115773115773116,-0.1227661227661228,-0.1243201243201242,0.0466200466200465,NVDA,/Users/yaniszaim/deephedging/.deephedging_real_runs/final_paper_notebook/panel_sweeps/NVDA_full_paper_grid_800_step_robust
vanilla,vanilla,,,,,cvar,3,-0.0723747238516807,0.0015207997071557,-0.2576099147399266,-0.3265335162480672,0.9906759906759908,0.999686598777771,0.0334328444053729,0.1743978243978244,0.0243978243978243,0.15,0.6666666666666666,286.0,0.3073140550424806,0.1500194704049844,0.3341121495327102,,True,True,True,0.000794214506944,-0.0003518958886464,-0.0004595170418421,0.0,0.0161970853805542,0.006185253461202,0.0061197479565938,0.0,-0.3581973581973582,-0.1693861693861694,-0.1709401709401709,0.0,NVDA,/Users/yaniszaim/deephedging/.deephedging_real_runs/final_paper_notebook/panel_sweeps/NVDA_full_paper_grid_800_step_robust
proto_source=vanilla_k=10_weighted=0_learnw=0,proto,vanilla,10.0,False,False,cvar,3,-0.0725639462471008,0.0027221380343287,-0.2625101308027903,-0.3323472241560618,0.9254079254079254,0.9519276022911072,0.0371932821969191,0.0061383061383061,0.0061383061383061,0.0,0.0854700854700854,244.0,0.2923775706467482,0.0057632398753894,0.0919003115264797,,True,True,True,0.0006049921115239,-0.0005411182840665,-0.0006487394372622,-0.00018922239542,0.0103833774725595,0.0003715455532073,0.0003060400485992,-0.0058137079079946,-0.2929292929292929,-0.1041181041181041,-0.1056721056721056,0.0652680652680652,NVDA,/Users/yaniszaim/deephedging/.deephedging_real_runs/final_paper_notebook/panel_sweeps/NVDA_full_paper_grid_800_step_robust
proto_source=spot_delta_k=50_weighted=0_learnw=0,proto,spot_delta,50.0,False,False,cvar,3,-0.0728788748383522,0.002146506514567,-0.2636499563852946,-0.3368011613686879,0.9083139083139082,1.0,0.026873342692852,0.102078477078477,0.0719502719502719,0.0301282051282051,0.494949494949495,343.3333333333333,0.2981206291297746,0.0736760124610591,0.2764797507788162,,True,True,True,0.0002900635202725,-0.0008560468753178,-0.0009636680285135,-0.0005041509866714,0.0059294402599334,-0.0040823916594187,-0.0041478971640268,-0.0102676451206207,-0.2758352758352758,-0.087024087024087,-0.0885780885780884,0.0823620823620824,NVDA,/Users/yaniszaim/deephedging/.deephedging_real_runs/final_paper_notebook/panel_sweeps/NVDA_full_paper_grid_800_step_robust
proto_source=vanilla_k=50_weighted=0_learnw=0,proto,vanilla,50.0,False,False,cvar,3,-0.0729545876383781,0.0030513032993944,-0.2569436430931091,-0.3362161517143249,0.8741258741258742,1.0,0.0408650419364372,0.1119463869463869,0.1114801864801864,0.0004662004662004,0.4017094017094016,472.0,0.2913729343647456,0.0249610591900311,0.3239875389408099,,True,True,True,0.0002143507202466,-0.0009317596753438,-0.0010393808285395,-0.0005798637866973,0.0065144499142964,-0.0034973820050557,-0.0035628875096638,-0.0096826354662577,-0.2416472416472417,-0.0528360528360529,-0.0543900543900544,0.1165501165501164,NVDA,/Users/yaniszaim/deephedging/.deephedging_real_runs/final_paper_notebook/panel_sweeps/NVDA_full_paper_grid_800_step_robust
unhedged,baseline,,,,,,3,-0.0731689383586247,0.0025483685683093,-0.2701599597930908,-0.3427306016286214,0.6324786324786325,0.0,0.0,0.0,0.0,0.0,0.0,,,,,,True,True,True,0.0,-0.0011461103955904,-0.0012537315487861,-0.000794214506944,0.0,-0.0100118319193521,-0.0100773374239603,-0.0161970853805542,0.0,0.1888111888111887,0.1872571872571873,0.3581973581973582,NVDA,/Users/yaniszaim/deephedging/.deephedging_real_runs/final_paper_notebook/panel_sweeps/NVDA_full_paper_grid_800_step_robust
proto_source=spot_delta_k=25_weighted=0_learnw=0,proto,spot_delta,25.0,False,False,cvar,3,-0.0286310681452353,0.0006055719182645,-0.0879481986165046,-0.1068647727370262,0.902423051735429,1.0,0.0273061779638131,0.0304354944335297,0.0302390307793058,0.0001964636542239,0.3215455140798952,30.666666666666668,0.0986811631039289,0.0007232084155161,0.0243261012491781,,True,True,True,0.0009298846125602,0.0006210673600435,0.0006215634445349,0.0001756213605403,0.0091281657417615,0.0059134811162948,0.0059582342704137,0.0035389165083567,-0.1899148657498363,-0.0406024885396202,-0.0419122462344466,0.0386378519973803,QQQ,/Users/yaniszaim/deephedging/.deephedging_real_runs/final_paper_notebook/panel_sweeps/QQQ_full_paper_grid_800_step_robust
vanilla,vanilla,,,,,cvar,3,-0.0288066895057757,0.0004218636272517,-0.0882835169633229,-0.1104036892453829,0.9410609037328094,1.0,0.0250980338702599,0.1659626719056974,0.1659626719056974,0.0,1.0,327.3333333333333,0.0991344190760161,9.861932938856015e-05,0.0039447731755424,,True,True,True,0.0007542632520198,0.0004454459995031,0.0004459420839945,0.0,0.0055892492334047,0.0023745646079381,0.0024193177620569,0.0,-0.2285527177472166,-0.0792403405370005,-0.080550098231827,0.0,QQQ,/Users/yaniszaim/deephedging/.deephedging_real_runs/final_paper_notebook/panel_sweeps/QQQ_full_paper_grid_800_step_robust
proto_source=spot_delta_k=25_weighted=1_learnw=0,proto,spot_delta,25.0,True,False,cvar,3,-0.0288879474004109,0.0005563640947301,-0.0898815249403317,-0.1099635933836301,0.9122462344466274,0.9295381704966228,0.0253948091218868,0.018369351669941,0.018369351669941,0.0,0.303863785199738,20.0,0.0987855126470129,0.0004437869822485,0.0177514792899408,,True,True,True,0.0006730053573846,0.0003641881048679,0.0003646841893593,-8.12578946352005e-05,0.0060293450951576,0.0028146604696909,0.0028594136238098,0.0004400958617528,-0.1997380484610347,-0.0504256712508186,-0.051735428945645,0.0288146692861819,QQQ,/Users/yaniszaim/deephedging/.deephedging_real_runs/final_paper_notebook/panel_sweeps/QQQ_full_paper_grid_800_step_robust
proto_source=spot_delta_k=50_weighted=0_learnw=0,proto,spot_delta,50.0,False,False,cvar,3,-0.0289100452015797,0.0007316397846556,-0.0876428917050361,-0.1087402130166689,0.890635232481991,0.8826087315877279,0.0257211371014515,0.0003929273084479,0.0,0.0003929273084479,0.0039292730844793,27.666666666666668,0.0988307967090264,0.0006738987508218,0.0059171597633136,,True,True,True,0.0006509075562159,0.0003420903036991,0.0003425863881905,-0.0001033556958039,0.0072527254621187,0.0040380408366521,0.0040827939907709,0.0016634762287139,-0.1781270464963982,-0.0288146692861821,-0.0301244269810085,0.0504256712508184,QQQ,/Users/yaniszaim/deephedging/.deephedging_real_runs/final_paper_notebook/panel_sweeps/QQQ_full_paper_grid_800_step_robust
proto_source=spot_delta_k=50_weighted=1_learnw=0,proto,spot_delta,50.0,True,False,cvar,3,-0.0290201716125011,0.0007365228177367,-0.08917133162419,-0.109893133242925,0.9096267190569746,0.9014797409375508,0.0266665726279218,0.0133431565160445,0.0131466928618205,0.0001964636542239,0.1565160445317616,43.666666666666664,0.0991283114717778,0.000180802103879,0.0065746219592373,,True,True,True,0.0005407811452945,0.0002319638927777,0.0002324599772691,-0.0002134821067253,0.0060998052358627,0.002885120610396,0.0029298737645149,0.0005105560024579,-0.1971185330713818,-0.0478061558611657,-0.0491159135559922,0.0314341846758348,QQQ,/Users/yaniszaim/deephedging/.deephedging_real_runs/final_paper_notebook/panel_sweeps/QQQ_full_paper_grid_800_step_robust
proto_source=spot_delta_k=10_weighted=0_learnw=0,proto,spot_delta,10.0,False,False,cvar,3,-0.0290700426946083,0.0005355115368379,-0.0892443706591924,-0.1117450644572575,0.9102815979043876,1.0,0.0219510253518819,0.012475442043222,0.012475442043222,0.0,0.111984282907662,270.6666666666667,0.0992161768261847,0.0007232084155161,0.0085470085470085,,True,True,True,0.0004909100631872,0.0001820928106705,0.0001825888951619,-0.0002633531888326,0.0042478740215301,0.0010331893960634,0.0010779425501823,-0.0013413752118746,-0.1977734119187949,-0.0484610347085788,-0.0497707924034053,0.0307793058284217,QQQ,/Users/yaniszaim/deephedging/.deephedging_real_runs/final_paper_notebook/panel_sweeps/QQQ_full_paper_grid_800_step_robust
proto_source=vanilla_k=25_weighted=1_learnw=0,proto,vanilla,25.0,True,False,cvar,3,-0.0291163064539432,0.0002944771457646,-0.0900223289926846,-0.1115130285422007,0.9528487229862476,0.8566563725471497,0.0206485108161966,0.0351833660772757,0.0351833660772757,0.0,0.3536345776031434,372.3333333333333,0.0996341230114922,0.0,0.0,,True,True,True,0.0004446463038523,0.0001358290513356,0.000136325135827,-0.0003096169481674,0.004479909936587,0.0012652253111203,0.0013099784652391,-0.0011093392968177,-0.2403405370006548,-0.0910281597904387,-0.0923379174852652,-0.0117878192534381,QQQ,/Users/yaniszaim/deephedging/.deephedging_real_runs/final_paper_notebook/panel_sweeps/QQQ_full_paper_grid_800_step_robust
proto_source=vanilla_k=10_weighted=0_learnw=0,proto,vanilla,10.0,False,False,cvar,3,-0.0292202408115069,0.0005310181485897,-0.0906538724899291,-0.1121629501382509,0.9639816633922724,0.7158010403315226,0.0202050612618525,0.0250982318271119,0.0250982318271119,0.0,0.2390307793058284,9.0,0.099446090332007,0.0004109138724523,0.0131492439184746,,True,True,True,0.0003407119462887,3.1894693771995775e-05,3.2390778263408776e-05,-0.0004135513057311,0.0038299883405367,0.00061530371507,0.0006600568691889,-0.001759260892868,-0.2514734774066798,-0.1021611001964637,-0.1034708578912901,-0.0229207596594631,QQQ,/Users/yaniszaim/deephedging/.deephedging_real_runs/final_paper_notebook/panel_sweeps/QQQ_full_paper_grid_800_step_robust
proto_source=vanilla_k=10_weighted=1_learnw=0,proto,vanilla,10.0,True,False,cvar,3,-0.0292266079535086,0.0005518916762525,-0.090651768942674,-0.1122168600559234,0.967910936476752,0.7555238803227743,0.0218272898346185,3.2743942370661426e-05,3.2743942370661426e-05,0.0,0.0013097576948264,262.0,0.0997246031834603,8.21827744904668e-05,0.0032873109796186,,True,True,True,0.0003343448042869,2.5527551770210263e-05,2.6023636261623267e-05,-0.0004199184477329,0.0037760784228642,0.0005613937973976,0.0006061469515164,-0.0018131708105405,-0.2554027504911591,-0.106090373280943,-0.1074001309757695,-0.0268500327439424,QQQ,/Users/yaniszaim/deephedging/.deephedging_real_runs/final_paper_notebook/panel_sweeps/QQQ_full_paper_grid_800_step_robust
proto_source=vanilla_k=100_weighted=1_learnw=0,proto,vanilla,100.0,True,False,cvar,3,-0.0292309566090504,0.0003217309155649,-0.0914769127964973,-0.1127675225337346,0.9286182056319582,0.8052693406740824,0.0210112407803535,0.0593320235756385,0.0593320235756385,0.0,0.3444662737393582,158.0,0.0997545345826074,0.0,0.0,,True,True,True,0.0003299961487452,2.117889622847008e-05,2.167498071988308e-05,-0.0004242671032746,0.0032254159450531,1.073131958644058e-05,5.548447370529175e-05,-0.0023638332883516,-0.2161100196463654,-0.0667976424361493,-0.0681074001309758,0.0124426981008511,QQQ,/Users/yaniszaim/deephedging/.deephedging_real_runs/final_paper_notebook/panel_sweeps/QQQ_full_paper_grid_800_step_robust
spot_delta,baseline,,,,,,3,-0.0292521355052789,0.0006919496472396,-0.0900532578428586,-0.112778253853321,0.8618205631958088,0.6425193349520365,0.0204287202407916,0.0,0.0,0.0,0.0,,,,,,True,True,True,0.0003088172525167,0.0,4.960844914130014e-07,-0.0004454459995031,0.0032146846254666,0.0,4.475315411885117e-05,-0.0023745646079381,-0.149312377210216,0.0,-0.0013097576948264,0.0792403405370005,QQQ,/Users/yaniszaim/deephedging/.deephedging_real_runs/final_paper_notebook/panel_sweeps/QQQ_full_paper_grid_800_step_robust
spot_delta_band,baseline,,,,,,3,-0.0292526315897703,0.0006663612658164,-0.0906355132659276,-0.1128230070074399,0.8605108055009824,0.575852652390798,0.0142712754507859,0.0,0.0,0.0,0.0,,,,,0.0666666666666666,True,True,True,0.0003083211680253,-4.960844914130014e-07,0.0,-0.0004459420839945,0.0031699314713478,-4.475315411885117e-05,0.0,-0.0024193177620569,-0.1480026195153896,0.0013097576948264,0.0,0.080550098231827,QQQ,/Users/yaniszaim/deephedging/.deephedging_real_runs/final_paper_notebook/panel_sweeps/QQQ_full_paper_grid_800_step_robust
proto_source=spot_delta_k=100_weighted=1_learnw=0,proto,spot_delta,100.0,True,False,cvar,3,-0.0292599747578303,0.0005870012839957,-0.0903406247496605,-0.111600341896216,0.903077930582842,0.9484064181645712,0.0226267036050558,0.0137851997380484,0.0120006548788474,0.001784544859201,0.2920759659462999,57.666666666666664,0.0992098024633806,0.0018737672583826,0.0078895463510848,,True,True,True,0.0003009779999653,-7.839252551399e-06,-7.343168059985999e-06,-0.0004532852520545,0.0043925965825716,0.0011779119571049,0.0012226651112238,-0.0011966526508331,-0.1905697445972494,-0.0412573673870333,-0.0425671250818597,0.0379829731499672,QQQ,/Users/yaniszaim/deephedging/.deephedging_real_runs/final_paper_notebook/panel_sweeps/QQQ_full_paper_grid_800_step_robust
proto_source=spot_delta_k=100_weighted=0_learnw=0,proto,spot_delta,100.0,False,False,cvar,3,-0.0292716150482495,0.0006583075726896,-0.0899864678581555,-0.1121003180742263,0.8958742632612967,0.9214897950490316,0.0229550898075103,0.0002128356254092,3.2743942370661426e-05,0.0001800916830386,0.0032743942370661,40.333333333333336,0.0993705106469546,0.0008053911900065,0.0052596975673898,,True,True,True,0.000289337709546,-1.947954297065735e-05,-1.8983458479244347e-05,-0.0004649255424737,0.0038926204045613,0.0006779357790946,0.0007226889332135,-0.0016966288288434,-0.1833660772757039,-0.0340537000654879,-0.0353634577603143,0.0451866404715126,QQQ,/Users/yaniszaim/deephedging/.deephedging_real_runs/final_paper_notebook/panel_sweeps/QQQ_full_paper_grid_800_step_robust
proto_source=vanilla_k=100_weighted=0_learnw=0,proto,vanilla,100.0,False,False,cvar,3,-0.0293169387926658,0.0006669444668999,-0.0912804057200749,-0.1137237946192423,0.9790438768827766,0.6625100374221802,0.0164007137839992,0.0,0.0,0.0,0.0,248.66666666666663,0.0998718266840595,3.287310979618672e-05,0.0006574621959237,,True,True,True,0.0002440139651298,-6.480328738689423e-05,-6.430720289548122e-05,-0.00051024928689,0.0022691438595453,-0.0009455407659212,-0.0009007876118024,-0.0033201053738594,-0.2665356908971839,-0.1172233136869678,-0.1185330713817942,-0.0379829731499672,QQQ,/Users/yaniszaim/deephedging/.deephedging_real_runs/final_paper_notebook/panel_sweeps/QQQ_full_paper_grid_800_step_robust
proto_source=vanilla_k=25_weighted=0_learnw=0,proto,vanilla,25.0,False,False,cvar,3,-0.0293185785412788,0.0009625280282611,-0.0906928499539693,-0.1126262520750363,0.9620170268500328,0.932588517665863,0.0209043237070242,0.0198755730189914,0.0198755730189914,0.0,0.3392272429600524,355.3333333333333,0.0995903562281445,0.0005588428665351,0.017094017094017,,True,True,True,0.0002423742165168,-6.644303599993504e-05,-6.594695150852203e-05,-0.000511889035503,0.0033666864037513,0.0001520017782847,0.0001967549324035,-0.0022225628296534,-0.24950884086444,-0.1001964636542239,-0.1015062213490504,-0.0209561231172233,QQQ,/Users/yaniszaim/deephedging/.deephedging_real_runs/final_paper_notebook/panel_sweeps/QQQ_full_paper_grid_800_step_robust
proto_source=vanilla_k=50_weighted=0_learnw=0,proto,vanilla,50.0,False,False,cvar,3,-0.0294624250382184,0.0008600868102869,-0.0911510134736696,-0.1125415414571762,0.9666011787819254,0.9145717223485312,0.0264047812670469,0.0025703994760969,0.0025703994760969,0.0,0.0510805500982318,233.66666666666663,0.0999997623076382,0.0001643655489809,0.0052596975673898,,True,True,True,9.852771957715235e-05,-0.0002102895329395,-0.0002097934484481,-0.0006557355324427,0.0034513970216115,0.0002367123961448,0.0002814655502637,-0.0021378522117932,-0.2540929927963327,-0.1047806155861166,-0.106090373280943,-0.025540275049116,QQQ,/Users/yaniszaim/deephedging/.deephedging_real_runs/final_paper_notebook/panel_sweeps/QQQ_full_paper_grid_800_step_robust
unhedged,baseline,,,,,,3,-0.0295609527577956,0.0005387357829665,-0.0937026977539062,-0.1159929384787877,0.7125081859855927,0.0,0.0,0.0,0.0,0.0,0.0,,,,,,True,True,True,0.0,-0.0003088172525167,-0.0003083211680253,-0.0007542632520198,0.0,-0.0032146846254666,-0.0031699314713478,-0.0055892492334047,0.0,0.149312377210216,0.1480026195153896,0.2285527177472166,QQQ,/Users/yaniszaim/deephedging/.deephedging_real_runs/final_paper_notebook/panel_sweeps/QQQ_full_paper_grid_800_step_robust
proto_source=vanilla_k=50_weighted=1_learnw=0,proto,vanilla,50.0,True,False,cvar,3,-0.0295989432682593,0.0009302544976705,-0.0922928755482038,-0.1147284309069315,0.9345121152586772,0.9988086223602296,0.0274091927955547,0.0366077275703994,0.0366077275703994,0.0,0.664702030124427,138.33333333333334,0.0996219937326774,0.0,0.0,,True,True,True,-3.79905104637146e-05,-0.0003468077629804,-0.000346311678489,-0.0007922537624835,0.0012645075718561,-0.0019501770536104,-0.0019054238994916,-0.0043247416615486,-0.2220039292730844,-0.0726915520628683,-0.0740013097576948,0.0065487884741322,QQQ,/Users/yaniszaim/deephedging/.deephedging_real_runs/final_paper_notebook/panel_sweeps/QQQ_full_paper_grid_800_step_robust
proto_source=spot_delta_k=10_weighted=1_learnw=0,proto,spot_delta,10.0,True,False,cvar,3,-0.0296436622738838,3.704865986468331e-05,-0.0925100709001223,-0.1137902612487475,0.9751146037982972,0.6836268405119578,0.0157169397765149,0.0,0.0,0.0,0.0,60.0,0.0994848044639608,0.0,0.0,,True,True,True,-8.270951608816898e-05,-0.0003915267686049,-0.0003910306841135,-0.000836972768108,0.0022026772300402,-0.0010120073954264,-0.0009672542413075,-0.0033865720033645,-0.2626064178127045,-0.1132940406024884,-0.1146037982973149,-0.0340537000654879,QQQ,/Users/yaniszaim/deephedging/.deephedging_real_runs/final_paper_notebook/panel_sweeps/QQQ_full_paper_grid_800_step_robust
proto_source=spot_delta_k=25_weighted=0_learnw=0,proto,spot_delta,25.0,False,False,cvar,3,-0.0216196663677692,0.0007009694890137,-0.0646470233798027,-0.0839708894491195,0.8899803536345776,0.9085225860277812,0.0233427124718825,0.0001473477406679,9.823182711198428e-05,4.911591355599214e-05,0.0026195153896529,93.0,0.0761061217990948,0.0001479289940828,0.0019723865877712,,True,True,True,0.000545114899675,0.0003870632499456,0.000407887622714,6.0891732573509216e-05,0.0067509561777114,0.0062363147735595,0.0061480502287546,0.0019306764006614,-0.1820563195808775,-0.0320890635232481,-0.0320890635232481,0.0379829731499672,SPY,/Users/yaniszaim/deephedging/.deephedging_real_runs/final_paper_notebook/panel_sweeps/SPY_full_paper_grid_800_step_robust
vanilla,vanilla,,,,,cvar,3,-0.0216805581003427,0.0006516893518194,-0.0649087116122245,-0.085901565849781,0.9279633267845449,1.0,0.0250325761735439,0.1926653569089718,0.1926653569089718,0.0,1.0,309.0,0.076341922394717,0.0001643655489809,0.0046022353714661,,True,True,True,0.0004842231671015,0.0003261715173721,0.0003469958901405,0.0,0.00482027977705,0.0043056383728981,0.0042173738280932,0.0,-0.2200392927308447,-0.0700720366732153,-0.0700720366732153,0.0,SPY,/Users/yaniszaim/deephedging/.deephedging_real_runs/final_paper_notebook/panel_sweeps/SPY_full_paper_grid_800_step_robust
proto_source=spot_delta_k=50_weighted=0_learnw=0,proto,spot_delta,50.0,False,False,cvar,3,-0.0216823673496643,0.000766183036731,-0.0643477703134218,-0.0854147324959437,0.8899803536345776,1.0,0.0237497985363006,0.0465618860510805,0.0465618860510805,0.0,0.3058284217419777,202.33333333333337,0.0761774354510041,0.0008547008547008,0.0111768573307034,,True,True,True,0.0004824139177799,0.0003243622680505,0.0003451866408189,-1.809249321620826e-06,0.0053071131308873,0.0047924717267354,0.0047042071819305,0.0004868333538373,-0.1820563195808775,-0.0320890635232481,-0.0320890635232481,0.0379829731499672,SPY,/Users/yaniszaim/deephedging/.deephedging_real_runs/final_paper_notebook/panel_sweeps/SPY_full_paper_grid_800_step_robust
proto_source=spot_delta_k=10_weighted=0_learnw=0,proto,spot_delta,10.0,False,False,cvar,3,-0.021865751594305,0.0008755096049816,-0.0645719627539316,-0.0860500658551852,0.908316961362148,0.9302672743797302,0.0223541837185621,0.0012933857236411,0.0012933857236411,0.0,0.0150622134905042,18.0,0.076342466966366,0.0006245890861275,0.009861932938856,,True,True,True,0.0002990296731392,0.0001409780234098,0.0001618023961782,-0.0001851934939622,0.0046717797716458,0.0041571383674939,0.004068873822689,-0.0001485000054041,-0.2003929273084478,-0.0504256712508184,-0.0504256712508184,0.0196463654223969,SPY,/Users/yaniszaim/deephedging/.deephedging_real_runs/final_paper_notebook/panel_sweeps/SPY_full_paper_grid_800_step_robust
proto_source=spot_delta_k=100_weighted=0_learnw=0,proto,spot_delta,100.0,False,False,cvar,3,-0.0218951205412546,0.0007793058740002,-0.0654823238650957,-0.087099681297938,0.903077930582842,0.9409109751383464,0.0211707642301917,0.0029960707269155,0.0029960707269155,0.0,0.0307793058284217,29.333333333333332,0.0765049271073766,0.0019559500328731,0.0236686390532544,,True,True,True,0.0002696607261896,0.0001116090764602,0.0001324334492286,-0.0002145624409119,0.003622164328893,0.0031075229247411,0.0030192583799362,-0.0011981154481569,-0.195153896529142,-0.0451866404715126,-0.0451866404715126,0.0248853962017027,SPY,/Users/yaniszaim/deephedging/.deephedging_real_runs/final_paper_notebook/panel_sweeps/SPY_full_paper_grid_800_step_robust
proto_source=spot_delta_k=10_weighted=1_learnw=0,proto,spot_delta,10.0,True,False,cvar,3,-0.0219043189038832,0.0008624928590284,-0.0655184278885523,-0.0870405187209447,0.8886705959397512,0.6683189074198405,0.0160039042433102,0.0127046496398166,0.0127046496398166,0.0,0.2691552062868369,78.33333333333333,0.076280046933567,4.930966469428008e-05,0.0019723865877712,,True,True,True,0.0002604623635609,0.0001024107138315,0.0001232350865999,-0.0002237608035405,0.0036813269058863,0.0031666855017344,0.0030784209569295,-0.0011389528711636,-0.1807465618860511,-0.0307793058284217,-0.0307793058284217,0.0392927308447936,SPY,/Users/yaniszaim/deephedging/.deephedging_real_runs/final_paper_notebook/panel_sweeps/SPY_full_paper_grid_800_step_robust
proto_source=spot_delta_k=100_weighted=1_learnw=0,proto,spot_delta,100.0,True,False,cvar,3,-0.0219668534894784,0.0007010385815417,-0.0656125806272029,-0.0870107462008794,0.914210870988867,0.7992766896883646,0.0203563248117764,0.0001800916830386,0.0001800916830386,0.0,0.0019646365422396,28.333333333333332,0.0763581923905908,0.0001314924391847,0.0013149243918474,,True,True,True,0.0001979277779658,3.9876128236453895e-05,6.0700501004855995e-05,-0.0002862953891356,0.0037110994259516,0.0031964580217997,0.0031081934769948,-0.0011091803510983,-0.2062868369351669,-0.0563195808775375,-0.0563195808775375,0.0137524557956778,SPY,/Users/yaniszaim/deephedging/.deephedging_real_runs/final_paper_notebook/panel_sweeps/SPY_full_paper_grid_800_step_robust
proto_source=vanilla_k=10_weighted=0_learnw=0,proto,vanilla,10.0,False,False,cvar,3,-0.0219884763161341,0.0007824025143037,-0.0663339873154958,-0.0875307619571685,0.9738048461034708,0.7425908446311951,0.0173857520955304,0.0547806155861165,0.0547806155861165,0.0,0.3392272429600524,153.0,0.0769560507122937,0.0002465483234714,0.0052596975673898,,True,True,True,0.0001763049513101,1.8253301580745812e-05,3.907767434914791e-05,-0.0003079182157913,0.0031910836696624,0.0026764422655105,0.0025881777207056,-0.0016291961073875,-0.2658808120497707,-0.1159135559921413,-0.1159135559921413,-0.0458415193189259,SPY,/Users/yaniszaim/deephedging/.deephedging_real_runs/final_paper_notebook/panel_sweeps/SPY_full_paper_grid_800_step_robust
spot_delta,baseline,,,,,,3,-0.0220067296177148,0.0007144938450925,-0.0656086201469103,-0.0902072042226791,0.8578912901113295,0.6168549855550131,0.0184921603649854,0.0,0.0,0.0,0.0,,,,,,True,True,True,0.0001580516497294,0.0,2.08243727684021e-05,-0.0003261715173721,0.0005146414041519,0.0,-8.826454480488632e-05,-0.0043056383728981,-0.1499672560576294,0.0,0.0,0.0700720366732153,SPY,/Users/yaniszaim/deephedging/.deephedging_real_runs/final_paper_notebook/panel_sweeps/SPY_full_paper_grid_800_step_robust
proto_source=spot_delta_k=25_weighted=1_learnw=0,proto,spot_delta,25.0,True,False,cvar,3,-0.0220210111389557,0.0009251452435583,-0.0642887845635414,-0.0860516503453254,0.908316961362148,0.973424712816874,0.0288619181762139,8.185985592665356e-05,8.185985592665356e-05,0.0,0.0013097576948264,24.666666666666668,0.0762552782285035,0.0002136752136752,0.0013149243918474,,True,True,True,0.0001437701284885,-1.4281521240871314e-05,6.542851527530785e-06,-0.000340453038613,0.0046701952815055,0.0041555538773536,0.0040672893325487,-0.0001500844955444,-0.2003929273084478,-0.0504256712508184,-0.0504256712508184,0.0196463654223969,SPY,/Users/yaniszaim/deephedging/.deephedging_real_runs/final_paper_notebook/panel_sweeps/SPY_full_paper_grid_800_step_robust
spot_delta_band,baseline,,,,,,3,-0.0220275539904832,0.0007178524322616,-0.0658703610301017,-0.0901189396778742,0.8578912901113295,0.5935216546058655,0.0146709845090905,0.0,0.0,0.0,0.0,,,,,0.0233333333333333,True,True,True,0.000137227276961,-2.08243727684021e-05,0.0,-0.0003469958901405,0.0006029059489568,8.826454480488632e-05,0.0,-0.0042173738280932,-0.1499672560576294,0.0,0.0,0.0700720366732153,SPY,/Users/yaniszaim/deephedging/.deephedging_real_runs/final_paper_notebook/panel_sweeps/SPY_full_paper_grid_800_step_robust
proto_source=spot_delta_k=50_weighted=1_learnw=0,proto,spot_delta,50.0,True,False,cvar,3,-0.0220939485977093,0.0009540349533315,-0.0657275987168153,-0.0878479083379109,0.9037328094302556,0.7613723079363505,0.0191020416095852,0.0,0.0,0.0,0.0,18.666666666666668,0.0765016486899306,0.0,0.0,,True,True,True,7.083266973495483e-05,-8.721897999445713e-05,-6.639460722605503e-05,-0.0004133904973665,0.00287393728892,0.0023592958847681,0.0022710313399632,-0.0019463424881299,-0.1958087753765554,-0.0458415193189259,-0.0458415193189259,0.0242305173542893,SPY,/Users/yaniszaim/deephedging/.deephedging_real_runs/final_paper_notebook/panel_sweeps/SPY_full_paper_grid_800_step_robust
proto_source=vanilla_k=50_weighted=1_learnw=0,proto,vanilla,50.0,True,False,cvar,3,-0.0221224402387936,0.0006683127167594,-0.0680992772181828,-0.0889877180258433,0.913555992141454,0.7991814215977987,0.0148216408366958,0.0178945645055664,0.0178945645055664,0.0,0.3333333333333333,191.33333333333337,0.07699619819393,0.0001314924391847,0.0026298487836949,,True,True,True,4.234102865060402e-05,-0.0001157106210788,-9.488624831040585e-05,-0.0004418821384509,0.0017341276009877,0.0012194861968358,0.0011312216520309,-0.0030861521760622,-0.2056319580877538,-0.0556647020301244,-0.0556647020301244,0.0144073346430909,SPY,/Users/yaniszaim/deephedging/.deephedging_real_runs/final_paper_notebook/panel_sweeps/SPY_full_paper_grid_800_step_robust
unhedged,baseline,,,,,,3,-0.0221647812674442,0.0007100582493274,-0.0689001560211181,-0.090721845626831,0.7079240340537001,0.0,0.0,0.0,0.0,0.0,0.0,,,,,,True,True,True,0.0,-0.0001580516497294,-0.000137227276961,-0.0004842231671015,0.0,-0.0005146414041519,-0.0006029059489568,-0.00482027977705,0.0,0.1499672560576294,0.1499672560576294,0.2200392927308447,SPY,/Users/yaniszaim/deephedging/.deephedging_real_runs/final_paper_notebook/panel_sweeps/SPY_full_paper_grid_800_step_robust
proto_source=vanilla_k=25_weighted=0_learnw=0,proto,vanilla,25.0,False,False,cvar,3,-0.0221761316061019,0.0008117602428966,-0.0677570263544718,-0.0894750257333119,0.95743287491814,0.6246051887671152,0.0142399659380316,1.6371971185330713e-05,1.6371971185330713e-05,0.0,0.0006548788474132,470.3333333333333,0.0770573108842936,0.0001643655489809,0.0006574621959237,,True,True,True,-1.1350338657695884e-05,-0.0001694019883871,-0.0001485776156187,-0.0004955735057592,0.001246819893519,0.0007321784893671,0.0006439139445622,-0.0035734598835309,-0.24950884086444,-0.0995415848068106,-0.0995415848068106,-0.0294695481335952,SPY,/Users/yaniszaim/deephedging/.deephedging_real_runs/final_paper_notebook/panel_sweeps/SPY_full_paper_grid_800_step_robust
proto_source=vanilla_k=10_weighted=1_learnw=0,proto,vanilla,10.0,True,False,cvar,3,-0.022176985318462,0.0006929964963349,-0.0684972837567329,-0.0899142026901245,0.9286182056319582,0.4499509284893672,0.016277774857978,0.0022920759659463,0.0022920759659463,0.0,0.0622134905042567,120.0,0.0768816247729895,0.0,0.0,,True,True,True,-1.220405101776123e-05,-0.0001702557007471,-0.0001494313279787,-0.0004964272181193,0.0008076429367065,0.0002930015325546,0.0002047369877497,-0.0040126368403434,-0.2206941715782581,-0.0707269155206287,-0.0707269155206287,-0.0006548788474133,SPY,/Users/yaniszaim/deephedging/.deephedging_real_runs/final_paper_notebook/panel_sweeps/SPY_full_paper_grid_800_step_robust
proto_source=vanilla_k=100_weighted=0_learnw=0,proto,vanilla,100.0,False,False,cvar,3,-0.0221798134346803,0.0008323150330024,-0.0682648107409477,-0.0896469801664352,0.9449901768172888,0.8368886907895406,0.0138772819967319,0.0002455795677799,0.0002455795677799,0.0,0.0019646365422396,299.6666666666667,0.0771419790171842,0.0007396449704142,0.0032873109796186,,True,True,True,-1.503216723600792e-05,-0.0001730838169654,-0.000152259444197,-0.0004992553343375,0.0010748654603958,0.0005602240562438,0.000471959511439,-0.0037454143166542,-0.2370661427635888,-0.0870988867059594,-0.0870988867059594,-0.017026850032744,SPY,/Users/yaniszaim/deephedging/.deephedging_real_runs/final_paper_notebook/panel_sweeps/SPY_full_paper_grid_800_step_robust
proto_source=vanilla_k=50_weighted=0_learnw=0,proto,vanilla,50.0,False,False,cvar,3,-0.0222193337976932,0.0005875302517957,-0.0675496662656466,-0.0892472440997759,0.9803536345776032,0.3927262822786967,0.0118641573935747,0.0,0.0,0.0,0.0,147.66666666666666,0.0770373251133908,0.0,0.0,,True,True,True,-5.45525302489587e-05,-0.0002126041799783,-0.0001917798072099,-0.0005387756973505,0.0014746015270551,0.0009599601229031,0.0008716955780982,-0.0033456782499949,-0.2724296005239032,-0.1224623444662738,-0.1224623444662738,-0.0523903077930584,SPY,/Users/yaniszaim/deephedging/.deephedging_real_runs/final_paper_notebook/panel_sweeps/SPY_full_paper_grid_800_step_robust
proto_source=vanilla_k=25_weighted=1_learnw=0,proto,vanilla,25.0,True,False,cvar,3,-0.0222287115951379,0.0007406835010504,-0.0680210729440053,-0.0892892306049664,0.9417157825802228,0.8364746967951456,0.0240933879589041,0.0026522593320235,0.0022265880812049,0.0004256712508185,0.02030124426981,161.66666666666666,0.0767243080536414,0.0002465483234714,0.007232084155161,,True,True,True,-6.3930327693619e-05,-0.000221981977423,-0.0002011576046546,-0.0005481534947951,0.0014326150218645,0.0009179736177126,0.0008297090729077,-0.0033876647551854,-0.2337917485265226,-0.0838244924688932,-0.0838244924688932,-0.0137524557956778,SPY,/Users/yaniszaim/deephedging/.deephedging_real_runs/final_paper_notebook/panel_sweeps/SPY_full_paper_grid_800_step_robust
proto_source=vanilla_k=100_weighted=1_learnw=0,proto,vanilla,100.0,True,False,cvar,3,-0.0224441532045602,0.0008388687702205,-0.0691116049885749,-0.0899449636538823,0.8886705959397512,0.4810938735802968,0.0195284446235746,0.0002946954813359,0.0,0.0002946954813359,0.0026195153896529,284.3333333333333,0.0771407518365109,0.0,0.0,,True,True,True,-0.0002793719371159,-0.0004374235868453,-0.0004165992140769,-0.0007635951042175,0.0007768819729487,0.0002622405687967,0.0001739760239919,-0.0040433978041013,-0.1807465618860511,-0.0307793058284217,-0.0307793058284217,0.0392927308447936,SPY,/Users/yaniszaim/deephedging/.deephedging_real_runs/final_paper_notebook/panel_sweeps/SPY_full_paper_grid_800_step_robust
proto_source=spot_delta_k=10_weighted=0_learnw=0,proto,spot_delta,10.0,False,False,cvar,3,-0.0133915779491265,0.0017995249820599,-0.0573434521754582,-0.0827194352944691,0.8271028037383177,1.0,0.0411350217958291,0.0015771028037383,0.0,0.0015771028037383,0.0241433021806853,468.6666666666667,0.0534574861892722,0.0019953051643192,0.0320813771517996,,True,True,True,0.0008015151446064,0.0011290994783242,0.0010265816623965,0.0009031910449266,0.0006828159093856,-0.000612661242485,-0.0003661662340164,-0.0007848044236501,-0.3247663551401868,-0.0521806853582553,-0.0490654205607477,0.1705607476635515,TLT,/Users/yaniszaim/deephedging/.deephedging_real_runs/final_paper_notebook/panel_sweeps/TLT_full_paper_grid_800_step_robust
proto_source=spot_delta_k=100_weighted=0_learnw=0,proto,spot_delta,100.0,False,False,cvar,3,-0.0136198171724875,0.0017020953858636,-0.0567795242493351,-0.0821967050433158,0.82398753894081,0.8781046470006307,0.0355710989485184,0.0006425233644859,3.8940809968847354e-05,0.0006035825545171,0.014018691588785,369.6666666666667,0.0539281580113574,0.0007042253521126,0.0211267605633802,,True,True,True,0.0005732759212454,0.0009008602549632,0.0007983424390355,0.0006749518215656,0.0012055461605389,-8.993099133174087e-05,0.0001565640171368,-0.0002620741724967,-0.3216510903426791,-0.0490654205607477,-0.04595015576324,0.1736760124610592,TLT,/Users/yaniszaim/deephedging/.deephedging_real_runs/final_paper_notebook/panel_sweeps/TLT_full_paper_grid_800_step_robust
proto_source=spot_delta_k=10_weighted=1_learnw=0,proto,spot_delta,10.0,True,False,cvar,3,-0.0136552543068925,0.0016521256214999,-0.0555983110020558,-0.0822914242744445,0.8987538940809969,0.9464739163716634,0.0136321621636549,0.0001557632398753,0.0,0.0001557632398753,0.0046728971962616,209.0,0.054187227755425,0.0001956181533646,0.0046948356807511,,True,True,True,0.0005378387868404,0.0008654231205582,0.0007629053046305,0.0006395146871606,0.0011108269294102,-0.0001846502224604,6.184478600819443e-05,-0.0003567934036254,-0.396417445482866,-0.1238317757009346,-0.1207165109034269,0.0989096573208723,TLT,/Users/yaniszaim/deephedging/.deephedging_real_runs/final_paper_notebook/panel_sweeps/TLT_full_paper_grid_800_step_robust
proto_source=spot_delta_k=50_weighted=0_learnw=0,proto,spot_delta,50.0,False,False,cvar,3,-0.013656446399788,0.0014675089258311,-0.0565658571198582,-0.0812286088864008,0.8169781931464174,0.8729812105496725,0.0216671167872846,0.0007204049844236,0.0,0.0007204049844236,0.0038940809968847,346.0,0.0544600704553827,0.0007433489827856,0.0070422535211267,,True,True,True,0.0005366466939449,0.0008642310276627,0.000761713211735,0.0006383225942651,0.002173642317454,0.0008781651655832,0.0011246601740519,0.0007060219844182,-0.3146417445482865,-0.042056074766355,-0.0389408099688474,0.1806853582554518,TLT,/Users/yaniszaim/deephedging/.deephedging_real_runs/final_paper_notebook/panel_sweeps/TLT_full_paper_grid_800_step_robust
proto_source=spot_delta_k=100_weighted=1_learnw=0,proto,spot_delta,100.0,True,False,cvar,3,-0.0137745952233672,0.0016711477060229,-0.0558263152216871,-0.0821249261498451,0.8535825545171339,0.9720401763916016,0.0239397138357162,0.000369937694704,3.8940809968847354e-05,0.0003309968847352,0.0062305295950155,234.66666666666663,0.0543259538985943,0.0009194053208137,0.0093896713615023,,True,True,True,0.0004184978703657,0.0007460822040836,0.0006435643881559,0.0005201737706859,0.0012773250540097,-1.8152097860976713e-05,0.0002283429106076,-0.000190295279026,-0.351246105919003,-0.0786604361370716,-0.0755451713395639,0.1440809968847353,TLT,/Users/yaniszaim/deephedging/.deephedging_real_runs/final_paper_notebook/panel_sweeps/TLT_full_paper_grid_800_step_robust
proto_source=spot_delta_k=25_weighted=1_learnw=0,proto,spot_delta,25.0,True,False,cvar,3,-0.0138292321935296,0.0016383956292203,-0.05498246482263,-0.0813639809687932,0.8543613707165109,0.9828502734502156,0.0315338435272375,0.0316394080996884,0.0313862928348909,0.0002531152647975,0.2172897196261682,207.33333333333337,0.0542829113949165,0.0043818466353677,0.0852895148669796,,True,True,True,0.0003638609002033,0.0006914452339212,0.0005889274179935,0.0004655368005235,0.0020382702350616,0.0007427930831909,0.0009892880916595,0.0005706499020258,-0.35202492211838,-0.0794392523364485,-0.0763239875389408,0.1433021806853583,TLT,/Users/yaniszaim/deephedging/.deephedging_real_runs/final_paper_notebook/panel_sweeps/TLT_full_paper_grid_800_step_robust
proto_source=spot_delta_k=50_weighted=1_learnw=0,proto,spot_delta,50.0,True,False,cvar,3,-0.0138977676009138,0.001352481153252,-0.055233165435493,-0.0817416210969289,0.8481308411214954,0.9644080797831216,0.0432825796306133,0.0206775700934579,0.0201713395638629,0.000506230529595,0.1105919003115264,232.33333333333337,0.0540326881420642,0.0009194053208137,0.0117370892018779,,True,True,True,0.0002953254928191,0.0006229098265369,0.0005203920106093,0.0003970013931393,0.0016606301069259,0.0003651529550552,0.0006116479635238,0.0001930097738901,-0.3457943925233645,-0.073208722741433,-0.0700934579439254,0.1495327102803738,TLT,/Users/yaniszaim/deephedging/.deephedging_real_runs/final_paper_notebook/panel_sweeps/TLT_full_paper_grid_800_step_robust
proto_source=spot_delta_k=25_weighted=0_learnw=0,proto,spot_delta,25.0,False,False,cvar,3,-0.0140868866195281,0.0014914963362062,-0.0573480878025293,-0.0824293916424115,0.8504672897196262,1.0,0.0322787420203288,0.0392523364485981,0.0356113707165109,0.0036409657320872,0.2718068535825545,98.66666666666669,0.0544893476873321,0.0013497652582159,0.0219092331768388,,True,True,True,0.0001062064742048,0.0004337908079226,0.000331272991995,0.000207882374525,0.0009728595614433,-0.0003226175904273,-7.612258195877075e-05,-0.0004947607715924,-0.3481308411214953,-0.0755451713395638,-0.0724299065420561,0.1471962616822431,TLT,/Users/yaniszaim/deephedging/.deephedging_real_runs/final_paper_notebook/panel_sweeps/TLT_full_paper_grid_800_step_robust
unhedged,baseline,,,,,,3,-0.0141930930937329,0.0018154013168128,-0.0601617276668548,-0.0834022512038548,0.5023364485981309,0.0,0.0,0.0,0.0,0.0,0.0,,,,,,True,True,True,0.0,0.0003275843337178,0.0002250665177901,0.0001016759003202,0.0,-0.0012954771518707,-0.001048982143402,-0.0014676203330357,0.0,0.2725856697819314,0.2757009345794391,0.4953271028037384,TLT,/Users/yaniszaim/deephedging/.deephedging_real_runs/final_paper_notebook/panel_sweeps/TLT_full_paper_grid_800_step_robust
proto_source=vanilla_k=10_weighted=0_learnw=0,proto,vanilla,10.0,False,False,cvar,3,-0.0142722002541025,0.0017831245652472,-0.0596246330067515,-0.0826715628306071,0.9789719626168224,0.2550313075383504,0.0057914898303958,0.0,0.0,0.0,0.0,274.6666666666667,0.0552951225521004,0.0,0.0,,True,True,True,-7.910716036955631e-05,0.0002484771733482,0.0001459593574206,2.256873995065689e-05,0.0007306883732477,-0.0005647887786229,-0.0003182937701543,-0.000736931959788,-0.4766355140186915,-0.2040498442367601,-0.2009345794392524,0.0186915887850468,TLT,/Users/yaniszaim/deephedging/.deephedging_real_runs/final_paper_notebook/panel_sweeps/TLT_full_paper_grid_800_step_robust
vanilla,vanilla,,,,,cvar,3,-0.0142947689940532,0.0017200365601543,-0.0591392554342746,-0.081934630870819,0.9976635514018692,0.3946618338425954,0.0095890914089977,0.0,0.0,0.0,0.0,203.66666666666663,0.0550524016023458,0.0,0.0,,True,True,True,-0.0001016759003202,0.0002259084333976,0.0001233906174699,0.0,0.0014676203330357,0.000172143181165,0.0004186381896336,0.0,-0.4953271028037384,-0.2227414330218069,-0.2196261682242992,0.0,TLT,/Users/yaniszaim/deephedging/.deephedging_real_runs/final_paper_notebook/panel_sweeps/TLT_full_paper_grid_800_step_robust
proto_source=vanilla_k=100_weighted=1_learnw=0,proto,vanilla,100.0,True,False,cvar,3,-0.0143737013762195,0.0016910692483143,-0.058031014042596,-0.0823167438308398,0.8115264797507789,0.6494760488470396,0.0115407205109174,0.0083333333333333,0.0083333333333333,0.0,0.1448598130841121,305.6666666666667,0.0552944867179522,0.0002347417840375,0.001564945226917,,True,True,True,-0.0001806082824865,0.0001469760512312,4.4458235303560314e-05,-7.893238216638565e-05,0.001085507373015,-0.0002099697788556,3.6525229612976995e-05,-0.0003821129600207,-0.309190031152648,-0.0366043613707165,-0.0334890965732088,0.1861370716510904,TLT,/Users/yaniszaim/deephedging/.deephedging_real_runs/final_paper_notebook/panel_sweeps/TLT_full_paper_grid_800_step_robust
proto_source=vanilla_k=25_weighted=1_learnw=0,proto,vanilla,25.0,True,False,cvar,3,-0.0143963933611909,0.0016350000233544,-0.0583745217571655,-0.0811491807301839,0.9213395638629284,0.7730142076810201,0.0171724883839488,0.0835085669781931,0.0835085669781931,0.0,0.4711838006230529,15.0,0.0553772872022144,0.0004499217527386,0.0156494522691705,,True,True,True,-0.0002033002674579,0.0001242840662598,2.1766250332197132e-05,-0.0001016243671377,0.0022530704736709,0.0009575933218002,0.0012040883302688,0.0007854501406351,-0.4190031152647975,-0.146417445482866,-0.1433021806853583,0.0763239875389408,TLT,/Users/yaniszaim/deephedging/.deephedging_real_runs/final_paper_notebook/panel_sweeps/TLT_full_paper_grid_800_step_robust
proto_source=vanilla_k=10_weighted=1_learnw=0,proto,vanilla,10.0,True,False,cvar,3,-0.0144032885630925,0.0016455989955962,-0.0590786629046002,-0.0823449765642484,0.9042056074766356,0.3725249866644541,0.0100326333194971,0.0,0.0,0.0,0.0,395.3333333333333,0.0555634474284791,0.0,0.0,,True,True,True,-0.0002101954693595,0.0001173888643582,1.4871048430601178e-05,-0.0001085195690393,0.0010572746396064,-0.0002382025122642,8.29249620437622e-06,-0.0004103456934293,-0.4018691588785046,-0.1292834890965731,-0.1261682242990655,0.0934579439252337,TLT,/Users/yaniszaim/deephedging/.deephedging_real_runs/final_paper_notebook/panel_sweeps/TLT_full_paper_grid_800_step_robust
proto_source=vanilla_k=50_weighted=0_learnw=0,proto,vanilla,50.0,False,False,cvar,3,-0.0144147248938679,0.0017185807488983,-0.0601137015347679,-0.083524689078331,0.866822429906542,0.1334483089546362,0.0043507484951987,0.0,0.0,0.0,0.0,237.0,0.0552872087674525,0.0,0.0,,True,True,True,-0.0002216318001349,0.0001059525335828,3.4347176551818848e-06,-0.0001199558998147,-0.0001224378744761,-0.0014179150263468,-0.0011714200178782,-0.0015900582075119,-0.3644859813084111,-0.0919003115264797,-0.088785046728972,0.1308411214953272,TLT,/Users/yaniszaim/deephedging/.deephedging_real_runs/final_paper_notebook/panel_sweeps/TLT_full_paper_grid_800_step_robust
spot_delta_band,baseline,,,,,,3,-0.0144181596115231,0.0019136131198476,-0.0597265005111694,-0.0823532690604527,0.77803738317757,0.4322520196437835,0.0096874327088395,0.0,0.0,0.0,0.0,,,,,0.15,True,True,True,-0.0002250665177901,0.0001025178159276,0.0,-0.0001233906174699,0.001048982143402,-0.0002464950084686,0.0,-0.0004186381896336,-0.2757009345794391,-0.0031152647975076,0.0,0.2196261682242992,TLT,/Users/yaniszaim/deephedging/.deephedging_real_runs/final_paper_notebook/panel_sweeps/TLT_full_paper_grid_800_step_robust
proto_source=vanilla_k=25_weighted=0_learnw=0,proto,vanilla,25.0,False,False,cvar,3,-0.0144260277350743,0.0017361968842212,-0.0588357499490181,-0.0814433346192042,0.9517133956386292,0.6218656798203787,0.014123016813149,0.0,0.0,0.0,0.0,65.0,0.0558562591175238,0.0,0.0,,True,True,True,-0.0002329346413413,9.464969237645351e-05,-7.868123551210346e-06,-0.0001312587410211,0.0019589165846506,0.0006634394327799,0.0009099344412485,0.0004912962516148,-0.4493769470404983,-0.1767912772585669,-0.1736760124610592,0.04595015576324,TLT,/Users/yaniszaim/deephedging/.deephedging_real_runs/final_paper_notebook/panel_sweeps/TLT_full_paper_grid_800_step_robust
proto_source=vanilla_k=50_weighted=1_learnw=0,proto,vanilla,50.0,True,False,cvar,3,-0.0144770744567116,0.0017719575378876,-0.0600386878475546,-0.0832216416796048,0.8309968847352026,0.8508056402206421,0.0110309490313132,0.0034073208722741,0.0034073208722741,0.0,0.0521806853582554,94.66666666666669,0.0553052456882627,0.0,0.0,,True,True,True,-0.0002839813629786,4.360297073920452e-05,-5.891484518845934e-05,-0.0001823054626584,0.00018060952425,-0.0011148676276206,-0.000868372619152,-0.0012870108087857,-0.3286604361370717,-0.0560747663551403,-0.0529595015576326,0.1666666666666666,TLT,/Users/yaniszaim/deephedging/.deephedging_real_runs/final_paper_notebook/panel_sweeps/TLT_full_paper_grid_800_step_robust
spot_delta,baseline,,,,,,3,-0.0145206774274508,0.0020014579265184,-0.059787339468797,-0.0821067740519841,0.7749221183800623,0.582252025604248,0.0204588156193494,0.0,0.0,0.0,0.0,,,,,,True,True,True,-0.0003275843337178,0.0,-0.0001025178159276,-0.0002259084333976,0.0012954771518707,0.0,0.0002464950084686,-0.000172143181165,-0.2725856697819314,0.0,0.0031152647975076,0.2227414330218069,TLT,/Users/yaniszaim/deephedging/.deephedging_real_runs/final_paper_notebook/panel_sweeps/TLT_full_paper_grid_800_step_robust
proto_source=vanilla_k=100_weighted=0_learnw=0,proto,vanilla,100.0,False,False,cvar,3,-0.0145266745239496,0.0020017713516372,-0.0599948247894644,-0.0829563116033871,0.94392523364486,0.7449314991633097,0.0100373748379449,0.000233644859813,0.000233644859813,0.0,0.0070093457943925,367.3333333333333,0.0553647446336901,3.912363067292645e-05,0.0007824726134585,,True,True,True,-0.0003335814302166,-5.9970964988078496e-06,-0.0001085149124264,-0.0002319055298964,0.0004459396004676,-0.000849537551403,-0.0006030425429344,-0.0010216807325681,-0.441588785046729,-0.1690031152647976,-0.1658878504672899,0.0537383177570093,TLT,/Users/yaniszaim/deephedging/.deephedging_real_runs/final_paper_notebook/panel_sweeps/TLT_full_paper_grid_800_step_robust
unhedged,baseline,,,,,,3,-0.0284765617301066,0.0016721406738289,-0.1174961725870768,-0.1767849524815877,0.5065835065835066,0.0,0.0,0.0,0.0,0.0,0.0,,,,,,True,True,True,0.0,0.0002554549525181,0.0001632093141476,8.351790408293522e-05,0.0,-0.0012092739343643,-0.0011464456717173,-0.0062642594178517,0.0,0.2571032571032572,0.2591822591822592,0.4934164934164934,XLE,/Users/yaniszaim/deephedging/.deephedging_real_runs/final_paper_notebook/panel_sweeps/XLE_full_paper_grid_800_step_robust
proto_source=vanilla_k=100_weighted=0_learnw=0,proto,vanilla,100.0,False,False,cvar,3,-0.0285047919799884,0.0015166420970129,-0.1130542904138565,-0.1695796797672907,0.9376299376299376,0.9895784457524618,0.0200058279248575,0.0003291753291753,0.0003291753291753,0.0,0.011088011088011,23.0,0.1175368996804787,3.472222222222222e-05,0.0006944444444444,,True,True,True,-2.8230249881744385e-05,0.0002272247026364,0.0001349790642658,5.5287654201190833e-05,0.0072052727142969,0.0059959987799326,0.0060588270425796,0.0009410132964452,-0.431046431046431,-0.1739431739431738,-0.1718641718641718,0.0623700623700623,XLE,/Users/yaniszaim/deephedging/.deephedging_real_runs/final_paper_notebook/panel_sweeps/XLE_full_paper_grid_800_step_robust
vanilla,vanilla,,,,,cvar,3,-0.0285600796341896,0.0015335818686176,-0.1133999526500701,-0.1705206930637359,1.0,0.7350402275721232,0.0182711274052659,0.0,0.0,0.0,0.0,140.66666666666666,0.1171928091409305,0.0,0.0,,True,True,True,-8.351790408293522e-05,0.0001719370484352,7.969141006469727e-05,0.0,0.0062642594178517,0.0050549854834874,0.0051178137461344,0.0,-0.4934164934164934,-0.2363132363132362,-0.2342342342342341,0.0,XLE,/Users/yaniszaim/deephedging/.deephedging_real_runs/final_paper_notebook/panel_sweeps/XLE_full_paper_grid_800_step_robust
proto_source=spot_delta_k=50_weighted=1_learnw=0,proto,spot_delta,50.0,True,False,cvar,3,-0.0285644270479679,0.00154654541015,-0.1151921252409617,-0.1738135615984598,0.7338877338877339,0.6739599704742432,0.0156367175901929,0.0258316008316008,0.0258316008316008,0.0,0.2176022176022176,78.0,0.1163464082334604,0.0040277777777777,0.1208333333333333,,True,True,True,-8.786531786124027e-05,0.0001675896346569,7.534399628639221e-05,-4.347413778305054e-06,0.0029713908831278,0.0017621169487635,0.0018249452114105,-0.0032928685347239,-0.2273042273042272,0.0297990297990299,0.0318780318780319,0.2661122661122661,XLE,/Users/yaniszaim/deephedging/.deephedging_real_runs/final_paper_notebook/panel_sweeps/XLE_full_paper_grid_800_step_robust
proto_source=spot_delta_k=50_weighted=0_learnw=0,proto,spot_delta,50.0,False,False,cvar,3,-0.0285800024867057,0.0012534867346544,-0.1150531023740768,-0.1735818137725194,0.7408177408177408,0.9460124572118124,0.02828700778385,0.0472279972279972,0.0003638253638253,0.0468641718641718,0.2716562716562716,63.333333333333336,0.1165308762000252,0.0,0.0,,True,True,True,-0.0001034407565991,0.000152014195919,5.976855754852295e-05,-1.9922852516174316e-05,0.0032031387090682,0.0019938647747039,0.0020566930373509,-0.0030611207087834,-0.2342342342342341,0.022869022869023,0.024948024948025,0.2591822591822592,XLE,/Users/yaniszaim/deephedging/.deephedging_real_runs/final_paper_notebook/panel_sweeps/XLE_full_paper_grid_800_step_robust
proto_source=vanilla_k=25_weighted=0_learnw=0,proto,vanilla,25.0,False,False,cvar,3,-0.0286311842501163,0.0015979610696664,-0.1132287432750066,-0.1711169630289077,0.941787941787942,0.7691880663235983,0.0196233574921886,0.0,0.0,0.0,0.0,271.6666666666667,0.1172053518875812,0.0,0.0,,True,True,True,-0.0001546225200096,0.0001008324325084,8.586794137954712e-06,-7.110461592674255e-05,0.0056679894526799,0.0044587155183156,0.0045215437809626,-0.0005962699651718,-0.4352044352044353,-0.1781011781011781,-0.176022176022176,0.0582120582120581,XLE,/Users/yaniszaim/deephedging/.deephedging_real_runs/final_paper_notebook/panel_sweeps/XLE_full_paper_grid_800_step_robust
proto_source=spot_delta_k=100_weighted=0_learnw=0,proto,spot_delta,100.0,False,False,cvar,3,-0.028638598198692,0.001963251402699,-0.1133594264586766,-0.1704534987608591,0.8295218295218296,0.825357993443807,0.0387926828116178,0.0597366597366597,0.0593555093555093,0.0003811503811503,0.3167013167013167,200.66666666666663,0.1161575138384683,0.0026388888888888,0.0784722222222222,,True,True,True,-0.0001620364685853,9.341848393281184e-05,1.172845562297936e-06,-7.851856450239933e-05,0.0063314537207285,0.0051221797863642,0.0051850080490112,6.719430287679962e-05,-0.322938322938323,-0.0658350658350658,-0.0637560637560638,0.1704781704781703,XLE,/Users/yaniszaim/deephedging/.deephedging_real_runs/final_paper_notebook/panel_sweeps/XLE_full_paper_grid_800_step_robust
spot_delta_band,baseline,,,,,,3,-0.0286397710442543,0.0017436782784634,-0.1182407811284065,-0.1756385068098704,0.7657657657657658,0.5072356561819712,0.0115783798197905,0.0,0.0,0.0,0.0,,,,,0.0833333333333333,True,True,True,-0.0001632093141476,9.224563837051392e-05,0.0,-7.969141006469727e-05,0.0011464456717173,-6.28282626469745e-05,0.0,-0.0051178137461344,-0.2591822591822592,-0.002079002079002,0.0,0.2342342342342341,XLE,/Users/yaniszaim/deephedging/.deephedging_real_runs/final_paper_notebook/panel_sweeps/XLE_full_paper_grid_800_step_robust
proto_source=spot_delta_k=25_weighted=1_learnw=0,proto,spot_delta,25.0,True,False,cvar,3,-0.0286751811703046,0.0017501531502219,-0.114042026301225,-0.1716635823249817,0.9064449064449064,0.9287147323290508,0.0205973770158986,0.0018364518364518,0.0014899514899514,0.0003465003465003,0.0401940401940401,31.666666666666668,0.1164995968960639,0.0002256944444444,0.0083333333333333,,True,True,True,-0.0001986194401979,5.683551232020176e-05,-3.541012605031216e-05,-0.000115101536115,0.005121370156606,0.0039120962222417,0.0039749244848887,-0.0011428892612457,-0.3998613998613998,-0.1427581427581425,-0.1406791406791405,0.0935550935550936,XLE,/Users/yaniszaim/deephedging/.deephedging_real_runs/final_paper_notebook/panel_sweeps/XLE_full_paper_grid_800_step_robust
proto_source=spot_delta_k=100_weighted=1_learnw=0,proto,spot_delta,100.0,True,False,cvar,3,-0.02871283950905,0.0015281007348183,-0.1125482991337776,-0.1730116158723831,0.8662508662508662,0.9935841162999473,0.0199599545449018,0.0011781011781011,0.001091476091476,8.662508662508663e-05,0.0145530145530145,237.33333333333337,0.1164886510023433,0.0003993055555555,0.0090277777777777,,True,True,True,-0.0002362777789433,1.9177173574764367e-05,-7.306846479574955e-05,-0.0001527598748604,0.0037733366092046,0.0025640626748403,0.0026268909374872,-0.0024909228086471,-0.3596673596673596,-0.1025641025641024,-0.1004851004851004,0.1337491337491337,XLE,/Users/yaniszaim/deephedging/.deephedging_real_runs/final_paper_notebook/panel_sweeps/XLE_full_paper_grid_800_step_robust
proto_source=spot_delta_k=25_weighted=0_learnw=0,proto,spot_delta,25.0,False,False,cvar,3,-0.0287185683846473,0.0016170901481226,-0.1122378334403038,-0.1719891230265299,0.8579348579348579,0.9094367424647012,0.0328705379118522,0.0069819819819819,0.0069646569646569,1.7325017325017327e-05,0.0845460845460845,130.66666666666666,0.1165986629823843,0.0002604166666666,0.0027777777777777,,True,True,True,-0.0002420066545406,1.344829797744751e-05,-7.87973403930664e-05,-0.0001584887504577,0.0047958294550577,0.0035865555206934,0.0036493837833404,-0.0014684299627939,-0.3513513513513513,-0.0942480942480941,-0.092169092169092,0.1420651420651421,XLE,/Users/yaniszaim/deephedging/.deephedging_real_runs/final_paper_notebook/panel_sweeps/XLE_full_paper_grid_800_step_robust
proto_source=vanilla_k=10_weighted=0_learnw=0,proto,vanilla,10.0,False,False,cvar,3,-0.0287265386432409,0.0015818632993501,-0.1115003898739814,-0.168813814719518,0.9743589743589745,0.9923661549886068,0.0269210201998551,0.015072765072765,0.015072765072765,0.0,0.325017325017325,228.33333333333337,0.1175482011262534,0.0002951388888888,0.0118055555555555,,True,True,True,-0.0002499769131342,5.478039383888245e-06,-8.676759898662567e-05,-0.0001664590090513,0.0079711377620697,0.0067618638277053,0.0068246920903523,0.0017068783442179,-0.4677754677754678,-0.2106722106722106,-0.2085932085932086,0.0256410256410255,XLE,/Users/yaniszaim/deephedging/.deephedging_real_runs/final_paper_notebook/panel_sweeps/XLE_full_paper_grid_800_step_robust
spot_delta,baseline,,,,,,3,-0.0287320166826248,0.0018155281398119,-0.1190610428651173,-0.1755756785472234,0.7636867636867638,0.590568999449412,0.0215559278925259,0.0,0.0,0.0,0.0,,,,,,True,True,True,-0.0002554549525181,0.0,-9.224563837051392e-05,-0.0001719370484352,0.0012092739343643,0.0,6.28282626469745e-05,-0.0050549854834874,-0.2571032571032572,0.0,0.002079002079002,0.2363132363132362,XLE,/Users/yaniszaim/deephedging/.deephedging_real_runs/final_paper_notebook/panel_sweeps/XLE_full_paper_grid_800_step_robust
proto_source=spot_delta_k=10_weighted=0_learnw=0,proto,spot_delta,10.0,False,False,cvar,3,-0.0287402663379907,0.0021128688811511,-0.1149387930830319,-0.1749945183595021,0.893970893970894,0.8868536551793417,0.0190097459902366,0.0904365904365904,0.0900900900900901,0.0003465003465003,0.322938322938323,287.3333333333333,0.1166154215324463,0.0098090277777777,0.18125,,True,True,True,-0.000263704607884,-8.249655365943909e-06,-0.0001004952937364,-0.0001801867038011,0.0017904341220855,0.0005811601877212,0.0006439884503682,-0.0044738252957662,-0.3873873873873874,-0.1302841302841302,-0.1282051282051282,0.1060291060291059,XLE,/Users/yaniszaim/deephedging/.deephedging_real_runs/final_paper_notebook/panel_sweeps/XLE_full_paper_grid_800_step_robust
proto_source=vanilla_k=50_weighted=1_learnw=0,proto,vanilla,50.0,True,False,cvar,3,-0.028790894895792,0.0016997643872287,-0.1163884674509366,-0.1738579124212265,0.8773388773388774,0.6836500366528829,0.0168244459976752,0.0001732501732501,0.0,0.0001732501732501,0.0006930006930006,115.33333333333331,0.1175625748614159,0.0,0.0,,True,True,True,-0.0003143331656853,-5.887821316719055e-05,-0.0001511238515377,-0.0002308152616024,0.0029270400603612,0.0017177661259969,0.0017805943886438,-0.0033372193574905,-0.3707553707553708,-0.1136521136521135,-0.1115731115731115,0.1226611226611226,XLE,/Users/yaniszaim/deephedging/.deephedging_real_runs/final_paper_notebook/panel_sweeps/XLE_full_paper_grid_800_step_robust
proto_source=spot_delta_k=10_weighted=1_learnw=0,proto,spot_delta,10.0,True,False,cvar,3,-0.0288014678905407,0.0013780863763765,-0.1169386729598045,-0.1812885304292043,0.7782397782397782,0.8842563231786092,0.0276602264493703,0.0213617463617463,0.0211884961884961,0.0001732501732501,0.1697851697851697,161.33333333333334,0.1167201198730617,0.0041666666666666,0.0770833333333333,,True,True,True,-0.000324906160434,-6.945120791594303e-05,-0.0001616968462864,-0.0002413882563511,-0.0045035779476165,-0.0057128518819808,-0.0056500236193339,-0.0107678373654683,-0.2716562716562716,-0.0145530145530143,-0.0124740124740123,0.2217602217602218,XLE,/Users/yaniszaim/deephedging/.deephedging_real_runs/final_paper_notebook/panel_sweeps/XLE_full_paper_grid_800_step_robust
proto_source=vanilla_k=25_weighted=1_learnw=0,proto,vanilla,25.0,True,False,cvar,3,-0.0288027363518873,0.0015430591247121,-0.1143616239229838,-0.1725088457266489,0.9286209286209286,0.6155411303043365,0.0179091620569427,0.0296257796257796,0.0296257796257796,0.0,0.3305613305613306,16.0,0.117227512996592,6.944444444444444e-05,0.0020833333333333,,True,True,True,-0.0003261746217807,-7.071966926256931e-05,-0.000162965307633,-0.0002426567176977,0.0042761067549387,0.0030668328205744,0.0031296610832214,-0.0019881526629129,-0.422037422037422,-0.1649341649341648,-0.1628551628551627,0.0713790713790714,XLE,/Users/yaniszaim/deephedging/.deephedging_real_runs/final_paper_notebook/panel_sweeps/XLE_full_paper_grid_800_step_robust
proto_source=vanilla_k=50_weighted=0_learnw=0,proto,vanilla,50.0,False,False,cvar,3,-0.0288361366838216,0.0019972552781345,-0.1141575301686922,-0.1704164048035939,0.9584199584199584,0.978820264339447,0.0225700022031863,0.0018711018711018,0.0018711018711018,0.0,0.0097020097020097,481.3333333333333,0.1173893584649389,0.0002083333333333,0.0006944444444444,,True,True,True,-0.000359574953715,-0.0001041200011968,-0.0001963656395673,-0.000276057049632,0.0063685476779937,0.0051592737436294,0.0052221020062764,0.0001042882601419,-0.4518364518364519,-0.1947331947331947,-0.1926541926541927,0.0415800415800414,XLE,/Users/yaniszaim/deephedging/.deephedging_real_runs/final_paper_notebook/panel_sweeps/XLE_full_paper_grid_800_step_robust
proto_source=vanilla_k=100_weighted=1_learnw=0,proto,vanilla,100.0,True,False,cvar,3,-0.0288425472875436,0.0017449635986043,-0.1149576803048451,-0.1709044377009073,0.9133749133749132,0.8205168942610422,0.0251626602063576,0.0269230769230769,0.0268884268884268,3.4650034650034654e-05,0.2903672903672903,255.0,0.1175123807881027,0.0010416666666666,0.0208333333333333,,True,True,True,-0.0003659855574369,-0.0001105306049187,-0.0002027762432893,-0.000282467653354,0.0058805147806803,0.004671240846316,0.004734069108963,-0.0003837446371714,-0.4067914067914067,-0.1496881496881494,-0.1476091476091474,0.0866250866250867,XLE,/Users/yaniszaim/deephedging/.deephedging_real_runs/final_paper_notebook/panel_sweeps/XLE_full_paper_grid_800_step_robust
proto_source=vanilla_k=10_weighted=1_learnw=0,proto,vanilla,10.0,True,False,cvar,3,-0.0294412846366564,0.002175430199843,-0.1140457764267921,-0.1708552340666453,0.9611919611919612,0.8885185718536377,0.0281745040168364,0.0645183645183645,0.0645183645183645,0.0,0.6541926541926543,144.66666666666666,0.1172535995730302,0.0001736111111111,0.0069444444444444,,True,True,True,-0.0009647229065497,-0.0007092679540316,-0.0008015135924021,-0.0008812050024668,0.0059297184149424,0.0047204444805781,0.004783272743225,-0.0003345410029093,-0.4546084546084545,-0.1975051975051973,-0.1954261954261953,0.0388080388080388,XLE,/Users/yaniszaim/deephedging/.deephedging_real_runs/final_paper_notebook/panel_sweeps/XLE_full_paper_grid_800_step_robust
spot_delta_band,baseline,,,,,,3,-0.0236457691838343,0.0012147378533917,-0.0782489012926817,-0.1042828808228174,0.8128654970760234,0.656938632329305,0.0231841516991456,0.0,0.0,0.0,0.0,,,,,0.0333333333333333,True,True,True,0.0002846457064151,3.13532849152906e-05,0.0,0.0001589941481749,0.0029851272702217,0.0005390048027038,0.0,0.0004990423719088,-0.1827485380116958,0.0029239766081871,0.0,0.1871345029239766,XLF,/Users/yaniszaim/deephedging/.deephedging_real_runs/final_paper_notebook/panel_sweeps/XLF_full_paper_grid_800_step_robust
proto_source=spot_delta_k=25_weighted=0_learnw=0,proto,spot_delta,25.0,False,False,cvar,3,-0.0236720150957504,0.0013545035406056,-0.0768602006137371,-0.1043414523204167,0.9247076023391811,0.7536836564540863,0.017024746009459,0.0010599415204678,0.0010599415204678,0.0,0.0138888888888888,156.66666666666666,0.0893203877758545,0.0,0.0,,True,True,True,0.000258399794499,5.107372999191284e-06,-2.624591191609932e-05,0.0001327482362588,0.0029265557726224,0.0004804333051045,-5.85714975992746e-05,0.0004404708743095,-0.2945906432748537,-0.1089181286549707,-0.1118421052631578,0.0752923976608187,XLF,/Users/yaniszaim/deephedging/.deephedging_real_runs/final_paper_notebook/panel_sweeps/XLF_full_paper_grid_800_step_robust
spot_delta,baseline,,,,,,3,-0.0236771224687496,0.0012235788846538,-0.0788380267719427,-0.1048218856255213,0.8157894736842105,0.6902719736099243,0.0357011593878269,0.0,0.0,0.0,0.0,,,,,,True,True,True,0.0002532924214998,0.0,-3.13532849152906e-05,0.0001276408632596,0.0024461224675178,0.0,-0.0005390048027038,-3.9962430795043025e-05,-0.185672514619883,0.0,-0.0029239766081871,0.1842105263157895,XLF,/Users/yaniszaim/deephedging/.deephedging_real_runs/final_paper_notebook/panel_sweeps/XLF_full_paper_grid_800_step_robust
proto_source=spot_delta_k=10_weighted=0_learnw=0,proto,spot_delta,10.0,False,False,cvar,3,-0.0237462210158507,0.0009902554430374,-0.0761641698578993,-0.103728858133157,0.847953216374269,0.9121223290761312,0.0315252201010783,0.0053362573099415,0.0006213450292397,0.0047149122807017,0.0723684210526315,131.33333333333334,0.0899194707055049,0.0004038179148311,0.0058737151248164,,True,True,True,0.0001841938743988,-6.909854710102081e-05,-0.0001004518320163,5.854231615861141e-05,0.0035391499598821,0.0010930274923642,0.0005540226896603,0.0010530650615692,-0.2178362573099415,-0.0321637426900585,-0.0350877192982456,0.1520467836257309,XLF,/Users/yaniszaim/deephedging/.deephedging_real_runs/final_paper_notebook/panel_sweeps/XLF_full_paper_grid_800_step_robust
vanilla,vanilla,,,,,cvar,3,-0.0238047633320093,0.0010815107907258,-0.0768081154674291,-0.1047819231947263,1.0,0.4939577281475067,0.0121902263102432,0.0,0.0,0.0,0.0,124.33333333333331,0.0896187057943704,0.0,0.0,,True,True,True,0.0001256515582402,-0.0001276408632596,-0.0001589941481749,0.0,0.0024860848983128,3.9962430795043025e-05,-0.0004990423719088,0.0,-0.3698830409356725,-0.1842105263157895,-0.1871345029239766,0.0,XLF,/Users/yaniszaim/deephedging/.deephedging_real_runs/final_paper_notebook/panel_sweeps/XLF_full_paper_grid_800_step_robust
proto_source=vanilla_k=50_weighted=0_learnw=0,proto,vanilla,50.0,False,False,cvar,3,-0.023822583258152,0.0010451020099352,-0.0763783076157172,-0.1059820279479026,0.8991228070175438,0.8359426259994507,0.0150066199712455,0.0244152046783625,0.0234466374269005,0.0009685672514619,0.310672514619883,12.666666666666666,0.0903544640617284,0.0058370044052863,0.1160058737151248,,True,True,True,0.0001078316320975,-0.0001454607894023,-0.0001768140743176,-1.7819926142692566e-05,0.0012859801451365,-0.0011601423223813,-0.0016991471250851,-0.0012001047531763,-0.2690058479532162,-0.0833333333333332,-0.0862573099415203,0.1008771929824562,XLF,/Users/yaniszaim/deephedging/.deephedging_real_runs/final_paper_notebook/panel_sweeps/XLF_full_paper_grid_800_step_robust
proto_source=spot_delta_k=50_weighted=1_learnw=0,proto,spot_delta,50.0,True,False,cvar,3,-0.0238466455290714,0.0012708500173488,-0.0753341373056173,-0.1035340552528699,0.8698830409356725,0.9694893956184388,0.0363732607414325,0.0009502923976608,0.0009502923976608,0.0,0.0277777777777777,184.66666666666663,0.0891006277704121,1.8355359765051395e-05,0.000734214390602,,True,True,True,8.376936117807793e-05,-0.0001695230603218,-0.000200876345237,-4.188219706217563e-05,0.0037339528401692,0.0012878303726514,0.0007488255699475,0.0012478679418563,-0.2397660818713449,-0.0540935672514619,-0.057017543859649,0.1301169590643275,XLF,/Users/yaniszaim/deephedging/.deephedging_real_runs/final_paper_notebook/panel_sweeps/XLF_full_paper_grid_800_step_robust
proto_source=spot_delta_k=100_weighted=1_learnw=0,proto,spot_delta,100.0,True,False,cvar,3,-0.0238507576286792,0.00100471949157,-0.0769917791088422,-0.1043307681878407,0.8976608187134504,0.9106374979019164,0.0171732290958364,0.0012244152046783,0.0008589181286549,0.0003654970760233,0.0131578947368421,30.0,0.0896159893098573,0.0002569750367107,0.0022026431718061,,True,True,True,7.965726157029354e-05,-0.0001736351599295,-0.0002049884448448,-4.599429666996002e-05,0.0029372399051984,0.0004911174376805,-4.788736502328583e-05,0.0004511550068855,-0.2675438596491228,-0.0818713450292398,-0.0847953216374269,0.1023391812865496,XLF,/Users/yaniszaim/deephedging/.deephedging_real_runs/final_paper_notebook/panel_sweeps/XLF_full_paper_grid_800_step_robust
proto_source=spot_delta_k=25_weighted=1_learnw=0,proto,spot_delta,25.0,True,False,cvar,3,-0.0238767055173714,0.0013394647561116,-0.0766616147011518,-0.1040778582294782,0.8940058479532164,1.0,0.0240995210284988,0.0304824561403508,0.0287463450292397,0.0017361111111111,0.3077485380116959,67.33333333333333,0.0893178216425808,0.0002753303964757,0.0036710719530102,,True,True,True,5.3709372878074646e-05,-0.0001995830486218,-0.0002309363335371,-7.194218536217892e-05,0.003190149863561,0.0007440273960431,0.0002050225933392,0.0007040649652481,-0.2638888888888888,-0.0782163742690058,-0.0811403508771929,0.1059941520467836,XLF,/Users/yaniszaim/deephedging/.deephedging_real_runs/final_paper_notebook/panel_sweeps/XLF_full_paper_grid_800_step_robust
unhedged,baseline,,,,,,3,-0.0239304148902495,0.0011589337350663,-0.0785621404647827,-0.1072680080930392,0.6301169590643275,0.0,0.0,0.0,0.0,0.0,0.0,,,,,,True,True,True,0.0,-0.0002532924214998,-0.0002846457064151,-0.0001256515582402,0.0,-0.0024461224675178,-0.0029851272702217,-0.0024860848983128,0.0,0.185672514619883,0.1827485380116958,0.3698830409356725,XLF,/Users/yaniszaim/deephedging/.deephedging_real_runs/final_paper_notebook/panel_sweeps/XLF_full_paper_grid_800_step_robust
proto_source=vanilla_k=100_weighted=0_learnw=0,proto,vanilla,100.0,False,False,cvar,3,-0.0239454402277867,0.0012368537465651,-0.0766930704315503,-0.1056753993034362,0.908625730994152,0.885942280292511,0.0157157255647083,0.0024122807017543,0.0015533625730994,0.0008589181286549,0.0423976608187134,75.33333333333333,0.0899895781338476,0.0005139500734214,0.0066079295154185,,True,True,True,-1.5025337537132031e-05,-0.000268317759037,-0.0002996710439523,-0.0001406768957773,0.0015926087896029,-0.0008535136779149,-0.0013925184806187,-0.0008934761087099,-0.2785087719298246,-0.0928362573099416,-0.0957602339181287,0.0913742690058478,XLF,/Users/yaniszaim/deephedging/.deephedging_real_runs/final_paper_notebook/panel_sweeps/XLF_full_paper_grid_800_step_robust
proto_source=vanilla_k=25_weighted=0_learnw=0,proto,vanilla,25.0,False,False,cvar,3,-0.0239898581057786,0.0012680044759005,-0.0771644835670789,-0.1057969207564989,0.9195906432748538,1.0,0.0193805107846856,0.0322551169590643,0.0321637426900584,9.137426900584796e-05,0.3362573099415205,72.66666666666667,0.0899643835356792,0.0002202643171806,0.0036710719530102,,True,True,True,-5.94432155291251e-05,-0.000312735637029,-0.0003440889219443,-0.0001850947737693,0.0014710873365402,-0.0009750351309776,-0.0015140399336814,-0.0010149975617726,-0.2894736842105263,-0.1038011695906433,-0.1067251461988304,0.0804093567251461,XLF,/Users/yaniszaim/deephedging/.deephedging_real_runs/final_paper_notebook/panel_sweeps/XLF_full_paper_grid_800_step_robust
proto_source=spot_delta_k=100_weighted=0_learnw=0,proto,spot_delta,100.0,False,False,cvar,3,-0.0240767778207858,0.0005439617964394,-0.0765678131332,-0.1046469261248906,0.8801169590643275,0.95189102490743,0.034793966760238,0.0655153508771929,1.827485380116959e-05,0.0654970760233918,0.2076023391812865,111.33333333333331,0.0891492469361251,0.0011563876651982,0.0044052863436123,,True,True,True,-0.0001463629305362,-0.0003996553520361,-0.0004310086369514,-0.0002720144887765,0.0026210819681485,0.0001749595006307,-0.0003640453020731,0.0001349970698356,-0.25,-0.064327485380117,-0.0672514619883041,0.1198830409356724,XLF,/Users/yaniszaim/deephedging/.deephedging_real_runs/final_paper_notebook/panel_sweeps/XLF_full_paper_grid_800_step_robust
proto_source=vanilla_k=10_weighted=1_learnw=0,proto,vanilla,10.0,True,False,cvar,3,-0.0241121302048365,0.0011651736282606,-0.0769954919815063,-0.1041783119241396,0.9181286549707602,0.735768328110377,0.0229269694536924,0.1001461988304093,0.1001461988304093,0.0,0.3362573099415205,372.6666666666667,0.09001621418943,0.0,0.0,,True,True,True,-0.0001817153145869,-0.0004350077360868,-0.0004663610210021,-0.0003073668728272,0.0030896961688995,0.0006435737013816,0.0001045688986778,0.0006036112705866,-0.2880116959064327,-0.1023391812865497,-0.1052631578947368,0.0818713450292397,XLF,/Users/yaniszaim/deephedging/.deephedging_real_runs/final_paper_notebook/panel_sweeps/XLF_full_paper_grid_800_step_robust
proto_source=vanilla_k=100_weighted=1_learnw=0,proto,vanilla,100.0,True,False,cvar,3,-0.0242824188123146,0.0011182260841376,-0.0773719319452842,-0.1046219045917193,0.8874269005847953,0.7501867214838663,0.023860842299958,0.1665752923976608,0.1665752923976608,0.0,0.6666666666666666,125.33333333333331,0.0904883933288869,0.0038913362701908,0.1204111600587371,,True,True,True,-0.0003520039220651,-0.0006052963435649,-0.0006366496284802,-0.0004776554803053,0.0026461035013198,0.000199981033802,-0.0003390237689018,0.0001600186030069,-0.2573099415204678,-0.0716374269005848,-0.0745614035087719,0.1125730994152046,XLF,/Users/yaniszaim/deephedging/.deephedging_real_runs/final_paper_notebook/panel_sweeps/XLF_full_paper_grid_800_step_robust
proto_source=spot_delta_k=50_weighted=0_learnw=0,proto,spot_delta,50.0,False,False,cvar,3,-0.0243766804536183,0.0020024167603781,-0.0766085181385278,-0.1060258522629737,0.9005847953216374,0.9748130242029824,0.029240100334088,0.069188596491228,0.0,0.069188596491228,0.3092105263157895,23.666666666666668,0.0896795471460406,0.0029735682819383,0.0146842878120411,,True,True,True,-0.0004462655633687,-0.0006995579848686,-0.0007309112697839,-0.000571917121609,0.0012421558300654,-0.0012039666374524,-0.0017429714401562,-0.0012439290682474,-0.2704678362573098,-0.0847953216374268,-0.0877192982456139,0.0994152046783626,XLF,/Users/yaniszaim/deephedging/.deephedging_real_runs/final_paper_notebook/panel_sweeps/XLF_full_paper_grid_800_step_robust
proto_source=spot_delta_k=10_weighted=1_learnw=0,proto,spot_delta,10.0,True,False,cvar,3,-0.0244469450165828,0.002219178483844,-0.0752894468605518,-0.1020800893505414,0.8976608187134504,1.0,0.0411642454564571,0.1361476608187134,0.1069627192982456,0.0291849415204678,0.6673976608187134,58.0,0.0905262005940167,0.0111233480176211,0.2334801762114537,,True,True,True,-0.0005165301263332,-0.0007698225478331,-0.0008011758327484,-0.0006421816845734,0.0051879187424977,0.0027417962749799,0.002202791472276,0.0027018338441848,-0.2675438596491228,-0.0818713450292398,-0.0847953216374269,0.1023391812865496,XLF,/Users/yaniszaim/deephedging/.deephedging_real_runs/final_paper_notebook/panel_sweeps/XLF_full_paper_grid_800_step_robust
proto_source=vanilla_k=50_weighted=1_learnw=0,proto,vanilla,50.0,True,False,cvar,3,-0.0244675446301698,0.0014318151057495,-0.0775543662408987,-0.1055037702123324,0.9364035087719298,0.7174701889355978,0.0231636585667729,0.0005299707602339,0.0005299707602339,0.0,0.0073099415204678,242.33333333333337,0.0898398282742722,0.000734214390602,0.0022026431718061,,True,True,True,-0.0005371297399202,-0.0007904221614201,-0.0008217754463354,-0.0006627812981605,0.0017642378807067,-0.000681884586811,-0.0012208893895149,-0.0007218470176061,-0.3062865497076023,-0.1206140350877192,-0.1235380116959063,0.0635964912280702,XLF,/Users/yaniszaim/deephedging/.deephedging_real_runs/final_paper_notebook/panel_sweeps/XLF_full_paper_grid_800_step_robust
proto_source=vanilla_k=10_weighted=0_learnw=0,proto,vanilla,10.0,False,False,cvar,3,-0.0246097619334856,0.0016830631541069,-0.075779636700948,-0.1033736541867256,0.970029239766082,0.9998142520586648,0.0338079128414392,0.040734649122807,0.040734649122807,0.0,0.3464912280701754,288.3333333333333,0.0902310727944149,0.0023678414096916,0.0939794419970631,,True,True,True,-0.000679347043236,-0.0009326394647359,-0.0009639927496512,-0.0008049986014763,0.0038943539063135,0.0014482314387957,0.0009092266360918,0.0014082690080006,-0.3399122807017544,-0.1542397660818714,-0.1571637426900585,0.029970760233918,XLF,/Users/yaniszaim/deephedging/.deephedging_real_runs/final_paper_notebook/panel_sweeps/XLF_full_paper_grid_800_step_robust
proto_source=vanilla_k=25_weighted=1_learnw=0,proto,vanilla,25.0,True,False,cvar,3,-0.0251394820710023,0.0008997859372855,-0.0756131739666064,-0.1055985291798909,0.9320175438596492,1.0,0.0530737986167271,0.0713815789473684,0.0713815789473684,0.0,0.7573099415204677,381.3333333333333,0.090196688012302,0.0011563876651982,0.026431718061674,,True,True,True,-0.0012090671807527,-0.0014623596022526,-0.0014937128871679,-0.001334718738993,0.0016694789131482,-0.0007766435543695,-0.0013156483570734,-0.0008166059851646,-0.3019005847953215,-0.1162280701754385,-0.1191520467836256,0.0679824561403509,XLF,/Users/yaniszaim/deephedging/.deephedging_real_runs/final_paper_notebook/panel_sweeps/XLF_full_paper_grid_800_step_robust
proto_source=spot_delta_k=25_weighted=0_learnw=0,proto,spot_delta,25.0,False,False,cvar,3,-0.027727385982871,0.0008591608030599,-0.0850624510397513,-0.1072895055015881,0.883177570093458,1.0,0.0362176224589347,0.0061915887850467,0.0044003115264797,0.0017912772585669,0.0817757009345794,376.3333333333333,0.10394884667986,0.0019757433489827,0.0172143974960876,,True,True,True,0.0007360534121592,0.0005740150809288,0.0005643082161744,0.0003620243320862,0.0061913977066675,0.0019516324003537,0.0024246002237002,0.0020417720079421,-0.2227414330218069,-0.0420560747663552,-0.0459501557632399,0.1059190031152648,XLK,/Users/yaniszaim/deephedging/.deephedging_real_runs/final_paper_notebook/panel_sweeps/XLK_full_paper_grid_800_step_robust
proto_source=spot_delta_k=100_weighted=0_learnw=0,proto,spot_delta,100.0,False,False,cvar,3,-0.0278825753678878,0.0002485322430642,-0.0860018270711104,-0.106429286301136,0.8621495327102804,0.9935431281725564,0.0342896257837613,0.011857476635514,0.0115264797507788,0.0003309968847352,0.0825545171339563,180.33333333333337,0.103735963975346,0.0016431924882629,0.0195618153364632,,True,True,True,0.0005808640271425,0.000418825695912,0.0004091188311576,0.0002068349470694,0.0070516169071197,0.0028118516008059,0.0032848194241523,0.0029019912083943,-0.2017133956386293,-0.0210280373831776,-0.0249221183800623,0.1269470404984424,XLK,/Users/yaniszaim/deephedging/.deephedging_real_runs/final_paper_notebook/panel_sweeps/XLK_full_paper_grid_800_step_robust
proto_source=spot_delta_k=10_weighted=1_learnw=0,proto,spot_delta,10.0,True,False,cvar,3,-0.0279328922430674,0.0003126146504533,-0.0869331038246552,-0.1095165312290191,0.8777258566978193,0.9250674843788148,0.0359347555786371,0.0013045171339563,0.0013045171339563,0.0,0.0249221183800623,90.33333333333331,0.104223198580799,1.9561815336463226e-05,0.0007824726134585,,True,True,True,0.0005305471519629,0.0003685088207324,0.000358801955978,0.0001565180718898,0.0039643719792366,-0.0002753933270772,0.0001975744962692,-0.0001852537194887,-0.2172897196261682,-0.0366043613707165,-0.0404984423676012,0.1113707165109034,XLK,/Users/yaniszaim/deephedging/.deephedging_real_runs/final_paper_notebook/panel_sweeps/XLK_full_paper_grid_800_step_robust
proto_source=spot_delta_k=50_weighted=1_learnw=0,proto,spot_delta,50.0,True,False,cvar,3,-0.0279388856142759,0.0001798543082435,-0.0859305441379547,-0.1084834014376004,0.8785046728971962,0.96343594789505,0.0359212898959716,0.080977414330218,0.0806658878504672,0.0003115264797507,0.3341121495327103,41.333333333333336,0.1055626517031429,0.006338028169014,0.1118935837245696,,True,True,True,0.0005245537807544,0.0003625154495239,0.0003528085847695,0.0001505247006813,0.0049975017706553,0.0007577364643414,0.0012307042876879,0.0008478760719299,-0.2180685358255452,-0.0373831775700934,-0.0412772585669781,0.1105919003115265,XLK,/Users/yaniszaim/deephedging/.deephedging_real_runs/final_paper_notebook/panel_sweeps/XLK_full_paper_grid_800_step_robust
proto_source=spot_delta_k=50_weighted=0_learnw=0,proto,spot_delta,50.0,False,False,cvar,3,-0.0279638239492972,0.0005116895639952,-0.0851193887492021,-0.1077817529439926,0.8605919003115264,1.0,0.0369079535206159,0.0064641744548286,0.0063862928348909,7.788161993769471e-05,0.057632398753894,265.0,0.1042015747614904,0.0007042253521126,0.0046948356807511,,True,True,True,0.000499615445733,0.0003375771145025,0.0003278702497482,0.00012558636566,0.0056991502642631,0.0014593849579493,0.0019323527812957,0.0015495245655377,-0.2001557632398753,-0.0194704049844236,-0.0233644859813083,0.1285046728971963,XLK,/Users/yaniszaim/deephedging/.deephedging_real_runs/final_paper_notebook/panel_sweeps/XLK_full_paper_grid_800_step_robust
vanilla,vanilla,,,,,cvar,3,-0.0280894103149573,0.0003049795467357,-0.0877813064803679,-0.1093312775095303,0.9890965732087228,0.7651671667893728,0.0190172937388221,0.026382398753894,0.026382398753894,0.0,0.3333333333333333,294.0,0.1052194556692565,1.9561815336463226e-05,0.0007824726134585,,True,True,True,0.000374029080073,0.0002119907488425,0.0002022838840881,0.0,0.0041496256987253,-9.013960758844086e-05,0.000382828215758,0.0,-0.3286604361370717,-0.14797507788162,-0.1518691588785047,0.0,XLK,/Users/yaniszaim/deephedging/.deephedging_real_runs/final_paper_notebook/panel_sweeps/XLK_full_paper_grid_800_step_robust
proto_source=vanilla_k=10_weighted=0_learnw=0,proto,vanilla,10.0,False,False,cvar,3,-0.0281314353148142,0.0001891283461127,-0.0884407163908084,-0.1095216497778892,0.9774143302180685,0.7833781441052755,0.01842510762314,0.0006230529595015,0.0006230529595015,0.0,0.0147975077881619,268.6666666666667,0.1056717010740123,0.0012519561815336,0.0297339593114241,,True,True,True,0.000332004080216,0.0001699657489856,0.0001602588842312,-4.202499985694885e-05,0.0039592534303665,-0.0002805118759473,0.0001924559473991,-0.0001903722683588,-0.3169781931464174,-0.1362928348909656,-0.1401869158878503,0.0116822429906543,XLK,/Users/yaniszaim/deephedging/.deephedging_real_runs/final_paper_notebook/panel_sweeps/XLK_full_paper_grid_800_step_robust
proto_source=vanilla_k=10_weighted=1_learnw=0,proto,vanilla,10.0,True,False,cvar,3,-0.0281332433223724,0.0004633734954919,-0.087094002092878,-0.1097551311055819,0.957165109034268,0.8819712003072103,0.0263288083175818,0.0172313084112149,0.0172313084112149,0.0,0.293613707165109,109.66666666666669,0.1057027227648844,0.0,0.0,,True,True,True,0.0003301960726579,0.0001681577414274,0.000158450876673,-4.3833007415134545e-05,0.0037257721026738,-0.0005139932036399,-4.1025380293532865e-05,-0.0004238535960515,-0.2967289719626169,-0.1160436137071652,-0.1199376947040499,0.0319314641744548,XLK,/Users/yaniszaim/deephedging/.deephedging_real_runs/final_paper_notebook/panel_sweeps/XLK_full_paper_grid_800_step_robust
proto_source=vanilla_k=100_weighted=1_learnw=0,proto,vanilla,100.0,True,False,cvar,3,-0.0281353077540795,0.0002980054503497,-0.0883045646051565,-0.1099460373322169,0.9306853582554516,0.9083534081776936,0.0232073714335759,0.082398753894081,0.0822819314641744,0.0001168224299065,0.3419003115264797,124.33333333333331,0.1058806223973212,0.0004107981220657,0.0070422535211267,,True,True,True,0.0003281316409508,0.0001660933097203,0.0001563864449659,-4.589743912220001e-05,0.0035348658760388,-0.0007048994302749,-0.0002319316069285,-0.0006147598226865,-0.2702492211838005,-0.0895638629283488,-0.0934579439252335,0.0584112149532711,XLK,/Users/yaniszaim/deephedging/.deephedging_real_runs/final_paper_notebook/panel_sweeps/XLK_full_paper_grid_800_step_robust
proto_source=spot_delta_k=25_weighted=1_learnw=0,proto,spot_delta,25.0,True,False,cvar,3,-0.0281642799576123,0.0005869199032452,-0.0877566011001666,-0.1068461363514264,0.8714953271028038,0.9142101804415383,0.0424664722134669,0.1007788161993769,0.1000584112149532,0.0007204049844236,0.4213395638629283,29.666666666666668,0.1037435608176173,0.0011150234741784,0.043035993740219,,True,True,True,0.0002991594374179,0.0001371211061875,0.0001274142414331,-7.486964265505242e-05,0.0066347668568293,0.0023950015505155,0.0028679693738619,0.0024851411581039,-0.2110591900311527,-0.0303738317757009,-0.0342679127725856,0.117601246105919,XLK,/Users/yaniszaim/deephedging/.deephedging_real_runs/final_paper_notebook/panel_sweeps/XLK_full_paper_grid_800_step_robust
proto_source=spot_delta_k=10_weighted=0_learnw=0,proto,spot_delta,10.0,False,False,cvar,3,-0.0281860536585251,0.0001768702217927,-0.0895174502084652,-0.1096924866239229,0.912772585669782,0.8329565723737081,0.0262920595705509,0.0,0.0,0.0,0.0,117.0,0.1046060617205997,0.0,0.0,,True,True,True,0.0002773857365051,0.0001153474052747,0.0001056405405203,-9.66433435678482e-05,0.0037884165843327,-0.000451348721981,2.161910136540268e-05,-0.0003612091143926,-0.2523364485981308,-0.0716510903426791,-0.0755451713395638,0.0763239875389408,XLK,/Users/yaniszaim/deephedging/.deephedging_real_runs/final_paper_notebook/panel_sweeps/XLK_full_paper_grid_800_step_robust
proto_source=vanilla_k=25_weighted=1_learnw=0,proto,vanilla,25.0,True,False,cvar,3,-0.0282274615019559,0.0001876363607928,-0.0877631566176811,-0.1097129260500272,0.9618380062305296,0.7572578390439352,0.0211691285173098,0.0327881619937694,0.0327881619937694,0.0,0.3325545171339564,147.66666666666666,0.1056603036543678,0.0001173708920187,0.0023474178403755,,True,True,True,0.0002359778930743,7.393956184387207e-05,6.423269708951199e-05,-0.0001380511869986,0.0037679771582285,-0.0004717881480852,1.179675261184232e-06,-0.0003816485404968,-0.3014018691588785,-0.1207165109034268,-0.1246105919003115,0.0272585669781931,XLK,/Users/yaniszaim/deephedging/.deephedging_real_runs/final_paper_notebook/panel_sweeps/XLK_full_paper_grid_800_step_robust
proto_source=vanilla_k=50_weighted=0_learnw=0,proto,vanilla,50.0,False,False,cvar,3,-0.0282835798958937,0.0002656676141708,-0.0888508301228284,-0.1106979151566823,0.9595015576323987,0.7927443087100983,0.01420960513254,0.0098325545171339,0.0098325545171339,0.0,0.3239875389408099,148.33333333333334,0.1057719518843067,0.0038145539906103,0.1009389671361502,,True,True,True,0.0001798594991366,1.782116790612423e-05,8.114303151764146e-06,-0.0001941695809364,0.0027829880515734,-0.0014567772547403,-0.0009838094313939,-0.0013666376471519,-0.2990654205607477,-0.1183800623052959,-0.1222741433021806,0.029595015576324,XLK,/Users/yaniszaim/deephedging/.deephedging_real_runs/final_paper_notebook/panel_sweeps/XLK_full_paper_grid_800_step_robust
spot_delta_band,baseline,,,,,,3,-0.0282916941990454,0.0004162685495479,-0.0874347830812136,-0.1097141057252883,0.8372274143302181,0.597874661286672,0.0169031353046496,0.0,0.0,0.0,0.0,,,,,0.0333333333333333,True,True,True,0.0001717451959848,9.706864754360084e-06,0.0,-0.0002022838840881,0.0037667974829673,-0.0004729678233464,0.0,-0.000382828215758,-0.176791277258567,0.0038940809968847,0.0,0.1518691588785047,XLK,/Users/yaniszaim/deephedging/.deephedging_real_runs/final_paper_notebook/panel_sweeps/XLK_full_paper_grid_800_step_robust
spot_delta,baseline,,,,,,3,-0.0283014010637998,0.0003991878429536,-0.0873260592420895,-0.1092411379019419,0.8411214953271028,0.6312080025672913,0.0247926302254199,0.0,0.0,0.0,0.0,,,,,,True,True,True,0.0001620383312304,0.0,-9.706864754360084e-06,-0.0002119907488425,0.0042397653063138,0.0,0.0004729678233464,9.013960758844086e-05,-0.1806853582554517,0.0,-0.0038940809968847,0.14797507788162,XLK,/Users/yaniszaim/deephedging/.deephedging_real_runs/final_paper_notebook/panel_sweeps/XLK_full_paper_grid_800_step_robust
proto_source=vanilla_k=100_weighted=0_learnw=0,proto,vanilla,100.0,False,False,cvar,3,-0.0283294655382633,0.0001469445808186,-0.087973969678084,-0.110469065606594,0.968847352024922,0.8292884826660156,0.0187023170292377,0.0004088785046728,0.0004088785046728,0.0,0.0023364485981308,161.0,0.1058310640218386,0.0007237871674491,0.0023474178403755,,True,True,True,0.000133973856767,-2.806447446346283e-05,-3.7771339217822913e-05,-0.000240055223306,0.0030118376016616,-0.0012279277046521,-0.0007549598813056,-0.0011377880970637,-0.3084112149532709,-0.1277258566978192,-0.1316199376947039,0.0202492211838007,XLK,/Users/yaniszaim/deephedging/.deephedging_real_runs/final_paper_notebook/panel_sweeps/XLK_full_paper_grid_800_step_robust
proto_source=vanilla_k=25_weighted=0_learnw=0,proto,vanilla,25.0,False,False,cvar,3,-0.0283378772437572,0.0004791886132987,-0.0891266165922085,-0.1104464630285898,0.9820872274143304,0.7127515772978464,0.0182414532949527,0.0,0.0,0.0,0.0,299.6666666666667,0.105704866266206,0.0001760563380281,0.0054773082942097,,True,True,True,0.000125562151273,-3.647617995738983e-05,-4.618304471174991e-05,-0.0002484669287999,0.0030344401796658,-0.0012053251266479,-0.0007323573033014,-0.0011151855190595,-0.3216510903426792,-0.1409657320872275,-0.1448598130841122,0.0070093457943924,XLK,/Users/yaniszaim/deephedging/.deephedging_real_runs/final_paper_notebook/panel_sweeps/XLK_full_paper_grid_800_step_robust
proto_source=spot_delta_k=100_weighted=1_learnw=0,proto,spot_delta,100.0,True,False,cvar,3,-0.0284510708103577,0.0007353197499146,-0.0874780318389336,-0.1081893295049667,0.897196261682243,0.9416343967119852,0.0279619731009006,0.0173676012461059,0.0165887850467289,0.0007788161993769,0.1347352024922118,33.0,0.1040707639284309,0.0002934272300469,0.0031298904538341,,True,True,True,1.2368584672607652e-05,-0.0001496697465578,-0.0001593766113122,-0.0003616604954004,0.005291573703289,0.0010518083969752,0.0015247762203216,0.0011419480045636,-0.2367601246105919,-0.0560747663551401,-0.0599688473520249,0.0919003115264798,XLK,/Users/yaniszaim/deephedging/.deephedging_real_runs/final_paper_notebook/panel_sweeps/XLK_full_paper_grid_800_step_robust
unhedged,baseline,,,,,,3,-0.0284634393950303,0.0002582270598795,-0.0913065632184346,-0.1134809032082557,0.660436137071651,0.0,0.0,0.0,0.0,0.0,0.0,,,,,,True,True,True,0.0,-0.0001620383312304,-0.0001717451959848,-0.000374029080073,0.0,-0.0042397653063138,-0.0037667974829673,-0.0041496256987253,0.0,0.1806853582554517,0.176791277258567,0.3286604361370717,XLK,/Users/yaniszaim/deephedging/.deephedging_real_runs/final_paper_notebook/panel_sweeps/XLK_full_paper_grid_800_step_robust
proto_source=vanilla_k=50_weighted=1_learnw=0,proto,vanilla,50.0,True,False,cvar,3,-0.0302574758728345,0.0015685942291374,-0.0939289330194393,-0.1165749058127403,0.8660436137071651,1.0,0.0441303278009096,0.1672507788161994,0.0657320872274143,0.101518691588785,0.9485981308411215,74.0,0.1055373048368281,0.0019366197183098,0.0375586854460093,,True,True,True,-0.0017940364778041,-0.0019560748090346,-0.001965781673789,-0.0021680655578772,-0.0030940026044845,-0.0073337679107983,-0.0068608000874519,-0.0072436283032099,-0.205607476635514,-0.0249221183800623,-0.028816199376947,0.1230529595015577,XLK,/Users/yaniszaim/deephedging/.deephedging_real_runs/final_paper_notebook/panel_sweeps/XLK_full_paper_grid_800_step_robust
proto_source=spot_delta_k=10_weighted=1_learnw=0,proto,spot_delta,10.0,True,False,cvar,3,-0.0182235669344663,0.0009083230478624,-0.0566057497635483,-0.0831306849916776,0.9006259780907668,0.9959464271863302,0.0267680417746305,0.0058685446009389,0.0058685446009389,0.0,0.1291079812206572,24.333333333333332,0.0758350412033896,9.827044025157232e-05,0.0031446540880503,,True,True,True,0.0002216082066297,0.0002251428862412,0.0002165138721466,0.0001935965071121,0.0048122505346934,0.0020328611135482,0.0020757615566253,0.0034815495212872,-0.3294209702660406,-0.1040688575899843,-0.107981220657277,0.0993740219092331,XLV,/Users/yaniszaim/deephedging/.deephedging_real_runs/final_paper_notebook/panel_sweeps/XLV_full_paper_grid_800_step_robust
proto_source=spot_delta_k=10_weighted=0_learnw=0,proto,spot_delta,10.0,False,False,cvar,3,-0.0182275492697954,0.000575589197946,-0.0574468622605005,-0.0826581393678983,0.8974960876369327,1.0,0.0306922364979982,0.0032276995305164,0.0032276995305164,0.0,0.0805946791862284,49.0,0.075761668172741,0.0001572327044025,0.0015723270440251,,True,True,True,0.0002176258713006,0.0002211605509122,0.0002125315368175,0.0001896141717831,0.0052847961584727,0.0025054067373275,0.0025483071804046,0.0039540951450665,-0.3262910798122065,-0.1009389671361501,-0.1048513302034428,0.1025039123630673,XLV,/Users/yaniszaim/deephedging/.deephedging_real_runs/final_paper_notebook/panel_sweeps/XLV_full_paper_grid_800_step_robust
proto_source=spot_delta_k=50_weighted=1_learnw=0,proto,spot_delta,50.0,True,False,cvar,3,-0.0183084495365619,0.0007893026173157,-0.0578494782870014,-0.0841291646162668,0.8513302034428795,0.7208622296651205,0.0334333150337139,0.0,0.0,0.0,0.0,120.66666666666669,0.0754950470228989,0.0,0.0,,True,True,True,0.0001367256045341,0.0001402602841456,0.000131631270051,0.0001087139050165,0.0038137709101041,0.0010343814889589,0.001077281932036,0.0024830698966979,-0.2801251956181533,-0.0547730829420969,-0.0586854460093896,0.1486697965571205,XLV,/Users/yaniszaim/deephedging/.deephedging_real_runs/final_paper_notebook/panel_sweeps/XLV_full_paper_grid_800_step_robust
proto_source=spot_delta_k=50_weighted=0_learnw=0,proto,spot_delta,50.0,False,False,cvar,3,-0.0183380519350369,0.000805184305077,-0.0589129511887828,-0.0859233637650807,0.8599374021909233,0.8850274284680685,0.0226956283052762,0.0,0.0,0.0,0.0,304.0,0.075627447130633,9.827044025157232e-05,0.0023584905660377,,True,True,True,0.0001071232060591,0.0001106578856706,0.0001020288715759,7.911150654157234e-05,0.0020195717612902,-0.0007598176598548,-0.0007169172167778,0.0006888707478841,-0.2887323943661971,-0.0633802816901407,-0.0672926447574334,0.1400625978090767,XLV,/Users/yaniszaim/deephedging/.deephedging_real_runs/final_paper_notebook/panel_sweeps/XLV_full_paper_grid_800_step_robust
proto_source=spot_delta_k=25_weighted=0_learnw=0,proto,spot_delta,25.0,False,False,cvar,3,-0.0183527823537588,0.0010533623286745,-0.0587907169635097,-0.0861873502532641,0.8974960876369327,0.7249569694201151,0.0186061306546131,0.0001760563380281,0.0,0.0001760563380281,0.001564945226917,104.66666666666669,0.0758300221400663,1.9654088050314464e-05,0.0007861635220125,,True,True,True,9.239278733730316e-05,9.592746694882596e-05,8.72984528541565e-05,6.438108781973637e-05,0.0017555852731068,-0.0010238041480382,-0.0009809037049611,0.0004248842597007,-0.3262910798122065,-0.1009389671361501,-0.1048513302034428,0.1025039123630673,XLV,/Users/yaniszaim/deephedging/.deephedging_real_runs/final_paper_notebook/panel_sweeps/XLV_full_paper_grid_800_step_robust
vanilla,vanilla,,,,,cvar,3,-0.0184171634415785,0.0009093182193539,-0.0590879566346605,-0.0866122345129648,1.0,0.3265574375788371,0.0081331660039722,0.0,0.0,0.0,0.0,118.66666666666669,0.0761513841004731,0.0,0.0,,True,True,True,2.8011699517566796e-05,3.1546379129089586e-05,2.291736503442013e-05,0.0,0.0013307010134061,-0.001448688407739,-0.0014057879646619,0.0,-0.4287949921752738,-0.2034428794992174,-0.2073552425665101,0.0,XLV,/Users/yaniszaim/deephedging/.deephedging_real_runs/final_paper_notebook/panel_sweeps/XLV_full_paper_grid_800_step_robust
spot_delta_band,baseline,,,,,,3,-0.0184400808066129,0.0011945854762736,-0.0578471521536509,-0.0852064465483029,0.7926447574334898,0.5876089731852213,0.0172807946801185,0.0,0.0,0.0,0.0,,,,,0.02,True,True,True,5.0943344831466675e-06,8.629014094669457e-06,0.0,-2.291736503442013e-05,0.002736488978068,-4.29004430770874e-05,0.0,0.0014057879646619,-0.2214397496087636,0.0039123630672927,0.0,0.2073552425665101,XLV,/Users/yaniszaim/deephedging/.deephedging_real_runs/final_paper_notebook/panel_sweeps/XLV_full_paper_grid_800_step_robust
unhedged,baseline,,,,,,3,-0.0184451751410961,0.0009393993087929,-0.0599502225716908,-0.087942935526371,0.5712050078247262,0.0,0.0,0.0,0.0,0.0,0.0,,,,,,True,True,True,0.0,3.5346796115227896e-06,-5.0943344831466675e-06,-2.8011699517566796e-05,0.0,-0.0027793894211451,-0.002736488978068,-0.0013307010134061,0.0,0.2253521126760563,0.2214397496087636,0.4287949921752738,XLV,/Users/yaniszaim/deephedging/.deephedging_real_runs/final_paper_notebook/panel_sweeps/XLV_full_paper_grid_800_step_robust
spot_delta,baseline,,,,,,3,-0.0184487098207076,0.0011715618698616,-0.0580617329105734,-0.0851635461052258,0.7965571205007825,0.60760897397995,0.0221494951595862,0.0,0.0,0.0,0.0,,,,,,True,True,True,-3.5346796115227896e-06,0.0,-8.629014094669457e-06,-3.1546379129089586e-05,0.0027793894211451,0.0,4.29004430770874e-05,0.001448688407739,-0.2253521126760563,0.0,-0.0039123630672927,0.2034428794992174,XLV,/Users/yaniszaim/deephedging/.deephedging_real_runs/final_paper_notebook/panel_sweeps/XLV_full_paper_grid_800_step_robust
proto_source=vanilla_k=50_weighted=1_learnw=0,proto,vanilla,50.0,True,False,cvar,3,-0.0185311418026685,0.0009213993967959,-0.0569161623716354,-0.0841407527526219,0.9256651017214396,1.0,0.0286855573455492,0.1459702660406885,0.1459702660406885,0.0,0.9679186228482004,138.66666666666666,0.0765856367209633,1.9654088050314464e-05,0.0007861635220125,,True,True,True,-8.596666157245636e-05,-8.243198196093357e-05,-9.106099605560304e-05,-0.00011397836109,0.003802182773749,0.0010227933526039,0.0010656937956809,0.0024714817603429,-0.3544600938967135,-0.1291079812206571,-0.1330203442879498,0.0743348982785603,XLV,/Users/yaniszaim/deephedging/.deephedging_real_runs/final_paper_notebook/panel_sweeps/XLV_full_paper_grid_800_step_robust
proto_source=spot_delta_k=25_weighted=1_learnw=0,proto,spot_delta,25.0,True,False,cvar,3,-0.0185339556386073,0.0012515804152884,-0.0580174354836344,-0.085083432495594,0.8701095461658842,0.8615339994430542,0.0223983333756526,0.0023082942097026,0.0023082942097026,0.0,0.0375586854460093,104.66666666666669,0.0757108982900778,0.0,0.0,,True,True,True,-8.878049751122677e-05,-8.524581789970398e-05,-9.387483199437344e-05,-0.0001167921970287,0.0028595030307769,8.011360963185166e-05,0.0001230140527089,0.0015288020173708,-0.298904538341158,-0.0735524256651016,-0.0774647887323943,0.1298904538341158,XLV,/Users/yaniszaim/deephedging/.deephedging_real_runs/final_paper_notebook/panel_sweeps/XLV_full_paper_grid_800_step_robust
proto_source=vanilla_k=25_weighted=1_learnw=0,proto,vanilla,25.0,True,False,cvar,3,-0.0185412851472695,0.0007356649652258,-0.0587602639570832,-0.0865853528181711,0.8982785602503913,0.513460154334704,0.0140405159133176,0.0624413145539906,0.0624413145539906,0.0,0.3270735524256651,233.66666666666663,0.0764252762158354,0.0002948113207547,0.0047169811320754,,True,True,True,-9.61100061734506e-05,-9.25753265619278e-05,-0.0001012043406565,-0.000124121705691,0.0013575827081998,-0.0014218067129453,-0.0013789062698682,2.6881694793701172e-05,-0.3270735524256651,-0.1017214397496087,-0.1056338028169014,0.1017214397496086,XLV,/Users/yaniszaim/deephedging/.deephedging_real_runs/final_paper_notebook/panel_sweeps/XLV_full_paper_grid_800_step_robust
proto_source=spot_delta_k=100_weighted=1_learnw=0,proto,spot_delta,100.0,True,False,cvar,3,-0.018552981937925,0.0011434255514668,-0.0577135554825266,-0.0849251424272855,0.8701095461658842,0.945008377234141,0.0264581187317768,0.0020344287949921,0.001819248826291,0.000215179968701,0.0406885758998435,40.0,0.075695050281162,0.0,0.0,,True,True,True,-0.0001078067968289,-0.0001042721172173,-0.000112901131312,-0.0001358184963464,0.0030177930990854,0.0002384036779403,0.0002813041210174,0.0016870920856793,-0.298904538341158,-0.0735524256651016,-0.0774647887323943,0.1298904538341158,XLV,/Users/yaniszaim/deephedging/.deephedging_real_runs/final_paper_notebook/panel_sweeps/XLV_full_paper_grid_800_step_robust
proto_source=vanilla_k=100_weighted=0_learnw=0,proto,vanilla,100.0,False,False,cvar,3,-0.0185791129867235,0.0009908214068163,-0.0591067454467217,-0.0862608229120572,0.9264475743348984,0.7082203328609467,0.0148083764749268,0.000508607198748,0.000508607198748,0.0,0.0054773082942097,65.0,0.0765730319133485,0.0005110062893081,0.0062893081761006,,True,True,True,-0.0001339378456274,-0.0001304031660159,-0.0001390321801106,-0.000161949545145,0.0016821126143137,-0.0010972768068313,-0.0010543763637542,0.0003514116009076,-0.3552425665101721,-0.1298904538341158,-0.1338028169014085,0.0735524256651016,XLV,/Users/yaniszaim/deephedging/.deephedging_real_runs/final_paper_notebook/panel_sweeps/XLV_full_paper_grid_800_step_robust
proto_source=vanilla_k=50_weighted=0_learnw=0,proto,vanilla,50.0,False,False,cvar,3,-0.0185824998964866,0.0008483058647561,-0.059260052939256,-0.0866243864099184,0.9295774647887324,0.7351407706737518,0.012014476970459,0.0002934272300469,0.0002934272300469,0.0,0.0031298904538341,253.0,0.0767305947935249,0.0003930817610062,0.0039308176100628,,True,True,True,-0.0001373247553904,-0.0001337900757789,-0.0001424190898736,-0.000165336454908,0.0013185491164525,-0.0014608403046925,-0.0014179398616155,-1.2151896953582764e-05,-0.3583724569640062,-0.1330203442879498,-0.1369327073552425,0.0704225352112676,XLV,/Users/yaniszaim/deephedging/.deephedging_real_runs/final_paper_notebook/panel_sweeps/XLV_full_paper_grid_800_step_robust
proto_source=vanilla_k=10_weighted=1_learnw=0,proto,vanilla,10.0,True,False,cvar,3,-0.0185909122228622,0.0007962437417448,-0.0588978190595904,-0.0863979210456212,0.8865414710485133,0.5765026087562243,0.0136264503623048,0.0417644757433489,0.0417644757433489,0.0,0.3333333333333333,328.6666666666667,0.0761537404998671,0.0,0.0,,True,True,True,-0.0001457370817661,-0.0001422024021546,-0.0001508314162492,-0.0001737487812836,0.0015450144807497,-0.0012343749403953,-0.0011914744973182,0.0002143134673436,-0.3153364632237871,-0.0899843505477308,-0.0938967136150235,0.1134585289514866,XLV,/Users/yaniszaim/deephedging/.deephedging_real_runs/final_paper_notebook/panel_sweeps/XLV_full_paper_grid_800_step_robust
proto_source=spot_delta_k=100_weighted=0_learnw=0,proto,spot_delta,100.0,False,False,cvar,3,-0.0187011435627937,0.0008100074064962,-0.0589436646550893,-0.0881012057264645,0.8442879499217527,0.97587122519811,0.0200830015043417,0.0380281690140845,0.0377738654147104,0.000254303599374,0.1987480438184663,20.333333333333332,0.0759865714228454,5.896226415094339e-05,0.0023584905660377,,True,True,True,-0.0002559684216976,-0.000252433742086,-0.0002610627561807,-0.0002839801212151,-0.0001582702000935,-0.0029376596212387,-0.0028947591781616,-0.0014889712134996,-0.2730829420970265,-0.0477308294209701,-0.0516431924882628,0.1557120500782473,XLV,/Users/yaniszaim/deephedging/.deephedging_real_runs/final_paper_notebook/panel_sweeps/XLV_full_paper_grid_800_step_robust
proto_source=vanilla_k=100_weighted=1_learnw=0,proto,vanilla,100.0,True,False,cvar,3,-0.0188032835721969,0.0011235389216602,-0.061236277843515,-0.0895935694376627,0.8333333333333334,0.4050400629639625,0.0124891694479932,0.0236306729264475,0.0,0.0236306729264475,0.3325508607198748,174.33333333333334,0.0763309398970644,0.0,0.0,,True,True,True,-0.0003581084311008,-0.0003545737514893,-0.0003632027655839,-0.0003861201306184,-0.0016506339112917,-0.0044300233324368,-0.0043871228893598,-0.0029813349246978,-0.2621283255086072,-0.0367762128325508,-0.0406885758998435,0.1666666666666666,XLV,/Users/yaniszaim/deephedging/.deephedging_real_runs/final_paper_notebook/panel_sweeps/XLV_full_paper_grid_800_step_robust
proto_source=vanilla_k=10_weighted=0_learnw=0,proto,vanilla,10.0,False,False,cvar,3,-0.0188155081123113,0.0005371127997741,-0.0590945854783058,-0.0870551640788714,0.9499217527386542,0.771038273970286,0.0188404832345743,0.0007433489827856,0.0005868544600938,0.0001564945226917,0.0187793427230046,229.33333333333337,0.0765513042777003,0.0001768867924528,0.0031446540880503,,True,True,True,-0.0003703329712152,-0.0003667982916037,-0.0003754273056983,-0.0003983446707328,0.0008877714474995,-0.0018916179736455,-0.0018487175305684,-0.0004429295659065,-0.378716744913928,-0.1533646322378716,-0.1572769953051643,0.0500782472613458,XLV,/Users/yaniszaim/deephedging/.deephedging_real_runs/final_paper_notebook/panel_sweeps/XLV_full_paper_grid_800_step_robust
proto_source=vanilla_k=25_weighted=0_learnw=0,proto,vanilla,25.0,False,False,cvar,3,-0.0189674099286397,0.0011289728767639,-0.0594761663426955,-0.087397555510203,0.8818466353677622,0.4085859855016072,0.016490098554641,0.0,0.0,0.0,0.0,130.66666666666666,0.076497435729523,7.861635220125786e-05,0.0007861635220125,,True,True,True,-0.0005222347875436,-0.000518700107932,-0.0005273291220267,-0.0005502464870611,0.0005453800161679,-0.0022340094049771,-0.0021911089619,-0.0007853209972381,-0.310641627543036,-0.0852895148669796,-0.0892018779342723,0.1181533646322378,XLV,/Users/yaniszaim/deephedging/.deephedging_real_runs/final_paper_notebook/panel_sweeps/XLV_full_paper_grid_800_step_robust
