model,split,seed,model_family,gains_mean,gains_std,gains_p01,gains_p05,gains_cvar05,gains_p50,gains_p95,shortfall_prob,payoff_mean,pnl_mean,cost_mean,action_abs_mean,action_abs_max,delta_abs_mean,delta_abs_max,pct_at_any_position_bound,pct_at_upper_position_bound,pct_at_lower_position_bound,pct_paths_touch_any_position_bound,selected_band,baseline_selection_metric,risk_measure,artifact_dir,selected_epoch,selected_score,selection_metric,selected_val_action_abs_mean,selected_val_delta_abs_mean,selected_val_pct_at_any_position_bound,selected_val_pct_paths_touch_any_position_bound,n_paths,n_steps,n_inst,prototype_source,n_prototypes,weighted_similarity,learn_distance_feature_weights,proto_action_norm_mean,proto_action_norm_max
unhedged,train,1234,baseline,-0.02437899261713028,0.0326961874961853,-0.13335646629333497,-0.09242570400238037,-0.11856567859649658,-0.01033926010131836,-0.0,0.585901224145209,-0.02437899261713028,0.0,0.0,0.0,0.0,0.0,0.0,0.0,0.0,0.0,0.0,,,,,,,,,,,,,,,,,,,,
spot_delta,train,1234,baseline,-0.02439028024673462,0.03192264586687088,-0.13047454953193666,-0.09062395542860031,-0.11539239436388016,-0.013182871043682098,0.005443972814828156,0.7969607429295061,-0.02437899261713028,0.00014331475540529937,0.00015460261784028262,0.019285017624497414,0.584227979183197,0.2583058476448059,0.5917689800262451,0.0,0.0,0.0,0.0,,,,,,,,,,,,,,,,,,,,
spot_delta_band,train,1234,baseline,-0.024325378239154816,0.031823091208934784,-0.13141347885131835,-0.09030923545360565,-0.11524704843759537,-0.012845560908317566,0.004819997772574423,0.7986492190797805,-0.02437899261713028,0.00015142957272473723,9.781585686141625e-05,0.01222640834748745,0.5342279672622681,0.24150705337524414,0.5417689681053162,0.0,0.0,0.0,0.0,0.05,gains_mean,,,,,,,,,,,,,,,,,,
unhedged,val,1234,baseline,-0.02649381011724472,0.03641517087817192,-0.14404468536376952,-0.09211417436599731,-0.13208924233913422,-0.01181340217590332,-0.0,0.6074950690335306,-0.02649381011724472,0.0,0.0,0.0,0.0,0.0,0.0,0.0,0.0,0.0,0.0,,,,,,,,,,,,,,,,,,,,
spot_delta,val,1234,baseline,-0.02637564018368721,0.035432636737823486,-0.14152523130178452,-0.08948093578219414,-0.12769566476345062,-0.013527323491871357,0.005680637760087846,0.7790927021696252,-0.02649381011724472,0.00027617390151135623,0.00015800524852238595,0.019686028361320496,0.5756049752235413,0.25847128033638,0.5868099927902222,0.0,0.0,0.0,0.0,,,,,,,,,,,,,,,,,,,,
spot_delta_band,val,1234,baseline,-0.026282500475645065,0.03535647317767143,-0.14228909611701965,-0.0894127756357193,-0.1275378167629242,-0.013214707374572754,0.005110757611691949,0.7869822485207101,-0.02649381011724472,0.00030943017918616533,9.811861673370004e-05,0.012262934818863869,0.5256049633026123,0.24209986627101898,0.5368099808692932,0.0,0.0,0.0,0.0,0.05,gains_mean,,,,,,,,,,,,,,,,,,
unhedged,test,1234,baseline,-0.027852093800902367,0.03413837403059006,-0.13462761878967286,-0.09756858348846435,-0.12290962040424347,-0.016820669174194336,-0.0,0.630648330058939,-0.027852093800902367,0.0,0.0,0.0,0.0,0.0,0.0,0.0,0.0,0.0,0.0,,,,,,,,,,,,,,,,,,,,
spot_delta,test,1234,baseline,-0.027853598818182945,0.03420223295688629,-0.13961808860301972,-0.09291243702173232,-0.1252089887857437,-0.016879485920071602,0.005206029769033192,0.8192534381139489,-0.027852093800902367,0.0001533257745904848,0.000154830064275302,0.019294098019599915,0.5942999720573425,0.2585732936859131,0.5942999720573425,0.0,0.0,0.0,0.0,,,,,,,,,,,,,,,,,,,,
spot_delta_band,test,1234,baseline,-0.027775710448622704,0.03407963365316391,-0.13829476833343507,-0.09223947077989578,-0.12458308041095734,-0.01694580167531967,0.004576604533940551,0.8212180746561886,-0.027852093800902367,0.0001743095926940441,9.792581113288179e-05,0.01223902776837349,0.5442999601364136,0.24178478121757507,0.5442999601364136,0.0,0.0,0.0,0.0,0.05,gains_mean,,,,,,,,,,,,,,,,,,
vanilla,train,1234,vanilla,-0.024193160235881805,0.03044113516807556,-0.1272309136390686,-0.08763692826032639,-0.11280980706214905,-0.010823078453540802,0.0006618314306251668,0.9164204305614183,-0.02437899261713028,0.0003985984658356756,0.00021276749612297863,0.025126932188868523,0.16655200719833374,0.25203976035118103,1.0,0.0997256226255804,0.0997256226255804,0.0,1.0,,,cvar,/Users/yaniszaim/deephedging/.deephedging_real_runs/final_paper_notebook/panel_sweeps/IWM_full_paper_grid_800_step_robust/model_artifacts/seed_1234/risk_cvar/vanilla,585.0,0.10365475442706877,val_loss,0.02084890939295292,0.1629946380853653,0.00014792899408284024,0.005917159763313609,2369.0,20.0,2.0,,,,,,
vanilla,val,1234,vanilla,-0.026169700548052788,0.034014735370874405,-0.136832312643528,-0.08783807903528214,-0.12588442862033844,-0.01219906285405159,0.0005881425808183842,0.9072978303747534,-0.02649381011724472,0.0005373030435293913,0.00021319107327144593,0.025126522406935692,0.1560078263282776,0.2516990303993225,1.0,0.09940828402366864,0.09940828402366864,0.0,1.0,,,cvar,/Users/yaniszaim/deephedging/.deephedging_real_runs/final_paper_notebook/panel_sweeps/IWM_full_paper_grid_800_step_robust/model_artifacts/seed_1234/risk_cvar/vanilla,585.0,0.10365475442706877,val_loss,0.02084890939295292,0.1629946380853653,0.00014792899408284024,0.005917159763313609,507.0,20.0,2.0,,,,,,
vanilla,test,1234,vanilla,-0.027317600324749947,0.031779080629348755,-0.1267186963558197,-0.0932881474494934,-0.11709527671337128,-0.0165814571082592,0.0003785264154430463,0.931237721021611,-0.027852093800902367,0.000748143473174423,0.00021365052089095116,0.025126399472355843,0.1549631953239441,0.25158604979515076,1.0,0.09911591355599214,0.09911591355599214,0.0,1.0,,,cvar,/Users/yaniszaim/deephedging/.deephedging_real_runs/final_paper_notebook/panel_sweeps/IWM_full_paper_grid_800_step_robust/model_artifacts/seed_1234/risk_cvar/vanilla,585.0,0.10365475442706877,val_loss,0.02084890939295292,0.1629946380853653,0.00014792899408284024,0.005917159763313609,509.0,20.0,2.0,,,,,,
proto_source=spot_delta_k=10_weighted=0_learnw=0,train,1234,proto,-0.024098694324493408,0.03197470307350159,-0.1320898288488388,-0.08970865458250046,-0.1157950609922409,-0.01198098249733448,0.00396891506388783,0.8341072182355425,-0.02437899261713028,0.0004685775493271649,0.00018828053725883365,0.022641045972704887,1.0993932485580444,0.19593416154384613,0.9545992016792297,0.0,0.0,0.0,0.0,,,cvar,/Users/yaniszaim/deephedging/.deephedging_real_runs/final_paper_notebook/panel_sweeps/IWM_full_paper_grid_800_step_robust/model_artifacts/seed_1234/risk_cvar/proto_source_spot_delta_k_10_weighted_0_learnw_0,632.0,0.10310736971435228,val_loss,0.015662848949432373,0.18828654289245605,4.930966469428008e-05,0.0019723865877712033,2369.0,20.0,2.0,spot_delta,10.0,False,False,0.27488142251968384,1.0993973016738892
proto_source=spot_delta_k=10_weighted=0_learnw=0,val,1234,proto,-0.025949425995349884,0.03484870120882988,-0.13654682010412217,-0.08978659138083459,-0.1257619708776474,-0.012486480176448822,0.00429308051243424,0.8205128205128205,-0.02649381011724472,0.0007291755173355341,0.00018479014397598803,0.02214667946100235,1.0993964672088623,0.19579285383224487,0.968313455581665,0.0,0.0,0.0,0.0,,,cvar,/Users/yaniszaim/deephedging/.deephedging_real_runs/final_paper_notebook/panel_sweeps/IWM_full_paper_grid_800_step_robust/model_artifacts/seed_1234/risk_cvar/proto_source_spot_delta_k_10_weighted_0_learnw_0,632.0,0.10310736971435228,val_loss,0.015662848949432373,0.18828654289245605,4.930966469428008e-05,0.0019723865877712033,507.0,20.0,2.0,spot_delta,10.0,False,False,0.27488142251968384,1.0993973016738892
proto_source=spot_delta_k=10_weighted=0_learnw=0,test,1234,proto,-0.02717629261314869,0.03244218975305557,-0.13038782596588136,-0.09285903573036194,-0.11827348917722702,-0.017170948907732964,0.0034809788689017284,0.8388998035363457,-0.027852093800902367,0.0008619895088486373,0.0001861893106251955,0.022280514240264893,1.099066138267517,0.19651886820793152,0.8204894065856934,0.0,0.0,0.0,0.0,,,cvar,/Users/yaniszaim/deephedging/.deephedging_real_runs/final_paper_notebook/panel_sweeps/IWM_full_paper_grid_800_step_robust/model_artifacts/seed_1234/risk_cvar/proto_source_spot_delta_k_10_weighted_0_learnw_0,632.0,0.10310736971435228,val_loss,0.015662848949432373,0.18828654289245605,4.930966469428008e-05,0.0019723865877712033,509.0,20.0,2.0,spot_delta,10.0,False,False,0.27488142251968384,1.0993973016738892
proto_source=spot_delta_k=10_weighted=1_learnw=0,train,1234,proto,-0.024523550644516945,0.03048231452703476,-0.1270550125837326,-0.08923137336969375,-0.11210419237613678,-0.011393836699426174,0.0016545241931453316,0.8889826931194597,-0.02437899261713028,0.00013572274474427104,0.0002802809467539191,0.034364283084869385,0.11988562345504761,0.3426290452480316,1.0,0.0012874630645842127,0.0012874630645842127,0.0,0.05149852258336851,,,cvar,/Users/yaniszaim/deephedging/.deephedging_real_runs/final_paper_notebook/panel_sweeps/IWM_full_paper_grid_800_step_robust/model_artifacts/seed_1234/risk_cvar/proto_source_spot_delta_k_10_weighted_1_learnw_0,13.0,0.10310257435776293,val_loss,0.022534655407071114,0.12467394024133682,0.0,0.0,2369.0,20.0,2.0,spot_delta,10.0,True,False,0.098566435277462,0.14171050488948822
proto_source=spot_delta_k=10_weighted=1_learnw=0,val,1234,proto,-0.026255616918206215,0.03404829278588295,-0.1340431433916092,-0.09011913985013961,-0.12496406584978104,-0.012846426106989384,0.0025176869705319403,0.8757396449704142,-0.02649381011724472,0.0005205898778513074,0.00028239653329364955,0.03454604744911194,0.11988562345504761,0.34133920073509216,1.0,0.0008382642998027613,0.0008382642998027613,0.0,0.03353057199211045,,,cvar,/Users/yaniszaim/deephedging/.deephedging_real_runs/final_paper_notebook/panel_sweeps/IWM_full_paper_grid_800_step_robust/model_artifacts/seed_1234/risk_cvar/proto_source_spot_delta_k_10_weighted_1_learnw_0,13.0,0.10310257435776293,val_loss,0.022534655407071114,0.12467394024133682,0.0,0.0,507.0,20.0,2.0,spot_delta,10.0,True,False,0.098566435277462,0.14171050488948822
proto_source=spot_delta_k=10_weighted=1_learnw=0,test,1234,proto,-0.0273393876850605,0.031750187277793884,-0.1318703830242157,-0.09020496159791946,-0.1161327064037323,-0.016401831060647964,0.0016723301960155335,0.8939096267190569,-0.027852093800902367,0.000796651525888592,0.0002839467488229275,0.034695103764534,0.11988562345504761,0.3425232470035553,1.0,0.001768172888015717,0.001768172888015717,0.0,0.07072691552062868,,,cvar,/Users/yaniszaim/deephedging/.deephedging_real_runs/final_paper_notebook/panel_sweeps/IWM_full_paper_grid_800_step_robust/model_artifacts/seed_1234/risk_cvar/proto_source_spot_delta_k_10_weighted_1_learnw_0,13.0,0.10310257435776293,val_loss,0.022534655407071114,0.12467394024133682,0.0,0.0,509.0,20.0,2.0,spot_delta,10.0,True,False,0.098566435277462,0.14171050488948822
proto_source=spot_delta_k=25_weighted=0_learnw=0,train,1234,proto,-0.024361804127693176,0.030663948506116867,-0.13080857515335084,-0.08958788514137268,-0.1140424981713295,-0.010667787864804268,0.0007402003975585097,0.9096665259603208,-0.02437899261713028,0.00029438038473017514,0.00027719189529307187,0.02458123303949833,0.19403761625289917,0.31928136944770813,1.0,0.01381384550443225,0.01381384550443225,0.0,0.178978471929084,,,cvar,/Users/yaniszaim/deephedging/.deephedging_real_runs/final_paper_notebook/panel_sweeps/IWM_full_paper_grid_800_step_robust/model_artifacts/seed_1234/risk_cvar/proto_source_spot_delta_k_25_weighted_0_learnw_0,11.0,0.10333824160508812,val_loss,0.017524903640151024,0.13071689009666443,0.0,0.0,2369.0,20.0,2.0,spot_delta,25.0,False,False,0.09025096148252487,0.19724583625793457
proto_source=spot_delta_k=25_weighted=0_learnw=0,val,1234,proto,-0.026256058365106583,0.03440459072589874,-0.14173909068107604,-0.08889759331941605,-0.12643496692180634,-0.012680793181061745,0.0013591462746262548,0.8717948717948718,-0.02649381011724472,0.0005167729686945677,0.0002790221478790045,0.02449340932071209,0.1952315866947174,0.31587091088294983,1.0,0.010256410256410256,0.010256410256410256,0.0,0.14990138067061143,,,cvar,/Users/yaniszaim/deephedging/.deephedging_real_runs/final_paper_notebook/panel_sweeps/IWM_full_paper_grid_800_step_robust/model_artifacts/seed_1234/risk_cvar/proto_source_spot_delta_k_25_weighted_0_learnw_0,11.0,0.10333824160508812,val_loss,0.017524903640151024,0.13071689009666443,0.0,0.0,507.0,20.0,2.0,spot_delta,25.0,False,False,0.09025096148252487,0.19724583625793457
proto_source=spot_delta_k=25_weighted=0_learnw=0,test,1234,proto,-0.027420569211244583,0.031921472400426865,-0.13048681020736694,-0.09278260320425033,-0.11865013092756271,-0.01633642241358757,0.0007464306196197859,0.9155206286836935,-0.027852093800902367,0.0007040693890303373,0.0002725424710661173,0.024270931258797646,0.18953880667686462,0.3166142404079437,1.0,0.013310412573673871,0.013310412573673871,0.0,0.16306483300589392,,,cvar,/Users/yaniszaim/deephedging/.deephedging_real_runs/final_paper_notebook/panel_sweeps/IWM_full_paper_grid_800_step_robust/model_artifacts/seed_1234/risk_cvar/proto_source_spot_delta_k_25_weighted_0_learnw_0,11.0,0.10333824160508812,val_loss,0.017524903640151024,0.13071689009666443,0.0,0.0,509.0,20.0,2.0,spot_delta,25.0,False,False,0.09025096148252487,0.19724583625793457
proto_source=spot_delta_k=25_weighted=1_learnw=0,train,1234,proto,-0.024436552077531815,0.03289477154612541,-0.1381274265050888,-0.0897163838148117,-0.12117516994476318,-0.010219727642834187,-0.00021764138073194776,1.0,-0.02437899261713028,6.442594167310745e-05,0.00012198781041661277,0.010423459112644196,1.0314958095550537,0.09354453533887863,0.8642761707305908,0.0,0.0,0.0,0.0,,,cvar,/Users/yaniszaim/deephedging/.deephedging_real_runs/final_paper_notebook/panel_sweeps/IWM_full_paper_grid_800_step_robust/model_artifacts/seed_1234/risk_cvar/proto_source_spot_delta_k_25_weighted_1_learnw_0,642.0,0.10311598642257133,val_loss,0.010226868093013763,0.09323690831661224,4.930966469428008e-05,0.0019723865877712033,2369.0,20.0,2.0,spot_delta,25.0,True,False,0.14505936205387115,1.0314961671829224
proto_source=spot_delta_k=25_weighted=1_learnw=0,val,1234,proto,-0.026296885684132576,0.036012642085552216,-0.15679752588272095,-0.08959023505449296,-0.13194432854652405,-0.011722804978489876,-0.00021959530859021472,1.0,-0.02649381011724472,0.00032165335142053664,0.00012473009701352566,0.010705900378525257,1.0314958095550537,0.09436238557100296,0.964607834815979,0.0,0.0,0.0,0.0,,,cvar,/Users/yaniszaim/deephedging/.deephedging_real_runs/final_paper_notebook/panel_sweeps/IWM_full_paper_grid_800_step_robust/model_artifacts/seed_1234/risk_cvar/proto_source_spot_delta_k_25_weighted_1_learnw_0,642.0,0.10311598642257133,val_loss,0.010226868093013763,0.09323690831661224,4.930966469428008e-05,0.0019723865877712033,507.0,20.0,2.0,spot_delta,25.0,True,False,0.14505936205387115,1.0314961671829224
proto_source=spot_delta_k=25_weighted=1_learnw=0,test,1234,proto,-0.02756403014063835,0.03325575590133667,-0.137585107088089,-0.08901524841785431,-0.1208965927362442,-0.0166478231549263,-0.0002220355672761798,1.0,-0.027852093800902367,0.00041147443698719144,0.00012341052934061736,0.010534047149121761,1.0314958095550537,0.0936889797449112,0.8308322429656982,0.0,0.0,0.0,0.0,,,cvar,/Users/yaniszaim/deephedging/.deephedging_real_runs/final_paper_notebook/panel_sweeps/IWM_full_paper_grid_800_step_robust/model_artifacts/seed_1234/risk_cvar/proto_source_spot_delta_k_25_weighted_1_learnw_0,642.0,0.10311598642257133,val_loss,0.010226868093013763,0.09323690831661224,4.930966469428008e-05,0.0019723865877712033,509.0,20.0,2.0,spot_delta,25.0,True,False,0.14505936205387115,1.0314961671829224
proto_source=spot_delta_k=50_weighted=0_learnw=0,train,1234,proto,-0.02451682649552822,0.03275645896792412,-0.13188600182533264,-0.09287899434566498,-0.1192946508526802,-0.010391228832304478,0.0011146382661536328,0.8446601941747572,-0.02437899261713028,-1.3604829291580245e-05,0.00012422898726072162,0.014372462406754494,0.4857454299926758,0.06918799877166748,1.0,0.000897002954833263,0.000897002954833263,0.0,0.013085690164626424,,,cvar,/Users/yaniszaim/deephedging/.deephedging_real_runs/final_paper_notebook/panel_sweeps/IWM_full_paper_grid_800_step_robust/model_artifacts/seed_1234/risk_cvar/proto_source_spot_delta_k_50_weighted_0_learnw_0,401.0,0.1026574375991355,val_loss,0.012353898026049137,0.04160987585783005,9.861932938856015e-05,0.0039447731755424065,2369.0,20.0,2.0,spot_delta,50.0,False,False,0.1739698052406311,0.4857480823993683
proto_source=spot_delta_k=50_weighted=0_learnw=0,val,1234,proto,-0.026430871337652206,0.035536717623472214,-0.1430841740965843,-0.09119852632284164,-0.13057678937911987,-0.012854940257966518,0.001286696863826364,0.854043392504931,-0.02649381011724472,0.00019925252126995474,0.0001363141054753214,0.015449888072907925,0.485745370388031,0.07132896780967712,1.0,0.0016765285996055226,0.0016765285996055226,0.0,0.02564102564102564,,,cvar,/Users/yaniszaim/deephedging/.deephedging_real_runs/final_paper_notebook/panel_sweeps/IWM_full_paper_grid_800_step_robust/model_artifacts/seed_1234/risk_cvar/proto_source_spot_delta_k_50_weighted_0_learnw_0,401.0,0.1026574375991355,val_loss,0.012353898026049137,0.04160987585783005,9.861932938856015e-05,0.0039447731755424065,507.0,20.0,2.0,spot_delta,50.0,False,False,0.1739698052406311,0.4857480823993683
proto_source=spot_delta_k=50_weighted=0_learnw=0,test,1234,proto,-0.02758204936981201,0.033567238599061966,-0.13587937116622925,-0.09710088819265365,-0.12312332540750504,-0.017378337681293488,0.000983851659111678,0.862475442043222,-0.027852093800902367,0.0004104992840439081,0.00014045446005184203,0.01576058380305767,0.4857454299926758,0.07257723808288574,1.0,0.0016699410609037329,0.0016699410609037329,0.0,0.021611001964636542,,,cvar,/Users/yaniszaim/deephedging/.deephedging_real_runs/final_paper_notebook/panel_sweeps/IWM_full_paper_grid_800_step_robust/model_artifacts/seed_1234/risk_cvar/proto_source_spot_delta_k_50_weighted_0_learnw_0,401.0,0.1026574375991355,val_loss,0.012353898026049137,0.04160987585783005,9.861932938856015e-05,0.0039447731755424065,509.0,20.0,2.0,spot_delta,50.0,False,False,0.1739698052406311,0.4857480823993683
proto_source=spot_delta_k=50_weighted=1_learnw=0,train,1234,proto,-0.02432403713464737,0.030698388814926147,-0.12791358590126037,-0.08911018818616867,-0.11326806247234344,-0.011190361343324184,0.0013829924631863827,0.8919375263824398,-0.02437899261713028,0.0002876549551729113,0.00023269970552064478,0.02440730668604374,0.14258253574371338,0.3161347806453705,0.9192702174186707,0.0,0.0,0.0,0.0,,,cvar,/Users/yaniszaim/deephedging/.deephedging_real_runs/final_paper_notebook/panel_sweeps/IWM_full_paper_grid_800_step_robust/model_artifacts/seed_1234/risk_cvar/proto_source_spot_delta_k_50_weighted_1_learnw_0,26.0,0.10327271337123106,val_loss,0.026578616350889206,0.10865571349859238,0.0002465483234714004,0.0019723865877712033,2369.0,20.0,2.0,spot_delta,50.0,True,False,0.09021831303834915,0.16263039410114288
proto_source=spot_delta_k=50_weighted=1_learnw=0,val,1234,proto,-0.026052679866552353,0.033985771238803864,-0.1366301131248474,-0.08839635625481605,-0.12353511899709702,-0.012898733839392662,0.002450830186717211,0.8481262327416174,-0.02649381011724472,0.0006734980270266533,0.00023236803826875985,0.024385178461670876,0.14142227172851562,0.3159155249595642,0.8927394151687622,0.0,0.0,0.0,0.0,,,cvar,/Users/yaniszaim/deephedging/.deephedging_real_runs/final_paper_notebook/panel_sweeps/IWM_full_paper_grid_800_step_robust/model_artifacts/seed_1234/risk_cvar/proto_source_spot_delta_k_50_weighted_1_learnw_0,26.0,0.10327271337123106,val_loss,0.026578616350889206,0.10865571349859238,0.0002465483234714004,0.0019723865877712033,507.0,20.0,2.0,spot_delta,50.0,True,False,0.09021831303834915,0.16263039410114288
proto_source=spot_delta_k=50_weighted=1_learnw=0,test,1234,proto,-0.02736177109181881,0.03143105283379555,-0.12641677320003508,-0.09089101850986481,-0.11624782532453537,-0.017316825687885284,0.00123243301641196,0.8978388998035364,-0.027852093800902367,0.0007253922522068024,0.00023506891739089042,0.024686168879270554,0.1399221420288086,0.31581562757492065,0.9000245928764343,0.0,0.0,0.0,0.0,,,cvar,/Users/yaniszaim/deephedging/.deephedging_real_runs/final_paper_notebook/panel_sweeps/IWM_full_paper_grid_800_step_robust/model_artifacts/seed_1234/risk_cvar/proto_source_spot_delta_k_50_weighted_1_learnw_0,26.0,0.10327271337123106,val_loss,0.026578616350889206,0.10865571349859238,0.0002465483234714004,0.0019723865877712033,509.0,20.0,2.0,spot_delta,50.0,True,False,0.09021831303834915,0.16263039410114288
proto_source=spot_delta_k=100_weighted=0_learnw=0,train,1234,proto,-0.024298561736941338,0.030446307733654976,-0.1306175297498703,-0.08825320452451706,-0.11284933984279633,-0.011344713158905506,0.0017636437201872458,0.8923596454200085,-0.02437899261713028,0.00035838919575326145,0.0002779600617941469,0.028162460774183273,0.2346310168504715,0.3754093050956726,1.0,0.036439425918108906,0.036439425918108906,0.0,0.5040101308569016,,,cvar,/Users/yaniszaim/deephedging/.deephedging_real_runs/final_paper_notebook/panel_sweeps/IWM_full_paper_grid_800_step_robust/model_artifacts/seed_1234/risk_cvar/proto_source_spot_delta_k_100_weighted_0_learnw_0,23.0,0.10312251318246125,val_loss,0.02061573415994644,0.12908312678337097,0.0,0.0,2369.0,20.0,2.0,spot_delta,100.0,False,False,0.13249468803405762,0.28487667441368103
proto_source=spot_delta_k=100_weighted=0_learnw=0,val,1234,proto,-0.026050450280308723,0.03403807431459427,-0.1391796252131462,-0.08802068307995796,-0.12448617815971375,-0.012476739473640919,0.0030599264660850158,0.8599605522682445,-0.02649381011724472,0.0007224190048873425,0.0002790604194160551,0.02828129194676876,0.2281351387500763,0.3733692467212677,1.0,0.03584812623274162,0.03584812623274162,0.0,0.5029585798816568,,,cvar,/Users/yaniszaim/deephedging/.deephedging_real_runs/final_paper_notebook/panel_sweeps/IWM_full_paper_grid_800_step_robust/model_artifacts/seed_1234/risk_cvar/proto_source_spot_delta_k_100_weighted_0_learnw_0,23.0,0.10312251318246125,val_loss,0.02061573415994644,0.12908312678337097,0.0,0.0,507.0,20.0,2.0,spot_delta,100.0,False,False,0.13249468803405762,0.28487667441368103
proto_source=spot_delta_k=100_weighted=0_learnw=0,test,1234,proto,-0.02728833258152008,0.03143075108528137,-0.13029978454113006,-0.08981983959674834,-0.1175706535577774,-0.016769133508205414,0.001664046267978843,0.9037328094302554,-0.027852093800902367,0.000843714049551636,0.0002799519570544362,0.02834545262157917,0.20140331983566284,0.37270376086235046,1.0,0.034233791748526525,0.034233791748526525,0.0,0.4715127701375246,,,cvar,/Users/yaniszaim/deephedging/.deephedging_real_runs/final_paper_notebook/panel_sweeps/IWM_full_paper_grid_800_step_robust/model_artifacts/seed_1234/risk_cvar/proto_source_spot_delta_k_100_weighted_0_learnw_0,23.0,0.10312251318246125,val_loss,0.02061573415994644,0.12908312678337097,0.0,0.0,509.0,20.0,2.0,spot_delta,100.0,False,False,0.13249468803405762,0.28487667441368103
proto_source=spot_delta_k=100_weighted=1_learnw=0,train,1234,proto,-0.024438703432679176,0.03118760511279106,-0.13198160827159883,-0.09018155187368393,-0.11440137773752213,-0.010908756405115128,0.001783871557563542,0.8767412410299704,-0.02437899261713028,0.00020311940170358866,0.0002628292713779956,0.030215749517083168,0.4600912034511566,0.2981654107570648,0.9773980975151062,0.0,0.0,0.0,0.0,,,cvar,/Users/yaniszaim/deephedging/.deephedging_real_runs/final_paper_notebook/panel_sweeps/IWM_full_paper_grid_800_step_robust/model_artifacts/seed_1234/risk_cvar/proto_source_spot_delta_k_100_weighted_1_learnw_0,177.0,0.10293345483019947,val_loss,0.021721411496400833,0.09675581008195877,0.0,0.0,2369.0,20.0,2.0,spot_delta,100.0,True,False,0.1146547868847847,0.46289852261543274
proto_source=spot_delta_k=100_weighted=1_learnw=0,val,1234,proto,-0.02619236148893833,0.03461078554391861,-0.13610770136117936,-0.08958055526018142,-0.1260693222284317,-0.012999475933611393,0.003240618319250643,0.8481262327416174,-0.02649381011724472,0.0005696031148545444,0.00026815463206730783,0.030777813866734505,0.46165794134140015,0.29578641057014465,0.9592717289924622,0.0,0.0,0.0,0.0,,,cvar,/Users/yaniszaim/deephedging/.deephedging_real_runs/final_paper_notebook/panel_sweeps/IWM_full_paper_grid_800_step_robust/model_artifacts/seed_1234/risk_cvar/proto_source_spot_delta_k_100_weighted_1_learnw_0,177.0,0.10293345483019947,val_loss,0.021721411496400833,0.09675581008195877,0.0,0.0,507.0,20.0,2.0,spot_delta,100.0,True,False,0.1146547868847847,0.46289852261543274
proto_source=spot_delta_k=100_weighted=1_learnw=0,test,1234,proto,-0.027564872056245804,0.03258947283029556,-0.13651706099510194,-0.09281946420669555,-0.12031371891498566,-0.016680188477039337,0.002002325747162103,0.8978388998035364,-0.027852093800902367,0.0005563577869907022,0.00026913598412647843,0.031073033809661865,0.3999730944633484,0.2949693500995636,0.9281910061836243,0.0,0.0,0.0,0.0,,,cvar,/Users/yaniszaim/deephedging/.deephedging_real_runs/final_paper_notebook/panel_sweeps/IWM_full_paper_grid_800_step_robust/model_artifacts/seed_1234/risk_cvar/proto_source_spot_delta_k_100_weighted_1_learnw_0,177.0,0.10293345483019947,val_loss,0.021721411496400833,0.09675581008195877,0.0,0.0,509.0,20.0,2.0,spot_delta,100.0,True,False,0.1146547868847847,0.46289852261543274
proto_source=vanilla_k=10_weighted=0_learnw=0,train,1234,proto,-0.02444353513419628,0.03185339272022247,-0.1300949215888977,-0.09092524796724319,-0.11654867976903915,-0.010361713357269764,-0.00019376908312551748,0.9776276910088645,-0.02437899261713028,0.00014935793296899647,0.00021390056645032018,0.011503893882036209,0.10771717131137848,0.11977607756853104,0.4030761122703552,0.0,0.0,0.0,0.0,,,cvar,/Users/yaniszaim/deephedging/.deephedging_real_runs/final_paper_notebook/panel_sweeps/IWM_full_paper_grid_800_step_robust/model_artifacts/seed_1234/risk_cvar/proto_source_vanilla_k_10_weighted_0_learnw_0,18.0,0.10402802743948995,val_loss,0.011367576196789742,0.11397513747215271,0.0,0.0,2369.0,20.0,2.0,vanilla,10.0,False,False,0.07327646762132645,0.1558346301317215
proto_source=vanilla_k=10_weighted=0_learnw=0,val,1234,proto,-0.026523543521761894,0.035492125898599625,-0.14135572969913482,-0.09065836146473885,-0.1298389881849289,-0.011582216247916222,-0.00019596582569647594,0.9763313609467456,-0.02649381011724472,0.00018364876450505108,0.0002133814850822091,0.01149759627878666,0.10736431181430817,0.11961811780929565,0.4047318696975708,0.0,0.0,0.0,0.0,,,cvar,/Users/yaniszaim/deephedging/.deephedging_real_runs/final_paper_notebook/panel_sweeps/IWM_full_paper_grid_800_step_robust/model_artifacts/seed_1234/risk_cvar/proto_source_vanilla_k_10_weighted_0_learnw_0,18.0,0.10402802743948995,val_loss,0.011367576196789742,0.11397513747215271,0.0,0.0,507.0,20.0,2.0,vanilla,10.0,False,False,0.07327646762132645,0.1558346301317215
proto_source=vanilla_k=10_weighted=0_learnw=0,test,1234,proto,-0.027782803401350975,0.0332973375916481,-0.13221208810806273,-0.09586768746376037,-0.12074373662471771,-0.01691780611872673,-0.00023254039697349115,0.9862475442043221,-0.027852093800902367,0.0002824190887622535,0.00021312902390491217,0.01149970106780529,0.10324772447347641,0.11964384466409683,0.4090535640716553,0.0,0.0,0.0,0.0,,,cvar,/Users/yaniszaim/deephedging/.deephedging_real_runs/final_paper_notebook/panel_sweeps/IWM_full_paper_grid_800_step_robust/model_artifacts/seed_1234/risk_cvar/proto_source_vanilla_k_10_weighted_0_learnw_0,18.0,0.10402802743948995,val_loss,0.011367576196789742,0.11397513747215271,0.0,0.0,509.0,20.0,2.0,vanilla,10.0,False,False,0.07327646762132645,0.1558346301317215
proto_source=vanilla_k=10_weighted=1_learnw=0,train,1234,proto,-0.0242982879281044,0.030449295416474342,-0.12638066887855529,-0.0882890209555626,-0.11288922280073166,-0.01090701762586832,-0.00026253396063111737,0.9691853102574927,-0.02437899261713028,0.00036732287844642997,0.0002866194408852607,0.02584870345890522,0.13192445039749146,0.300629198551178,1.0,0.023311523849725624,0.023311523849725624,0.0,0.932460953989025,,,cvar,/Users/yaniszaim/deephedging/.deephedging_real_runs/final_paper_notebook/panel_sweeps/IWM_full_paper_grid_800_step_robust/model_artifacts/seed_1234/risk_cvar/proto_source_vanilla_k_10_weighted_1_learnw_0,471.0,0.10403852167539299,val_loss,0.024387842044234276,0.2560068666934967,0.0,0.0,2369.0,20.0,2.0,vanilla,10.0,True,False,0.07941884547472,0.13519079983234406
proto_source=vanilla_k=10_weighted=1_learnw=0,val,1234,proto,-0.026287075132131577,0.034069549292325974,-0.13726955741643906,-0.08792203888297082,-0.12569642066955566,-0.01215960644185543,-4.59651782875882e-05,0.9526627218934911,-0.02649381011724472,0.000494189269375056,0.0002874520141631365,0.025864223018288612,0.13192443549633026,0.30090799927711487,1.0,0.02381656804733728,0.02381656804733728,0.0,0.9526627218934911,,,cvar,/Users/yaniszaim/deephedging/.deephedging_real_runs/final_paper_notebook/panel_sweeps/IWM_full_paper_grid_800_step_robust/model_artifacts/seed_1234/risk_cvar/proto_source_vanilla_k_10_weighted_1_learnw_0,471.0,0.10403852167539299,val_loss,0.024387842044234276,0.2560068666934967,0.0,0.0,507.0,20.0,2.0,vanilla,10.0,True,False,0.07941884547472,0.13519079983234406
proto_source=vanilla_k=10_weighted=1_learnw=0,test,1234,proto,-0.027438484132289886,0.031993210315704346,-0.12841407358646392,-0.09282567203044892,-0.11761310696601868,-0.016848405823111534,-0.00031611134181730634,0.962671905697446,-0.027852093800902367,0.000700680015143007,0.0002870711905416101,0.025852445513010025,0.13192445039749146,0.3007071316242218,1.0,0.02367387033398821,0.02367387033398821,0.0,0.9469548133595285,,,cvar,/Users/yaniszaim/deephedging/.deephedging_real_runs/final_paper_notebook/panel_sweeps/IWM_full_paper_grid_800_step_robust/model_artifacts/seed_1234/risk_cvar/proto_source_vanilla_k_10_weighted_1_learnw_0,471.0,0.10403852167539299,val_loss,0.024387842044234276,0.2560068666934967,0.0,0.0,509.0,20.0,2.0,vanilla,10.0,True,False,0.07941884547472,0.13519079983234406
proto_source=vanilla_k=25_weighted=0_learnw=0,train,1234,proto,-0.02446729876101017,0.032317738980054855,-0.131381396651268,-0.0919045090675354,-0.11769910901784897,-0.010267655365169048,0.00047345309285446997,0.8982693119459688,-0.02437899261713028,8.382234227610752e-05,0.00017213028331752867,0.009236474521458149,0.11380161345005035,0.06653176248073578,0.20833033323287964,0.0,0.0,0.0,0.0,,,cvar,/Users/yaniszaim/deephedging/.deephedging_real_runs/final_paper_notebook/panel_sweeps/IWM_full_paper_grid_800_step_robust/model_artifacts/seed_1234/risk_cvar/proto_source_vanilla_k_25_weighted_0_learnw_0,13.0,0.10385220731608569,val_loss,0.008641740307211876,0.06274054944515228,0.0,0.0,2369.0,20.0,2.0,vanilla,25.0,False,False,0.09411291778087616,0.17860279977321625
proto_source=vanilla_k=25_weighted=0_learnw=0,val,1234,proto,-0.02657228149473667,0.036018867045640945,-0.1424035143852234,-0.09157280549407006,-0.13133762776851654,-0.011503828689455986,0.00023731210676487534,0.9072978303747534,-0.02649381011724472,9.40697209443897e-05,0.00017254242266062647,0.009241841733455658,0.11682698875665665,0.0665925145149231,0.20826949179172516,0.0,0.0,0.0,0.0,,,cvar,/Users/yaniszaim/deephedging/.deephedging_real_runs/final_paper_notebook/panel_sweeps/IWM_full_paper_grid_800_step_robust/model_artifacts/seed_1234/risk_cvar/proto_source_vanilla_k_25_weighted_0_learnw_0,13.0,0.10385220731608569,val_loss,0.008641740307211876,0.06274054944515228,0.0,0.0,507.0,20.0,2.0,vanilla,25.0,False,False,0.09411291778087616,0.17860279977321625
proto_source=vanilla_k=25_weighted=0_learnw=0,test,1234,proto,-0.027837269008159637,0.033642228692770004,-0.1332169109582901,-0.0973418042063713,-0.12151575833559036,-0.016480939462780952,0.00034875340061262243,0.9056974459724951,-0.027852093800902367,0.00018655956955626607,0.0001717346895020455,0.009233852848410606,0.12468666583299637,0.06649428606033325,0.2082853764295578,0.0,0.0,0.0,0.0,,,cvar,/Users/yaniszaim/deephedging/.deephedging_real_runs/final_paper_notebook/panel_sweeps/IWM_full_paper_grid_800_step_robust/model_artifacts/seed_1234/risk_cvar/proto_source_vanilla_k_25_weighted_0_learnw_0,13.0,0.10385220731608569,val_loss,0.008641740307211876,0.06274054944515228,0.0,0.0,509.0,20.0,2.0,vanilla,25.0,False,False,0.09411291778087616,0.17860279977321625
proto_source=vanilla_k=25_weighted=1_learnw=0,train,1234,proto,-0.02463807538151741,0.03225464001297951,-0.1317176479101181,-0.09180313795804977,-0.11765215545892715,-0.010410145856440067,0.0008970160037279123,0.8847615027437737,-0.02437899261713028,0.00010651983029674739,0.00036560383159667253,0.014731156639754772,0.11343519389629364,0.11112798005342484,0.2633110582828522,0.0,0.0,0.0,0.0,,,cvar,/Users/yaniszaim/deephedging/.deephedging_real_runs/final_paper_notebook/panel_sweeps/IWM_full_paper_grid_800_step_robust/model_artifacts/seed_1234/risk_cvar/proto_source_vanilla_k_25_weighted_1_learnw_0,16.0,0.10376082371454685,val_loss,0.011334902606904507,0.07140360027551651,0.0,0.0,2369.0,20.0,2.0,vanilla,25.0,True,False,0.12250321358442307,0.1967657208442688
proto_source=vanilla_k=25_weighted=1_learnw=0,val,1234,proto,-0.026751941069960594,0.035939451307058334,-0.1419767090678215,-0.09183309972286224,-0.1314229667186737,-0.012020664289593697,0.0005164877744391548,0.9092702169625246,-0.02649381011724472,0.00010769114305730909,0.0003658210625872016,0.01473318412899971,0.11343467980623245,0.11112632602453232,0.26355719566345215,0.0,0.0,0.0,0.0,,,cvar,/Users/yaniszaim/deephedging/.deephedging_real_runs/final_paper_notebook/panel_sweeps/IWM_full_paper_grid_800_step_robust/model_artifacts/seed_1234/risk_cvar/proto_source_vanilla_k_25_weighted_1_learnw_0,16.0,0.10376082371454685,val_loss,0.011334902606904507,0.07140360027551651,0.0,0.0,507.0,20.0,2.0,vanilla,25.0,True,False,0.12250321358442307,0.1967657208442688
proto_source=vanilla_k=25_weighted=1_learnw=0,test,1234,proto,-0.027977142482995987,0.03353710100054741,-0.13295023739337922,-0.0975144386291504,-0.12124817818403244,-0.01657356321811676,0.0006690268404781816,0.8958742632612967,-0.027852093800902367,0.00023966467415448278,0.00036471427301876247,0.01473139226436615,0.11343483626842499,0.11113324761390686,0.2643311619758606,0.0,0.0,0.0,0.0,,,cvar,/Users/yaniszaim/deephedging/.deephedging_real_runs/final_paper_notebook/panel_sweeps/IWM_full_paper_grid_800_step_robust/model_artifacts/seed_1234/risk_cvar/proto_source_vanilla_k_25_weighted_1_learnw_0,16.0,0.10376082371454685,val_loss,0.011334902606904507,0.07140360027551651,0.0,0.0,509.0,20.0,2.0,vanilla,25.0,True,False,0.12250321358442307,0.1967657208442688
proto_source=vanilla_k=50_weighted=0_learnw=0,train,1234,proto,-0.024410823360085487,0.03172784671187401,-0.12972045660018922,-0.09075657129287719,-0.11618085950613022,-0.010178293101489544,0.00010904661321546873,0.939636977627691,-0.02437899261713028,0.0001746507186908275,0.00020648118515964597,0.015015223063528538,0.0688803493976593,0.12964706122875214,0.485610693693161,0.0,0.0,0.0,0.0,,,cvar,/Users/yaniszaim/deephedging/.deephedging_real_runs/final_paper_notebook/panel_sweeps/IWM_full_paper_grid_800_step_robust/model_artifacts/seed_1234/risk_cvar/proto_source_vanilla_k_50_weighted_0_learnw_0,8.0,0.10400479243602603,val_loss,0.014626177959144115,0.1384582221508026,0.0,0.0,2369.0,20.0,2.0,vanilla,50.0,False,False,0.07103715091943741,0.15031185746192932
proto_source=vanilla_k=50_weighted=0_learnw=0,val,1234,proto,-0.02647823467850685,0.03540302813053131,-0.14053387194871902,-0.09039019271731377,-0.12968000769615173,-0.011393737979233265,-2.1760638628620928e-05,0.9506903353057199,-0.02649381011724472,0.00022192356118466705,0.00020634823886211962,0.015017268247902393,0.06971452385187149,0.1294543743133545,0.4847732186317444,0.0,0.0,0.0,0.0,,,cvar,/Users/yaniszaim/deephedging/.deephedging_real_runs/final_paper_notebook/panel_sweeps/IWM_full_paper_grid_800_step_robust/model_artifacts/seed_1234/risk_cvar/proto_source_vanilla_k_50_weighted_0_learnw_0,8.0,0.10400479243602603,val_loss,0.014626177959144115,0.1384582221508026,0.0,0.0,507.0,20.0,2.0,vanilla,50.0,False,False,0.07103715091943741,0.15031185746192932
proto_source=vanilla_k=50_weighted=0_learnw=0,test,1234,proto,-0.02768472395837307,0.033036042004823685,-0.13145911157131196,-0.09607815444469452,-0.1198970153927803,-0.01627916656434536,4.381059261504486e-05,0.9469548133595285,-0.027852093800902367,0.0003739944368135184,0.00020662588940467685,0.01501375064253807,0.07218536734580994,0.12971988320350647,0.48496147990226746,0.0,0.0,0.0,0.0,,,cvar,/Users/yaniszaim/deephedging/.deephedging_real_runs/final_paper_notebook/panel_sweeps/IWM_full_paper_grid_800_step_robust/model_artifacts/seed_1234/risk_cvar/proto_source_vanilla_k_50_weighted_0_learnw_0,8.0,0.10400479243602603,val_loss,0.014626177959144115,0.1384582221508026,0.0,0.0,509.0,20.0,2.0,vanilla,50.0,False,False,0.07103715091943741,0.15031185746192932
proto_source=vanilla_k=50_weighted=1_learnw=0,train,1234,proto,-0.024497579783201218,0.03257310017943382,-0.13198168337345123,-0.09237596392631531,-0.1183721050620079,-0.010347716510295868,0.0004282157286070287,0.8775854791051076,-0.02437899261713028,3.3066480682464316e-05,0.0001516545016784221,0.005801710300147533,0.06230257824063301,0.04244381561875343,0.09690730273723602,0.0,0.0,0.0,0.0,,,cvar,/Users/yaniszaim/deephedging/.deephedging_real_runs/final_paper_notebook/panel_sweeps/IWM_full_paper_grid_800_step_robust/model_artifacts/seed_1234/risk_cvar/proto_source_vanilla_k_50_weighted_1_learnw_0,8.0,0.1038473675493151,val_loss,0.004340948536992073,0.053380854427814484,0.0,0.0,2369.0,20.0,2.0,vanilla,50.0,True,False,0.08108627051115036,0.14249011874198914
proto_source=vanilla_k=50_weighted=1_learnw=0,val,1234,proto,-0.026613248512148857,0.03629452735185623,-0.14333320736885072,-0.09207014366984367,-0.13205641508102417,-0.011573023162782192,0.0003159264626447111,0.8974358974358975,-0.02649381011724472,3.19607206620276e-05,0.00015139776223804802,0.005804006010293961,0.06255540251731873,0.042342036962509155,0.09560005366802216,0.0,0.0,0.0,0.0,,,cvar,/Users/yaniszaim/deephedging/.deephedging_real_runs/final_paper_notebook/panel_sweeps/IWM_full_paper_grid_800_step_robust/model_artifacts/seed_1234/risk_cvar/proto_source_vanilla_k_50_weighted_1_learnw_0,8.0,0.1038473675493151,val_loss,0.004340948536992073,0.053380854427814484,0.0,0.0,507.0,20.0,2.0,vanilla,50.0,True,False,0.08108627051115036,0.14249011874198914
proto_source=vanilla_k=50_weighted=1_learnw=0,test,1234,proto,-0.02791675738990307,0.03392139822244644,-0.1340675038099289,-0.09782880395650864,-0.12231146544218063,-0.016974493861198425,0.0003246006031986322,0.8939096267190569,-0.027852093800902367,8.655273995827883e-05,0.00015121698379516602,0.005798731930553913,0.0630934089422226,0.04245726019144058,0.09588591754436493,0.0,0.0,0.0,0.0,,,cvar,/Users/yaniszaim/deephedging/.deephedging_real_runs/final_paper_notebook/panel_sweeps/IWM_full_paper_grid_800_step_robust/model_artifacts/seed_1234/risk_cvar/proto_source_vanilla_k_50_weighted_1_learnw_0,8.0,0.1038473675493151,val_loss,0.004340948536992073,0.053380854427814484,0.0,0.0,509.0,20.0,2.0,vanilla,50.0,True,False,0.08108627051115036,0.14249011874198914
proto_source=vanilla_k=100_weighted=0_learnw=0,train,1234,proto,-0.02462782710790634,0.031777724623680115,-0.13071020662784577,-0.09076904803514481,-0.11644487828016281,-0.010555519722402096,-0.00022070467239245785,0.9734065006331786,-0.02437899261713028,0.00015017575060483068,0.00039901185664348304,0.015111034736037254,0.31778866052627563,0.11653336882591248,0.6929452419281006,0.0,0.0,0.0,0.0,,,cvar,/Users/yaniszaim/deephedging/.deephedging_real_runs/final_paper_notebook/panel_sweeps/IWM_full_paper_grid_800_step_robust/model_artifacts/seed_1234/risk_cvar/proto_source_vanilla_k_100_weighted_0_learnw_0,204.0,0.10416631872765719,val_loss,0.01399383507668972,0.10065550357103348,0.0,0.0,2369.0,20.0,2.0,vanilla,100.0,False,False,0.08451948314905167,0.33524367213249207
proto_source=vanilla_k=100_weighted=0_learnw=0,val,1234,proto,-0.026693979278206825,0.03533277288079262,-0.14170479476451872,-0.09044675454497338,-0.1293979436159134,-0.012142728082835674,-0.0003139652690151708,0.9822485207100592,-0.02649381011724472,0.00019595000776462257,0.00039612018736079335,0.015008639544248581,0.10042182356119156,0.11725085973739624,0.5181397795677185,0.0,0.0,0.0,0.0,,,cvar,/Users/yaniszaim/deephedging/.deephedging_real_runs/final_paper_notebook/panel_sweeps/IWM_full_paper_grid_800_step_robust/model_artifacts/seed_1234/risk_cvar/proto_source_vanilla_k_100_weighted_0_learnw_0,204.0,0.10416631872765719,val_loss,0.01399383507668972,0.10065550357103348,0.0,0.0,507.0,20.0,2.0,vanilla,100.0,False,False,0.08451948314905167,0.33524367213249207
proto_source=vanilla_k=100_weighted=0_learnw=0,test,1234,proto,-0.027926476672291756,0.03319134563207626,-0.13231135070323943,-0.0952654555439949,-0.12049860507249832,-0.017332062125205994,-0.0002974096569232644,0.9803536345776032,-0.027852093800902367,0.0003280667297076434,0.0004024506779387593,0.015159172005951405,0.22395595908164978,0.11580311506986618,0.6040659546852112,0.0,0.0,0.0,0.0,,,cvar,/Users/yaniszaim/deephedging/.deephedging_real_runs/final_paper_notebook/panel_sweeps/IWM_full_paper_grid_800_step_robust/model_artifacts/seed_1234/risk_cvar/proto_source_vanilla_k_100_weighted_0_learnw_0,204.0,0.10416631872765719,val_loss,0.01399383507668972,0.10065550357103348,0.0,0.0,509.0,20.0,2.0,vanilla,100.0,False,False,0.08451948314905167,0.33524367213249207
proto_source=vanilla_k=100_weighted=1_learnw=0,train,1234,proto,-0.024912359192967415,0.03247120603919029,-0.13093053460121154,-0.09301571696996688,-0.11878757178783417,-0.011346116662025452,0.0027843511663377283,0.8539468130012664,-0.02437899261713028,0.00015970945241861045,0.0006930766394361854,0.024798419326543808,0.14165422320365906,0.07230590283870697,0.43868792057037354,0.0,0.0,0.0,0.0,,,cvar,/Users/yaniszaim/deephedging/.deephedging_real_runs/final_paper_notebook/panel_sweeps/IWM_full_paper_grid_800_step_robust/model_artifacts/seed_1234/risk_cvar/proto_source_vanilla_k_100_weighted_1_learnw_0,387.0,0.10409283093176783,val_loss,0.012125162407755852,0.11926234513521194,0.0,0.0,2369.0,20.0,2.0,vanilla,100.0,True,False,0.10569224506616592,0.25756174325942993
proto_source=vanilla_k=100_weighted=1_learnw=0,val,1234,proto,-0.02723516710102558,0.03630001097917557,-0.14750269502401353,-0.09268028140068055,-0.13281916081905365,-0.012234194204211235,0.00244375255424529,0.8678500986193294,-0.02649381011724472,-4.7413563152076676e-05,0.0006939423037692904,0.02480531856417656,0.14156028628349304,0.07203410565853119,0.2132786065340042,0.0,0.0,0.0,0.0,,,cvar,/Users/yaniszaim/deephedging/.deephedging_real_runs/final_paper_notebook/panel_sweeps/IWM_full_paper_grid_800_step_robust/model_artifacts/seed_1234/risk_cvar/proto_source_vanilla_k_100_weighted_1_learnw_0,387.0,0.10409283093176783,val_loss,0.012125162407755852,0.11926234513521194,0.0,0.0,507.0,20.0,2.0,vanilla,100.0,True,False,0.10569224506616592,0.25756174325942993
proto_source=vanilla_k=100_weighted=1_learnw=0,test,1234,proto,-0.028509067371487617,0.03431641682982445,-0.1380760234594345,-0.09836537986993789,-0.12478813529014587,-0.01716950722038746,0.002662360016256563,0.8762278978388998,-0.027852093800902367,3.641939110821113e-05,0.0006933933473192155,0.02480585314333439,0.14160944521427155,0.0722522884607315,0.33655279874801636,0.0,0.0,0.0,0.0,,,cvar,/Users/yaniszaim/deephedging/.deephedging_real_runs/final_paper_notebook/panel_sweeps/IWM_full_paper_grid_800_step_robust/model_artifacts/seed_1234/risk_cvar/proto_source_vanilla_k_100_weighted_1_learnw_0,387.0,0.10409283093176783,val_loss,0.012125162407755852,0.11926234513521194,0.0,0.0,509.0,20.0,2.0,vanilla,100.0,True,False,0.10569224506616592,0.25756174325942993
unhedged,train,2345,baseline,-0.024934401735663414,0.03309280052781105,-0.13367144584655763,-0.09271361827850341,-0.11936706304550171,-0.011387348175048828,-0.0,0.5960320810468552,-0.024934401735663414,0.0,0.0,0.0,0.0,0.0,0.0,0.0,0.0,0.0,0.0,,,,,,,,,,,,,,,,,,,,
spot_delta,train,2345,baseline,-0.02494947984814644,0.03236675634980202,-0.12976284623146056,-0.09044160693883896,-0.11655633896589279,-0.013954713940620422,0.005443972814828156,0.801181933305192,-0.024934401735663414,0.00014014999032951891,0.00015522688045166433,0.019358066841959953,0.584227979183197,0.25831282138824463,0.5917689800262451,0.0,0.0,0.0,0.0,,,,,,,,,,,,,,,,,,,,
spot_delta_band,train,2345,baseline,-0.024875672534108162,0.032290343195199966,-0.13016239643096925,-0.089883354306221,-0.1164320781826973,-0.0136184711009264,0.004801908787339925,0.8049810046433095,-0.024934401735663414,0.00015660027565900236,9.787022281670943e-05,0.012232944369316101,0.5342279672622681,0.24165412783622742,0.5417689681053162,0.0,0.0,0.0,0.0,0.05,gains_mean,,,,,,,,,,,,,,,,,,
unhedged,val,2345,baseline,-0.024727897718548775,0.03310267999768257,-0.13252944946289064,-0.09049561023712158,-0.12069720774888992,-0.010361433029174805,-0.0,0.5838264299802761,-0.024727897718548775,0.0,0.0,0.0,0.0,0.0,0.0,0.0,0.0,0.0,0.0,,,,,,,,,,,,,,,,,,,,
spot_delta,val,2345,baseline,-0.024518242105841637,0.032376207411289215,-0.13958679437637328,-0.08581160008907318,-0.11767254769802094,-0.01354660652577877,0.0052647289820015415,0.7810650887573964,-0.024727897718548775,0.0003645703545771539,0.0001549137377878651,0.01931527629494667,0.5942999720573425,0.25856995582580566,0.5942999720573425,0.0,0.0,0.0,0.0,,,,,,,,,,,,,,,,,,,,
spot_delta_band,val,2345,baseline,-0.024425137788057327,0.032194286584854126,-0.1405838894844055,-0.0855662003159523,-0.11745239794254303,-0.013535800389945507,0.0048893818631768225,0.7830374753451677,-0.024727897718548775,0.0004007570678368211,9.7994867246598e-05,0.012247061356902122,0.5442999601364136,0.24172967672348022,0.5442999601364136,0.0,0.0,0.0,0.0,0.05,gains_mean,,,,,,,,,,,,,,,,,,
unhedged,test,2345,baseline,-0.027026062831282616,0.0357954278588295,-0.14942120552062987,-0.0991053819656372,-0.13074225187301636,-0.012098431587219238,-0.0,0.6070726915520629,-0.027026062831282616,0.0,0.0,0.0,0.0,0.0,0.0,0.0,0.0,0.0,0.0,,,,,,,,,,,,,,,,,,,,
spot_delta,test,2345,baseline,-0.02710106037557125,0.035361651331186295,-0.14095529079437255,-0.09834658652544022,-0.12823428213596344,-0.014117896556854248,0.005519023723900309,0.7976424361493124,-0.027026062831282616,8.000622619874775e-05,0.00015500395966228098,0.019323397427797318,0.5744969844818115,0.25844255089759827,0.5917689800262451,0.0,0.0,0.0,0.0,,,,,,,,,,,,,,,,,,,,
spot_delta_band,test,2345,baseline,-0.02706458419561386,0.035235803574323654,-0.13956853687763215,-0.09822374731302261,-0.12759073078632355,-0.014073961414396763,0.004814243223518126,0.7956777996070727,-0.027026062831282616,5.927598976995796e-05,9.779603715287521e-05,0.0122244106605649,0.5244969725608826,0.24146923422813416,0.5417689681053162,0.0,0.0,0.0,0.0,0.05,gains_mean,,,,,,,,,,,,,,,,,,
vanilla,train,2345,vanilla,-0.02466903068125248,0.030771451070904732,-0.12764936149120332,-0.08823795318603515,-0.11352906376123428,-0.011579912155866623,0.00016879888426046753,0.9400590966652596,-0.024934401735663414,0.00047031472786329687,0.0002049434115178883,0.025044476613402367,0.10376220941543579,0.2705881893634796,1.0,0.09909244406922753,0.09909244406922753,0.0,1.0,,,cvar,/Users/yaniszaim/deephedging/.deephedging_real_runs/final_paper_notebook/panel_sweeps/IWM_full_paper_grid_800_step_robust/model_artifacts/seed_2345/risk_cvar/vanilla,345.0,0.09735371937043966,val_loss,0.02139405347406864,0.17295458912849426,0.0,0.0,2369.0,20.0,2.0,,,,,,
vanilla,val,2345,vanilla,-0.024578014388680458,0.030800897628068924,-0.12576713740825654,-0.08454923927783967,-0.11480841040611267,-0.010905895382165909,0.00017408584535587573,0.9368836291913215,-0.024727897718548775,0.0003548151580616832,0.0002049281756626442,0.02504434809088707,0.10329365730285645,0.27045172452926636,1.0,0.09906311637080868,0.09906311637080868,0.0,1.0,,,cvar,/Users/yaniszaim/deephedging/.deephedging_real_runs/final_paper_notebook/panel_sweeps/IWM_full_paper_grid_800_step_robust/model_artifacts/seed_2345/risk_cvar/vanilla,345.0,0.09735371937043966,val_loss,0.02139405347406864,0.17295458912849426,0.0,0.0,507.0,20.0,2.0,,,,,,
vanilla,test,2345,vanilla,-0.02664128690958023,0.03337899595499039,-0.14377885997295378,-0.09385786652565002,-0.12413562089204788,-0.012475831434130669,-5.547374312300272e-05,0.9528487229862476,-0.027026062831282616,0.0005900735850445926,0.00020529894391074777,0.025043731555342674,0.10198009014129639,0.2703220546245575,1.0,0.09837917485265225,0.09837917485265225,0.0,1.0,,,cvar,/Users/yaniszaim/deephedging/.deephedging_real_runs/final_paper_notebook/panel_sweeps/IWM_full_paper_grid_800_step_robust/model_artifacts/seed_2345/risk_cvar/vanilla,345.0,0.09735371937043966,val_loss,0.02139405347406864,0.17295458912849426,0.0,0.0,509.0,20.0,2.0,,,,,,
proto_source=spot_delta_k=10_weighted=0_learnw=0,train,2345,proto,-0.024912793189287186,0.03084002248942852,-0.12846380710601807,-0.08865082561969757,-0.11311998218297958,-0.012120181694626808,0.001158438087441027,0.89489235964542,-0.024934401735663414,0.00021119423035997897,0.00018958435975946486,0.022394932806491852,0.17256297171115875,0.34606003761291504,0.989274799823761,0.0,0.0,0.0,0.0,,,cvar,/Users/yaniszaim/deephedging/.deephedging_real_runs/final_paper_notebook/panel_sweeps/IWM_full_paper_grid_800_step_robust/model_artifacts/seed_2345/risk_cvar/proto_source_spot_delta_k_10_weighted_0_learnw_0,19.0,0.09666561227291823,val_loss,0.020317547023296356,0.1406058520078659,0.0,0.0,2369.0,20.0,2.0,spot_delta,10.0,False,False,0.07619751989841461,0.17264264822006226
proto_source=spot_delta_k=10_weighted=0_learnw=0,val,2345,proto,-0.024505091831088066,0.031023148447275162,-0.12993924006819724,-0.08430514335632325,-0.11528467386960983,-0.012661732733249664,0.0018693937105126678,0.8560157790927022,-0.024727897718548775,0.0004139371740166098,0.00019112895824946463,0.02254353277385235,0.17190878093242645,0.34443435072898865,0.991365909576416,0.0,0.0,0.0,0.0,,,cvar,/Users/yaniszaim/deephedging/.deephedging_real_runs/final_paper_notebook/panel_sweeps/IWM_full_paper_grid_800_step_robust/model_artifacts/seed_2345/risk_cvar/proto_source_spot_delta_k_10_weighted_0_learnw_0,19.0,0.09666561227291823,val_loss,0.020317547023296356,0.1406058520078659,0.0,0.0,507.0,20.0,2.0,spot_delta,10.0,False,False,0.07619751989841461,0.17264264822006226
proto_source=spot_delta_k=10_weighted=0_learnw=0,test,2345,proto,-0.026711441576480865,0.033183950930833817,-0.13025146961212158,-0.09315563887357711,-0.12172981351613998,-0.012281028553843498,0.0013826581183820946,0.8978388998035364,-0.027026062831282616,0.0005031751352362335,0.00018855396774597466,0.022221466526389122,0.17181886732578278,0.34219446778297424,0.9757418632507324,0.0,0.0,0.0,0.0,,,cvar,/Users/yaniszaim/deephedging/.deephedging_real_runs/final_paper_notebook/panel_sweeps/IWM_full_paper_grid_800_step_robust/model_artifacts/seed_2345/risk_cvar/proto_source_spot_delta_k_10_weighted_0_learnw_0,19.0,0.09666561227291823,val_loss,0.020317547023296356,0.1406058520078659,0.0,0.0,509.0,20.0,2.0,spot_delta,10.0,False,False,0.07619751989841461,0.17264264822006226
proto_source=spot_delta_k=10_weighted=1_learnw=0,train,2345,proto,-0.024907588958740234,0.03116629086434841,-0.1298215353488922,-0.08939180374145507,-0.11395896226167679,-0.011950716376304626,0.0008012511651031664,0.9029126213592233,-0.024934401735663414,0.00019532907754182816,0.00016851534019224346,0.01899062842130661,0.11735138297080994,0.2854265868663788,0.7639719247817993,0.0,0.0,0.0,0.0,,,cvar,/Users/yaniszaim/deephedging/.deephedging_real_runs/final_paper_notebook/panel_sweeps/IWM_full_paper_grid_800_step_robust/model_artifacts/seed_2345/risk_cvar/proto_source_spot_delta_k_10_weighted_1_learnw_0,16.0,0.09674997489899397,val_loss,0.020501621067523956,0.11728660017251968,0.0,0.0,2369.0,20.0,2.0,spot_delta,10.0,True,False,0.08169560134410858,0.14394040405750275
proto_source=spot_delta_k=10_weighted=1_learnw=0,val,2345,proto,-0.024561990052461624,0.03122335858643055,-0.1267497046291828,-0.08456902205944061,-0.1156744584441185,-0.01258144248276949,0.0011449206969700752,0.873767258382643,-0.024727897718548775,0.00033541201264597476,0.00016950305143836886,0.019076446071267128,0.11140051484107971,0.2852877974510193,0.7634161710739136,0.0,0.0,0.0,0.0,,,cvar,/Users/yaniszaim/deephedging/.deephedging_real_runs/final_paper_notebook/panel_sweeps/IWM_full_paper_grid_800_step_robust/model_artifacts/seed_2345/risk_cvar/proto_source_spot_delta_k_10_weighted_1_learnw_0,16.0,0.09674997489899397,val_loss,0.020501621067523956,0.11728660017251968,0.0,0.0,507.0,20.0,2.0,spot_delta,10.0,True,False,0.08169560134410858,0.14394040405750275
proto_source=spot_delta_k=10_weighted=1_learnw=0,test,2345,proto,-0.026742180809378624,0.033574316650629044,-0.14085016310214996,-0.09321230798959732,-0.12352199107408524,-0.011799412779510021,0.0009824842447414973,0.9115913555992141,-0.027026062831282616,0.00045487890020012856,0.00017099645629059523,0.019051244482398033,0.10799643397331238,0.2856388986110687,0.7642239332199097,0.0,0.0,0.0,0.0,,,cvar,/Users/yaniszaim/deephedging/.deephedging_real_runs/final_paper_notebook/panel_sweeps/IWM_full_paper_grid_800_step_robust/model_artifacts/seed_2345/risk_cvar/proto_source_spot_delta_k_10_weighted_1_learnw_0,16.0,0.09674997489899397,val_loss,0.020501621067523956,0.11728660017251968,0.0,0.0,509.0,20.0,2.0,spot_delta,10.0,True,False,0.08169560134410858,0.14394040405750275
proto_source=spot_delta_k=25_weighted=0_learnw=0,train,2345,proto,-0.02486707642674446,0.031509917229413986,-0.12934307157993316,-0.08991579562425614,-0.1149735078215599,-0.011739576235413551,0.00041255743708461435,0.9252849303503587,-0.024934401735663414,0.00024986296193674207,0.00018253707094118,0.01725250668823719,0.11563961207866669,0.2181713581085205,1.0,1.0552975939214859e-05,1.0552975939214859e-05,0.0,0.00042211903756859433,,,cvar,/Users/yaniszaim/deephedging/.deephedging_real_runs/final_paper_notebook/panel_sweeps/IWM_full_paper_grid_800_step_robust/model_artifacts/seed_2345/risk_cvar/proto_source_spot_delta_k_25_weighted_0_learnw_0,20.0,0.09729565780609846,val_loss,0.01527615636587143,0.11849066615104675,0.0,0.0,2369.0,20.0,2.0,spot_delta,25.0,False,False,0.052516788244247437,0.1156788021326065
proto_source=spot_delta_k=25_weighted=0_learnw=0,val,2345,proto,-0.024779189378023148,0.03154269978404045,-0.12762074530124665,-0.08750126734375953,-0.11680077016353607,-0.011592589318752289,0.0002116548057529142,0.9211045364891519,-0.024727897718548775,0.0001328358775936067,0.0001841261691879481,0.017287714406847954,0.11562825739383698,0.2179454267024994,1.0,9.861932938856015e-05,9.861932938856015e-05,0.0,0.0039447731755424065,,,cvar,/Users/yaniszaim/deephedging/.deephedging_real_runs/final_paper_notebook/panel_sweeps/IWM_full_paper_grid_800_step_robust/model_artifacts/seed_2345/risk_cvar/proto_source_spot_delta_k_25_weighted_0_learnw_0,20.0,0.09729565780609846,val_loss,0.01527615636587143,0.11849066615104675,0.0,0.0,507.0,20.0,2.0,spot_delta,25.0,False,False,0.052516788244247437,0.1156788021326065
proto_source=spot_delta_k=25_weighted=0_learnw=0,test,2345,proto,-0.026827717199921608,0.034044016152620316,-0.1436861664056778,-0.09653214812278746,-0.12557688355445862,-0.012098291888833046,4.1225599125026547e-05,0.9469548133595285,-0.027026062831282616,0.000382170983357355,0.0001838276075432077,0.017244167625904083,0.11562220752239227,0.21862462162971497,1.0,4.911591355599214e-05,4.911591355599214e-05,0.0,0.0019646365422396855,,,cvar,/Users/yaniszaim/deephedging/.deephedging_real_runs/final_paper_notebook/panel_sweeps/IWM_full_paper_grid_800_step_robust/model_artifacts/seed_2345/risk_cvar/proto_source_spot_delta_k_25_weighted_0_learnw_0,20.0,0.09729565780609846,val_loss,0.01527615636587143,0.11849066615104675,0.0,0.0,509.0,20.0,2.0,spot_delta,25.0,False,False,0.052516788244247437,0.1156788021326065
proto_source=spot_delta_k=25_weighted=1_learnw=0,train,2345,proto,-0.024813370779156685,0.031173354014754295,-0.1290927439928055,-0.08860875964164734,-0.11423399299383163,-0.011503900401294231,0.0008205229882150885,0.8991135500211059,-0.024934401735663414,0.0003631239815149456,0.0002420919481664896,0.02334507554769516,0.09544092416763306,0.31245484948158264,1.0,0.0012241452089489235,0.0012241452089489235,0.0,0.011397214014352047,,,cvar,/Users/yaniszaim/deephedging/.deephedging_real_runs/final_paper_notebook/panel_sweeps/IWM_full_paper_grid_800_step_robust/model_artifacts/seed_2345/risk_cvar/proto_source_spot_delta_k_25_weighted_1_learnw_0,12.0,0.09706220119706625,val_loss,0.022003456950187683,0.13792617619037628,0.00014792899408284024,0.005917159763313609,2369.0,20.0,2.0,spot_delta,25.0,True,False,0.06894011795520782,0.14274413883686066
proto_source=spot_delta_k=25_weighted=1_learnw=0,val,2345,proto,-0.024742934852838516,0.031102556735277176,-0.12807677388191224,-0.0863436795771122,-0.11584632098674774,-0.012457122094929218,0.000970558892004191,0.9092702169625246,-0.024727897718548775,0.00023046905698720366,0.0002455043140798807,0.02352052927017212,0.0933530330657959,0.31353577971458435,1.0,0.0021696252465483235,0.0021696252465483235,0.0,0.01972386587771203,,,cvar,/Users/yaniszaim/deephedging/.deephedging_real_runs/final_paper_notebook/panel_sweeps/IWM_full_paper_grid_800_step_robust/model_artifacts/seed_2345/risk_cvar/proto_source_spot_delta_k_25_weighted_1_learnw_0,12.0,0.09706220119706625,val_loss,0.022003456950187683,0.13792617619037628,0.00014792899408284024,0.005917159763313609,507.0,20.0,2.0,spot_delta,25.0,True,False,0.06894011795520782,0.14274413883686066
proto_source=spot_delta_k=25_weighted=1_learnw=0,test,2345,proto,-0.026683267205953598,0.0336567647755146,-0.14213305115699768,-0.09392474293708801,-0.12474417686462402,-0.01139833964407444,0.0010274952277541142,0.9194499017681729,-0.027026062831282616,0.000583899614866823,0.0002411052118986845,0.023397576063871384,0.09420228004455566,0.31303054094314575,1.0,0.00137524557956778,0.00137524557956778,0.0,0.011787819253438114,,,cvar,/Users/yaniszaim/deephedging/.deephedging_real_runs/final_paper_notebook/panel_sweeps/IWM_full_paper_grid_800_step_robust/model_artifacts/seed_2345/risk_cvar/proto_source_spot_delta_k_25_weighted_1_learnw_0,12.0,0.09706220119706625,val_loss,0.022003456950187683,0.13792617619037628,0.00014792899408284024,0.005917159763313609,509.0,20.0,2.0,spot_delta,25.0,True,False,0.06894011795520782,0.14274413883686066
proto_source=spot_delta_k=50_weighted=0_learnw=0,train,2345,proto,-0.024782905355095863,0.030790608376264572,-0.12911631047725677,-0.08699095696210861,-0.11337296664714813,-0.01235919538885355,0.0013650761218741534,0.8894048121570283,-0.024934401735663414,0.0004399936296977103,0.0002884973946493119,0.02699565701186657,0.2016369104385376,0.3985637128353119,1.0,0.10278598564795273,0.10235331363444491,0.0004326720135078092,0.7403967918953145,,,cvar,/Users/yaniszaim/deephedging/.deephedging_real_runs/final_paper_notebook/panel_sweeps/IWM_full_paper_grid_800_step_robust/model_artifacts/seed_2345/risk_cvar/proto_source_spot_delta_k_50_weighted_0_learnw_0,28.0,0.09677691199623886,val_loss,0.022082623094320297,0.17134037613868713,0.0014792899408284023,0.011834319526627219,2369.0,20.0,2.0,spot_delta,50.0,False,False,0.06743483245372772,0.20206578075885773
proto_source=spot_delta_k=50_weighted=0_learnw=0,val,2345,proto,-0.024213528260588646,0.030576085671782494,-0.12621416345238684,-0.08268586248159408,-0.11318318545818329,-0.012654321268200874,0.0022284080740064376,0.8678500986193294,-0.024727897718548775,0.0008090112823992968,0.00029463873943313956,0.027394872158765793,0.1998797059059143,0.39843568205833435,1.0,0.10004930966469427,0.09930966469428008,0.0007396449704142012,0.7317554240631163,,,cvar,/Users/yaniszaim/deephedging/.deephedging_real_runs/final_paper_notebook/panel_sweeps/IWM_full_paper_grid_800_step_robust/model_artifacts/seed_2345/risk_cvar/proto_source_spot_delta_k_50_weighted_0_learnw_0,28.0,0.09677691199623886,val_loss,0.022082623094320297,0.17134037613868713,0.0014792899408284023,0.011834319526627219,507.0,20.0,2.0,spot_delta,50.0,False,False,0.06743483245372772,0.20206578075885773
proto_source=spot_delta_k=50_weighted=0_learnw=0,test,2345,proto,-0.0266192015260458,0.03314104303717613,-0.1386183398962021,-0.0920440599322319,-0.12274192273616791,-0.012294646352529526,0.001364842779003083,0.9096267190569745,-0.027026062831282616,0.000698327086865902,0.0002914652577601373,0.027313921600580215,0.19869917631149292,0.3944256901741028,1.0,0.09705304518664047,0.09636542239685658,0.00068762278978389,0.7269155206286837,,,cvar,/Users/yaniszaim/deephedging/.deephedging_real_runs/final_paper_notebook/panel_sweeps/IWM_full_paper_grid_800_step_robust/model_artifacts/seed_2345/risk_cvar/proto_source_spot_delta_k_50_weighted_0_learnw_0,28.0,0.09677691199623886,val_loss,0.022082623094320297,0.17134037613868713,0.0014792899408284023,0.011834319526627219,509.0,20.0,2.0,spot_delta,50.0,False,False,0.06743483245372772,0.20206578075885773
proto_source=spot_delta_k=50_weighted=1_learnw=0,train,2345,proto,-0.024955568835139275,0.031046466901898384,-0.1316261374950409,-0.08915065675973892,-0.11432990431785583,-0.01174495555460453,-0.0005139982444234207,0.9700295483326298,-0.024934401735663414,0.0003269492299295962,0.00034811667865142226,0.02098551206290722,0.12896226346492767,0.25129592418670654,1.0,0.0001794005909666526,0.0001794005909666526,0.0,0.006753904601097509,,,cvar,/Users/yaniszaim/deephedging/.deephedging_real_runs/final_paper_notebook/panel_sweeps/IWM_full_paper_grid_800_step_robust/model_artifacts/seed_2345/risk_cvar/proto_source_spot_delta_k_50_weighted_1_learnw_0,17.0,0.09706204854883253,val_loss,0.01880561001598835,0.16123905777931213,0.0,0.0,2369.0,20.0,2.0,spot_delta,50.0,True,False,0.06528947502374649,0.12995100021362305
proto_source=spot_delta_k=50_weighted=1_learnw=0,val,2345,proto,-0.024729713797569275,0.030903246253728867,-0.12859595388174058,-0.08421729356050492,-0.11552116274833679,-0.011458401568233967,-0.00035489339206833435,0.9644970414201184,-0.024727897718548775,0.00034405270707793534,0.00034586701076477766,0.021136492490768433,0.1283046454191208,0.251858651638031,1.0,0.0003944773175542406,0.0003944773175542406,0.0,0.013806706114398421,,,cvar,/Users/yaniszaim/deephedging/.deephedging_real_runs/final_paper_notebook/panel_sweeps/IWM_full_paper_grid_800_step_robust/model_artifacts/seed_2345/risk_cvar/proto_source_spot_delta_k_50_weighted_1_learnw_0,17.0,0.09706204854883253,val_loss,0.01880561001598835,0.16123905777931213,0.0,0.0,507.0,20.0,2.0,spot_delta,50.0,True,False,0.06528947502374649,0.12995100021362305
proto_source=spot_delta_k=50_weighted=1_learnw=0,test,2345,proto,-0.026826390996575356,0.03342125564813614,-0.14305952072143555,-0.09252875000238418,-0.12379859387874603,-0.012053977698087692,-0.0005689548328518882,0.9724950884086444,-0.027026062831282616,0.0005442449473775923,0.00034457191941328347,0.02086576260626316,0.12852884829044342,0.2501644790172577,1.0,9.823182711198428e-05,9.823182711198428e-05,0.0,0.003929273084479371,,,cvar,/Users/yaniszaim/deephedging/.deephedging_real_runs/final_paper_notebook/panel_sweeps/IWM_full_paper_grid_800_step_robust/model_artifacts/seed_2345/risk_cvar/proto_source_spot_delta_k_50_weighted_1_learnw_0,17.0,0.09706204854883253,val_loss,0.01880561001598835,0.16123905777931213,0.0,0.0,509.0,20.0,2.0,spot_delta,50.0,True,False,0.06528947502374649,0.12995100021362305
proto_source=spot_delta_k=100_weighted=0_learnw=0,train,2345,proto,-0.024914434179663658,0.03163585439324379,-0.1313934236764908,-0.09018470495939254,-0.11533772945404053,-0.011472036130726337,0.001474537933245301,0.8788518362178134,-0.024934401735663414,0.00023782245989423245,0.00021785273565910757,0.01919245906174183,0.14767631888389587,0.2754288911819458,0.721038818359375,0.0,0.0,0.0,0.0,,,cvar,/Users/yaniszaim/deephedging/.deephedging_real_runs/final_paper_notebook/panel_sweeps/IWM_full_paper_grid_800_step_robust/model_artifacts/seed_2345/risk_cvar/proto_source_spot_delta_k_100_weighted_0_learnw_0,18.0,0.09704064771533012,val_loss,0.020367950201034546,0.1052502989768982,0.0,0.0,2369.0,20.0,2.0,spot_delta,100.0,False,False,0.08149153739213943,0.16637443006038666
proto_source=spot_delta_k=100_weighted=0_learnw=0,val,2345,proto,-0.02443559467792511,0.031495511531829834,-0.12680980265140535,-0.08413220942020416,-0.11622990667819977,-0.012592155486345291,0.002087190141901373,0.8224852071005917,-0.024727897718548775,0.0005112697836011648,0.0002189646620536223,0.01923815719783306,0.14773303270339966,0.2740725576877594,0.7179270386695862,0.0,0.0,0.0,0.0,,,cvar,/Users/yaniszaim/deephedging/.deephedging_real_runs/final_paper_notebook/panel_sweeps/IWM_full_paper_grid_800_step_robust/model_artifacts/seed_2345/risk_cvar/proto_source_spot_delta_k_100_weighted_0_learnw_0,18.0,0.09704064771533012,val_loss,0.020367950201034546,0.1052502989768982,0.0,0.0,507.0,20.0,2.0,spot_delta,100.0,False,False,0.08149153739213943,0.16637443006038666
proto_source=spot_delta_k=100_weighted=0_learnw=0,test,2345,proto,-0.02680029347538948,0.03397729620337486,-0.14102629244327544,-0.0949818730354309,-0.124083012342453,-0.012393389828503132,0.002166183851659297,0.8762278978388998,-0.027026062831282616,0.0004420799086801708,0.00021631125127896667,0.01916799135506153,0.14758113026618958,0.27229803800582886,0.7256606221199036,0.0,0.0,0.0,0.0,,,cvar,/Users/yaniszaim/deephedging/.deephedging_real_runs/final_paper_notebook/panel_sweeps/IWM_full_paper_grid_800_step_robust/model_artifacts/seed_2345/risk_cvar/proto_source_spot_delta_k_100_weighted_0_learnw_0,18.0,0.09704064771533012,val_loss,0.020367950201034546,0.1052502989768982,0.0,0.0,509.0,20.0,2.0,spot_delta,100.0,False,False,0.08149153739213943,0.16637443006038666
proto_source=spot_delta_k=100_weighted=1_learnw=0,train,2345,proto,-0.02497648261487484,0.03117269277572632,-0.131237473487854,-0.0885789692401886,-0.1141468957066536,-0.012611609883606434,0.001893010851927099,0.8644997889404812,-0.024934401735663414,0.00016197511286009103,0.00020405558461789042,0.02256140112876892,0.2129373550415039,0.33948177099227905,0.8536285758018494,0.0,0.0,0.0,0.0,,,cvar,/Users/yaniszaim/deephedging/.deephedging_real_runs/final_paper_notebook/panel_sweeps/IWM_full_paper_grid_800_step_robust/model_artifacts/seed_2345/risk_cvar/proto_source_spot_delta_k_100_weighted_1_learnw_0,24.0,0.09640692577697337,val_loss,0.01969677396118641,0.10994543135166168,0.0,0.0,2369.0,20.0,2.0,spot_delta,100.0,True,False,0.07685079425573349,0.21519148349761963
proto_source=spot_delta_k=100_weighted=1_learnw=0,val,2345,proto,-0.02443092130124569,0.03088155947625637,-0.13626416355371473,-0.08474655747413636,-0.11416015028953552,-0.014225609600543976,0.002657320117577908,0.8422090729783037,-0.024727897718548775,0.0005023885751143098,0.00020541225967463106,0.02261117845773697,0.21293891966342926,0.33827832341194153,0.8518420457839966,0.0,0.0,0.0,0.0,,,cvar,/Users/yaniszaim/deephedging/.deephedging_real_runs/final_paper_notebook/panel_sweeps/IWM_full_paper_grid_800_step_robust/model_artifacts/seed_2345/risk_cvar/proto_source_spot_delta_k_100_weighted_1_learnw_0,24.0,0.09640692577697337,val_loss,0.01969677396118641,0.10994543135166168,0.0,0.0,507.0,20.0,2.0,spot_delta,100.0,True,False,0.07685079425573349,0.21519148349761963
proto_source=spot_delta_k=100_weighted=1_learnw=0,test,2345,proto,-0.026748210191726685,0.03345811367034912,-0.1382102233171463,-0.09622208923101425,-0.12297355383634567,-0.012672848999500275,0.0026342873461544483,0.8801571709233792,-0.027026062831282616,0.00048391439486294985,0.00020606153702829033,0.022784078493714333,0.2129075527191162,0.3369729518890381,0.8497172594070435,0.0,0.0,0.0,0.0,,,cvar,/Users/yaniszaim/deephedging/.deephedging_real_runs/final_paper_notebook/panel_sweeps/IWM_full_paper_grid_800_step_robust/model_artifacts/seed_2345/risk_cvar/proto_source_spot_delta_k_100_weighted_1_learnw_0,24.0,0.09640692577697337,val_loss,0.01969677396118641,0.10994543135166168,0.0,0.0,509.0,20.0,2.0,spot_delta,100.0,True,False,0.07685079425573349,0.21519148349761963
proto_source=vanilla_k=10_weighted=0_learnw=0,train,2345,proto,-0.024814268574118614,0.03134821727871895,-0.127972030043602,-0.08931734710931778,-0.11493071168661118,-0.011486050672829151,-0.00045047238818369834,1.0,-0.024934401735663414,0.0003232027229387313,0.00020306937221903354,0.019941246137022972,0.04424744471907616,0.20939107239246368,0.7835663557052612,0.0,0.0,0.0,0.0,,,cvar,/Users/yaniszaim/deephedging/.deephedging_real_runs/final_paper_notebook/panel_sweeps/IWM_full_paper_grid_800_step_robust/model_artifacts/seed_2345/risk_cvar/proto_source_vanilla_k_10_weighted_0_learnw_0,316.0,0.09770010451786221,val_loss,0.019940366968512535,0.20937345921993256,0.0,0.0,2369.0,20.0,2.0,vanilla,10.0,False,False,0.10203453153371811,0.23696006834506989
proto_source=vanilla_k=10_weighted=0_learnw=0,val,2345,proto,-0.024626892060041428,0.03138913959264755,-0.12754174068570137,-0.08719850480556487,-0.11632049828767776,-0.010548632591962814,-0.0004181578609859572,1.0,-0.024727897718548775,0.0003043806937057525,0.00020337296882644296,0.01994027942419052,0.03891155123710632,0.20937173068523407,0.778216540813446,0.0,0.0,0.0,0.0,,,cvar,/Users/yaniszaim/deephedging/.deephedging_real_runs/final_paper_notebook/panel_sweeps/IWM_full_paper_grid_800_step_robust/model_artifacts/seed_2345/risk_cvar/proto_source_vanilla_k_10_weighted_0_learnw_0,316.0,0.09770010451786221,val_loss,0.019940366968512535,0.20937345921993256,0.0,0.0,507.0,20.0,2.0,vanilla,10.0,False,False,0.10203453153371811,0.23696006834506989
proto_source=vanilla_k=10_weighted=0_learnw=0,test,2345,proto,-0.026771726086735725,0.03399323299527168,-0.14382762134075164,-0.0954579547047615,-0.12592779099941254,-0.012263900600373745,-0.0005408066208474349,1.0,-0.027026062831282616,0.00045783669338561594,0.00020349977421574295,0.019941290840506554,0.03891155123710632,0.2093919962644577,0.778216540813446,0.0,0.0,0.0,0.0,,,cvar,/Users/yaniszaim/deephedging/.deephedging_real_runs/final_paper_notebook/panel_sweeps/IWM_full_paper_grid_800_step_robust/model_artifacts/seed_2345/risk_cvar/proto_source_vanilla_k_10_weighted_0_learnw_0,316.0,0.09770010451786221,val_loss,0.019940366968512535,0.20937345921993256,0.0,0.0,509.0,20.0,2.0,vanilla,10.0,False,False,0.10203453153371811,0.23696006834506989
proto_source=vanilla_k=10_weighted=1_learnw=0,train,2345,proto,-0.025086868554353714,0.03114166110754013,-0.12793607175350188,-0.08947541713714599,-0.11468303203582764,-0.012023316696286201,-0.00020788781112060089,0.9603208104685521,-0.024934401735663414,0.0003177823673468083,0.00047024793457239866,0.02802407741546631,0.11764788627624512,0.28962022066116333,1.0,0.024029126213592232,0.024029126213592232,0.0,0.48163782186576615,,,cvar,/Users/yaniszaim/deephedging/.deephedging_real_runs/final_paper_notebook/panel_sweeps/IWM_full_paper_grid_800_step_robust/model_artifacts/seed_2345/risk_cvar/proto_source_vanilla_k_10_weighted_1_learnw_0,405.0,0.09754689088550486,val_loss,0.02688635140657425,0.15016579627990723,4.930966469428008e-05,0.0019723865877712033,2369.0,20.0,2.0,vanilla,10.0,True,False,0.07380713522434235,0.16531841456890106
proto_source=vanilla_k=10_weighted=1_learnw=0,val,2345,proto,-0.024893924593925476,0.031144509091973305,-0.12696661368012427,-0.0877303920686245,-0.11675215512514114,-0.011068151332437992,-0.00016202451952267508,0.960552268244576,-0.024727897718548775,0.00030201778281480074,0.00046804093290120363,0.02795223519206047,0.11597079038619995,0.28791186213493347,1.0,0.023175542406311637,0.023175542406311637,0.0,0.46153846153846156,,,cvar,/Users/yaniszaim/deephedging/.deephedging_real_runs/final_paper_notebook/panel_sweeps/IWM_full_paper_grid_800_step_robust/model_artifacts/seed_2345/risk_cvar/proto_source_vanilla_k_10_weighted_1_learnw_0,405.0,0.09754689088550486,val_loss,0.02688635140657425,0.15016579627990723,4.930966469428008e-05,0.0019723865877712033,507.0,20.0,2.0,vanilla,10.0,True,False,0.07380713522434235,0.16531841456890106
proto_source=vanilla_k=10_weighted=1_learnw=0,test,2345,proto,-0.027015767991542816,0.03357185423374176,-0.1421585500240326,-0.09527406245470046,-0.12495977431535721,-0.012595891952514648,-0.00044956942438147964,0.9744597249508841,-0.027026062831282616,0.0004836944572161883,0.00047340180026367307,0.027983440086245537,0.11806359887123108,0.2877318263053894,1.0,0.024410609037328095,0.024410609037328095,0.0,0.481335952848723,,,cvar,/Users/yaniszaim/deephedging/.deephedging_real_runs/final_paper_notebook/panel_sweeps/IWM_full_paper_grid_800_step_robust/model_artifacts/seed_2345/risk_cvar/proto_source_vanilla_k_10_weighted_1_learnw_0,405.0,0.09754689088550486,val_loss,0.02688635140657425,0.15016579627990723,4.930966469428008e-05,0.0019723865877712033,509.0,20.0,2.0,vanilla,10.0,True,False,0.07380713522434235,0.16531841456890106
proto_source=vanilla_k=25_weighted=0_learnw=0,train,2345,proto,-0.024951331317424774,0.03263078257441521,-0.13204191505908966,-0.09199406951665878,-0.11824522167444229,-0.011391920037567616,-3.20070539601148e-05,0.9590544533558464,-0.024934401735663414,9.45838401094079e-05,0.00011151186481583863,0.006607926916331053,0.029089732095599174,0.055493637919425964,0.21230405569076538,0.0,0.0,0.0,0.0,,,cvar,/Users/yaniszaim/deephedging/.deephedging_real_runs/final_paper_notebook/panel_sweeps/IWM_full_paper_grid_800_step_robust/model_artifacts/seed_2345/risk_cvar/proto_source_vanilla_k_25_weighted_0_learnw_0,3.0,0.09741204250371084,val_loss,0.006423450540751219,0.051906198263168335,0.0,0.0,2369.0,20.0,2.0,vanilla,25.0,False,False,0.04731912910938263,0.11833758652210236
proto_source=vanilla_k=25_weighted=0_learnw=0,val,2345,proto,-0.02476310171186924,0.03266153857111931,-0.12975562065839769,-0.08979071900248527,-0.11955627053976059,-0.010506692342460155,3.1826886697672097e-06,0.9447731755424064,-0.024727897718548775,7.706052565481514e-05,0.00011226276546949521,0.006617051549255848,0.022083278745412827,0.05553729832172394,0.21161970496177673,0.0,0.0,0.0,0.0,,,cvar,/Users/yaniszaim/deephedging/.deephedging_real_runs/final_paper_notebook/panel_sweeps/IWM_full_paper_grid_800_step_robust/model_artifacts/seed_2345/risk_cvar/proto_source_vanilla_k_25_weighted_0_learnw_0,3.0,0.09741204250371084,val_loss,0.006423450540751219,0.051906198263168335,0.0,0.0,507.0,20.0,2.0,vanilla,25.0,False,False,0.04731912910938263,0.11833758652210236
proto_source=vanilla_k=25_weighted=0_learnw=0,test,2345,proto,-0.02698996476829052,0.03529125824570656,-0.14867763042449952,-0.09792006760835648,-0.1293935626745224,-0.012090902775526047,-0.000122238181938883,0.9666011787819253,-0.027026062831282616,0.0001490693975938484,0.00011297118180664256,0.006626363843679428,0.0239899680018425,0.055618371814489365,0.211931973695755,0.0,0.0,0.0,0.0,,,cvar,/Users/yaniszaim/deephedging/.deephedging_real_runs/final_paper_notebook/panel_sweeps/IWM_full_paper_grid_800_step_robust/model_artifacts/seed_2345/risk_cvar/proto_source_vanilla_k_25_weighted_0_learnw_0,3.0,0.09741204250371084,val_loss,0.006423450540751219,0.051906198263168335,0.0,0.0,509.0,20.0,2.0,vanilla,25.0,False,False,0.04731912910938263,0.11833758652210236
proto_source=vanilla_k=25_weighted=1_learnw=0,train,2345,proto,-0.02571873739361763,0.03154910355806351,-0.13041458666324615,-0.09056103080511094,-0.11635741591453552,-0.012261221185326576,-0.0006382552557624881,0.9750949767834529,-0.024934401735663414,0.0003031946544069797,0.0010875288862735033,0.029500054195523262,0.10321217030286789,0.20714789628982544,1.0,0.0013191219924018572,0.0013191219924018572,0.0,0.03123680878007598,,,cvar,/Users/yaniszaim/deephedging/.deephedging_real_runs/final_paper_notebook/panel_sweeps/IWM_full_paper_grid_800_step_robust/model_artifacts/seed_2345/risk_cvar/proto_source_vanilla_k_25_weighted_1_learnw_0,332.0,0.09742686443962156,val_loss,0.016707392409443855,0.09968597441911697,0.0,0.0,2369.0,20.0,2.0,vanilla,25.0,True,False,0.07599149644374847,0.16681227087974548
proto_source=vanilla_k=25_weighted=1_learnw=0,val,2345,proto,-0.025529690086841583,0.03156290948390961,-0.12873597979545592,-0.08780440911650658,-0.11767738312482834,-0.011814392171800137,-0.000636549951741472,0.9842209072978304,-0.024727897718548775,0.00024901138385757804,0.001050801482051611,0.028745003044605255,0.10251446068286896,0.2034677416086197,1.0,0.0011341222879684418,0.0011341222879684418,0.0,0.027613412228796843,,,cvar,/Users/yaniszaim/deephedging/.deephedging_real_runs/final_paper_notebook/panel_sweeps/IWM_full_paper_grid_800_step_robust/model_artifacts/seed_2345/risk_cvar/proto_source_vanilla_k_25_weighted_1_learnw_0,332.0,0.09742686443962156,val_loss,0.016707392409443855,0.09968597441911697,0.0,0.0,507.0,20.0,2.0,vanilla,25.0,True,False,0.07599149644374847,0.16681227087974548
proto_source=vanilla_k=25_weighted=1_learnw=0,test,2345,proto,-0.02769450470805168,0.034043606370687485,-0.1452911901473999,-0.09672109484672546,-0.12702380120754242,-0.01303128432482481,-0.0008188988198526227,0.9842829076620825,-0.027026062831282616,0.00039416318759322166,0.0010626077419146895,0.028925636783242226,0.10179093480110168,0.2031702846288681,1.0,0.0009823182711198428,0.0009823182711198428,0.0,0.025540275049115914,,,cvar,/Users/yaniszaim/deephedging/.deephedging_real_runs/final_paper_notebook/panel_sweeps/IWM_full_paper_grid_800_step_robust/model_artifacts/seed_2345/risk_cvar/proto_source_vanilla_k_25_weighted_1_learnw_0,332.0,0.09742686443962156,val_loss,0.016707392409443855,0.09968597441911697,0.0,0.0,509.0,20.0,2.0,vanilla,25.0,True,False,0.07599149644374847,0.16681227087974548
proto_source=vanilla_k=50_weighted=0_learnw=0,train,2345,proto,-0.024983255192637444,0.0321693941950798,-0.13106566846370696,-0.09106577783823014,-0.11713683605194092,-0.011119757778942585,0.000946516636759042,0.8978471929084002,-0.024934401735663414,0.00021061750885564834,0.00025947176618501544,0.018823863938450813,0.11436958611011505,0.12616682052612305,0.4754486680030823,0.0,0.0,0.0,0.0,,,cvar,/Users/yaniszaim/deephedging/.deephedging_real_runs/final_paper_notebook/panel_sweeps/IWM_full_paper_grid_800_step_robust/model_artifacts/seed_2345/risk_cvar/proto_source_vanilla_k_50_weighted_0_learnw_0,126.0,0.09776665603742003,val_loss,0.01763957366347313,0.11230761557817459,0.0,0.0,2369.0,20.0,2.0,vanilla,50.0,False,False,0.1348947137594223,0.23292219638824463
proto_source=vanilla_k=50_weighted=0_learnw=0,val,2345,proto,-0.02486613765358925,0.0322965532541275,-0.12134067729115486,-0.08938848972320557,-0.11838148534297943,-0.010589213110506535,0.0009574763360433276,0.8856015779092702,-0.024727897718548775,0.00012084236368536949,0.0002590809599496424,0.018817970529198647,0.11436905711889267,0.1260603815317154,0.4753926992416382,0.0,0.0,0.0,0.0,,,cvar,/Users/yaniszaim/deephedging/.deephedging_real_runs/final_paper_notebook/panel_sweeps/IWM_full_paper_grid_800_step_robust/model_artifacts/seed_2345/risk_cvar/proto_source_vanilla_k_50_weighted_0_learnw_0,126.0,0.09776665603742003,val_loss,0.01763957366347313,0.11230761557817459,0.0,0.0,507.0,20.0,2.0,vanilla,50.0,False,False,0.1348947137594223,0.23292219638824463
proto_source=vanilla_k=50_weighted=0_learnw=0,test,2345,proto,-0.026927372440695763,0.034753672778606415,-0.14997475028038024,-0.09681354761123658,-0.1280345767736435,-0.0121100889518857,0.0006366267567500467,0.9155206286836935,-0.027026062831282616,0.0003573367721401155,0.0002586474292911589,0.018811948597431183,0.11436962336301804,0.1259423941373825,0.47537630796432495,0.0,0.0,0.0,0.0,,,cvar,/Users/yaniszaim/deephedging/.deephedging_real_runs/final_paper_notebook/panel_sweeps/IWM_full_paper_grid_800_step_robust/model_artifacts/seed_2345/risk_cvar/proto_source_vanilla_k_50_weighted_0_learnw_0,126.0,0.09776665603742003,val_loss,0.01763957366347313,0.11230761557817459,0.0,0.0,509.0,20.0,2.0,vanilla,50.0,False,False,0.1348947137594223,0.23292219638824463
proto_source=vanilla_k=50_weighted=1_learnw=0,train,2345,proto,-0.024972544983029366,0.03281204774975777,-0.13261498749256134,-0.09300829172134399,-0.11847861111164093,-0.011621692217886448,0.0009235575445927677,0.861544955677501,-0.024934401735663414,6.134359864518046e-05,9.948507067747414e-05,0.00911740306764841,0.06603166460990906,0.05896371230483055,0.35609740018844604,0.0,0.0,0.0,0.0,,,cvar,/Users/yaniszaim/deephedging/.deephedging_real_runs/final_paper_notebook/panel_sweeps/IWM_full_paper_grid_800_step_robust/model_artifacts/seed_2345/risk_cvar/proto_source_vanilla_k_50_weighted_1_learnw_0,54.0,0.09752710742410273,val_loss,0.007658134214580059,0.08043534308671951,0.0,0.0,2369.0,20.0,2.0,vanilla,50.0,True,False,0.05229752138257027,0.10271818935871124
proto_source=vanilla_k=50_weighted=1_learnw=0,val,2345,proto,-0.024760890752077103,0.03281025215983391,-0.1316969186067581,-0.0892239436507225,-0.11990188807249069,-0.010637491010129452,0.0008448155946098268,0.8599605522682445,-0.024727897718548775,6.674625910818577e-05,9.973864507628605e-05,0.009086771868169308,0.06536411494016647,0.05979612469673157,0.31134268641471863,0.0,0.0,0.0,0.0,,,cvar,/Users/yaniszaim/deephedging/.deephedging_real_runs/final_paper_notebook/panel_sweeps/IWM_full_paper_grid_800_step_robust/model_artifacts/seed_2345/risk_cvar/proto_source_vanilla_k_50_weighted_1_learnw_0,54.0,0.09752710742410273,val_loss,0.007658134214580059,0.08043534308671951,0.0,0.0,507.0,20.0,2.0,vanilla,50.0,True,False,0.05229752138257027,0.10271818935871124
proto_source=vanilla_k=50_weighted=1_learnw=0,test,2345,proto,-0.027077343314886093,0.03551623225212097,-0.1486971151828766,-0.098883418738842,-0.12996241450309753,-0.012199630960822105,0.0006181541364639973,0.8722986247544204,-0.027026062831282616,4.847003583563492e-05,9.975099237635732e-05,0.009072559885680676,0.06607966870069504,0.060595378279685974,0.31122371554374695,0.0,0.0,0.0,0.0,,,cvar,/Users/yaniszaim/deephedging/.deephedging_real_runs/final_paper_notebook/panel_sweeps/IWM_full_paper_grid_800_step_robust/model_artifacts/seed_2345/risk_cvar/proto_source_vanilla_k_50_weighted_1_learnw_0,54.0,0.09752710742410273,val_loss,0.007658134214580059,0.08043534308671951,0.0,0.0,509.0,20.0,2.0,vanilla,50.0,True,False,0.05229752138257027,0.10271818935871124
proto_source=vanilla_k=100_weighted=0_learnw=0,train,2345,proto,-0.02487364411354065,0.031112931668758392,-0.127163063287735,-0.08839521259069442,-0.11447113007307053,-0.01155760232359171,-0.0003987929841969163,0.9712959054453356,-0.024934401735663414,0.0004093083553016186,0.0003485500637907535,0.02579312026500702,0.06519559770822525,0.2448476403951645,0.9707993268966675,0.0,0.0,0.0,0.0,,,cvar,/Users/yaniszaim/deephedging/.deephedging_real_runs/final_paper_notebook/panel_sweeps/IWM_full_paper_grid_800_step_robust/model_artifacts/seed_2345/risk_cvar/proto_source_vanilla_k_100_weighted_0_learnw_0,202.0,0.09807993796654045,val_loss,0.026572221890091896,0.25941887497901917,0.0,0.0,2369.0,20.0,2.0,vanilla,100.0,False,False,0.06286609917879105,0.3691228926181793
proto_source=vanilla_k=100_weighted=0_learnw=0,val,2345,proto,-0.024753432720899582,0.031161949038505554,-0.12387937903404235,-0.08745785504579544,-0.11583999544382095,-0.011226167902350426,-0.0001389892189763489,0.9585798816568047,-0.024727897718548775,0.00032394248410128057,0.0003494757693260908,0.025799361988902092,0.0573279932141304,0.2445000410079956,0.9705295562744141,0.0,0.0,0.0,0.0,,,cvar,/Users/yaniszaim/deephedging/.deephedging_real_runs/final_paper_notebook/panel_sweeps/IWM_full_paper_grid_800_step_robust/model_artifacts/seed_2345/risk_cvar/proto_source_vanilla_k_100_weighted_0_learnw_0,202.0,0.09807993796654045,val_loss,0.026572221890091896,0.25941887497901917,0.0,0.0,507.0,20.0,2.0,vanilla,100.0,False,False,0.06286609917879105,0.3691228926181793
proto_source=vanilla_k=100_weighted=0_learnw=0,test,2345,proto,-0.026816198602318764,0.03375672176480293,-0.14482793986797332,-0.09584042131900787,-0.12573549151420593,-0.012377680279314518,-0.00042771977605298377,0.9685658153241651,-0.027026062831282616,0.0005599917494691908,0.0003501285391394049,0.025778362527489662,0.06390587985515594,0.24388645589351654,0.9838698506355286,0.0,0.0,0.0,0.0,,,cvar,/Users/yaniszaim/deephedging/.deephedging_real_runs/final_paper_notebook/panel_sweeps/IWM_full_paper_grid_800_step_robust/model_artifacts/seed_2345/risk_cvar/proto_source_vanilla_k_100_weighted_0_learnw_0,202.0,0.09807993796654045,val_loss,0.026572221890091896,0.25941887497901917,0.0,0.0,509.0,20.0,2.0,vanilla,100.0,False,False,0.06286609917879105,0.3691228926181793
proto_source=vanilla_k=100_weighted=1_learnw=0,train,2345,proto,-0.024988621473312378,0.033199530094861984,-0.13268787384033204,-0.09258657395839691,-0.12002182751893997,-0.01141291856765747,0.0011156822321936473,0.821021528070916,-0.024934401735663414,4.392502523842268e-05,9.814572695177048e-05,0.007690763100981712,0.06759820878505707,0.0391584075987339,0.3235965371131897,0.0,0.0,0.0,0.0,,,cvar,/Users/yaniszaim/deephedging/.deephedging_real_runs/final_paper_notebook/panel_sweeps/IWM_full_paper_grid_800_step_robust/model_artifacts/seed_2345/risk_cvar/proto_source_vanilla_k_100_weighted_1_learnw_0,24.0,0.0974841173295863,val_loss,0.005613049957901239,0.05401215702295303,0.0,0.0,2369.0,20.0,2.0,vanilla,100.0,True,False,0.0462033636868,0.12073569744825363
proto_source=vanilla_k=100_weighted=1_learnw=0,val,2345,proto,-0.024872327223420143,0.03326691314578056,-0.12864609092473983,-0.09169501066207886,-0.12140791863203049,-0.010615156032145023,0.001126466901041567,0.8500986193293886,-0.024727897718548775,-4.560287925414741e-05,9.882335143629462e-05,0.0077101546339690685,0.06752710044384003,0.03916432335972786,0.2762996256351471,0.0,0.0,0.0,0.0,,,cvar,/Users/yaniszaim/deephedging/.deephedging_real_runs/final_paper_notebook/panel_sweeps/IWM_full_paper_grid_800_step_robust/model_artifacts/seed_2345/risk_cvar/proto_source_vanilla_k_100_weighted_1_learnw_0,24.0,0.0974841173295863,val_loss,0.005613049957901239,0.05401215702295303,0.0,0.0,507.0,20.0,2.0,vanilla,100.0,True,False,0.0462033636868,0.12073569744825363
proto_source=vanilla_k=100_weighted=1_learnw=0,test,2345,proto,-0.027161289006471634,0.03594842925667763,-0.1498960030078888,-0.1002641811966896,-0.13154837489128113,-0.012647123076021671,0.0008852738421410313,0.8172888015717092,-0.027026062831282616,-3.5380122426431626e-05,9.984815551433712e-05,0.007762385066598654,0.06763118505477905,0.04034170135855675,0.4526340961456299,0.0,0.0,0.0,0.0,,,cvar,/Users/yaniszaim/deephedging/.deephedging_real_runs/final_paper_notebook/panel_sweeps/IWM_full_paper_grid_800_step_robust/model_artifacts/seed_2345/risk_cvar/proto_source_vanilla_k_100_weighted_1_learnw_0,24.0,0.0974841173295863,val_loss,0.005613049957901239,0.05401215702295303,0.0,0.0,509.0,20.0,2.0,vanilla,100.0,True,False,0.0462033636868,0.12073569744825363
unhedged,train,3456,baseline,-0.02468717098236084,0.032610468566417694,-0.12931118488311769,-0.09097037315368653,-0.11742214858531952,-0.011303067207336426,-0.0,0.5905445335584635,-0.02468717098236084,0.0,0.0,0.0,0.0,0.0,0.0,0.0,0.0,0.0,0.0,,,,,,,,,,,,,,,,,,,,
spot_delta,train,3456,baseline,-0.024671541526913643,0.031788140535354614,-0.12707180321216582,-0.09035444408655166,-0.1139984056353569,-0.014136883430182934,0.00556926606222987,0.7935837906289573,-0.02468717098236084,0.00017022801330313087,0.00015459784481208771,0.019282249733805656,0.5942999720573425,0.2584984302520752,0.5942999720573425,0.0,0.0,0.0,0.0,,,,,,,,,,,,,,,,,,,,
spot_delta_band,train,3456,baseline,-0.02459847182035446,0.03176681324839592,-0.12796067714691162,-0.08958021253347397,-0.11422163248062134,-0.012944644317030907,0.003829381894320249,0.8020261713803293,-0.02468717098236084,0.0001663532166276127,7.765399641357362e-05,0.009706588461995125,0.44429996609687805,0.1917475312948227,0.44429996609687805,0.0,0.0,0.0,0.0,0.15,gains_mean,,,,,,,,,,,,,,,,,,
unhedged,val,3456,baseline,-0.02501234970986843,0.03377672657370567,-0.13573871850967406,-0.0931475043296814,-0.1209910660982132,-0.01007688045501709,-0.0,0.5976331360946746,-0.02501234970986843,0.0,0.0,0.0,0.0,0.0,0.0,0.0,0.0,0.0,0.0,,,,,,,,,,,,,,,,,,,,
spot_delta,val,3456,baseline,-0.025122588500380516,0.03343144431710243,-0.13352118760347367,-0.09067078903317452,-0.12013813108205795,-0.012424362823367119,0.006281986227259034,0.7928994082840237,-0.02501234970986843,4.57798050774727e-05,0.0001560204545967281,0.019451605156064034,0.5744969844818115,0.25823140144348145,0.5868099927902222,0.0,0.0,0.0,0.0,,,,,,,,,,,,,,,,,,,,
spot_delta_band,val,3456,baseline,-0.025057684630155563,0.033266615122556686,-0.13401850789785386,-0.0901136539876461,-0.120049849152565,-0.011286215856671333,0.00387002236675471,0.8007889546351085,-0.02501234970986843,3.234229370718822e-05,7.767800707370043e-05,0.009710283949971199,0.42449697852134705,0.19173085689544678,0.4368099868297577,0.0,0.0,0.0,0.0,0.15,gains_mean,,,,,,,,,,,,,,,,,,
unhedged,test,3456,baseline,-0.027893399819731712,0.03713862597942352,-0.16042614936828614,-0.10372774600982665,-0.13816913962364197,-0.015446782112121582,-0.0,0.618860510805501,-0.027893399819731712,0.0,0.0,0.0,0.0,0.0,0.0,0.0,0.0,0.0,0.0,,,,,,,,,,,,,,,,,,,,
spot_delta,test,3456,baseline,-0.02779267355799675,0.03674761950969696,-0.14789885997772217,-0.10000348389148712,-0.1380162090063095,-0.014993873424828053,0.0048234831541776645,0.8212180746561886,-0.027893399819731712,0.00025755437673069537,0.00015682932280469686,0.019540468230843544,0.5765039920806885,0.2579158544540405,0.5868099927902222,0.0,0.0,0.0,0.0,,,,,,,,,,,,,,,,,,,,
spot_delta_band,test,3456,baseline,-0.02781669795513153,0.03662974387407303,-0.15085537493228912,-0.10128777921199798,-0.13742555677890778,-0.015558301471173763,0.0033635382540524,0.8271119842829077,-0.027893399819731712,0.00015437332331202924,7.766942144371569e-05,0.009708060882985592,0.426503986120224,0.19167231023311615,0.4368099868297577,0.0,0.0,0.0,0.0,0.15,gains_mean,,,,,,,,,,,,,,,,,,
vanilla,train,3456,vanilla,-0.024488408118486404,0.030328460037708282,-0.12452016770839691,-0.08636944890022277,-0.11179599910974503,-0.011338947340846062,6.567987147718624e-05,0.943858168003377,-0.02468717098236084,0.00041103994590230286,0.00021227764955256134,0.025120429694652557,0.12137126922607422,0.2509133219718933,1.0,0.0747889404812157,0.0747889404812157,0.0,1.0,,,cvar,/Users/yaniszaim/deephedging/.deephedging_real_runs/final_paper_notebook/panel_sweeps/IWM_full_paper_grid_800_step_robust/model_artifacts/seed_3456/risk_cvar/vanilla,698.0,0.09858746248730908,val_loss,0.023726684972643852,0.20094916224479675,0.0002465483234714004,0.009861932938856016,2369.0,20.0,2.0,,,,,,
vanilla,val,3456,vanilla,-0.024747904390096664,0.031535908579826355,-0.1281813256442547,-0.08853884413838387,-0.1153862401843071,-0.010339870117604733,0.0003275039664003985,0.9309664694280079,-0.02501234970986843,0.0004768153594341129,0.00021237265900708735,0.02512039616703987,0.11537563800811768,0.25093236565589905,1.0,0.07495069033530571,0.07495069033530571,0.0,1.0,,,cvar,/Users/yaniszaim/deephedging/.deephedging_real_runs/final_paper_notebook/panel_sweeps/IWM_full_paper_grid_800_step_robust/model_artifacts/seed_3456/risk_cvar/vanilla,698.0,0.09858746248730908,val_loss,0.023726684972643852,0.20094916224479675,0.0002465483234714004,0.009861932938856016,507.0,20.0,2.0,,,,,,
vanilla,test,3456,vanilla,-0.027378808706998825,0.034602053463459015,-0.14627185046672822,-0.09682197570800781,-0.13071292638778687,-0.015084722079336643,-1.917385670822125e-05,0.9528487229862476,-0.027893399819731712,0.0007272519869729877,0.0002126619074260816,0.025120217353105545,0.12145984172821045,0.2507970929145813,1.0,0.07460707269155206,0.07460707269155206,0.0,1.0,,,cvar,/Users/yaniszaim/deephedging/.deephedging_real_runs/final_paper_notebook/panel_sweeps/IWM_full_paper_grid_800_step_robust/model_artifacts/seed_3456/risk_cvar/vanilla,698.0,0.09858746248730908,val_loss,0.023726684972643852,0.20094916224479675,0.0002465483234714004,0.009861932938856016,509.0,20.0,2.0,,,,,,
proto_source=spot_delta_k=10_weighted=0_learnw=0,train,3456,proto,-0.024510929360985756,0.030574878677725792,-0.12678822696208955,-0.08727917820215225,-0.11232409626245499,-0.01155077200382948,0.0015842617489397518,0.8839172646686365,-0.02468717098236084,0.00037268895539455116,0.00019644646090455353,0.023587020114064217,0.21474309265613556,0.34597864747047424,1.0,0.014605318699873365,0.014605318699873365,0.0,0.19544111439425918,,,cvar,/Users/yaniszaim/deephedging/.deephedging_real_runs/final_paper_notebook/panel_sweeps/IWM_full_paper_grid_800_step_robust/model_artifacts/seed_3456/risk_cvar/proto_source_spot_delta_k_10_weighted_0_learnw_0,13.0,0.09802570979110897,val_loss,0.019666632637381554,0.15387758612632751,0.0,0.0,2369.0,20.0,2.0,spot_delta,10.0,False,False,0.09675320982933044,0.2266065776348114
proto_source=spot_delta_k=10_weighted=0_learnw=0,val,3456,proto,-0.02499382570385933,0.03186982497572899,-0.13098480105400084,-0.089586640894413,-0.11583545804023743,-0.010682612657546997,0.0012665124377235768,0.8974358974358975,-0.02501234970986843,0.00021700708020944148,0.00019848377269227058,0.023820439353585243,0.200285404920578,0.3468533754348755,1.0,0.014743589743589743,0.014743589743589743,0.0,0.19723865877712032,,,cvar,/Users/yaniszaim/deephedging/.deephedging_real_runs/final_paper_notebook/panel_sweeps/IWM_full_paper_grid_800_step_robust/model_artifacts/seed_3456/risk_cvar/proto_source_spot_delta_k_10_weighted_0_learnw_0,13.0,0.09802570979110897,val_loss,0.019666632637381554,0.15387758612632751,0.0,0.0,507.0,20.0,2.0,spot_delta,10.0,False,False,0.09675320982933044,0.2266065776348114
proto_source=spot_delta_k=10_weighted=0_learnw=0,test,3456,proto,-0.027583995833992958,0.03498018905520439,-0.14835218966007233,-0.09774709194898605,-0.1317952573299408,-0.015022940933704376,0.0010322948917746528,0.899803536345776,-0.027893399819731712,0.0005078608519397676,0.0001984568516490981,0.023768750950694084,0.20330281555652618,0.3465438187122345,1.0,0.017092337917485264,0.017092337917485264,0.0,0.21611001964636542,,,cvar,/Users/yaniszaim/deephedging/.deephedging_real_runs/final_paper_notebook/panel_sweeps/IWM_full_paper_grid_800_step_robust/model_artifacts/seed_3456/risk_cvar/proto_source_spot_delta_k_10_weighted_0_learnw_0,13.0,0.09802570979110897,val_loss,0.019666632637381554,0.15387758612632751,0.0,0.0,509.0,20.0,2.0,spot_delta,10.0,False,False,0.09675320982933044,0.2266065776348114
proto_source=spot_delta_k=10_weighted=1_learnw=0,train,3456,proto,-0.024469023570418358,0.030583783984184265,-0.12478011727333069,-0.08756927996873856,-0.11153527349233627,-0.011888080276548862,0.0031054402235895355,0.8539468130012664,-0.02468717098236084,0.0005345300305634737,0.0003163832880090922,0.038795046508312225,0.1275772750377655,0.350180059671402,1.0,0.006817222456732799,0.006817222456732799,0.0,0.13761080624736174,,,cvar,/Users/yaniszaim/deephedging/.deephedging_real_runs/final_paper_notebook/panel_sweeps/IWM_full_paper_grid_800_step_robust/model_artifacts/seed_3456/risk_cvar/proto_source_spot_delta_k_10_weighted_1_learnw_0,22.0,0.0978899623683233,val_loss,0.023503180593252182,0.10971762984991074,0.0002465483234714004,0.005917159763313609,2369.0,20.0,2.0,spot_delta,10.0,True,False,0.10044711828231812,0.1440219134092331
proto_source=spot_delta_k=10_weighted=1_learnw=0,val,3456,proto,-0.02490856684744358,0.03196113184094429,-0.13029991313815117,-0.08779317662119865,-0.11527228355407715,-0.011661926284432411,0.0035743257263675327,0.854043392504931,-0.02501234970986843,0.0004202394629828632,0.00031645569833926857,0.03879580646753311,0.12757714092731476,0.3498299717903137,1.0,0.005719921104536489,0.005719921104536489,0.0,0.126232741617357,,,cvar,/Users/yaniszaim/deephedging/.deephedging_real_runs/final_paper_notebook/panel_sweeps/IWM_full_paper_grid_800_step_robust/model_artifacts/seed_3456/risk_cvar/proto_source_spot_delta_k_10_weighted_1_learnw_0,22.0,0.0978899623683233,val_loss,0.023503180593252182,0.10971762984991074,0.0002465483234714004,0.005917159763313609,507.0,20.0,2.0,spot_delta,10.0,True,False,0.10044711828231812,0.1440219134092331
proto_source=spot_delta_k=10_weighted=1_learnw=0,test,3456,proto,-0.02749376744031906,0.034242019057273865,-0.14462314069271087,-0.09595623165369034,-0.12786732614040375,-0.014107750728726387,0.002164646144956346,0.8742632612966601,-0.027893399819731712,0.0007150673191063106,0.0003154342994093895,0.038604214787483215,0.12757761776447296,0.3494735360145569,1.0,0.006483300589390962,0.006483300589390962,0.0,0.1237721021611002,,,cvar,/Users/yaniszaim/deephedging/.deephedging_real_runs/final_paper_notebook/panel_sweeps/IWM_full_paper_grid_800_step_robust/model_artifacts/seed_3456/risk_cvar/proto_source_spot_delta_k_10_weighted_1_learnw_0,22.0,0.0978899623683233,val_loss,0.023503180593252182,0.10971762984991074,0.0002465483234714004,0.005917159763313609,509.0,20.0,2.0,spot_delta,10.0,True,False,0.10044711828231812,0.1440219134092331
proto_source=spot_delta_k=25_weighted=0_learnw=0,train,3456,proto,-0.024595631286501884,0.030999289825558662,-0.13150808572769165,-0.08828870356082916,-0.11440309882164001,-0.012572848238050938,0.002876459527760744,0.8526804558885606,-0.02468717098236084,0.0003433744714129716,0.0002518362016417086,0.029759958386421204,0.3609832525253296,0.3677193522453308,1.0,0.06834107218235543,0.06834107218235543,0.0,0.539046010975095,,,cvar,/Users/yaniszaim/deephedging/.deephedging_real_runs/final_paper_notebook/panel_sweeps/IWM_full_paper_grid_800_step_robust/model_artifacts/seed_3456/risk_cvar/proto_source_spot_delta_k_25_weighted_0_learnw_0,47.0,0.0973040960356593,val_loss,0.019505731761455536,0.09584175050258636,0.0,0.0,2369.0,20.0,2.0,spot_delta,25.0,False,False,0.125140979886055,0.39907118678092957
proto_source=spot_delta_k=25_weighted=0_learnw=0,val,3456,proto,-0.02531396597623825,0.032587021589279175,-0.1328439235687256,-0.09004756733775139,-0.11915523558855057,-0.012489493936300278,0.0031224831007421014,0.8599605522682445,-0.02501234970986843,-4.578602238325402e-05,0.00025583061506040394,0.030145546421408653,0.3604121804237366,0.36694470047950745,1.0,0.06775147928994082,0.06775147928994082,0.0,0.5285996055226825,,,cvar,/Users/yaniszaim/deephedging/.deephedging_real_runs/final_paper_notebook/panel_sweeps/IWM_full_paper_grid_800_step_robust/model_artifacts/seed_3456/risk_cvar/proto_source_spot_delta_k_25_weighted_0_learnw_0,47.0,0.0973040960356593,val_loss,0.019505731761455536,0.09584175050258636,0.0,0.0,507.0,20.0,2.0,spot_delta,25.0,False,False,0.125140979886055,0.39907118678092957
proto_source=spot_delta_k=25_weighted=0_learnw=0,test,3456,proto,-0.027696998789906502,0.035427823662757874,-0.15280985891819,-0.09620066434144973,-0.1330290585756302,-0.015442362986505032,0.0025439089164137796,0.8664047151277013,-0.027893399819731712,0.0004476785543374717,0.0002512767678126693,0.029699593782424927,0.3608195185661316,0.36243411898612976,1.0,0.06394891944990176,0.06394891944990176,0.0,0.48722986247544203,,,cvar,/Users/yaniszaim/deephedging/.deephedging_real_runs/final_paper_notebook/panel_sweeps/IWM_full_paper_grid_800_step_robust/model_artifacts/seed_3456/risk_cvar/proto_source_spot_delta_k_25_weighted_0_learnw_0,47.0,0.0973040960356593,val_loss,0.019505731761455536,0.09584175050258636,0.0,0.0,509.0,20.0,2.0,spot_delta,25.0,False,False,0.125140979886055,0.39907118678092957
proto_source=spot_delta_k=25_weighted=1_learnw=0,train,3456,proto,-0.024372708052396774,0.03076128661632538,-0.12415343314409256,-0.08646415024995804,-0.11178268492221832,-0.012573269195854664,0.003425970207899801,0.8514140987758548,-0.02468717098236084,0.0005259536555968225,0.00021149101667106152,0.025561543181538582,1.1259651184082031,0.3677075505256653,1.0,0.3029759392148586,0.3029759392148586,0.0,0.9928239763613339,,,cvar,/Users/yaniszaim/deephedging/.deephedging_real_runs/final_paper_notebook/panel_sweeps/IWM_full_paper_grid_800_step_robust/model_artifacts/seed_3456/risk_cvar/proto_source_spot_delta_k_25_weighted_1_learnw_0,708.0,0.09751649633432045,val_loss,0.025760188698768616,0.06499551981687546,0.000641025641025641,0.02564102564102564,2369.0,20.0,2.0,spot_delta,25.0,True,False,0.1626395434141159,1.1259658336639404
proto_source=spot_delta_k=25_weighted=1_learnw=0,val,3456,proto,-0.02460460551083088,0.0315781831741333,-0.12577904552221297,-0.0902625061571598,-0.11380171775817871,-0.012639710679650307,0.0038826839998364416,0.8520710059171598,-0.02501234970986843,0.0006189034902490675,0.00021116109564900398,0.025550231337547302,1.1258372068405151,0.3677806556224823,1.0,0.3041913214990138,0.3041913214990138,0.0,0.9921104536489151,,,cvar,/Users/yaniszaim/deephedging/.deephedging_real_runs/final_paper_notebook/panel_sweeps/IWM_full_paper_grid_800_step_robust/model_artifacts/seed_3456/risk_cvar/proto_source_spot_delta_k_25_weighted_1_learnw_0,708.0,0.09751649633432045,val_loss,0.025760188698768616,0.06499551981687546,0.000641025641025641,0.02564102564102564,507.0,20.0,2.0,spot_delta,25.0,True,False,0.1626395434141159,1.1259658336639404
proto_source=spot_delta_k=25_weighted=1_learnw=0,test,3456,proto,-0.026722898706793785,0.03392560034990311,-0.1379707908630371,-0.09783400297164915,-0.12854021787643433,-0.014583036303520203,0.0026694106869399477,0.8664047151277013,-0.027893399819731712,0.0013897668104618788,0.00021926607587374747,0.026376523077487946,1.1259649991989136,0.364046573638916,1.0,0.2993123772102161,0.2993123772102161,0.0,0.9823182711198428,,,cvar,/Users/yaniszaim/deephedging/.deephedging_real_runs/final_paper_notebook/panel_sweeps/IWM_full_paper_grid_800_step_robust/model_artifacts/seed_3456/risk_cvar/proto_source_spot_delta_k_25_weighted_1_learnw_0,708.0,0.09751649633432045,val_loss,0.025760188698768616,0.06499551981687546,0.000641025641025641,0.02564102564102564,509.0,20.0,2.0,spot_delta,25.0,True,False,0.1626395434141159,1.1259658336639404
proto_source=spot_delta_k=50_weighted=0_learnw=0,train,3456,proto,-0.02444101683795452,0.03125463426113129,-0.12650153279304505,-0.08830436170101166,-0.1137913390994072,-0.011456052772700787,-6.900220323586836e-05,0.955255382017729,-0.02468717098236084,0.00037661209353245795,0.0001304580073338002,0.01416435744613409,0.1519932746887207,0.11812184005975723,1.0,2.1105951878429718e-05,0.0,2.1105951878429718e-05,0.00042211903756859433,,,cvar,/Users/yaniszaim/deephedging/.deephedging_real_runs/final_paper_notebook/panel_sweeps/IWM_full_paper_grid_800_step_robust/model_artifacts/seed_3456/risk_cvar/proto_source_spot_delta_k_50_weighted_0_learnw_0,25.0,0.09861031065694988,val_loss,0.02096058987081051,0.20593512058258057,0.0,0.0,2369.0,20.0,2.0,spot_delta,50.0,False,False,0.08113787323236465,0.16521379351615906
proto_source=spot_delta_k=50_weighted=0_learnw=0,val,3456,proto,-0.024824488908052444,0.03261630982160568,-0.1347584134340286,-0.09009546637535096,-0.11807703971862793,-0.010342679917812347,8.000118614290762e-05,0.9447731755424064,-0.02501234970986843,0.0003177940961904824,0.00012993474956601858,0.014093616046011448,0.1519925892353058,0.11713764816522598,0.8347744345664978,0.0,0.0,0.0,0.0,,,cvar,/Users/yaniszaim/deephedging/.deephedging_real_runs/final_paper_notebook/panel_sweeps/IWM_full_paper_grid_800_step_robust/model_artifacts/seed_3456/risk_cvar/proto_source_spot_delta_k_50_weighted_0_learnw_0,25.0,0.09861031065694988,val_loss,0.02096058987081051,0.20593512058258057,0.0,0.0,507.0,20.0,2.0,spot_delta,50.0,False,False,0.08113787323236465,0.16521379351615906
proto_source=spot_delta_k=50_weighted=0_learnw=0,test,3456,proto,-0.027530672028660774,0.03568754717707634,-0.14478302717208863,-0.10039689391851425,-0.13365617394447327,-0.015451628714799881,-8.684069616720086e-05,0.9646365422396856,-0.027893399819731712,0.0004939279751852155,0.0001312003005295992,0.014221795834600925,0.15197807550430298,0.1169547513127327,0.8417700529098511,0.0,0.0,0.0,0.0,,,cvar,/Users/yaniszaim/deephedging/.deephedging_real_runs/final_paper_notebook/panel_sweeps/IWM_full_paper_grid_800_step_robust/model_artifacts/seed_3456/risk_cvar/proto_source_spot_delta_k_50_weighted_0_learnw_0,25.0,0.09861031065694988,val_loss,0.02096058987081051,0.20593512058258057,0.0,0.0,509.0,20.0,2.0,spot_delta,50.0,False,False,0.08113787323236465,0.16521379351615906
proto_source=spot_delta_k=50_weighted=1_learnw=0,train,3456,proto,-0.02476935088634491,0.03064117021858692,-0.12481597959995269,-0.08701275140047074,-0.11253080517053604,-0.012627403251826763,0.0027807953767478417,0.861544955677501,-0.02468717098236084,0.0002724412770476192,0.0003546216757968068,0.03468012809753418,0.3068526089191437,0.37803879380226135,1.0,0.017380751371886872,0.017380751371886872,0.0,0.45082313212325875,,,cvar,/Users/yaniszaim/deephedging/.deephedging_real_runs/final_paper_notebook/panel_sweeps/IWM_full_paper_grid_800_step_robust/model_artifacts/seed_3456/risk_cvar/proto_source_spot_delta_k_50_weighted_1_learnw_0,21.0,0.0983859503160633,val_loss,0.02434316836297512,0.15747959911823273,0.001183431952662722,0.047337278106508875,2369.0,20.0,2.0,spot_delta,50.0,True,False,0.10487062484025955,0.314079612493515
proto_source=spot_delta_k=50_weighted=1_learnw=0,val,3456,proto,-0.02520548738539219,0.03243984654545784,-0.1374318206310272,-0.08834658414125443,-0.11817646026611328,-0.01268184743821621,0.003594809328205883,0.8441814595660749,-0.02501234970986843,0.00016392370162066072,0.0003570637491066009,0.03499912843108177,0.2847950756549835,0.37855878472328186,1.0,0.01829388560157791,0.01829388560157791,0.0,0.45956607495069035,,,cvar,/Users/yaniszaim/deephedging/.deephedging_real_runs/final_paper_notebook/panel_sweeps/IWM_full_paper_grid_800_step_robust/model_artifacts/seed_3456/risk_cvar/proto_source_spot_delta_k_50_weighted_1_learnw_0,21.0,0.0983859503160633,val_loss,0.02434316836297512,0.15747959911823273,0.001183431952662722,0.047337278106508875,507.0,20.0,2.0,spot_delta,50.0,True,False,0.10487062484025955,0.314079612493515
proto_source=spot_delta_k=50_weighted=1_learnw=0,test,3456,proto,-0.02782256528735161,0.03511533886194229,-0.14293335437774657,-0.09503386467695235,-0.13194400072097778,-0.016131922602653503,0.0021968537010252473,0.888015717092338,-0.027893399819731712,0.000431029504397884,0.0003601954085752368,0.035300858318805695,0.303684800863266,0.3781731426715851,1.0,0.020088408644400785,0.020088408644400785,0.0,0.481335952848723,,,cvar,/Users/yaniszaim/deephedging/.deephedging_real_runs/final_paper_notebook/panel_sweeps/IWM_full_paper_grid_800_step_robust/model_artifacts/seed_3456/risk_cvar/proto_source_spot_delta_k_50_weighted_1_learnw_0,21.0,0.0983859503160633,val_loss,0.02434316836297512,0.15747959911823273,0.001183431952662722,0.047337278106508875,509.0,20.0,2.0,spot_delta,50.0,True,False,0.10487062484025955,0.314079612493515
proto_source=spot_delta_k=100_weighted=0_learnw=0,train,3456,proto,-0.02455548197031021,0.0304319616407156,-0.12623512327671052,-0.0876603290438652,-0.1119081974029541,-0.012080433778464794,0.001827823882922528,0.8758970029548333,-0.02468717098236084,0.000522721791639924,0.00039103059680201113,0.028100598603487015,0.28273338079452515,0.3786747455596924,1.0,0.003197551709582102,0.0030709159983115237,0.0001266357112705783,0.07218235542422963,,,cvar,/Users/yaniszaim/deephedging/.deephedging_real_runs/final_paper_notebook/panel_sweeps/IWM_full_paper_grid_800_step_robust/model_artifacts/seed_3456/risk_cvar/proto_source_spot_delta_k_100_weighted_0_learnw_0,30.0,0.09781341304045531,val_loss,0.021924009546637535,0.1505671590566635,0.0001972386587771203,0.0039447731755424065,2369.0,20.0,2.0,spot_delta,100.0,False,False,0.10043079406023026,0.2829447388648987
proto_source=spot_delta_k=100_weighted=0_learnw=0,val,3456,proto,-0.02510017715394497,0.0317312590777874,-0.13400337517261504,-0.08972257152199745,-0.11611206829547882,-0.011740646325051785,0.0019187210709787877,0.8895463510848126,-0.02501234970986843,0.0002998896816279739,0.000387719483114779,0.028221188113093376,0.2818617522716522,0.37689703702926636,1.0,0.0030078895463510847,0.0030078895463510847,0.0,0.0650887573964497,,,cvar,/Users/yaniszaim/deephedging/.deephedging_real_runs/final_paper_notebook/panel_sweeps/IWM_full_paper_grid_800_step_robust/model_artifacts/seed_3456/risk_cvar/proto_source_spot_delta_k_100_weighted_0_learnw_0,30.0,0.09781341304045531,val_loss,0.021924009546637535,0.1505671590566635,0.0001972386587771203,0.0039447731755424065,507.0,20.0,2.0,spot_delta,100.0,False,False,0.10043079406023026,0.2829447388648987
proto_source=spot_delta_k=100_weighted=0_learnw=0,test,3456,proto,-0.027542676776647568,0.034655194729566574,-0.14591096520423888,-0.09570375680923461,-0.12995286285877228,-0.014991018921136856,0.0017498600529506773,0.8801571709233792,-0.027893399819731712,0.0007373805274255574,0.00038665771717205644,0.0281983595341444,0.28269562125205994,0.376357764005661,1.0,0.003536345776031434,0.003536345776031434,0.0,0.0825147347740668,,,cvar,/Users/yaniszaim/deephedging/.deephedging_real_runs/final_paper_notebook/panel_sweeps/IWM_full_paper_grid_800_step_robust/model_artifacts/seed_3456/risk_cvar/proto_source_spot_delta_k_100_weighted_0_learnw_0,30.0,0.09781341304045531,val_loss,0.021924009546637535,0.1505671590566635,0.0001972386587771203,0.0039447731755424065,509.0,20.0,2.0,spot_delta,100.0,False,False,0.10043079406023026,0.2829447388648987
proto_source=spot_delta_k=100_weighted=1_learnw=0,train,3456,proto,-0.02452695369720459,0.03119892254471779,-0.12369667291641236,-0.08797041177749634,-0.113669753074646,-0.011672088876366615,0.0009894101880490766,0.89489235964542,-0.02468717098236084,0.00033472050563432276,0.00017450244922656566,0.018238142132759094,0.17262080311775208,0.22436927258968353,1.0,0.0017623469818488814,0.0,0.0017623469818488814,0.013507809202195019,,,cvar,/Users/yaniszaim/deephedging/.deephedging_real_runs/final_paper_notebook/panel_sweeps/IWM_full_paper_grid_800_step_robust/model_artifacts/seed_3456/risk_cvar/proto_source_spot_delta_k_100_weighted_1_learnw_0,25.0,0.09838569681988607,val_loss,0.014375783503055573,0.10550253093242645,0.0007889546351084812,0.011834319526627219,2369.0,20.0,2.0,spot_delta,100.0,True,False,0.05782507732510567,0.17262180149555206
proto_source=spot_delta_k=100_weighted=1_learnw=0,val,3456,proto,-0.02501891367137432,0.03233527019619942,-0.13629389852285384,-0.08976104483008385,-0.11733990162611008,-0.011004502885043621,0.0006098887766711414,0.9092702169625246,-0.02501234970986843,0.0001666728494456038,0.00017323739302810282,0.018176788464188576,0.1726207733154297,0.22393052279949188,1.0,0.001232741617357002,0.0,0.001232741617357002,0.011834319526627219,,,cvar,/Users/yaniszaim/deephedging/.deephedging_real_runs/final_paper_notebook/panel_sweeps/IWM_full_paper_grid_800_step_robust/model_artifacts/seed_3456/risk_cvar/proto_source_spot_delta_k_100_weighted_1_learnw_0,25.0,0.09838569681988607,val_loss,0.014375783503055573,0.10550253093242645,0.0007889546351084812,0.011834319526627219,507.0,20.0,2.0,spot_delta,100.0,True,False,0.05782507732510567,0.17262180149555206
proto_source=spot_delta_k=100_weighted=1_learnw=0,test,3456,proto,-0.027670513838529587,0.03565520420670509,-0.1455320155620575,-0.0989987313747406,-0.13408014178276062,-0.01612539030611515,0.0006414249539375298,0.9155206286836935,-0.027893399819731712,0.00039886412560008466,0.00017597994883544743,0.01845596916973591,0.1726207733154297,0.22756361961364746,1.0,0.004027504911591356,0.0,0.004027504911591356,0.029469548133595286,,,cvar,/Users/yaniszaim/deephedging/.deephedging_real_runs/final_paper_notebook/panel_sweeps/IWM_full_paper_grid_800_step_robust/model_artifacts/seed_3456/risk_cvar/proto_source_spot_delta_k_100_weighted_1_learnw_0,25.0,0.09838569681988607,val_loss,0.014375783503055573,0.10550253093242645,0.0007889546351084812,0.011834319526627219,509.0,20.0,2.0,spot_delta,100.0,True,False,0.05782507732510567,0.17262180149555206
proto_source=vanilla_k=10_weighted=0_learnw=0,train,3456,proto,-0.024613460525870323,0.030674660578370094,-0.12392659842967987,-0.0872563049197197,-0.11259929090738297,-0.011399436742067337,-0.0005464851390570405,1.0,-0.02468717098236084,0.0003402174625080079,0.0002665063366293907,0.02282683365046978,0.07325968891382217,0.24090613424777985,0.8873171210289001,0.0,0.0,0.0,0.0,,,cvar,/Users/yaniszaim/deephedging/.deephedging_real_runs/final_paper_notebook/panel_sweeps/IWM_full_paper_grid_800_step_robust/model_artifacts/seed_3456/risk_cvar/proto_source_vanilla_k_10_weighted_0_learnw_0,364.0,0.099078489523381,val_loss,0.02287023887038231,0.24177417159080505,0.0,0.0,2369.0,20.0,2.0,vanilla,10.0,False,False,0.09963293373584747,0.1979682892560959
proto_source=vanilla_k=10_weighted=0_learnw=0,val,3456,proto,-0.024854645133018494,0.031847257167100906,-0.1301753407716751,-0.08934447765350342,-0.11606895178556442,-0.010131177492439747,-0.0005214422766584904,0.9980276134122288,-0.02501234970986843,0.0004226496967021376,0.0002649462257977575,0.022809026762843132,0.0732431709766388,0.24054992198944092,0.8872171640396118,0.0,0.0,0.0,0.0,,,cvar,/Users/yaniszaim/deephedging/.deephedging_real_runs/final_paper_notebook/panel_sweeps/IWM_full_paper_grid_800_step_robust/model_artifacts/seed_3456/risk_cvar/proto_source_vanilla_k_10_weighted_0_learnw_0,364.0,0.099078489523381,val_loss,0.02287023887038231,0.24177417159080505,0.0,0.0,507.0,20.0,2.0,vanilla,10.0,False,False,0.09963293373584747,0.1979682892560959
proto_source=vanilla_k=10_weighted=0_learnw=0,test,3456,proto,-0.027644695714116096,0.03505052253603935,-0.15243703424930571,-0.09945867955684662,-0.13251540064811707,-0.015253547579050064,-0.000562144699506462,1.0,-0.027893399819731712,0.0005148608470335603,0.00026615685783326626,0.0228196382522583,0.07325911521911621,0.24076220393180847,0.8875601291656494,0.0,0.0,0.0,0.0,,,cvar,/Users/yaniszaim/deephedging/.deephedging_real_runs/final_paper_notebook/panel_sweeps/IWM_full_paper_grid_800_step_robust/model_artifacts/seed_3456/risk_cvar/proto_source_vanilla_k_10_weighted_0_learnw_0,364.0,0.099078489523381,val_loss,0.02287023887038231,0.24177417159080505,0.0,0.0,509.0,20.0,2.0,vanilla,10.0,False,False,0.09963293373584747,0.1979682892560959
proto_source=vanilla_k=10_weighted=1_learnw=0,train,3456,proto,-0.024693947285413742,0.03222201019525528,-0.1277408218383789,-0.09024908393621445,-0.11653770506381989,-0.01107846200466156,0.00010298428242094797,0.9244406922752216,-0.02468717098236084,7.755801198072731e-05,8.433334733126685e-05,0.006290060002356768,0.08493271470069885,0.049482882022857666,0.37958675622940063,0.0,0.0,0.0,0.0,,,cvar,/Users/yaniszaim/deephedging/.deephedging_real_runs/final_paper_notebook/panel_sweeps/IWM_full_paper_grid_800_step_robust/model_artifacts/seed_3456/risk_cvar/proto_source_vanilla_k_10_weighted_1_learnw_0,17.0,0.09863109609810636,val_loss,0.006199633236974478,0.05236351862549782,0.0,0.0,2369.0,20.0,2.0,vanilla,10.0,True,False,0.08626069128513336,0.15720009803771973
proto_source=vanilla_k=10_weighted=1_learnw=0,val,3456,proto,-0.02498261258006096,0.03336165100336075,-0.13423247367143631,-0.0926384299993515,-0.1198502779006958,-0.010090861469507217,0.00012219004347571163,0.9230769230769231,-0.02501234970986843,0.00011208281648578122,8.234699635067955e-05,0.006272075232118368,0.08271976560354233,0.04939865693449974,0.379780650138855,0.0,0.0,0.0,0.0,,,cvar,/Users/yaniszaim/deephedging/.deephedging_real_runs/final_paper_notebook/panel_sweeps/IWM_full_paper_grid_800_step_robust/model_artifacts/seed_3456/risk_cvar/proto_source_vanilla_k_10_weighted_1_learnw_0,17.0,0.09863109609810636,val_loss,0.006199633236974478,0.05236351862549782,0.0,0.0,507.0,20.0,2.0,vanilla,10.0,True,False,0.08626069128513336,0.15720009803771973
proto_source=vanilla_k=10_weighted=1_learnw=0,test,3456,proto,-0.027859603986144066,0.03666273504495621,-0.15976542115211487,-0.10276257842779159,-0.13679470121860504,-0.01515252236276865,8.531731145921988e-05,0.9351669941060904,-0.027893399819731712,0.000121632321679499,8.783751400187612e-05,0.006342459004372358,0.08439591526985168,0.05007682740688324,0.3796478807926178,0.0,0.0,0.0,0.0,,,cvar,/Users/yaniszaim/deephedging/.deephedging_real_runs/final_paper_notebook/panel_sweeps/IWM_full_paper_grid_800_step_robust/model_artifacts/seed_3456/risk_cvar/proto_source_vanilla_k_10_weighted_1_learnw_0,17.0,0.09863109609810636,val_loss,0.006199633236974478,0.05236351862549782,0.0,0.0,509.0,20.0,2.0,vanilla,10.0,True,False,0.08626069128513336,0.15720009803771973
proto_source=vanilla_k=25_weighted=0_learnw=0,train,3456,proto,-0.024707006290555,0.031703028827905655,-0.12769890546798707,-0.08971120417118073,-0.1151590421795845,-0.011065849103033543,-0.00010582131217233867,0.9670747150696496,-0.02468717098236084,0.00015826067829038948,0.00017809549171943218,0.01127967145293951,0.13885246217250824,0.09745066612958908,0.536123514175415,0.0,0.0,0.0,0.0,,,cvar,/Users/yaniszaim/deephedging/.deephedging_real_runs/final_paper_notebook/panel_sweeps/IWM_full_paper_grid_800_step_robust/model_artifacts/seed_3456/risk_cvar/proto_source_vanilla_k_25_weighted_0_learnw_0,250.0,0.09908462346997111,val_loss,0.01357972901314497,0.16063439846038818,0.0,0.0,2369.0,20.0,2.0,vanilla,25.0,False,False,0.07253894954919815,0.1482216715812683
proto_source=vanilla_k=25_weighted=0_learnw=0,val,3456,proto,-0.02497418038547039,0.03288746997714043,-0.13785408198833465,-0.09202231094241142,-0.11868171393871307,-0.010076494887471199,-0.0001146315073128792,0.9625246548323472,-0.02501234970986843,0.00021574368292931467,0.0001775752316461876,0.011263660155236721,0.13739389181137085,0.097227543592453,0.5330855250358582,0.0,0.0,0.0,0.0,,,cvar,/Users/yaniszaim/deephedging/.deephedging_real_runs/final_paper_notebook/panel_sweeps/IWM_full_paper_grid_800_step_robust/model_artifacts/seed_3456/risk_cvar/proto_source_vanilla_k_25_weighted_0_learnw_0,250.0,0.09908462346997111,val_loss,0.01357972901314497,0.16063439846038818,0.0,0.0,507.0,20.0,2.0,vanilla,25.0,False,False,0.07253894954919815,0.1482216715812683
proto_source=vanilla_k=25_weighted=0_learnw=0,test,3456,proto,-0.027807369828224182,0.03622967377305031,-0.15304211556911468,-0.10197889804840088,-0.1357393115758896,-0.01522758137434721,-0.00013340198784135289,0.9607072691552063,-0.027893399819731712,0.0002636230201460421,0.0001775952841853723,0.011264814995229244,0.14220258593559265,0.09770432114601135,0.5391018986701965,0.0,0.0,0.0,0.0,,,cvar,/Users/yaniszaim/deephedging/.deephedging_real_runs/final_paper_notebook/panel_sweeps/IWM_full_paper_grid_800_step_robust/model_artifacts/seed_3456/risk_cvar/proto_source_vanilla_k_25_weighted_0_learnw_0,250.0,0.09908462346997111,val_loss,0.01357972901314497,0.16063439846038818,0.0,0.0,509.0,20.0,2.0,vanilla,25.0,False,False,0.07253894954919815,0.1482216715812683
proto_source=vanilla_k=25_weighted=1_learnw=0,train,3456,proto,-0.02476349286735058,0.03239220008254051,-0.12817996978759766,-0.09071984887123108,-0.11707036197185516,-0.011233090423047543,0.00010257520043523914,0.9273955255382018,-0.02468717098236084,5.862403486389667e-05,0.00013494635641109198,0.005739586893469095,0.09850115329027176,0.04970884323120117,0.13841594755649567,0.0,0.0,0.0,0.0,,,cvar,/Users/yaniszaim/deephedging/.deephedging_real_runs/final_paper_notebook/panel_sweeps/IWM_full_paper_grid_800_step_robust/model_artifacts/seed_3456/risk_cvar/proto_source_vanilla_k_25_weighted_1_learnw_0,100.0,0.0986639880691655,val_loss,0.004597900900989771,0.05159952864050865,0.0,0.0,2369.0,20.0,2.0,vanilla,25.0,True,False,0.09467717260122299,0.17758458852767944
proto_source=vanilla_k=25_weighted=1_learnw=0,val,3456,proto,-0.025068407878279686,0.03349089249968529,-0.13446185648441314,-0.09290405139327049,-0.1201825961470604,-0.010255047120153904,0.00011157457411172792,0.9250493096646942,-0.02501234970986843,7.778461440466344e-05,0.0001338422589469701,0.005726662464439869,0.09482435137033463,0.04954718425869942,0.13832147419452667,0.0,0.0,0.0,0.0,,,cvar,/Users/yaniszaim/deephedging/.deephedging_real_runs/final_paper_notebook/panel_sweeps/IWM_full_paper_grid_800_step_robust/model_artifacts/seed_3456/risk_cvar/proto_source_vanilla_k_25_weighted_1_learnw_0,100.0,0.0986639880691655,val_loss,0.004597900900989771,0.05159952864050865,0.0,0.0,507.0,20.0,2.0,vanilla,25.0,True,False,0.09467717260122299,0.17758458852767944
proto_source=vanilla_k=25_weighted=1_learnw=0,test,3456,proto,-0.027941109612584114,0.036799367517232895,-0.16079533815383912,-0.10319423526525497,-0.13716331124305725,-0.015364990569651127,6.707813881803253e-05,0.93713163064833,-0.027893399819731712,8.671449904795736e-05,0.0001344249612884596,0.005738872569054365,0.1061047837138176,0.04960263520479202,0.13841962814331055,0.0,0.0,0.0,0.0,,,cvar,/Users/yaniszaim/deephedging/.deephedging_real_runs/final_paper_notebook/panel_sweeps/IWM_full_paper_grid_800_step_robust/model_artifacts/seed_3456/risk_cvar/proto_source_vanilla_k_25_weighted_1_learnw_0,100.0,0.0986639880691655,val_loss,0.004597900900989771,0.05159952864050865,0.0,0.0,509.0,20.0,2.0,vanilla,25.0,True,False,0.09467717260122299,0.17758458852767944
proto_source=vanilla_k=50_weighted=0_learnw=0,train,3456,proto,-0.02466636151075363,0.0315031036734581,-0.12647956132888794,-0.08882338404655457,-0.11468245834112167,-0.011326723732054234,-0.00015963847690727602,0.970873786407767,-0.02468717098236084,0.00021391002519521862,0.00019310161587782204,0.013841819018125534,0.15044371783733368,0.16224950551986694,0.5211676359176636,0.0,0.0,0.0,0.0,,,cvar,/Users/yaniszaim/deephedging/.deephedging_real_runs/final_paper_notebook/panel_sweeps/IWM_full_paper_grid_800_step_robust/model_artifacts/seed_3456/risk_cvar/proto_source_vanilla_k_50_weighted_0_learnw_0,159.0,0.09919937510043383,val_loss,0.014057435095310211,0.1662730872631073,0.0,0.0,2369.0,20.0,2.0,vanilla,50.0,False,False,0.12464260309934616,0.21976540982723236
proto_source=vanilla_k=50_weighted=0_learnw=0,val,3456,proto,-0.024985473603010178,0.03265082463622093,-0.13234804421663285,-0.09111498668789864,-0.11816953867673874,-0.010283934883773327,-0.0001223592335009017,0.9704142011834319,-0.02501234970986843,0.0002197127469116822,0.00019283828441984951,0.01384127326309681,0.15042676031589508,0.16227521002292633,0.5211676359176636,0.0,0.0,0.0,0.0,,,cvar,/Users/yaniszaim/deephedging/.deephedging_real_runs/final_paper_notebook/panel_sweeps/IWM_full_paper_grid_800_step_robust/model_artifacts/seed_3456/risk_cvar/proto_source_vanilla_k_50_weighted_0_learnw_0,159.0,0.09919937510043383,val_loss,0.014057435095310211,0.1662730872631073,0.0,0.0,507.0,20.0,2.0,vanilla,50.0,False,False,0.12464260309934616,0.21976540982723236
proto_source=vanilla_k=50_weighted=0_learnw=0,test,3456,proto,-0.027810905128717422,0.03592991828918457,-0.1572275561094284,-0.10136432200670242,-0.1350277066230774,-0.015259360894560814,-0.00021650661365129082,0.9803536345776032,-0.027893399819731712,0.0002757985785137862,0.0001933027378981933,0.013848268426954746,0.14949823915958405,0.16200284659862518,0.5211676359176636,0.0,0.0,0.0,0.0,,,cvar,/Users/yaniszaim/deephedging/.deephedging_real_runs/final_paper_notebook/panel_sweeps/IWM_full_paper_grid_800_step_robust/model_artifacts/seed_3456/risk_cvar/proto_source_vanilla_k_50_weighted_0_learnw_0,159.0,0.09919937510043383,val_loss,0.014057435095310211,0.1662730872631073,0.0,0.0,509.0,20.0,2.0,vanilla,50.0,False,False,0.12464260309934616,0.21976540982723236
proto_source=vanilla_k=50_weighted=1_learnw=0,train,3456,proto,-0.02488590031862259,0.03276352211833,-0.12941015958786012,-0.09167395234107971,-0.11806850880384445,-0.011384126730263233,0.0004039328545331954,0.836639932460954,-0.02468717098236084,-1.7976315575651824e-05,0.0001807533553801477,0.0030876356177031994,0.06868661940097809,0.057252202183008194,0.0774475485086441,0.0,0.0,0.0,0.0,,,cvar,/Users/yaniszaim/deephedging/.deephedging_real_runs/final_paper_notebook/panel_sweeps/IWM_full_paper_grid_800_step_robust/model_artifacts/seed_3456/risk_cvar/proto_source_vanilla_k_50_weighted_1_learnw_0,121.0,0.09875682514510117,val_loss,0.0026794380974024534,0.04310649260878563,0.0,0.0,2369.0,20.0,2.0,vanilla,50.0,True,False,0.0837734118103981,0.16038230061531067
proto_source=vanilla_k=50_weighted=1_learnw=0,val,3456,proto,-0.025207562372088432,0.03388626500964165,-0.13602680295705796,-0.09380612671375274,-0.12133259326219559,-0.010382412932813168,0.00041466625989414744,0.8461538461538461,-0.02501234970986843,-1.438594699720852e-05,0.00018082893802784383,0.0030906563624739647,0.06841486692428589,0.05731261521577835,0.0771757960319519,0.0,0.0,0.0,0.0,,,cvar,/Users/yaniszaim/deephedging/.deephedging_real_runs/final_paper_notebook/panel_sweeps/IWM_full_paper_grid_800_step_robust/model_artifacts/seed_3456/risk_cvar/proto_source_vanilla_k_50_weighted_1_learnw_0,121.0,0.09875682514510117,val_loss,0.0026794380974024534,0.04310649260878563,0.0,0.0,507.0,20.0,2.0,vanilla,50.0,True,False,0.0837734118103981,0.16038230061531067
proto_source=vanilla_k=50_weighted=1_learnw=0,test,3456,proto,-0.028101123869419098,0.03725093603134155,-0.16197483420372008,-0.10424669981002807,-0.1385275274515152,-0.015638934448361397,0.0004307113704271613,0.8330058939096268,-0.027893399819731712,-2.6948837330564857e-05,0.00018077676941175014,0.0030898998957127333,0.06869722157716751,0.057297490537166595,0.07745815068483353,0.0,0.0,0.0,0.0,,,cvar,/Users/yaniszaim/deephedging/.deephedging_real_runs/final_paper_notebook/panel_sweeps/IWM_full_paper_grid_800_step_robust/model_artifacts/seed_3456/risk_cvar/proto_source_vanilla_k_50_weighted_1_learnw_0,121.0,0.09875682514510117,val_loss,0.0026794380974024534,0.04310649260878563,0.0,0.0,509.0,20.0,2.0,vanilla,50.0,True,False,0.0837734118103981,0.16038230061531067
proto_source=vanilla_k=100_weighted=0_learnw=0,train,3456,proto,-0.024668462574481964,0.031764108687639236,-0.12583697140216826,-0.08963404893875122,-0.11546560376882553,-0.011151177808642387,0.0001334837696049362,0.9371042634022795,-0.02468717098236084,0.00016759344725869596,0.00014888470468576998,0.013311408460140228,0.0937199592590332,0.11047810316085815,0.4348076581954956,0.0,0.0,0.0,0.0,,,cvar,/Users/yaniszaim/deephedging/.deephedging_real_runs/final_paper_notebook/panel_sweeps/IWM_full_paper_grid_800_step_robust/model_artifacts/seed_3456/risk_cvar/proto_source_vanilla_k_100_weighted_0_learnw_0,25.0,0.09860199389513583,val_loss,0.013611267320811749,0.10477917641401291,0.0,0.0,2369.0,20.0,2.0,vanilla,100.0,False,False,0.08897343277931213,0.1706162393093109
proto_source=vanilla_k=100_weighted=0_learnw=0,val,3456,proto,-0.024923231452703476,0.03285403549671173,-0.13230302900075913,-0.09189939051866532,-0.11843748390674591,-0.010114473290741444,0.0001592188913491553,0.9329388560157791,-0.02501234970986843,0.00023813260486349463,0.0001490135327912867,0.01331111416220665,0.09316664189100266,0.11054904013872147,0.4348076581954956,0.0,0.0,0.0,0.0,,,cvar,/Users/yaniszaim/deephedging/.deephedging_real_runs/final_paper_notebook/panel_sweeps/IWM_full_paper_grid_800_step_robust/model_artifacts/seed_3456/risk_cvar/proto_source_vanilla_k_100_weighted_0_learnw_0,25.0,0.09860199389513583,val_loss,0.013611267320811749,0.10477917641401291,0.0,0.0,507.0,20.0,2.0,vanilla,100.0,False,False,0.08897343277931213,0.1706162393093109
proto_source=vanilla_k=100_weighted=0_learnw=0,test,3456,proto,-0.027784129604697227,0.03608454018831253,-0.15850986838340758,-0.10146193802356719,-0.13503874838352203,-0.015293709002435207,0.00012516963179223084,0.931237721021611,-0.027893399819731712,0.00025861465837806463,0.0001493446179665625,0.013319896534085274,0.09492360800504684,0.11044976860284805,0.43480753898620605,0.0,0.0,0.0,0.0,,,cvar,/Users/yaniszaim/deephedging/.deephedging_real_runs/final_paper_notebook/panel_sweeps/IWM_full_paper_grid_800_step_robust/model_artifacts/seed_3456/risk_cvar/proto_source_vanilla_k_100_weighted_0_learnw_0,25.0,0.09860199389513583,val_loss,0.013611267320811749,0.10477917641401291,0.0,0.0,509.0,20.0,2.0,vanilla,100.0,False,False,0.08897343277931213,0.1706162393093109
proto_source=vanilla_k=100_weighted=1_learnw=0,train,3456,proto,-0.02484012208878994,0.03251809999346733,-0.1291782170534134,-0.09077574610710144,-0.1173943504691124,-0.011600123718380928,-2.424518461339181e-05,0.9582102152807092,-0.02468717098236084,2.16268426811439e-06,0.00015511242963839322,0.0032565465662628412,0.09851956367492676,0.03373390808701515,0.16486194729804993,0.0,0.0,0.0,0.0,,,cvar,/Users/yaniszaim/deephedging/.deephedging_real_runs/final_paper_notebook/panel_sweeps/IWM_full_paper_grid_800_step_robust/model_artifacts/seed_3456/risk_cvar/proto_source_vanilla_k_100_weighted_1_learnw_0,40.0,0.09883814216707833,val_loss,0.003299998352304101,0.04476628452539444,0.0,0.0,2369.0,20.0,2.0,vanilla,100.0,True,False,0.07709413766860962,0.21337571740150452
proto_source=vanilla_k=100_weighted=1_learnw=0,val,3456,proto,-0.025165483355522156,0.03370698168873787,-0.13523351699113845,-0.09320401921868324,-0.12088065594434738,-0.010888450779020786,-2.2569851716980435e-05,0.9585798816568047,-0.02501234970986843,1.1495312719489448e-06,0.00015428432379849255,0.0032198671251535416,0.09776337444782257,0.03385516256093979,0.15232491493225098,0.0,0.0,0.0,0.0,,,cvar,/Users/yaniszaim/deephedging/.deephedging_real_runs/final_paper_notebook/panel_sweeps/IWM_full_paper_grid_800_step_robust/model_artifacts/seed_3456/risk_cvar/proto_source_vanilla_k_100_weighted_1_learnw_0,40.0,0.09883814216707833,val_loss,0.003299998352304101,0.04476628452539444,0.0,0.0,507.0,20.0,2.0,vanilla,100.0,True,False,0.07709413766860962,0.21337571740150452
proto_source=vanilla_k=100_weighted=1_learnw=0,test,3456,proto,-0.02802683599293232,0.03698081523180008,-0.1609249895811081,-0.10342168062925339,-0.1377713680267334,-0.01573476940393448,9.689771104603532e-07,0.9469548133595285,-0.027893399819731712,2.163535464205779e-05,0.00015507133502978832,0.003251568414270878,0.09796645492315292,0.034119028598070145,0.1497485488653183,0.0,0.0,0.0,0.0,,,cvar,/Users/yaniszaim/deephedging/.deephedging_real_runs/final_paper_notebook/panel_sweeps/IWM_full_paper_grid_800_step_robust/model_artifacts/seed_3456/risk_cvar/proto_source_vanilla_k_100_weighted_1_learnw_0,40.0,0.09883814216707833,val_loss,0.003299998352304101,0.04476628452539444,0.0,0.0,509.0,20.0,2.0,vanilla,100.0,True,False,0.07709413766860962,0.21337571740150452
