model,split,seed,model_family,gains_mean,gains_std,gains_p01,gains_p05,gains_cvar05,gains_p50,gains_p95,shortfall_prob,payoff_mean,pnl_mean,cost_mean,action_abs_mean,action_abs_max,delta_abs_mean,delta_abs_max,pct_at_any_position_bound,pct_at_upper_position_bound,pct_at_lower_position_bound,pct_paths_touch_any_position_bound,selected_band,baseline_selection_metric,risk_measure,artifact_dir,selected_epoch,selected_score,selection_metric,selected_val_action_abs_mean,selected_val_delta_abs_mean,selected_val_pct_at_any_position_bound,selected_val_pct_paths_touch_any_position_bound,n_paths,n_steps,n_inst,prototype_source,n_prototypes,weighted_similarity,learn_distance_feature_weights,proto_action_norm_mean,proto_action_norm_max
unhedged,train,1234,baseline,-0.02002580277621746,0.023889049887657166,-0.09810293674468994,-0.06463291645050048,-0.08654581755399704,-0.014034032821655273,-0.0,0.6631490080202617,-0.02002580277621746,0.0,0.0,0.0,0.0,0.0,0.0,0.0,0.0,0.0,0.0,,,,,,,,,,,,,,,,,,,,
spot_delta,train,1234,baseline,-0.01981962099671364,0.02323462814092636,-0.09033684492111206,-0.06159602105617523,-0.08346758782863617,-0.014453201554715633,0.003568141441792248,0.8315745040101309,-0.02002580277621746,0.0003540700417943299,0.00014788944099564105,0.018450746312737465,0.6231619715690613,0.2567652463912964,0.6231619715690613,0.0,0.0,0.0,0.0,,,,,,,,,,,,,,,,,,,,
spot_delta_band,train,1234,baseline,-0.01986173540353775,0.023201007395982742,-0.09076619625091553,-0.06105689406394958,-0.08355219662189484,-0.01447388157248497,0.0034164726268500084,0.8383284086112284,-0.02002580277621746,0.00027199837495572865,0.00010793080582516268,0.013484452851116657,0.6031619906425476,0.2534923255443573,0.6031619906425476,0.0,0.0,0.0,0.0,0.02,gains_mean,,,,,,,,,,,,,,,,,,
unhedged,val,1234,baseline,-0.019907590001821518,0.0243665874004364,-0.10012899398803711,-0.05809561014175415,-0.08730576932430267,-0.013670921325683594,-0.0,0.6390532544378699,-0.019907590001821518,0.0,0.0,0.0,0.0,0.0,0.0,0.0,0.0,0.0,0.0,,,,,,,,,,,,,,,,,,,,
spot_delta,val,1234,baseline,-0.019713515415787697,0.02339213900268078,-0.09283812314271926,-0.05814926475286484,-0.0831327959895134,-0.014734483323991299,0.004807975329458712,0.8007889546351085,-0.019907590001821518,0.0003431429504416883,0.0001490673894295469,0.01859399676322937,0.6140170097351074,0.2571861743927002,0.6231619715690613,0.0,0.0,0.0,0.0,,,,,,,,,,,,,,,,,,,,
spot_delta_band,val,1234,baseline,-0.019698085263371468,0.023325487971305847,-0.09268236488103866,-0.057628406956791875,-0.08311421424150467,-0.014681508764624596,0.004493886185809968,0.8106508875739645,-0.019907590001821518,0.00031811659573577344,0.0001086113479686901,0.01356873195618391,0.5940170288085938,0.2539448142051697,0.6031619906425476,0.0,0.0,0.0,0.0,0.02,gains_mean,,,,,,,,,,,,,,,,,,
unhedged,test,1234,baseline,-0.02270982787013054,0.022992994636297226,-0.09667526245117188,-0.06542623043060303,-0.08414293825626373,-0.018745064735412598,-0.0,0.7367387033398821,-0.02270982787013054,0.0,0.0,0.0,0.0,0.0,0.0,0.0,0.0,0.0,0.0,,,,,,,,,,,,,,,,,,,,
spot_delta,test,1234,baseline,-0.022672172635793686,0.023327607661485672,-0.10409903436899186,-0.06266278028488159,-0.08687356114387512,-0.01926313154399395,0.0026461729779839504,0.8762278978388998,-0.02270982787013054,0.00018626336532179266,0.00014860890223644674,0.018523411825299263,0.5905979871749878,0.2570958733558655,0.6231619715690613,0.0,0.0,0.0,0.0,,,,,,,,,,,,,,,,,,,,
spot_delta_band,test,1234,baseline,-0.02266806736588478,0.023185158148407936,-0.10434117168188095,-0.06308454275131226,-0.08648217469453812,-0.019378462806344032,0.00234147673472762,0.8742632612966601,-0.02270982787013054,0.0001500031357863918,0.00010824007040355355,0.013519174419343472,0.5705980062484741,0.2539888322353363,0.6031619906425476,0.0,0.0,0.0,0.0,0.02,gains_mean,,,,,,,,,,,,,,,,,,
vanilla,train,1234,vanilla,-0.019729917868971825,0.02220536768436432,-0.09300982594490051,-0.06170929968357086,-0.08234362304210663,-0.013487900607287884,0.0003730520489625611,0.9282397636133389,-0.02002580277621746,0.0004982821410521865,0.00020239503646735102,0.025018492713570595,0.11303454637527466,0.3068626821041107,1.0,0.15150907555930773,0.15150907555930773,0.0,1.0,,,cvar,/Users/yaniszaim/deephedging/.deephedging_real_runs/final_paper_notebook/panel_sweeps/SPY_full_paper_grid_800_step_robust/model_artifacts/seed_1234/risk_cvar/vanilla,265.0,0.07594174667720774,val_loss,0.019589805975556374,0.1279274970293045,4.930966469428008e-05,0.0019723865877712033,2369.0,20.0,2.0,,,,,,
vanilla,val,1234,vanilla,-0.019753348082304,0.02271878905594349,-0.0958017310500145,-0.05676158368587494,-0.08319135010242462,-0.012910840101540089,0.00039010256296023716,0.9112426035502958,-0.019907590001821518,0.0003566863015294075,0.00020244474580977112,0.025018351152539253,0.11337566375732422,0.30681106448173523,1.0,0.15157790927021697,0.15157790927021697,0.0,1.0,,,cvar,/Users/yaniszaim/deephedging/.deephedging_real_runs/final_paper_notebook/panel_sweeps/SPY_full_paper_grid_800_step_robust/model_artifacts/seed_1234/risk_cvar/vanilla,265.0,0.07594174667720774,val_loss,0.019589805975556374,0.1279274970293045,4.930966469428008e-05,0.0019723865877712033,507.0,20.0,2.0,,,,,,
vanilla,test,1234,vanilla,-0.022131912410259247,0.02126367576420307,-0.09095163822174072,-0.0629141241312027,-0.07964588701725006,-0.018036028370261192,0.00012106139329261999,0.9430255402750491,-0.02270982787013054,0.0007807809161022305,0.0002028653398156166,0.025018293410539627,0.1073462963104248,0.30666854977607727,1.0,0.1512770137524558,0.1512770137524558,0.0,1.0,,,cvar,/Users/yaniszaim/deephedging/.deephedging_real_runs/final_paper_notebook/panel_sweeps/SPY_full_paper_grid_800_step_robust/model_artifacts/seed_1234/risk_cvar/vanilla,265.0,0.07594174667720774,val_loss,0.019589805975556374,0.1279274970293045,4.930966469428008e-05,0.0019723865877712033,509.0,20.0,2.0,,,,,,
proto_source=spot_delta_k=10_weighted=0_learnw=0,train,1234,proto,-0.02006780356168747,0.02303306758403778,-0.09328681319952012,-0.062281164526939395,-0.084343820810318,-0.013960287906229496,0.0010217076633125537,0.8860278598564796,-0.02002580277621746,0.0002718749747145921,0.00031387610943056643,0.020756160840392113,0.1426476389169693,0.24182641506195068,1.0,0.0033769523005487546,0.0033769523005487546,0.0,0.043478260869565216,,,cvar,/Users/yaniszaim/deephedging/.deephedging_real_runs/final_paper_notebook/panel_sweeps/SPY_full_paper_grid_800_step_robust/model_artifacts/seed_1234/risk_cvar/proto_source_spot_delta_k_10_weighted_0_learnw_0,16.0,0.07616342954247587,val_loss,0.019948387518525124,0.10984525829553604,0.0006903353057199211,0.01775147928994083,2369.0,20.0,2.0,spot_delta,10.0,False,False,0.08576512336730957,0.1525057554244995
proto_source=spot_delta_k=10_weighted=0_learnw=0,val,1234,proto,-0.019854340702295303,0.02321579121053219,-0.09533102110028267,-0.058265833929181096,-0.08401286602020264,-0.014569828286767006,0.001418413571082055,0.854043392504931,-0.019907590001821518,0.0003566679370123893,0.0003034152032341808,0.020650330930948257,0.1424892246723175,0.24049705266952515,1.0,0.0038461538461538464,0.0038461538461538464,0.0,0.047337278106508875,,,cvar,/Users/yaniszaim/deephedging/.deephedging_real_runs/final_paper_notebook/panel_sweeps/SPY_full_paper_grid_800_step_robust/model_artifacts/seed_1234/risk_cvar/proto_source_spot_delta_k_10_weighted_0_learnw_0,16.0,0.07616342954247587,val_loss,0.019948387518525124,0.10984525829553604,0.0006903353057199211,0.01775147928994083,507.0,20.0,2.0,spot_delta,10.0,False,False,0.08576512336730957,0.1525057554244995
proto_source=spot_delta_k=10_weighted=0_learnw=0,test,1234,proto,-0.02259977161884308,0.022356020286679268,-0.09964025497436524,-0.06262332797050477,-0.08247888088226318,-0.019031157717108727,0.0007698443136177924,0.9115913555992141,-0.02270982787013054,0.00043007786734960973,0.00032002152875065804,0.02043592371046543,0.13966426253318787,0.23849666118621826,1.0,0.002455795677799607,0.002455795677799607,0.0,0.029469548133595286,,,cvar,/Users/yaniszaim/deephedging/.deephedging_real_runs/final_paper_notebook/panel_sweeps/SPY_full_paper_grid_800_step_robust/model_artifacts/seed_1234/risk_cvar/proto_source_spot_delta_k_10_weighted_0_learnw_0,16.0,0.07616342954247587,val_loss,0.019948387518525124,0.10984525829553604,0.0006903353057199211,0.01775147928994083,509.0,20.0,2.0,spot_delta,10.0,False,False,0.08576512336730957,0.1525057554244995
proto_source=spot_delta_k=10_weighted=1_learnw=0,train,1234,proto,-0.02002752758562565,0.02386174164712429,-0.09813018560409546,-0.06465179622173309,-0.08649956434965134,-0.014040523208677769,1.1835095938295122e-05,0.7703672435626847,-0.02002580277621746,1.323793640040094e-06,3.0472581329377135e-06,0.00014844250108581036,0.3131742775440216,0.0015404707519337535,0.31815218925476074,0.0,0.0,0.0,0.0,,,cvar,/Users/yaniszaim/deephedging/.deephedging_real_runs/final_paper_notebook/panel_sweeps/SPY_full_paper_grid_800_step_robust/model_artifacts/seed_1234/risk_cvar/proto_source_spot_delta_k_10_weighted_1_learnw_0,206.0,0.07574495309308986,val_loss,0.0003340417461004108,0.0031227916479110718,0.0,0.0,2369.0,20.0,2.0,spot_delta,10.0,True,False,0.11430560052394867,0.3132326602935791
proto_source=spot_delta_k=10_weighted=1_learnw=0,val,1234,proto,-0.01991257257759571,0.024374954402446747,-0.10015654265880584,-0.05811281502246857,-0.08733021467924118,-0.013677334412932396,1.0620524881232995e-05,0.7633136094674556,-0.019907590001821518,-1.9670856090669986e-06,3.01314753414772e-06,0.00014513731002807617,0.0002478361129760742,0.0015239417552947998,0.004956722259521484,0.0,0.0,0.0,0.0,,,cvar,/Users/yaniszaim/deephedging/.deephedging_real_runs/final_paper_notebook/panel_sweeps/SPY_full_paper_grid_800_step_robust/model_artifacts/seed_1234/risk_cvar/proto_source_spot_delta_k_10_weighted_1_learnw_0,206.0,0.07574495309308986,val_loss,0.0003340417461004108,0.0031227916479110718,0.0,0.0,507.0,20.0,2.0,spot_delta,10.0,True,False,0.11430560052394867,0.3132326602935791
proto_source=spot_delta_k=10_weighted=1_learnw=0,test,1234,proto,-0.022716356441378593,0.0230006854981184,-0.09670159369707107,-0.06544488817453384,-0.08416664600372314,-0.018752695992588997,9.200012209475969e-06,0.8153241650294696,-0.02270982787013054,-3.5083496641163947e-06,3.0198709737305762e-06,0.00014513731002807617,0.0002478361129760742,0.0015239417552947998,0.004956722259521484,0.0,0.0,0.0,0.0,,,cvar,/Users/yaniszaim/deephedging/.deephedging_real_runs/final_paper_notebook/panel_sweeps/SPY_full_paper_grid_800_step_robust/model_artifacts/seed_1234/risk_cvar/proto_source_spot_delta_k_10_weighted_1_learnw_0,206.0,0.07574495309308986,val_loss,0.0003340417461004108,0.0031227916479110718,0.0,0.0,509.0,20.0,2.0,spot_delta,10.0,True,False,0.11430560052394867,0.3132326602935791
proto_source=spot_delta_k=25_weighted=0_learnw=0,train,1234,proto,-0.019802240654826164,0.022581515833735466,-0.09459156334400178,-0.06203635260462761,-0.08263587951660156,-0.013531042262911797,0.0012128318427130568,0.8801181933305192,-0.02002580277621746,0.0004311583179514855,0.00020759465405717492,0.025391431525349617,0.18756523728370667,0.29006049036979675,1.0,0.00022161249472351204,0.00022161249472351204,0.0,0.005065428450823132,,,cvar,/Users/yaniszaim/deephedging/.deephedging_real_runs/final_paper_notebook/panel_sweeps/SPY_full_paper_grid_800_step_robust/model_artifacts/seed_1234/risk_cvar/proto_source_spot_delta_k_25_weighted_0_learnw_0,38.0,0.07591034707141199,val_loss,0.02298535779118538,0.12405163049697876,4.930966469428008e-05,0.0019723865877712033,2369.0,20.0,2.0,spot_delta,25.0,False,False,0.09146274626255035,0.18760083615779877
proto_source=spot_delta_k=25_weighted=0_learnw=0,val,1234,proto,-0.019569817930459976,0.022873008623719215,-0.09340632006525994,-0.055856185778975484,-0.08233798295259476,-0.013884744606912136,0.0017494659405201674,0.8461538461538461,-0.019907590001821518,0.0005450212047435343,0.00020724805654026568,0.02533576264977455,0.18756218254566193,0.28963178396224976,1.0,0.0002958579881656805,0.0002958579881656805,0.0,0.007889546351084813,,,cvar,/Users/yaniszaim/deephedging/.deephedging_real_runs/final_paper_notebook/panel_sweeps/SPY_full_paper_grid_800_step_robust/model_artifacts/seed_1234/risk_cvar/proto_source_spot_delta_k_25_weighted_0_learnw_0,38.0,0.07591034707141199,val_loss,0.02298535779118538,0.12405163049697876,4.930966469428008e-05,0.0019723865877712033,507.0,20.0,2.0,spot_delta,25.0,False,False,0.09146274626255035,0.18760083615779877
proto_source=spot_delta_k=25_weighted=0_learnw=0,test,1234,proto,-0.022205952554941177,0.021737556904554367,-0.08554843753576279,-0.06291660070419311,-0.07964111864566803,-0.018541451543569565,0.0009603963582776485,0.9017681728880157,-0.02270982787013054,0.0007105425465852022,0.00020666825002990663,0.025215767323970795,0.18740832805633545,0.2882043421268463,1.0,0.00019646365422396856,0.00019646365422396856,0.0,0.0019646365422396855,,,cvar,/Users/yaniszaim/deephedging/.deephedging_real_runs/final_paper_notebook/panel_sweeps/SPY_full_paper_grid_800_step_robust/model_artifacts/seed_1234/risk_cvar/proto_source_spot_delta_k_25_weighted_0_learnw_0,38.0,0.07591034707141199,val_loss,0.02298535779118538,0.12405163049697876,4.930966469428008e-05,0.0019723865877712033,509.0,20.0,2.0,spot_delta,25.0,False,False,0.09146274626255035,0.18760083615779877
proto_source=spot_delta_k=25_weighted=1_learnw=0,train,1234,proto,-0.02027141861617565,0.022766733542084694,-0.09166016310453415,-0.06207738071680069,-0.08374714851379395,-0.013844732195138931,0.001747448742389676,0.8881384550443225,-0.02002580277621746,0.00020618599955923855,0.0004518012865446508,0.03977786749601364,0.1542370617389679,0.35321417450904846,1.0,5.276487969607429e-05,4.2211903756859436e-05,1.0552975939214859e-05,0.002110595187842972,,,cvar,/Users/yaniszaim/deephedging/.deephedging_real_runs/final_paper_notebook/panel_sweeps/SPY_full_paper_grid_800_step_robust/model_artifacts/seed_1234/risk_cvar/proto_source_spot_delta_k_25_weighted_1_learnw_0,12.0,0.07612384440377354,val_loss,0.025376055389642715,0.14643733203411102,0.0,0.0,2369.0,20.0,2.0,spot_delta,25.0,True,False,0.07122369855642319,0.15687678754329681
proto_source=spot_delta_k=25_weighted=1_learnw=0,val,1234,proto,-0.019855665042996407,0.022769425064325333,-0.09299333021044731,-0.056854987144470216,-0.08180300146341324,-0.013645094819366932,0.0026594266062602394,0.8599605522682445,-0.019907590001821518,0.0005001273239031434,0.000448203063569963,0.039300885051488876,0.14407652616500854,0.35221225023269653,0.9944559931755066,0.0,0.0,0.0,0.0,,,cvar,/Users/yaniszaim/deephedging/.deephedging_real_runs/final_paper_notebook/panel_sweeps/SPY_full_paper_grid_800_step_robust/model_artifacts/seed_1234/risk_cvar/proto_source_spot_delta_k_25_weighted_1_learnw_0,12.0,0.07612384440377354,val_loss,0.025376055389642715,0.14643733203411102,0.0,0.0,507.0,20.0,2.0,spot_delta,25.0,True,False,0.07122369855642319,0.15687678754329681
proto_source=spot_delta_k=25_weighted=1_learnw=0,test,1234,proto,-0.022902535274624825,0.021817294880747795,-0.09582286089658737,-0.06277393996715545,-0.08117426931858063,-0.019235461950302124,0.0008585856761783359,0.925343811394892,-0.02270982787013054,0.00027951798983849585,0.00047222504508681595,0.04056503251194954,0.14831972122192383,0.3563709557056427,1.0,4.911591355599214e-05,4.911591355599214e-05,0.0,0.0019646365422396855,,,cvar,/Users/yaniszaim/deephedging/.deephedging_real_runs/final_paper_notebook/panel_sweeps/SPY_full_paper_grid_800_step_robust/model_artifacts/seed_1234/risk_cvar/proto_source_spot_delta_k_25_weighted_1_learnw_0,12.0,0.07612384440377354,val_loss,0.025376055389642715,0.14643733203411102,0.0,0.0,509.0,20.0,2.0,spot_delta,25.0,True,False,0.07122369855642319,0.15687678754329681
proto_source=spot_delta_k=50_weighted=0_learnw=0,train,1234,proto,-0.019777201116085052,0.02289450168609619,-0.09431194752454758,-0.06237178295850754,-0.0830695778131485,-0.01354673970490694,0.0007582793477922677,0.8872942169691853,-0.02002580277621746,0.00040689724846743047,0.0001582947588758543,0.0182830598205328,0.22464784979820251,0.23739203810691833,1.0,0.0005382017728999578,0.0005382017728999578,0.0,0.007176023638666104,,,cvar,/Users/yaniszaim/deephedging/.deephedging_real_runs/final_paper_notebook/panel_sweeps/SPY_full_paper_grid_800_step_robust/model_artifacts/seed_1234/risk_cvar/proto_source_spot_delta_k_50_weighted_0_learnw_0,40.0,0.0757149394787848,val_loss,0.01729554310441017,0.09302221983671188,0.0,0.0,2369.0,20.0,2.0,spot_delta,50.0,False,False,0.08996222168207169,0.22467370331287384
proto_source=spot_delta_k=50_weighted=0_learnw=0,val,1234,proto,-0.019767068326473236,0.023276258260011673,-0.09560857474803924,-0.057872996851801875,-0.08453954011201859,-0.013517321087419987,0.0010821816278621553,0.8599605522682445,-0.019907590001821518,0.0002992740774061531,0.00015875117969699204,0.01831492967903614,0.22453461587429047,0.2378653883934021,1.0,0.0008382642998027613,0.0008382642998027613,0.0,0.011834319526627219,,,cvar,/Users/yaniszaim/deephedging/.deephedging_real_runs/final_paper_notebook/panel_sweeps/SPY_full_paper_grid_800_step_robust/model_artifacts/seed_1234/risk_cvar/proto_source_spot_delta_k_50_weighted_0_learnw_0,40.0,0.0757149394787848,val_loss,0.01729554310441017,0.09302221983671188,0.0,0.0,507.0,20.0,2.0,spot_delta,50.0,False,False,0.08996222168207169,0.22467370331287384
proto_source=spot_delta_k=50_weighted=0_learnw=0,test,1234,proto,-0.02233005315065384,0.022108780220150948,-0.09883447587490082,-0.06296659409999847,-0.0821152850985527,-0.018352046608924866,0.0005895611015148444,0.9017681728880157,-0.02270982787013054,0.000535720435436815,0.00015594692376907915,0.017988385632634163,0.22461169958114624,0.23636353015899658,1.0,0.0004420432220039293,0.0004420432220039293,0.0,0.003929273084479371,,,cvar,/Users/yaniszaim/deephedging/.deephedging_real_runs/final_paper_notebook/panel_sweeps/SPY_full_paper_grid_800_step_robust/model_artifacts/seed_1234/risk_cvar/proto_source_spot_delta_k_50_weighted_0_learnw_0,40.0,0.0757149394787848,val_loss,0.01729554310441017,0.09302221983671188,0.0,0.0,509.0,20.0,2.0,spot_delta,50.0,False,False,0.08996222168207169,0.22467370331287384
proto_source=spot_delta_k=50_weighted=1_learnw=0,train,1234,proto,-0.02026846446096897,0.022789955139160156,-0.09345458686351776,-0.06306610405445098,-0.08394744247198105,-0.014137816615402699,0.00020555063965730286,0.9362600253271423,-0.02002580277621746,0.00021849723998457193,0.0004611581389326602,0.021104978397488594,0.10155048966407776,0.281598299741745,0.832808792591095,0.0,0.0,0.0,0.0,,,cvar,/Users/yaniszaim/deephedging/.deephedging_real_runs/final_paper_notebook/panel_sweeps/SPY_full_paper_grid_800_step_robust/model_artifacts/seed_1234/risk_cvar/proto_source_spot_delta_k_50_weighted_1_learnw_0,8.0,0.07621844202280044,val_loss,0.020388782024383545,0.11391746997833252,0.0,0.0,2369.0,20.0,2.0,spot_delta,50.0,True,False,0.061676107347011566,0.13515420258045197
proto_source=spot_delta_k=50_weighted=1_learnw=0,val,1234,proto,-0.02010846883058548,0.02315276674926281,-0.09553460583090782,-0.05759720988571644,-0.08432315289974213,-0.014021205715835094,0.000606762646930292,0.9072978303747534,-0.019907590001821518,0.0002604130422696471,0.0004612909979186952,0.021121053025126457,0.09962630271911621,0.2813331186771393,0.7613523602485657,0.0,0.0,0.0,0.0,,,cvar,/Users/yaniszaim/deephedging/.deephedging_real_runs/final_paper_notebook/panel_sweeps/SPY_full_paper_grid_800_step_robust/model_artifacts/seed_1234/risk_cvar/proto_source_spot_delta_k_50_weighted_1_learnw_0,8.0,0.07621844202280044,val_loss,0.020388782024383545,0.11391746997833252,0.0,0.0,507.0,20.0,2.0,spot_delta,50.0,True,False,0.061676107347011566,0.13515420258045197
proto_source=spot_delta_k=50_weighted=1_learnw=0,test,1234,proto,-0.022704796865582466,0.021887006238102913,-0.09266006529331207,-0.0627622216939926,-0.08152247965335846,-0.01870877854526043,-7.808779482729782e-05,0.9528487229862476,-0.02270982787013054,0.0004663961590267718,0.00046136442688293755,0.021057158708572388,0.10439017415046692,0.2823985517024994,0.7474557757377625,0.0,0.0,0.0,0.0,,,cvar,/Users/yaniszaim/deephedging/.deephedging_real_runs/final_paper_notebook/panel_sweeps/SPY_full_paper_grid_800_step_robust/model_artifacts/seed_1234/risk_cvar/proto_source_spot_delta_k_50_weighted_1_learnw_0,8.0,0.07621844202280044,val_loss,0.020388782024383545,0.11391746997833252,0.0,0.0,509.0,20.0,2.0,spot_delta,50.0,True,False,0.061676107347011566,0.13515420258045197
proto_source=spot_delta_k=100_weighted=0_learnw=0,train,1234,proto,-0.01990629732608795,0.02242836356163025,-0.09212158381938934,-0.06069812625646591,-0.08218304812908173,-0.013716346584260464,0.0012455500662326812,0.8961587167581258,-0.02002580277621746,0.0003597286995500326,0.00024022201250772923,0.023790894076228142,0.21480810642242432,0.3421049416065216,1.0,0.0001266357112705783,0.0,0.0001266357112705783,0.0008442380751371887,,,cvar,/Users/yaniszaim/deephedging/.deephedging_real_runs/final_paper_notebook/panel_sweeps/SPY_full_paper_grid_800_step_robust/model_artifacts/seed_1234/risk_cvar/proto_source_spot_delta_k_100_weighted_0_learnw_0,20.0,0.07606647294868864,val_loss,0.020741639658808708,0.13051168620586395,0.000591715976331361,0.005917159763313609,2369.0,20.0,2.0,spot_delta,100.0,False,False,0.06746511906385422,0.21663890779018402
proto_source=spot_delta_k=100_weighted=0_learnw=0,val,1234,proto,-0.019577238708734512,0.022510338574647903,-0.09539119526743889,-0.05588495023548603,-0.08126575499773026,-0.013412756845355034,0.0023380486760288476,0.8579881656804734,-0.019907590001821518,0.0005780680221505463,0.0002477155940141529,0.02386118657886982,0.21475902199745178,0.3421271741390228,1.0,0.00014792899408284024,0.0,0.00014792899408284024,0.0019723865877712033,,,cvar,/Users/yaniszaim/deephedging/.deephedging_real_runs/final_paper_notebook/panel_sweeps/SPY_full_paper_grid_800_step_robust/model_artifacts/seed_1234/risk_cvar/proto_source_spot_delta_k_100_weighted_0_learnw_0,20.0,0.07606647294868864,val_loss,0.020741639658808708,0.13051168620586395,0.000591715976331361,0.005917159763313609,507.0,20.0,2.0,spot_delta,100.0,False,False,0.06746511906385422,0.21663890779018402
proto_source=spot_delta_k=100_weighted=0_learnw=0,test,1234,proto,-0.02243066392838955,0.02170637436211109,-0.0946942389011383,-0.06311381161212921,-0.08095616847276688,-0.018807440996170044,0.0008636486367322502,0.9056974459724951,-0.02270982787013054,0.0005121969152241945,0.0002330332063138485,0.023652110248804092,0.21483100950717926,0.3411087393760681,0.9473934769630432,0.0,0.0,0.0,0.0,,,cvar,/Users/yaniszaim/deephedging/.deephedging_real_runs/final_paper_notebook/panel_sweeps/SPY_full_paper_grid_800_step_robust/model_artifacts/seed_1234/risk_cvar/proto_source_spot_delta_k_100_weighted_0_learnw_0,20.0,0.07606647294868864,val_loss,0.020741639658808708,0.13051168620586395,0.000591715976331361,0.005917159763313609,509.0,20.0,2.0,spot_delta,100.0,False,False,0.06746511906385422,0.21663890779018402
proto_source=spot_delta_k=100_weighted=1_learnw=0,train,1234,proto,-0.020057804882526398,0.022397411987185478,-0.09164660185575485,-0.06065244898200035,-0.08224010467529297,-0.01406592782586813,0.001067236787639557,0.9079780498100465,-0.02002580277621746,0.00024710665456950665,0.00027910820790566504,0.02393445558845997,0.22319519519805908,0.2958734631538391,1.0,9.497678345293373e-05,0.0,9.497678345293373e-05,0.0008442380751371887,,,cvar,/Users/yaniszaim/deephedging/.deephedging_real_runs/final_paper_notebook/panel_sweeps/SPY_full_paper_grid_800_step_robust/model_artifacts/seed_1234/risk_cvar/proto_source_spot_delta_k_100_weighted_1_learnw_0,31.0,0.07581364754535977,val_loss,0.021185532212257385,0.11724574118852615,0.0003944773175542406,0.0039447731755424065,2369.0,20.0,2.0,spot_delta,100.0,True,False,0.08919496834278107,0.22319519519805908
proto_source=spot_delta_k=100_weighted=1_learnw=0,val,1234,proto,-0.019676746800541878,0.022267935797572136,-0.09773727282881736,-0.05581080988049507,-0.08048932999372482,-0.01433654222637415,0.0017661412130109955,0.854043392504931,-0.019907590001821518,0.0005100189591757953,0.00027917278930544853,0.024091653525829315,0.22319519519805908,0.2946491241455078,0.8065537810325623,0.0,0.0,0.0,0.0,,,cvar,/Users/yaniszaim/deephedging/.deephedging_real_runs/final_paper_notebook/panel_sweeps/SPY_full_paper_grid_800_step_robust/model_artifacts/seed_1234/risk_cvar/proto_source_spot_delta_k_100_weighted_1_learnw_0,31.0,0.07581364754535977,val_loss,0.021185532212257385,0.11724574118852615,0.0003944773175542406,0.0039447731755424065,507.0,20.0,2.0,spot_delta,100.0,True,False,0.08919496834278107,0.22319519519805908
proto_source=spot_delta_k=100_weighted=1_learnw=0,test,1234,proto,-0.022496555000543594,0.02152257412672043,-0.08774651944637299,-0.06209872588515282,-0.0801396444439888,-0.018594244495034218,0.0007292466238141044,0.9096267190569745,-0.02270982787013054,0.0004866563540417701,0.00027338354266248643,0.023592455312609673,0.16107796132564545,0.2985331118106842,0.8086286187171936,0.0,0.0,0.0,0.0,,,cvar,/Users/yaniszaim/deephedging/.deephedging_real_runs/final_paper_notebook/panel_sweeps/SPY_full_paper_grid_800_step_robust/model_artifacts/seed_1234/risk_cvar/proto_source_spot_delta_k_100_weighted_1_learnw_0,31.0,0.07581364754535977,val_loss,0.021185532212257385,0.11724574118852615,0.0003944773175542406,0.0039447731755424065,509.0,20.0,2.0,spot_delta,100.0,True,False,0.08919496834278107,0.22319519519805908
proto_source=vanilla_k=10_weighted=0_learnw=0,train,1234,proto,-0.020037585869431496,0.023576796054840088,-0.09734463810920715,-0.06423048079013824,-0.08578389137983322,-0.014007258228957653,-0.00012229457497596742,0.9826931194596876,-0.02002580277621746,8.820080984150991e-05,9.998251334764063e-05,0.0051777851767838,0.061385732144117355,0.05726083740592003,0.23874132335186005,0.0,0.0,0.0,0.0,,,cvar,/Users/yaniszaim/deephedging/.deephedging_real_runs/final_paper_notebook/panel_sweeps/SPY_full_paper_grid_800_step_robust/model_artifacts/seed_1234/risk_cvar/proto_source_vanilla_k_10_weighted_0_learnw_0,53.0,0.07622640009503812,val_loss,0.005350842140614986,0.06197865679860115,0.0,0.0,2369.0,20.0,2.0,vanilla,10.0,False,False,0.08036287873983383,0.16000062227249146
proto_source=vanilla_k=10_weighted=0_learnw=0,val,1234,proto,-0.01993328519165516,0.024011000990867615,-0.0994211083650589,-0.05788035355508327,-0.08646809309720993,-0.013599643483757973,-0.00013552804302889855,0.9822485207100592,-0.019907590001821518,7.318767165997997e-05,9.888094791676849e-05,0.005163641180843115,0.06645937263965607,0.05695255473256111,0.24381496012210846,0.0,0.0,0.0,0.0,,,cvar,/Users/yaniszaim/deephedging/.deephedging_real_runs/final_paper_notebook/panel_sweeps/SPY_full_paper_grid_800_step_robust/model_artifacts/seed_1234/risk_cvar/proto_source_vanilla_k_10_weighted_0_learnw_0,53.0,0.07622640009503812,val_loss,0.005350842140614986,0.06197865679860115,0.0,0.0,507.0,20.0,2.0,vanilla,10.0,False,False,0.08036287873983383,0.16000062227249146
proto_source=vanilla_k=10_weighted=0_learnw=0,test,1234,proto,-0.02269468829035759,0.022748569026589394,-0.09620355725288392,-0.06506678760051726,-0.08359614759683609,-0.018557699397206306,-0.00013297296245582416,0.9901768172888016,-0.02270982787013054,0.00011555403034435585,0.00010041621862910688,0.005183239933103323,0.050416938960552216,0.05727602541446686,0.2277725338935852,0.0,0.0,0.0,0.0,,,cvar,/Users/yaniszaim/deephedging/.deephedging_real_runs/final_paper_notebook/panel_sweeps/SPY_full_paper_grid_800_step_robust/model_artifacts/seed_1234/risk_cvar/proto_source_vanilla_k_10_weighted_0_learnw_0,53.0,0.07622640009503812,val_loss,0.005350842140614986,0.06197865679860115,0.0,0.0,509.0,20.0,2.0,vanilla,10.0,False,False,0.08036287873983383,0.16000062227249146
proto_source=vanilla_k=10_weighted=1_learnw=0,train,1234,proto,-0.020124545320868492,0.023612400516867638,-0.09805557638406753,-0.06424383968114852,-0.0861615538597107,-0.013995890505611897,0.0006031346740201111,0.9100886449978894,-0.02002580277621746,0.00012393017823342234,0.00022267259191721678,0.013667101040482521,0.12245573848485947,0.08208134770393372,0.27128222584724426,0.0,0.0,0.0,0.0,,,cvar,/Users/yaniszaim/deephedging/.deephedging_real_runs/final_paper_notebook/panel_sweeps/SPY_full_paper_grid_800_step_robust/model_artifacts/seed_1234/risk_cvar/proto_source_vanilla_k_10_weighted_1_learnw_0,98.0,0.07633480399847031,val_loss,0.01016254723072052,0.10695009678602219,0.0,0.0,2369.0,20.0,2.0,vanilla,10.0,True,False,0.10573132336139679,0.17757339775562286
proto_source=vanilla_k=10_weighted=1_learnw=0,val,1234,proto,-0.02004644274711609,0.024161338806152344,-0.10082095399498939,-0.058718962222337724,-0.08759379386901855,-0.013420449569821358,0.0005673547508195036,0.9191321499013807,-0.019907590001821518,8.462539699394256e-05,0.0002234775311080739,0.013679922558367252,0.12247317284345627,0.08221781253814697,0.27112889289855957,0.0,0.0,0.0,0.0,,,cvar,/Users/yaniszaim/deephedging/.deephedging_real_runs/final_paper_notebook/panel_sweeps/SPY_full_paper_grid_800_step_robust/model_artifacts/seed_1234/risk_cvar/proto_source_vanilla_k_10_weighted_1_learnw_0,98.0,0.07633480399847031,val_loss,0.01016254723072052,0.10695009678602219,0.0,0.0,507.0,20.0,2.0,vanilla,10.0,True,False,0.10573132336139679,0.17757339775562286
proto_source=vanilla_k=10_weighted=1_learnw=0,test,1234,proto,-0.022672567516565323,0.022519733756780624,-0.09299966216087341,-0.06555991023778915,-0.08261824399232864,-0.018652742728590965,0.00035319105372764043,0.9273084479371316,-0.02270982787013054,0.0002593951649032533,0.00022213517513591796,0.013660847209393978,0.12235486507415771,0.08201352506875992,0.2713431417942047,0.0,0.0,0.0,0.0,,,cvar,/Users/yaniszaim/deephedging/.deephedging_real_runs/final_paper_notebook/panel_sweeps/SPY_full_paper_grid_800_step_robust/model_artifacts/seed_1234/risk_cvar/proto_source_vanilla_k_10_weighted_1_learnw_0,98.0,0.07633480399847031,val_loss,0.01016254723072052,0.10695009678602219,0.0,0.0,509.0,20.0,2.0,vanilla,10.0,True,False,0.10573132336139679,0.17757339775562286
proto_source=vanilla_k=25_weighted=0_learnw=0,train,1234,proto,-0.02002362161874771,0.02280908077955246,-0.09276032030582428,-0.0622746966779232,-0.08365202695131302,-0.01373314019292593,0.0004189659492112678,0.9358379062895736,-0.02002580277621746,0.00046919024316594005,0.00046700809616595507,0.029460158199071884,0.2941262125968933,0.19472798705101013,1.0,0.00015829463908822287,7.387083157450401e-05,8.442380751371887e-05,0.005487547488391726,,,cvar,/Users/yaniszaim/deephedging/.deephedging_real_runs/final_paper_notebook/panel_sweeps/SPY_full_paper_grid_800_step_robust/model_artifacts/seed_1234/risk_cvar/proto_source_vanilla_k_25_weighted_0_learnw_0,626.0,0.07740123960189521,val_loss,0.028689181432127953,0.21685923635959625,0.0,0.0,2369.0,20.0,2.0,vanilla,25.0,False,False,0.16756829619407654,0.4821086525917053
proto_source=vanilla_k=25_weighted=0_learnw=0,val,1234,proto,-0.020205073058605194,0.023725317791104317,-0.10039572551846504,-0.05963016152381897,-0.08668642491102219,-0.013882248662412167,0.0003041360352654001,0.9447731755424064,-0.019907590001821518,0.00015214023005682975,0.0004496223700698465,0.02885334938764572,0.291156142950058,0.19927340745925903,1.0,4.930966469428008e-05,0.0,4.930966469428008e-05,0.0019723865877712033,,,cvar,/Users/yaniszaim/deephedging/.deephedging_real_runs/final_paper_notebook/panel_sweeps/SPY_full_paper_grid_800_step_robust/model_artifacts/seed_1234/risk_cvar/proto_source_vanilla_k_25_weighted_0_learnw_0,626.0,0.07740123960189521,val_loss,0.028689181432127953,0.21685923635959625,0.0,0.0,507.0,20.0,2.0,vanilla,25.0,False,False,0.16756829619407654,0.4821086525917053
proto_source=vanilla_k=25_weighted=0_learnw=0,test,1234,proto,-0.022762516513466835,0.02241349406540394,-0.10103193283081055,-0.06471215337514877,-0.08310849219560623,-0.01868044212460518,-2.6451225858183337e-05,0.9508840864440079,-0.02270982787013054,0.0004110303707420826,0.00046371863572858274,0.0294746495783329,0.2935418486595154,0.19310995936393738,1.0,4.911591355599214e-05,4.911591355599214e-05,0.0,0.0019646365422396855,,,cvar,/Users/yaniszaim/deephedging/.deephedging_real_runs/final_paper_notebook/panel_sweeps/SPY_full_paper_grid_800_step_robust/model_artifacts/seed_1234/risk_cvar/proto_source_vanilla_k_25_weighted_0_learnw_0,626.0,0.07740123960189521,val_loss,0.028689181432127953,0.21685923635959625,0.0,0.0,509.0,20.0,2.0,vanilla,25.0,False,False,0.16756829619407654,0.4821086525917053
proto_source=vanilla_k=25_weighted=1_learnw=0,train,1234,proto,-0.020121192559599876,0.022804128006100655,-0.09353700548410415,-0.062029166519641875,-0.08363715559244156,-0.013966314494609833,0.0002069072623271485,0.9328830730265935,-0.02002580277621746,0.00025875732535496354,0.00035414518788456917,0.017074646428227425,0.14850783348083496,0.21743586659431458,1.0,0.0054242296327564376,0.0054242296327564376,0.0,0.03588011819333052,,,cvar,/Users/yaniszaim/deephedging/.deephedging_real_runs/final_paper_notebook/panel_sweeps/SPY_full_paper_grid_800_step_robust/model_artifacts/seed_1234/risk_cvar/proto_source_vanilla_k_25_weighted_1_learnw_0,312.0,0.0763737361272797,val_loss,0.009044202975928783,0.10415381193161011,0.0,0.0,2369.0,20.0,2.0,vanilla,25.0,True,False,0.10219475626945496,0.2013626992702484
proto_source=vanilla_k=25_weighted=1_learnw=0,val,1234,proto,-0.019968559965491295,0.02310355007648468,-0.09328376933932304,-0.05746968351304531,-0.08333349972963333,-0.013829787261784077,0.0006622021610382931,0.8994082840236687,-0.019907590001821518,0.0003005903272423893,0.00036155895213596523,0.017309529706835747,0.1454932987689972,0.22082045674324036,1.0,0.004881656804733727,0.004881656804733727,0.0,0.027613412228796843,,,cvar,/Users/yaniszaim/deephedging/.deephedging_real_runs/final_paper_notebook/panel_sweeps/SPY_full_paper_grid_800_step_robust/model_artifacts/seed_1234/risk_cvar/proto_source_vanilla_k_25_weighted_1_learnw_0,312.0,0.0763737361272797,val_loss,0.009044202975928783,0.10415381193161011,0.0,0.0,507.0,20.0,2.0,vanilla,25.0,True,False,0.10219475626945496,0.2013626992702484
proto_source=vanilla_k=25_weighted=1_learnw=0,test,1234,proto,-0.022686604410409927,0.02204499952495098,-0.0982861989736557,-0.06385385394096374,-0.08181744068861008,-0.01894867792725563,-4.8359521315433254e-05,0.9508840864440079,-0.02270982787013054,0.0003908654616679996,0.00036764051765203476,0.01744367554783821,0.14544853568077087,0.22025945782661438,1.0,0.0066797642436149315,0.0066797642436149315,0.0,0.03929273084479371,,,cvar,/Users/yaniszaim/deephedging/.deephedging_real_runs/final_paper_notebook/panel_sweeps/SPY_full_paper_grid_800_step_robust/model_artifacts/seed_1234/risk_cvar/proto_source_vanilla_k_25_weighted_1_learnw_0,312.0,0.0763737361272797,val_loss,0.009044202975928783,0.10415381193161011,0.0,0.0,509.0,20.0,2.0,vanilla,25.0,True,False,0.10219475626945496,0.2013626992702484
proto_source=vanilla_k=50_weighted=0_learnw=0,train,1234,proto,-0.02000143937766552,0.02354924939572811,-0.09731810182332992,-0.06417898684740067,-0.08576203882694244,-0.013934033922851086,-9.478521096752967e-05,0.9712959054453356,-0.02002580277621746,0.00010230478073935956,7.79408001108095e-05,0.00635432917624712,0.026676896959543228,0.05766613781452179,0.23032769560813904,0.0,0.0,0.0,0.0,,,cvar,/Users/yaniszaim/deephedging/.deephedging_real_runs/final_paper_notebook/panel_sweeps/SPY_full_paper_grid_800_step_robust/model_artifacts/seed_1234/risk_cvar/proto_source_vanilla_k_50_weighted_0_learnw_0,5.0,0.07638816357124598,val_loss,0.00605663750320673,0.06108374893665314,0.0,0.0,2369.0,20.0,2.0,vanilla,50.0,False,False,0.0474199578166008,0.12753193080425262
proto_source=vanilla_k=50_weighted=0_learnw=0,val,1234,proto,-0.019900161772966385,0.02404002659022808,-0.09943605840206146,-0.057830887660384175,-0.08666794747114182,-0.013665979728102684,-0.00010477058749529535,0.9763313609467456,-0.019907590001821518,8.558067202102393e-05,7.815189746906981e-05,0.0063641308806836605,0.030395030975341797,0.057594988495111465,0.22983472049236298,0.0,0.0,0.0,0.0,,,cvar,/Users/yaniszaim/deephedging/.deephedging_real_runs/final_paper_notebook/panel_sweeps/SPY_full_paper_grid_800_step_robust/model_artifacts/seed_1234/risk_cvar/proto_source_vanilla_k_50_weighted_0_learnw_0,5.0,0.07638816357124598,val_loss,0.00605663750320673,0.06108374893665314,0.0,0.0,507.0,20.0,2.0,vanilla,50.0,False,False,0.0474199578166008,0.12753193080425262
proto_source=vanilla_k=50_weighted=0_learnw=0,test,1234,proto,-0.022611407563090324,0.02262290008366108,-0.09509569704532624,-0.06503285318613052,-0.08314560353755951,-0.018489599227905273,-0.00010102043452207012,0.9783889980353635,-0.02270982787013054,0.00017597519035916775,7.755377737339586e-05,0.006343794986605644,0.021618138998746872,0.05769407004117966,0.23001188039779663,0.0,0.0,0.0,0.0,,,cvar,/Users/yaniszaim/deephedging/.deephedging_real_runs/final_paper_notebook/panel_sweeps/SPY_full_paper_grid_800_step_robust/model_artifacts/seed_1234/risk_cvar/proto_source_vanilla_k_50_weighted_0_learnw_0,5.0,0.07638816357124598,val_loss,0.00605663750320673,0.06108374893665314,0.0,0.0,509.0,20.0,2.0,vanilla,50.0,False,False,0.0474199578166008,0.12753193080425262
proto_source=vanilla_k=50_weighted=1_learnw=0,train,1234,proto,-0.020180508494377136,0.023894520476460457,-0.09821717977523804,-0.06480673402547836,-0.0865195244550705,-0.014275524765253067,0.0008443185361102203,0.8704094554664416,-0.02002580277621746,1.816413941924111e-06,0.00015652248112019151,0.0076253521256148815,0.12479022145271301,0.054341189563274384,0.7854118943214417,0.0,0.0,0.0,0.0,,,cvar,/Users/yaniszaim/deephedging/.deephedging_real_runs/final_paper_notebook/panel_sweeps/SPY_full_paper_grid_800_step_robust/model_artifacts/seed_1234/risk_cvar/proto_source_vanilla_k_50_weighted_1_learnw_0,15.0,0.07648358192527667,val_loss,0.00520312087610364,0.04421684145927429,0.0,0.0,2369.0,20.0,2.0,vanilla,50.0,True,False,0.06481292098760605,0.15368516743183136
proto_source=vanilla_k=50_weighted=1_learnw=0,val,1234,proto,-0.020115315914154053,0.02437886968255043,-0.10047594889998436,-0.05918164923787117,-0.08761657774448395,-0.013553020544350147,0.0007416583131998767,0.8875739644970414,-0.019907590001821518,-4.7263620217563584e-05,0.00016046215023379773,0.007738380692899227,0.12479020655155182,0.054400742053985596,0.6289988160133362,0.0,0.0,0.0,0.0,,,cvar,/Users/yaniszaim/deephedging/.deephedging_real_runs/final_paper_notebook/panel_sweeps/SPY_full_paper_grid_800_step_robust/model_artifacts/seed_1234/risk_cvar/proto_source_vanilla_k_50_weighted_1_learnw_0,15.0,0.07648358192527667,val_loss,0.00520312087610364,0.04421684145927429,0.0,0.0,507.0,20.0,2.0,vanilla,50.0,True,False,0.06481292098760605,0.15368516743183136
proto_source=vanilla_k=50_weighted=1_learnw=0,test,1234,proto,-0.02283722162246704,0.023008259013295174,-0.0959085065126419,-0.06591606885194778,-0.08390522748231888,-0.0189299825578928,0.0009131207247264655,0.8919449901768173,-0.02270982787013054,2.966199826914817e-05,0.00015705674013588578,0.007602419704198837,0.12479020655155182,0.05374591425061226,0.8461501598358154,0.0,0.0,0.0,0.0,,,cvar,/Users/yaniszaim/deephedging/.deephedging_real_runs/final_paper_notebook/panel_sweeps/SPY_full_paper_grid_800_step_robust/model_artifacts/seed_1234/risk_cvar/proto_source_vanilla_k_50_weighted_1_learnw_0,15.0,0.07648358192527667,val_loss,0.00520312087610364,0.04421684145927429,0.0,0.0,509.0,20.0,2.0,vanilla,50.0,True,False,0.06481292098760605,0.15368516743183136
proto_source=vanilla_k=100_weighted=0_learnw=0,train,1234,proto,-0.0202774815261364,0.023173511028289795,-0.09562633126974106,-0.06302045732736587,-0.08520596474409103,-0.014195313677191734,0.0010146027663722598,0.9121992401857324,-0.02002580277621746,0.0002164985635317862,0.00046817545080557466,0.02568335458636284,0.14345420897006989,0.1173359602689743,0.7695282101631165,0.0,0.0,0.0,0.0,,,cvar,/Users/yaniszaim/deephedging/.deephedging_real_runs/final_paper_notebook/panel_sweeps/SPY_full_paper_grid_800_step_robust/model_artifacts/seed_1234/risk_cvar/proto_source_vanilla_k_100_weighted_0_learnw_0,157.0,0.07683069010265171,val_loss,0.023251214995980263,0.1482449769973755,0.0,0.0,2369.0,20.0,2.0,vanilla,100.0,False,False,0.054903365671634674,0.28462427854537964
proto_source=vanilla_k=100_weighted=0_learnw=0,val,1234,proto,-0.020151518285274506,0.02371356450021267,-0.10276117742061615,-0.05911735221743584,-0.08646789193153381,-0.013831972144544125,0.0015610119444318111,0.8994082840236687,-0.019907590001821518,0.00024110508093144745,0.00048503244761377573,0.026048654690384865,0.14345420897006989,0.11436451971530914,0.7867723107337952,0.0,0.0,0.0,0.0,,,cvar,/Users/yaniszaim/deephedging/.deephedging_real_runs/final_paper_notebook/panel_sweeps/SPY_full_paper_grid_800_step_robust/model_artifacts/seed_1234/risk_cvar/proto_source_vanilla_k_100_weighted_0_learnw_0,157.0,0.07683069010265171,val_loss,0.023251214995980263,0.1482449769973755,0.0,0.0,507.0,20.0,2.0,vanilla,100.0,False,False,0.054903365671634674,0.28462427854537964
proto_source=vanilla_k=100_weighted=0_learnw=0,test,1234,proto,-0.02286798506975174,0.022518320009112358,-0.09665733307600022,-0.06541145890951157,-0.08362274616956711,-0.01902575045824051,0.0009023322258144513,0.9174852652259332,-0.02270982787013054,0.0003151542623527348,0.00047331341193057597,0.02577757090330124,0.1434541940689087,0.11581521481275558,0.7932103276252747,0.0,0.0,0.0,0.0,,,cvar,/Users/yaniszaim/deephedging/.deephedging_real_runs/final_paper_notebook/panel_sweeps/SPY_full_paper_grid_800_step_robust/model_artifacts/seed_1234/risk_cvar/proto_source_vanilla_k_100_weighted_0_learnw_0,157.0,0.07683069010265171,val_loss,0.023251214995980263,0.1482449769973755,0.0,0.0,509.0,20.0,2.0,vanilla,100.0,False,False,0.054903365671634674,0.28462427854537964
proto_source=vanilla_k=100_weighted=1_learnw=0,train,1234,proto,-0.020062284544110298,0.023156678304076195,-0.0961432158946991,-0.06317921131849288,-0.0847109705209732,-0.013787869364023209,0.001178635703399777,0.8961587167581258,-0.02002580277621746,0.0003140197368338704,0.0003505014756228775,0.027730291709303856,0.08689609169960022,0.14878396689891815,1.0,0.0006648374841705361,0.0,0.0006648374841705361,0.006753904601097509,,,cvar,/Users/yaniszaim/deephedging/.deephedging_real_runs/final_paper_notebook/panel_sweeps/SPY_full_paper_grid_800_step_robust/model_artifacts/seed_1234/risk_cvar/proto_source_vanilla_k_100_weighted_1_learnw_0,15.0,0.0766607686597854,val_loss,0.02593296207487583,0.17773127555847168,0.0,0.0,2369.0,20.0,2.0,vanilla,100.0,True,False,0.082817442715168,0.13861098885536194
proto_source=vanilla_k=100_weighted=1_learnw=0,val,1234,proto,-0.02003474161028862,0.023851308971643448,-0.0984919872879982,-0.05889850594103336,-0.08657129853963852,-0.013635179027915001,0.000953357474645599,0.9151873767258383,-0.019907590001821518,0.00022533124138135463,0.00035248181666247547,0.0277598537504673,0.0869295597076416,0.15164044499397278,0.9971298575401306,0.0,0.0,0.0,0.0,,,cvar,/Users/yaniszaim/deephedging/.deephedging_real_runs/final_paper_notebook/panel_sweeps/SPY_full_paper_grid_800_step_robust/model_artifacts/seed_1234/risk_cvar/proto_source_vanilla_k_100_weighted_1_learnw_0,15.0,0.0766607686597854,val_loss,0.02593296207487583,0.17773127555847168,0.0,0.0,507.0,20.0,2.0,vanilla,100.0,True,False,0.082817442715168,0.13861098885536194
proto_source=vanilla_k=100_weighted=1_learnw=0,test,1234,proto,-0.022614870220422745,0.022221814841032028,-0.09431840121746063,-0.06484385728836059,-0.08160613477230072,-0.01891515590250492,0.0008088828064501275,0.9115913555992141,-0.02270982787013054,0.00044670701026916504,0.000351749244146049,0.02774146758019924,0.08693492412567139,0.1473551094532013,1.0,0.0008840864440078585,0.0,0.0008840864440078585,0.007858546168958742,,,cvar,/Users/yaniszaim/deephedging/.deephedging_real_runs/final_paper_notebook/panel_sweeps/SPY_full_paper_grid_800_step_robust/model_artifacts/seed_1234/risk_cvar/proto_source_vanilla_k_100_weighted_1_learnw_0,15.0,0.0766607686597854,val_loss,0.02593296207487583,0.17773127555847168,0.0,0.0,509.0,20.0,2.0,vanilla,100.0,True,False,0.082817442715168,0.13861098885536194
unhedged,train,2345,baseline,-0.020186269655823708,0.022968463599681854,-0.09578898906707764,-0.06425566673278808,-0.08360551297664642,-0.014984726905822754,-0.0,0.6686365555086534,-0.020186269655823708,0.0,0.0,0.0,0.0,0.0,0.0,0.0,0.0,0.0,0.0,,,,,,,,,,,,,,,,,,,,
spot_delta,train,2345,baseline,-0.019983811303973198,0.02236078307032585,-0.09146391093730927,-0.06128014326095581,-0.0809667631983757,-0.015182364732027054,0.004015336465090507,0.8315745040101309,-0.020186269655823708,0.00035100357490591705,0.00014854395703878254,0.018529923632740974,0.6231619715690613,0.25685572624206543,0.6231619715690613,0.0,0.0,0.0,0.0,,,,,,,,,,,,,,,,,,,,
spot_delta_band,train,2345,baseline,-0.019983811303973198,0.02236078307032585,-0.09146391093730927,-0.06128014326095581,-0.0809667631983757,-0.015182364732027054,0.004015336465090507,0.8315745040101309,-0.020186269655823708,0.00035100357490591705,0.00014854395703878254,0.018529923632740974,0.6231619715690613,0.25685572624206543,0.6231619715690613,0.0,0.0,0.0,0.0,0.0,gains_mean,,,,,,,,,,,,,,,,,,
unhedged,val,2345,baseline,-0.020511126145720482,0.026784978806972504,-0.10826462507247925,-0.06129133701324463,-0.09433194249868393,-0.013905525207519531,-0.0,0.6706114398422091,-0.020511126145720482,0.0,0.0,0.0,0.0,0.0,0.0,0.0,0.0,0.0,0.0,,,,,,,,,,,,,,,,,,,,
spot_delta,val,2345,baseline,-0.020372461527585983,0.025689397007226944,-0.11889525845646857,-0.05630844309926033,-0.09244577586650848,-0.015608930960297585,0.0028256663354113685,0.8520710059171598,-0.020511126145720482,0.0002867689763661474,0.0001481040962971747,0.018471136689186096,0.5905979871749878,0.25703537464141846,0.6231619715690613,0.0,0.0,0.0,0.0,,,,,,,,,,,,,,,,,,,,
spot_delta_band,val,2345,baseline,-0.020372461527585983,0.025689397007226944,-0.11889525845646857,-0.05630844309926033,-0.09244577586650848,-0.015608930960297585,0.0028256663354113685,0.8520710059171598,-0.020511126145720482,0.0002867689763661474,0.0001481040962971747,0.018471136689186096,0.5905979871749878,0.25703537464141846,0.6231619715690613,0.0,0.0,0.0,0.0,0.0,gains_mean,,,,,,,,,,,,,,,,,,
unhedged,test,2345,baseline,-0.021361809223890305,0.0247245691716671,-0.09798074245452881,-0.06898183822631836,-0.09047455340623856,-0.014507532119750977,-0.0,0.6797642436149313,-0.021361809223890305,0.0,0.0,0.0,0.0,0.0,0.0,0.0,0.0,0.0,0.0,,,,,,,,,,,,,,,,,,,,
spot_delta,test,2345,baseline,-0.02125164493918419,0.024959467351436615,-0.09410055458545685,-0.06587631106376647,-0.08846908062696457,-0.014752826653420925,0.0035102000925689935,0.825147347740668,-0.021361809223890305,0.00025668772286735475,0.00014652212848886847,0.018277278169989586,0.5951949954032898,0.2568248510360718,0.6042410135269165,0.0,0.0,0.0,0.0,,,,,,,,,,,,,,,,,,,,
spot_delta_band,test,2345,baseline,-0.02125164493918419,0.024959467351436615,-0.09410055458545685,-0.06587631106376647,-0.08846908062696457,-0.014752826653420925,0.0035102000925689935,0.825147347740668,-0.021361809223890305,0.00025668772286735475,0.00014652212848886847,0.018277278169989586,0.5951949954032898,0.2568248510360718,0.6042410135269165,0.0,0.0,0.0,0.0,0.0,gains_mean,,,,,,,,,,,,,,,,,,
vanilla,train,2345,vanilla,-0.019883571192622185,0.021321827545762062,-0.08972721457481385,-0.0607772558927536,-0.07926192134618759,-0.014871163293719292,0.000511296989861875,0.9193752638243985,-0.020186269655823708,0.000506397511344403,0.00020369769481476396,0.02503345161676407,0.11877620220184326,0.3412323594093323,1.0,0.20069649641198817,0.20069649641198817,0.0,1.0,,,cvar,/Users/yaniszaim/deephedging/.deephedging_real_runs/final_paper_notebook/panel_sweeps/SPY_full_paper_grid_800_step_robust/model_artifacts/seed_2345/risk_cvar/vanilla,214.0,0.07672119543887675,val_loss,0.018449531868100166,0.08643364161252975,0.0,0.0,2369.0,20.0,2.0,,,,,,
vanilla,val,2345,vanilla,-0.02030049078166485,0.02486753650009632,-0.09935844004154205,-0.05746075958013534,-0.08931661397218704,-0.013781622052192688,0.0004138454794883727,0.9230769230769231,-0.020511126145720482,0.0004145329585298896,0.00020389661949593574,0.02503405325114727,0.11255067586898804,0.3412165343761444,1.0,0.20078895463510849,0.20078895463510849,0.0,1.0,,,cvar,/Users/yaniszaim/deephedging/.deephedging_real_runs/final_paper_notebook/panel_sweeps/SPY_full_paper_grid_800_step_robust/model_artifacts/seed_2345/risk_cvar/vanilla,214.0,0.07672119543887675,val_loss,0.018449531868100166,0.08643364161252975,0.0,0.0,507.0,20.0,2.0,,,,,,
vanilla,test,2345,vanilla,-0.02093343250453472,0.02292560786008835,-0.09286406964063644,-0.06470018476247788,-0.08566869795322418,-0.013893178664147854,0.0003525348904076941,0.9292730844793713,-0.021361809223890305,0.0006324256537482142,0.00020404903625603765,0.025034133344888687,0.11247289180755615,0.3412950336933136,1.0,0.20049115913555993,0.20049115913555993,0.0,1.0,,,cvar,/Users/yaniszaim/deephedging/.deephedging_real_runs/final_paper_notebook/panel_sweeps/SPY_full_paper_grid_800_step_robust/model_artifacts/seed_2345/risk_cvar/vanilla,214.0,0.07672119543887675,val_loss,0.018449531868100166,0.08643364161252975,0.0,0.0,509.0,20.0,2.0,,,,,,
proto_source=spot_delta_k=10_weighted=0_learnw=0,train,2345,proto,-0.019971327856183052,0.021128296852111816,-0.08969301521778107,-0.061627311259508134,-0.0774780809879303,-0.015098802745342255,0.0008897905005142086,0.9050232165470663,-0.020186269655823708,0.0004041668144054711,0.0001892239088192582,0.023275500163435936,0.27856823801994324,0.2905169129371643,1.0,0.0015196285352469397,0.0015196285352469397,0.0,0.013507809202195019,,,cvar,/Users/yaniszaim/deephedging/.deephedging_real_runs/final_paper_notebook/panel_sweeps/SPY_full_paper_grid_800_step_robust/model_artifacts/seed_2345/risk_cvar/proto_source_spot_delta_k_10_weighted_0_learnw_0,28.0,0.0765499521869637,val_loss,0.02215694822371006,0.10866048187017441,0.001183431952662722,0.011834319526627219,2369.0,20.0,2.0,spot_delta,10.0,False,False,0.15067197382450104,0.31507161259651184
proto_source=spot_delta_k=10_weighted=0_learnw=0,val,2345,proto,-0.02006046287715435,0.024043699726462364,-0.09925432279706001,-0.05717809200286865,-0.08658704161643982,-0.013781997375190258,0.0012010228005237874,0.8895463510848126,-0.020511126145720482,0.0006435581599362195,0.0001928933779709041,0.023640120401978493,0.2783336639404297,0.2913878560066223,1.0,0.003155818540433925,0.003057199211045365,9.861932938856015e-05,0.021696252465483234,,,cvar,/Users/yaniszaim/deephedging/.deephedging_real_runs/final_paper_notebook/panel_sweeps/SPY_full_paper_grid_800_step_robust/model_artifacts/seed_2345/risk_cvar/proto_source_spot_delta_k_10_weighted_0_learnw_0,28.0,0.0765499521869637,val_loss,0.02215694822371006,0.10866048187017441,0.001183431952662722,0.011834319526627219,507.0,20.0,2.0,spot_delta,10.0,False,False,0.15067197382450104,0.31507161259651184
proto_source=spot_delta_k=10_weighted=0_learnw=0,test,2345,proto,-0.02089672163128853,0.02304898574948311,-0.08837038487195968,-0.06282348781824112,-0.08392877131700516,-0.014192450791597366,0.001333738281391559,0.8919449901768173,-0.021361809223890305,0.0006647540722042322,0.0001996654609683901,0.02445557340979576,0.27886658906936646,0.2917400300502777,1.0,0.0014243614931237721,0.0014243614931237721,0.0,0.015717092337917484,,,cvar,/Users/yaniszaim/deephedging/.deephedging_real_runs/final_paper_notebook/panel_sweeps/SPY_full_paper_grid_800_step_robust/model_artifacts/seed_2345/risk_cvar/proto_source_spot_delta_k_10_weighted_0_learnw_0,28.0,0.0765499521869637,val_loss,0.02215694822371006,0.10866048187017441,0.001183431952662722,0.011834319526627219,509.0,20.0,2.0,spot_delta,10.0,False,False,0.15067197382450104,0.31507161259651184
proto_source=spot_delta_k=10_weighted=1_learnw=0,train,2345,proto,-0.019993240013718605,0.021241333335638046,-0.0899542298913002,-0.06154251992702484,-0.07879287749528885,-0.014844115823507309,0.000981686264276502,0.897002954833263,-0.020186269655823708,0.000411396031267941,0.0002183653268730268,0.02682185173034668,0.15556131303310394,0.3644763231277466,1.0,0.03619670747150697,0.03619670747150697,0.0,0.7885183621781342,,,cvar,/Users/yaniszaim/deephedging/.deephedging_real_runs/final_paper_notebook/panel_sweeps/SPY_full_paper_grid_800_step_robust/model_artifacts/seed_2345/risk_cvar/proto_source_spot_delta_k_10_weighted_1_learnw_0,23.0,0.07662226538620227,val_loss,0.03335113078355789,0.12760783731937408,0.00014792899408284024,0.005917159763313609,2369.0,20.0,2.0,spot_delta,10.0,True,False,0.11144673824310303,0.19120478630065918
proto_source=spot_delta_k=10_weighted=1_learnw=0,val,2345,proto,-0.02019447647035122,0.024853289127349854,-0.09763475179672242,-0.0576907504349947,-0.0888592079281807,-0.013792569749057293,0.001119792705867438,0.8915187376725838,-0.020511126145720482,0.0005357439513318241,0.00021909257338847965,0.026874065399169922,0.16231727600097656,0.3632635772228241,1.0,0.03717948717948718,0.03717948717948718,0.0,0.8185404339250493,,,cvar,/Users/yaniszaim/deephedging/.deephedging_real_runs/final_paper_notebook/panel_sweeps/SPY_full_paper_grid_800_step_robust/model_artifacts/seed_2345/risk_cvar/proto_source_spot_delta_k_10_weighted_1_learnw_0,23.0,0.07662226538620227,val_loss,0.03335113078355789,0.12760783731937408,0.00014792899408284024,0.005917159763313609,507.0,20.0,2.0,spot_delta,10.0,True,False,0.11144673824310303,0.19120478630065918
proto_source=spot_delta_k=10_weighted=1_learnw=0,test,2345,proto,-0.020998960360884666,0.02311112731695175,-0.09008807033300399,-0.062344706058502196,-0.08472958952188492,-0.014519206248223782,0.0010091534815728598,0.9155206286836935,-0.021361809223890305,0.0005840878002345562,0.00022123809321783483,0.027154553681612015,0.15556131303310394,0.3648967444896698,1.0,0.03786836935166994,0.03786836935166994,0.0,0.8015717092337917,,,cvar,/Users/yaniszaim/deephedging/.deephedging_real_runs/final_paper_notebook/panel_sweeps/SPY_full_paper_grid_800_step_robust/model_artifacts/seed_2345/risk_cvar/proto_source_spot_delta_k_10_weighted_1_learnw_0,23.0,0.07662226538620227,val_loss,0.03335113078355789,0.12760783731937408,0.00014792899408284024,0.005917159763313609,509.0,20.0,2.0,spot_delta,10.0,True,False,0.11144673824310303,0.19120478630065918
proto_source=spot_delta_k=25_weighted=0_learnw=0,train,2345,proto,-0.020043304190039635,0.021399499848484993,-0.09084350794553757,-0.06178777515888214,-0.07862454652786255,-0.015251962468028069,0.0010193613590672608,0.8915154073448712,-0.020186269655823708,0.0003222133673261851,0.00017924688290804625,0.02017987333238125,0.2667916417121887,0.2709615230560303,0.742988646030426,0.0,0.0,0.0,0.0,,,cvar,/Users/yaniszaim/deephedging/.deephedging_real_runs/final_paper_notebook/panel_sweeps/SPY_full_paper_grid_800_step_robust/model_artifacts/seed_2345/risk_cvar/proto_source_spot_delta_k_25_weighted_0_learnw_0,31.0,0.07660741807867202,val_loss,0.018116161227226257,0.13107863068580627,0.0001972386587771203,0.0019723865877712033,2369.0,20.0,2.0,spot_delta,25.0,False,False,0.09638530761003494,0.2675264775753021
proto_source=spot_delta_k=25_weighted=0_learnw=0,val,2345,proto,-0.020173225551843643,0.024954907596111298,-0.10175236225128173,-0.057811013609170916,-0.08963806927204132,-0.01383952982723713,0.0011979968519881367,0.8678500986193294,-0.020511126145720482,0.000519583176355809,0.00018168112728744745,0.020452303811907768,0.26650184392929077,0.27032068371772766,1.0,4.930966469428008e-05,0.0,4.930966469428008e-05,0.0019723865877712033,,,cvar,/Users/yaniszaim/deephedging/.deephedging_real_runs/final_paper_notebook/panel_sweeps/SPY_full_paper_grid_800_step_robust/model_artifacts/seed_2345/risk_cvar/proto_source_spot_delta_k_25_weighted_0_learnw_0,31.0,0.07660741807867202,val_loss,0.018116161227226257,0.13107863068580627,0.0001972386587771203,0.0019723865877712033,507.0,20.0,2.0,spot_delta,25.0,False,False,0.09638530761003494,0.2675264775753021
proto_source=spot_delta_k=25_weighted=0_learnw=0,test,2345,proto,-0.02084324322640896,0.02292240597307682,-0.0909206035733223,-0.06286833584308624,-0.08352914452552795,-0.014238103292882442,0.0013206991599872707,0.8899803536345776,-0.021361809223890305,0.0007069454877637327,0.00018838036339730024,0.021259844303131104,0.2668359577655792,0.2684706449508667,0.7255677580833435,0.0,0.0,0.0,0.0,,,cvar,/Users/yaniszaim/deephedging/.deephedging_real_runs/final_paper_notebook/panel_sweeps/SPY_full_paper_grid_800_step_robust/model_artifacts/seed_2345/risk_cvar/proto_source_spot_delta_k_25_weighted_0_learnw_0,31.0,0.07660741807867202,val_loss,0.018116161227226257,0.13107863068580627,0.0001972386587771203,0.0019723865877712033,509.0,20.0,2.0,spot_delta,25.0,False,False,0.09638530761003494,0.2675264775753021
proto_source=spot_delta_k=25_weighted=1_learnw=0,train,2345,proto,-0.02014102227985859,0.02118891105055809,-0.09108697205781936,-0.060603837668895724,-0.0778692215681076,-0.015341805294156075,0.0012951618060469622,0.8991135500211059,-0.020186269655823708,0.00028977086185477674,0.0002445206046104431,0.02389584109187126,0.18177807331085205,0.3238743245601654,0.9713165163993835,0.0,0.0,0.0,0.0,,,cvar,/Users/yaniszaim/deephedging/.deephedging_real_runs/final_paper_notebook/panel_sweeps/SPY_full_paper_grid_800_step_robust/model_artifacts/seed_2345/risk_cvar/proto_source_spot_delta_k_25_weighted_1_learnw_0,31.0,0.0765810003821762,val_loss,0.028250304982066154,0.11837312579154968,0.000641025641025641,0.0039447731755424065,2369.0,20.0,2.0,spot_delta,25.0,True,False,0.09080009162425995,0.18178796768188477
proto_source=spot_delta_k=25_weighted=1_learnw=0,val,2345,proto,-0.02029145509004593,0.02509712427854538,-0.10031623184680939,-0.0569096602499485,-0.0892987921833992,-0.014183992519974709,0.001534349436406046,0.883629191321499,-0.020511126145720482,0.0004674234369304031,0.0002477514499332756,0.02433360368013382,0.18177205324172974,0.323257178068161,1.0,0.0002958579881656805,0.0,0.0002958579881656805,0.0039447731755424065,,,cvar,/Users/yaniszaim/deephedging/.deephedging_real_runs/final_paper_notebook/panel_sweeps/SPY_full_paper_grid_800_step_robust/model_artifacts/seed_2345/risk_cvar/proto_source_spot_delta_k_25_weighted_1_learnw_0,31.0,0.0765810003821762,val_loss,0.028250304982066154,0.11837312579154968,0.000641025641025641,0.0039447731755424065,507.0,20.0,2.0,spot_delta,25.0,True,False,0.09080009162425995,0.18178796768188477
proto_source=spot_delta_k=25_weighted=1_learnw=0,test,2345,proto,-0.021057678386569023,0.02317902445793152,-0.08556777983903885,-0.06209592968225479,-0.08411964029073715,-0.014603082090616226,0.0015229765791445907,0.899803536345776,-0.021361809223890305,0.0005489395698532462,0.000244807917624712,0.02452743984758854,0.18177925050258636,0.3218930959701538,0.9202741384506226,0.0,0.0,0.0,0.0,,,cvar,/Users/yaniszaim/deephedging/.deephedging_real_runs/final_paper_notebook/panel_sweeps/SPY_full_paper_grid_800_step_robust/model_artifacts/seed_2345/risk_cvar/proto_source_spot_delta_k_25_weighted_1_learnw_0,31.0,0.0765810003821762,val_loss,0.028250304982066154,0.11837312579154968,0.000641025641025641,0.0039447731755424065,509.0,20.0,2.0,spot_delta,25.0,True,False,0.09080009162425995,0.18178796768188477
proto_source=spot_delta_k=50_weighted=0_learnw=0,train,2345,proto,-0.020017599686980247,0.021086201071739197,-0.09203495621681214,-0.05997224152088165,-0.0780298113822937,-0.015181194990873337,0.0014398104045540087,0.8927817644575771,-0.020186269655823708,0.0004135700291953981,0.0002449002640787512,0.029914621263742447,0.2880377471446991,0.38508814573287964,1.0,0.12199240185732377,0.12199240185732377,0.0,0.7965386238919375,,,cvar,/Users/yaniszaim/deephedging/.deephedging_real_runs/final_paper_notebook/panel_sweeps/SPY_full_paper_grid_800_step_robust/model_artifacts/seed_2345/risk_cvar/proto_source_spot_delta_k_50_weighted_0_learnw_0,57.0,0.07658343870944069,val_loss,0.026622502133250237,0.11581334471702576,0.0013806706114398422,0.021696252465483234,2369.0,20.0,2.0,spot_delta,50.0,False,False,0.14442028105258942,0.30041974782943726
proto_source=spot_delta_k=50_weighted=0_learnw=0,val,2345,proto,-0.020134175196290016,0.024456901475787163,-0.10177910983562469,-0.05554801598191261,-0.08838685601949692,-0.013722577132284641,0.001686747325584288,0.873767258382643,-0.020511126145720482,0.0006258551147766411,0.0002489022444933653,0.030335327610373497,0.2880360782146454,0.3842909336090088,1.0,0.12243589743589743,0.1220414201183432,0.0003944773175542406,0.8126232741617357,,,cvar,/Users/yaniszaim/deephedging/.deephedging_real_runs/final_paper_notebook/panel_sweeps/SPY_full_paper_grid_800_step_robust/model_artifacts/seed_2345/risk_cvar/proto_source_spot_delta_k_50_weighted_0_learnw_0,57.0,0.07658343870944069,val_loss,0.026622502133250237,0.11581334471702576,0.0013806706114398422,0.021696252465483234,507.0,20.0,2.0,spot_delta,50.0,False,False,0.14442028105258942,0.30041974782943726
proto_source=spot_delta_k=50_weighted=0_learnw=0,test,2345,proto,-0.020836591720581055,0.02335781417787075,-0.0861852890253067,-0.06210596263408661,-0.08483076840639114,-0.014084363356232643,0.0018134386511519532,0.8860510805500982,-0.021361809223890305,0.0007773817051202059,0.0002521635906305164,0.030697302892804146,0.28744062781333923,0.3857787251472473,1.0,0.12829076620825147,0.12829076620825147,0.0,0.793713163064833,,,cvar,/Users/yaniszaim/deephedging/.deephedging_real_runs/final_paper_notebook/panel_sweeps/SPY_full_paper_grid_800_step_robust/model_artifacts/seed_2345/risk_cvar/proto_source_spot_delta_k_50_weighted_0_learnw_0,57.0,0.07658343870944069,val_loss,0.026622502133250237,0.11581334471702576,0.0013806706114398422,0.021696252465483234,509.0,20.0,2.0,spot_delta,50.0,False,False,0.14442028105258942,0.30041974782943726
proto_source=spot_delta_k=50_weighted=1_learnw=0,train,2345,proto,-0.0200502946972847,0.021479766815900803,-0.0908802780508995,-0.05953725129365921,-0.07963691651821136,-0.015254027210175991,0.0013795584440231311,0.8927817644575771,-0.020186269655823708,0.00037902273470535874,0.00024304678663611412,0.02914510853588581,0.18698132038116455,0.3484128415584564,1.0,0.0001266357112705783,0.0001266357112705783,0.0,0.005065428450823132,,,cvar,/Users/yaniszaim/deephedging/.deephedging_real_runs/final_paper_notebook/panel_sweeps/SPY_full_paper_grid_800_step_robust/model_artifacts/seed_2345/risk_cvar/proto_source_spot_delta_k_50_weighted_1_learnw_0,28.0,0.07643441027030348,val_loss,0.028326895087957382,0.12360738962888718,0.0,0.0,2369.0,20.0,2.0,spot_delta,50.0,True,False,0.10610268265008926,0.23670288920402527
proto_source=spot_delta_k=50_weighted=1_learnw=0,val,2345,proto,-0.019791895523667336,0.025665774941444397,-0.09906161785125732,-0.056496356055140494,-0.09052596986293793,-0.013429983519017696,0.0015330318245105445,0.8777120315581854,-0.020511126145720482,0.0009666082914918661,0.00024737484636716545,0.029632627964019775,0.18643873929977417,0.3461034595966339,1.0,4.930966469428008e-05,4.930966469428008e-05,0.0,0.0019723865877712033,,,cvar,/Users/yaniszaim/deephedging/.deephedging_real_runs/final_paper_notebook/panel_sweeps/SPY_full_paper_grid_800_step_robust/model_artifacts/seed_2345/risk_cvar/proto_source_spot_delta_k_50_weighted_1_learnw_0,28.0,0.07643441027030348,val_loss,0.028326895087957382,0.12360738962888718,0.0,0.0,507.0,20.0,2.0,spot_delta,50.0,True,False,0.10610268265008926,0.23670288920402527
proto_source=spot_delta_k=50_weighted=1_learnw=0,test,2345,proto,-0.02099459059536457,0.023014593869447708,-0.09052862286567688,-0.06214585527777672,-0.08438847959041595,-0.014865338802337646,0.0013803177746012792,0.888015717092338,-0.021361809223890305,0.0006143267964944243,0.00024710732395760715,0.029635559767484665,0.18644309043884277,0.342515230178833,0.9996964931488037,0.0,0.0,0.0,0.0,,,cvar,/Users/yaniszaim/deephedging/.deephedging_real_runs/final_paper_notebook/panel_sweeps/SPY_full_paper_grid_800_step_robust/model_artifacts/seed_2345/risk_cvar/proto_source_spot_delta_k_50_weighted_1_learnw_0,28.0,0.07643441027030348,val_loss,0.028326895087957382,0.12360738962888718,0.0,0.0,509.0,20.0,2.0,spot_delta,50.0,True,False,0.10610268265008926,0.23670288920402527
proto_source=spot_delta_k=100_weighted=0_learnw=0,train,2345,proto,-0.0200068186968565,0.0213509202003479,-0.09343500405550004,-0.061194916069507596,-0.07873743027448654,-0.015002191998064518,0.001652561104856431,0.8788518362178134,-0.020186269655823708,0.0004412748385220766,0.0002618225116748363,0.02776610665023327,0.30691757798194885,0.3495516777038574,1.0,0.009613761080624736,0.00933938370620515,0.00027437737441958634,0.09244406922752216,,,cvar,/Users/yaniszaim/deephedging/.deephedging_real_runs/final_paper_notebook/panel_sweeps/SPY_full_paper_grid_800_step_robust/model_artifacts/seed_2345/risk_cvar/proto_source_spot_delta_k_100_weighted_0_learnw_0,50.0,0.07650928578207258,val_loss,0.02163366787135601,0.11512253433465958,0.004585798816568047,0.0611439842209073,2369.0,20.0,2.0,spot_delta,100.0,False,False,0.09876948595046997,0.34789231419563293
proto_source=spot_delta_k=100_weighted=0_learnw=0,val,2345,proto,-0.020115341991186142,0.024940121918916702,-0.09977647826075554,-0.05702137686312199,-0.08969926834106445,-0.013382667675614357,0.0018048642086796454,0.8658777120315582,-0.020511126145720482,0.0006698536453768611,0.0002740678028203547,0.028092890977859497,0.311859667301178,0.35093820095062256,1.0,0.010453648915187377,0.009861932938856016,0.000591715976331361,0.09861932938856016,,,cvar,/Users/yaniszaim/deephedging/.deephedging_real_runs/final_paper_notebook/panel_sweeps/SPY_full_paper_grid_800_step_robust/model_artifacts/seed_2345/risk_cvar/proto_source_spot_delta_k_100_weighted_0_learnw_0,50.0,0.07650928578207258,val_loss,0.02163366787135601,0.11512253433465958,0.004585798816568047,0.0611439842209073,507.0,20.0,2.0,spot_delta,100.0,False,False,0.09876948595046997,0.34789231419563293
proto_source=spot_delta_k=100_weighted=0_learnw=0,test,2345,proto,-0.02100108005106449,0.023515447974205017,-0.08761559933423996,-0.0631010577082634,-0.08571024984121323,-0.014121239073574543,0.0018109790747985232,0.8801571709233792,-0.021361809223890305,0.0006209731218405068,0.00026024191174656153,0.028132017701864243,0.26262301206588745,0.3498165011405945,1.0,0.008988212180746562,0.008988212180746562,0.0,0.09233791748526522,,,cvar,/Users/yaniszaim/deephedging/.deephedging_real_runs/final_paper_notebook/panel_sweeps/SPY_full_paper_grid_800_step_robust/model_artifacts/seed_2345/risk_cvar/proto_source_spot_delta_k_100_weighted_0_learnw_0,50.0,0.07650928578207258,val_loss,0.02163366787135601,0.11512253433465958,0.004585798816568047,0.0611439842209073,509.0,20.0,2.0,spot_delta,100.0,False,False,0.09876948595046997,0.34789231419563293
proto_source=spot_delta_k=100_weighted=1_learnw=0,train,2345,proto,-0.020212778821587563,0.021821537986397743,-0.0936513489484787,-0.061719189584255214,-0.08034223318099976,-0.0149666303768754,0.001265412615612149,0.8839172646686365,-0.020186269655823708,0.00023869614233262837,0.00026520248502492905,0.023052552714943886,0.14707443118095398,0.28835973143577576,1.0,0.00031658927817644573,0.00031658927817644573,0.0,0.002110595187842972,,,cvar,/Users/yaniszaim/deephedging/.deephedging_real_runs/final_paper_notebook/panel_sweeps/SPY_full_paper_grid_800_step_robust/model_artifacts/seed_2345/risk_cvar/proto_source_spot_delta_k_100_weighted_1_learnw_0,37.0,0.07655270372517407,val_loss,0.021511653438210487,0.09963344037532806,0.0,0.0,2369.0,20.0,2.0,spot_delta,100.0,True,False,0.08257841318845749,0.31742653250694275
proto_source=spot_delta_k=100_weighted=1_learnw=0,val,2345,proto,-0.020371202379465103,0.025619540363550186,-0.10327184021472931,-0.058066734299063685,-0.09104534238576889,-0.01373828575015068,0.00133820166811347,0.873767258382643,-0.020511126145720482,0.00040376532706432045,0.000263839028775692,0.022965172305703163,0.14707443118095398,0.2883356809616089,1.0,0.0009368836291913214,0.0009368836291913214,0.0,0.005917159763313609,,,cvar,/Users/yaniszaim/deephedging/.deephedging_real_runs/final_paper_notebook/panel_sweeps/SPY_full_paper_grid_800_step_robust/model_artifacts/seed_2345/risk_cvar/proto_source_spot_delta_k_100_weighted_1_learnw_0,37.0,0.07655270372517407,val_loss,0.021511653438210487,0.09963344037532806,0.0,0.0,507.0,20.0,2.0,spot_delta,100.0,True,False,0.08257841318845749,0.31742653250694275
proto_source=spot_delta_k=100_weighted=1_learnw=0,test,2345,proto,-0.021171892061829567,0.023564495146274567,-0.09627230376005173,-0.06430073380470276,-0.08623449504375458,-0.014717969112098217,0.0011476234998553968,0.8762278978388998,-0.021361809223890305,0.0004520734364632517,0.0002621559542603791,0.0232190303504467,0.14707443118095398,0.2876213490962982,1.0,0.0005402750491159136,0.0005402750491159136,0.0,0.005893909626719057,,,cvar,/Users/yaniszaim/deephedging/.deephedging_real_runs/final_paper_notebook/panel_sweeps/SPY_full_paper_grid_800_step_robust/model_artifacts/seed_2345/risk_cvar/proto_source_spot_delta_k_100_weighted_1_learnw_0,37.0,0.07655270372517407,val_loss,0.021511653438210487,0.09963344037532806,0.0,0.0,509.0,20.0,2.0,spot_delta,100.0,True,False,0.08257841318845749,0.31742653250694275
proto_source=vanilla_k=10_weighted=0_learnw=0,train,2345,proto,-0.020054522901773453,0.021273929625749588,-0.0908485034108162,-0.06063961163163185,-0.07926896214485168,-0.014997796155512333,0.00014751501148566545,0.9413254537779654,-0.020186269655823708,0.00047089430154301226,0.0003391446080058813,0.026294099166989326,0.19914118945598602,0.35689741373062134,1.0,0.16046855213170114,0.16046855213170114,0.0,0.9869143098353735,,,cvar,/Users/yaniszaim/deephedging/.deephedging_real_runs/final_paper_notebook/panel_sweeps/SPY_full_paper_grid_800_step_robust/model_artifacts/seed_2345/risk_cvar/proto_source_vanilla_k_10_weighted_0_learnw_0,262.0,0.07740708934143185,val_loss,0.010946962982416153,0.10108372569084167,0.0,0.0,2369.0,20.0,2.0,vanilla,10.0,False,False,0.10690929740667343,0.30012747645378113
proto_source=vanilla_k=10_weighted=0_learnw=0,val,2345,proto,-0.020371999591588974,0.024803096428513527,-0.10589489981532096,-0.056976230815052986,-0.08945838361978531,-0.013295736163854599,-0.00012534843554021826,0.960552268244576,-0.020511126145720482,0.00047992647159844637,0.0003407991025596857,0.026371018961071968,0.150806725025177,0.3584964871406555,1.0,0.16227810650887575,0.16227810650887575,0.0,0.9921104536489151,,,cvar,/Users/yaniszaim/deephedging/.deephedging_real_runs/final_paper_notebook/panel_sweeps/SPY_full_paper_grid_800_step_robust/model_artifacts/seed_2345/risk_cvar/proto_source_vanilla_k_10_weighted_0_learnw_0,262.0,0.07740708934143185,val_loss,0.010946962982416153,0.10108372569084167,0.0,0.0,507.0,20.0,2.0,vanilla,10.0,False,False,0.10690929740667343,0.30012747645378113
proto_source=vanilla_k=10_weighted=0_learnw=0,test,2345,proto,-0.021147413179278374,0.022975338622927666,-0.09162323385477066,-0.06418877989053726,-0.08550242334604263,-0.014247572980821133,0.00019968105480074738,0.9430255402750491,-0.021361809223890305,0.0005588741041719913,0.0003444776521064341,0.02650398574769497,0.1488202065229416,0.3618016242980957,1.0,0.16345776031434184,0.16345776031434184,0.0,1.0,,,cvar,/Users/yaniszaim/deephedging/.deephedging_real_runs/final_paper_notebook/panel_sweeps/SPY_full_paper_grid_800_step_robust/model_artifacts/seed_2345/risk_cvar/proto_source_vanilla_k_10_weighted_0_learnw_0,262.0,0.07740708934143185,val_loss,0.010946962982416153,0.10108372569084167,0.0,0.0,509.0,20.0,2.0,vanilla,10.0,False,False,0.10690929740667343,0.30012747645378113
proto_source=vanilla_k=10_weighted=1_learnw=0,train,2345,proto,-0.020225724205374718,0.022905340418219566,-0.09529444873332978,-0.06449740380048752,-0.08355280756950378,-0.015052278526127338,0.000165099004516378,0.9130434782608695,-0.020186269655823708,3.208182897651568e-05,7.153495243983343e-05,0.003858524141833186,0.060674525797367096,0.024254268035292625,0.07989594340324402,0.0,0.0,0.0,0.0,,,cvar,/Users/yaniszaim/deephedging/.deephedging_real_runs/final_paper_notebook/panel_sweeps/SPY_full_paper_grid_800_step_robust/model_artifacts/seed_2345/risk_cvar/proto_source_vanilla_k_10_weighted_1_learnw_0,58.0,0.07719963650451973,val_loss,0.005064933095127344,0.033479031175374985,0.0,0.0,2369.0,20.0,2.0,vanilla,10.0,True,False,0.09320531040430069,0.17223656177520752
proto_source=vanilla_k=10_weighted=1_learnw=0,val,2345,proto,-0.02054535411298275,0.02677416056394577,-0.10572461858391762,-0.061310577765107156,-0.09424524754285812,-0.013880963437259197,0.0002635991026181726,0.9211045364891519,-0.020511126145720482,3.741018372238614e-05,7.163405098253861e-05,0.0038642194122076035,0.06010168418288231,0.024231506511569023,0.07928016781806946,0.0,0.0,0.0,0.0,,,cvar,/Users/yaniszaim/deephedging/.deephedging_real_runs/final_paper_notebook/panel_sweeps/SPY_full_paper_grid_800_step_robust/model_artifacts/seed_2345/risk_cvar/proto_source_vanilla_k_10_weighted_1_learnw_0,58.0,0.07719963650451973,val_loss,0.005064933095127344,0.033479031175374985,0.0,0.0,507.0,20.0,2.0,vanilla,10.0,True,False,0.09320531040430069,0.17223656177520752
proto_source=vanilla_k=10_weighted=1_learnw=0,test,2345,proto,-0.02138509601354599,0.024587975814938545,-0.09812949568033219,-0.06893689781427383,-0.09038786590099335,-0.014633006416261196,0.00012997012818232145,0.9273084479371316,-0.021361809223890305,4.8584446631139144e-05,7.186872244346887e-05,0.003869052976369858,0.058235231786966324,0.024209465831518173,0.07850964367389679,0.0,0.0,0.0,0.0,,,cvar,/Users/yaniszaim/deephedging/.deephedging_real_runs/final_paper_notebook/panel_sweeps/SPY_full_paper_grid_800_step_robust/model_artifacts/seed_2345/risk_cvar/proto_source_vanilla_k_10_weighted_1_learnw_0,58.0,0.07719963650451973,val_loss,0.005064933095127344,0.033479031175374985,0.0,0.0,509.0,20.0,2.0,vanilla,10.0,True,False,0.09320531040430069,0.17223656177520752
proto_source=vanilla_k=25_weighted=0_learnw=0,train,2345,proto,-0.02010982483625412,0.022369878366589546,-0.09436376124620438,-0.06315146088600158,-0.08209005743265152,-0.014847619459033012,-0.0001644377713091673,0.9902912621359223,-0.020186269655823708,0.00016867907834239304,9.223366942023858e-05,0.00889209657907486,0.25035637617111206,0.0975453183054924,0.38679245114326477,0.0,0.0,0.0,0.0,,,cvar,/Users/yaniszaim/deephedging/.deephedging_real_runs/final_paper_notebook/panel_sweeps/SPY_full_paper_grid_800_step_robust/model_artifacts/seed_2345/risk_cvar/proto_source_vanilla_k_25_weighted_0_learnw_0,75.0,0.07715388122480363,val_loss,0.009057215414941311,0.10064426809549332,0.0,0.0,2369.0,20.0,2.0,vanilla,25.0,False,False,0.06841880083084106,0.30383357405662537
proto_source=vanilla_k=25_weighted=0_learnw=0,val,2345,proto,-0.02045503444969654,0.026257073506712914,-0.10839317888021469,-0.060151783749461174,-0.09298770129680634,-0.013749687932431698,-0.00023008547868812456,0.9940828402366864,-0.020511126145720482,0.0001499341888120398,9.383906581206247e-05,0.008916833437979221,0.20471961796283722,0.09788427501916885,0.3867780268192291,0.0,0.0,0.0,0.0,,,cvar,/Users/yaniszaim/deephedging/.deephedging_real_runs/final_paper_notebook/panel_sweeps/SPY_full_paper_grid_800_step_robust/model_artifacts/seed_2345/risk_cvar/proto_source_vanilla_k_25_weighted_0_learnw_0,75.0,0.07715388122480363,val_loss,0.009057215414941311,0.10064426809549332,0.0,0.0,507.0,20.0,2.0,vanilla,25.0,False,False,0.06841880083084106,0.30383357405662537
proto_source=vanilla_k=25_weighted=0_learnw=0,test,2345,proto,-0.021249638870358467,0.024126332253217697,-0.09600361973047257,-0.06768292784690857,-0.08882325142621994,-0.014434915035963058,-0.00017007360875140882,0.9921414538310412,-0.021361809223890305,0.0002039324026554823,9.176054300041869e-05,0.008927938528358936,0.14144432544708252,0.09819929301738739,0.38679370284080505,0.0,0.0,0.0,0.0,,,cvar,/Users/yaniszaim/deephedging/.deephedging_real_runs/final_paper_notebook/panel_sweeps/SPY_full_paper_grid_800_step_robust/model_artifacts/seed_2345/risk_cvar/proto_source_vanilla_k_25_weighted_0_learnw_0,75.0,0.07715388122480363,val_loss,0.009057215414941311,0.10064426809549332,0.0,0.0,509.0,20.0,2.0,vanilla,25.0,False,False,0.06841880083084106,0.30383357405662537
proto_source=vanilla_k=25_weighted=1_learnw=0,train,2345,proto,-0.02024785988032818,0.02230304479598999,-0.09362978637218475,-0.06327056139707565,-0.0820758193731308,-0.014917672611773014,-5.415178893599723e-05,0.9544111439425919,-0.020186269655823708,0.00018706594710238278,0.0002486540179233998,0.01537768542766571,0.08787237852811813,0.10844185203313828,0.5133913159370422,0.0,0.0,0.0,0.0,,,cvar,/Users/yaniszaim/deephedging/.deephedging_real_runs/final_paper_notebook/panel_sweeps/SPY_full_paper_grid_800_step_robust/model_artifacts/seed_2345/risk_cvar/proto_source_vanilla_k_25_weighted_1_learnw_0,11.0,0.0769902607658878,val_loss,0.00932177621871233,0.07944266498088837,0.0,0.0,2369.0,20.0,2.0,vanilla,25.0,True,False,0.06000469624996185,0.13791492581367493
proto_source=vanilla_k=25_weighted=1_learnw=0,val,2345,proto,-0.020563490688800812,0.02614227682352066,-0.10342730045318603,-0.060252612084150316,-0.0926247388124466,-0.01367499865591526,-2.857806393876703e-05,0.9526627218934911,-0.020511126145720482,0.00019535016326699406,0.0002477126254234463,0.015332556329667568,0.0842333659529686,0.10836430639028549,0.5118235349655151,0.0,0.0,0.0,0.0,,,cvar,/Users/yaniszaim/deephedging/.deephedging_real_runs/final_paper_notebook/panel_sweeps/SPY_full_paper_grid_800_step_robust/model_artifacts/seed_2345/risk_cvar/proto_source_vanilla_k_25_weighted_1_learnw_0,11.0,0.0769902607658878,val_loss,0.00932177621871233,0.07944266498088837,0.0,0.0,507.0,20.0,2.0,vanilla,25.0,True,False,0.06000469624996185,0.13791492581367493
proto_source=vanilla_k=25_weighted=1_learnw=0,test,2345,proto,-0.02137417532503605,0.023914750665426254,-0.0967132619023323,-0.06759562343358994,-0.08872679620981216,-0.014700064435601234,-0.00017027524590957922,0.962671905697446,-0.021361809223890305,0.00023243005853146315,0.000244795810431242,0.015301558189094067,0.07647528499364853,0.10904490947723389,0.509424090385437,0.0,0.0,0.0,0.0,,,cvar,/Users/yaniszaim/deephedging/.deephedging_real_runs/final_paper_notebook/panel_sweeps/SPY_full_paper_grid_800_step_robust/model_artifacts/seed_2345/risk_cvar/proto_source_vanilla_k_25_weighted_1_learnw_0,11.0,0.0769902607658878,val_loss,0.00932177621871233,0.07944266498088837,0.0,0.0,509.0,20.0,2.0,vanilla,25.0,True,False,0.06000469624996185,0.13791492581367493
proto_source=vanilla_k=50_weighted=0_learnw=0,train,2345,proto,-0.020480884239077568,0.022525383159518242,-0.09411470234394073,-0.06404503434896469,-0.08285157382488251,-0.015308736823499203,-5.545679014176185e-05,0.9556775010552976,-0.020186269655823708,9.606651292415336e-05,0.0003906796919181943,0.012749896384775639,0.07812723517417908,0.09037285298109055,0.39258497953414917,0.0,0.0,0.0,0.0,,,cvar,/Users/yaniszaim/deephedging/.deephedging_real_runs/final_paper_notebook/panel_sweeps/SPY_full_paper_grid_800_step_robust/model_artifacts/seed_2345/risk_cvar/proto_source_vanilla_k_50_weighted_0_learnw_0,332.0,0.0771205331524834,val_loss,0.008093285374343395,0.0644172951579094,0.0,0.0,2369.0,20.0,2.0,vanilla,50.0,False,False,0.07735715061426163,0.18977226316928864
proto_source=vanilla_k=50_weighted=0_learnw=0,val,2345,proto,-0.020751381292939186,0.026408419013023376,-0.10452882304787636,-0.06008641608059406,-0.09341458231210709,-0.013936548493802547,4.122304671909641e-05,0.9447731755424064,-0.020511126145720482,0.0001577213261043653,0.00039797485806047916,0.012916307896375656,0.07815487682819366,0.08978667110204697,0.37257397174835205,0.0,0.0,0.0,0.0,,,cvar,/Users/yaniszaim/deephedging/.deephedging_real_runs/final_paper_notebook/panel_sweeps/SPY_full_paper_grid_800_step_robust/model_artifacts/seed_2345/risk_cvar/proto_source_vanilla_k_50_weighted_0_learnw_0,332.0,0.0771205331524834,val_loss,0.008093285374343395,0.0644172951579094,0.0,0.0,507.0,20.0,2.0,vanilla,50.0,False,False,0.07735715061426163,0.18977226316928864
proto_source=vanilla_k=50_weighted=0_learnw=0,test,2345,proto,-0.021543817594647408,0.024169674143195152,-0.09805766969919205,-0.06725488752126693,-0.08924443274736404,-0.014415746554732323,-0.00018192813149653386,0.9646365422396856,-0.021361809223890305,0.0002098516997648403,0.0003918588627129793,0.01273300126194954,0.07815422862768173,0.09090016037225723,0.3711661100387573,0.0,0.0,0.0,0.0,,,cvar,/Users/yaniszaim/deephedging/.deephedging_real_runs/final_paper_notebook/panel_sweeps/SPY_full_paper_grid_800_step_robust/model_artifacts/seed_2345/risk_cvar/proto_source_vanilla_k_50_weighted_0_learnw_0,332.0,0.0771205331524834,val_loss,0.008093285374343395,0.0644172951579094,0.0,0.0,509.0,20.0,2.0,vanilla,50.0,False,False,0.07735715061426163,0.18977226316928864
proto_source=vanilla_k=50_weighted=1_learnw=0,train,2345,proto,-0.020395928993821144,0.022913461551070213,-0.0947031855583191,-0.06438541263341904,-0.08373376727104187,-0.01526778656989336,0.0010092025855556125,0.8775854791051076,-0.020186269655823708,2.855039929272607e-05,0.00023820879869163036,0.011194166727364063,0.16122794151306152,0.060942940413951874,0.5008060336112976,0.0,0.0,0.0,0.0,,,cvar,/Users/yaniszaim/deephedging/.deephedging_real_runs/final_paper_notebook/panel_sweeps/SPY_full_paper_grid_800_step_robust/model_artifacts/seed_2345/risk_cvar/proto_source_vanilla_k_50_weighted_1_learnw_0,517.0,0.07707072454271839,val_loss,0.005077493842691183,0.05141652747988701,0.0,0.0,2369.0,20.0,2.0,vanilla,50.0,True,False,0.12045100331306458,0.29456642270088196
proto_source=vanilla_k=50_weighted=1_learnw=0,val,2345,proto,-0.020703637972474098,0.02684403955936432,-0.10308995932340621,-0.06175930500030517,-0.09470522403717041,-0.01446236576884985,0.0011589195579290385,0.8579881656804734,-0.020511126145720482,3.9462338463636115e-05,0.0002319731138413772,0.011011723428964615,0.16122794151306152,0.05976831540465355,0.3675735294818878,0.0,0.0,0.0,0.0,,,cvar,/Users/yaniszaim/deephedging/.deephedging_real_runs/final_paper_notebook/panel_sweeps/SPY_full_paper_grid_800_step_robust/model_artifacts/seed_2345/risk_cvar/proto_source_vanilla_k_50_weighted_1_learnw_0,517.0,0.07707072454271839,val_loss,0.005077493842691183,0.05141652747988701,0.0,0.0,507.0,20.0,2.0,vanilla,50.0,True,False,0.12045100331306458,0.29456642270088196
proto_source=vanilla_k=50_weighted=1_learnw=0,test,2345,proto,-0.021513141691684723,0.02457549422979355,-0.09858207494020461,-0.06908833682537079,-0.09045196324586868,-0.014565388672053814,0.0010824745288118712,0.8762278978388998,-0.021361809223890305,7.73028950789012e-05,0.00022863384219817817,0.010617711581289768,0.16122794151306152,0.059517424553632736,0.5513941049575806,0.0,0.0,0.0,0.0,,,cvar,/Users/yaniszaim/deephedging/.deephedging_real_runs/final_paper_notebook/panel_sweeps/SPY_full_paper_grid_800_step_robust/model_artifacts/seed_2345/risk_cvar/proto_source_vanilla_k_50_weighted_1_learnw_0,517.0,0.07707072454271839,val_loss,0.005077493842691183,0.05141652747988701,0.0,0.0,509.0,20.0,2.0,vanilla,50.0,True,False,0.12045100331306458,0.29456642270088196
proto_source=vanilla_k=100_weighted=0_learnw=0,train,2345,proto,-0.02015191875398159,0.022302726283669472,-0.0930782300233841,-0.06328330188989639,-0.0819302350282669,-0.014823274686932564,5.231195245868702e-06,0.9493457154917687,-0.020186269655823708,0.00019618352234829217,0.00016183106345124543,0.012485300190746784,0.3051106333732605,0.09757492691278458,0.7235718369483948,0.0,0.0,0.0,0.0,,,cvar,/Users/yaniszaim/deephedging/.deephedging_real_runs/final_paper_notebook/panel_sweeps/SPY_full_paper_grid_800_step_robust/model_artifacts/seed_2345/risk_cvar/proto_source_vanilla_k_100_weighted_0_learnw_0,563.0,0.0775088416459039,val_loss,0.012436755932867527,0.11165027320384979,0.0,0.0,2369.0,20.0,2.0,vanilla,100.0,False,False,0.10139641910791397,0.37683725357055664
proto_source=vanilla_k=100_weighted=0_learnw=0,val,2345,proto,-0.020435946062207222,0.02591787464916706,-0.10552859395742416,-0.059992143884301186,-0.09187735617160797,-0.013744785450398922,-0.00011282371197012255,0.9644970414201184,-0.020511126145720482,0.0002416232309769839,0.0001664405281189829,0.012569236569106579,0.2986171543598175,0.09850963205099106,0.7170783281326294,0.0,0.0,0.0,0.0,,,cvar,/Users/yaniszaim/deephedging/.deephedging_real_runs/final_paper_notebook/panel_sweeps/SPY_full_paper_grid_800_step_robust/model_artifacts/seed_2345/risk_cvar/proto_source_vanilla_k_100_weighted_0_learnw_0,563.0,0.0775088416459039,val_loss,0.012436755932867527,0.11165027320384979,0.0,0.0,507.0,20.0,2.0,vanilla,100.0,False,False,0.10139641910791397,0.37683725357055664
proto_source=vanilla_k=100_weighted=0_learnw=0,test,2345,proto,-0.021254725754261017,0.02402186393737793,-0.09513272315263749,-0.06735829710960388,-0.08811664581298828,-0.014479533769190311,-0.00010752564703579994,0.9528487229862476,-0.021361809223890305,0.00027444810257293284,0.00016736249381210655,0.01256550382822752,0.2989945411682129,0.10123563557863235,0.7174557447433472,0.0,0.0,0.0,0.0,,,cvar,/Users/yaniszaim/deephedging/.deephedging_real_runs/final_paper_notebook/panel_sweeps/SPY_full_paper_grid_800_step_robust/model_artifacts/seed_2345/risk_cvar/proto_source_vanilla_k_100_weighted_0_learnw_0,563.0,0.0775088416459039,val_loss,0.012436755932867527,0.11165027320384979,0.0,0.0,509.0,20.0,2.0,vanilla,100.0,False,False,0.10139641910791397,0.37683725357055664
proto_source=vanilla_k=100_weighted=1_learnw=0,train,2345,proto,-0.020345212891697884,0.023091871291399002,-0.09636882573366165,-0.06463313698768616,-0.0840260460972786,-0.015267379581928253,0.00018931888334918764,0.8341072182355425,-0.020186269655823708,-3.9526970795122907e-05,0.00011941552656935528,0.0034216204658150673,0.0438910648226738,0.04165732488036156,0.0951961800456047,0.0,0.0,0.0,0.0,,,cvar,/Users/yaniszaim/deephedging/.deephedging_real_runs/final_paper_notebook/panel_sweeps/SPY_full_paper_grid_800_step_robust/model_artifacts/seed_2345/risk_cvar/proto_source_vanilla_k_100_weighted_1_learnw_0,672.0,0.07721748150419444,val_loss,0.0036108149215579033,0.028590673580765724,0.0,0.0,2369.0,20.0,2.0,vanilla,100.0,True,False,0.08133744448423386,0.1924307942390442
proto_source=vanilla_k=100_weighted=1_learnw=0,val,2345,proto,-0.020677410066127777,0.026922892779111862,-0.10981878563761711,-0.0617968775331974,-0.0948820635676384,-0.014034584164619446,0.0001851173903560265,0.8481262327416174,-0.020511126145720482,-4.687619366450235e-05,0.0001194053256767802,0.003421929432079196,0.0438898541033268,0.0416288860142231,0.09463593363761902,0.0,0.0,0.0,0.0,,,cvar,/Users/yaniszaim/deephedging/.deephedging_real_runs/final_paper_notebook/panel_sweeps/SPY_full_paper_grid_800_step_robust/model_artifacts/seed_2345/risk_cvar/proto_source_vanilla_k_100_weighted_1_learnw_0,672.0,0.07721748150419444,val_loss,0.0036108149215579033,0.028590673580765724,0.0,0.0,507.0,20.0,2.0,vanilla,100.0,True,False,0.08133744448423386,0.1924307942390442
proto_source=vanilla_k=100_weighted=1_learnw=0,test,2345,proto,-0.0215330570936203,0.024876214563846588,-0.09844304233789444,-0.06932864487171173,-0.09094040095806122,-0.014801939018070698,0.00020290916436351786,0.8408644400785854,-0.021361809223890305,-5.055516157881357e-05,0.00012069148215232417,0.0034345604944974184,0.04388517513871193,0.04180459305644035,0.09400886297225952,0.0,0.0,0.0,0.0,,,cvar,/Users/yaniszaim/deephedging/.deephedging_real_runs/final_paper_notebook/panel_sweeps/SPY_full_paper_grid_800_step_robust/model_artifacts/seed_2345/risk_cvar/proto_source_vanilla_k_100_weighted_1_learnw_0,672.0,0.07721748150419444,val_loss,0.0036108149215579033,0.028590673580765724,0.0,0.0,509.0,20.0,2.0,vanilla,100.0,True,False,0.08133744448423386,0.1924307942390442
unhedged,train,3456,baseline,-0.0200007613748312,0.023327240720391273,-0.09249446392059327,-0.06253073215484618,-0.08288819342851639,-0.014625072479248047,-0.0,0.6627268889826932,-0.0200007613748312,0.0,0.0,0.0,0.0,0.0,0.0,0.0,0.0,0.0,0.0,,,,,,,,,,,,,,,,,,,,
spot_delta,train,3456,baseline,-0.019831936806440353,0.022714048624038696,-0.08862392872571945,-0.05962137803435325,-0.08005386590957642,-0.015030994080007076,0.003853298723697661,0.8298860278598564,-0.0200007613748312,0.0003165464149788022,0.0001477223268011585,0.01842855103313923,0.6231619715690613,0.256975382566452,0.6231619715690613,0.0,0.0,0.0,0.0,,,,,,,,,,,,,,,,,,,,
spot_delta_band,train,3456,baseline,-0.019875943660736084,0.022634709253907204,-0.08843444079160691,-0.05987453013658523,-0.08011402189731598,-0.015154344961047173,0.003322153771296142,0.8404390037990713,-0.0200007613748312,0.00022244936553761363,9.763173875398934e-05,0.012202759273350239,0.5731619596481323,0.2403719276189804,0.5731619596481323,0.0,0.0,0.0,0.0,0.05,gains_mean,,,,,,,,,,,,,,,,,,
unhedged,val,3456,baseline,-0.02031286060810089,0.02449648454785347,-0.1083476710319519,-0.06640077829360962,-0.08989623188972473,-0.012846946716308594,-0.0,0.6706114398422091,-0.02031286060810089,0.0,0.0,0.0,0.0,0.0,0.0,0.0,0.0,0.0,0.0,,,,,,,,,,,,,,,,,,,,
spot_delta,val,3456,baseline,-0.02023405395448208,0.02437542751431465,-0.10536533489823341,-0.0636583536863327,-0.08930043876171112,-0.013032371178269386,0.0032321751583367585,0.8126232741617357,-0.02031286060810089,0.00022746933973394334,0.00014866147830616683,0.018544727936387062,0.6013950109481812,0.25696077942848206,0.6231619715690613,0.0,0.0,0.0,0.0,,,,,,,,,,,,,,,,,,,,
spot_delta_band,val,3456,baseline,-0.020222578197717667,0.02431415766477585,-0.10508654326200485,-0.06461775153875352,-0.08933940529823303,-0.013045068830251694,0.0030638114316388957,0.8205128205128205,-0.02031286060810089,0.0001878723851405084,9.758889791555703e-05,0.012197606265544891,0.5513949990272522,0.24029569327831268,0.5731619596481323,0.0,0.0,0.0,0.0,0.05,gains_mean,,,,,,,,,,,,,,,,,,
unhedged,test,3456,baseline,-0.022422706708312035,0.025440199300646782,-0.1149687671661377,-0.0722923994064331,-0.09754804521799088,-0.01798069477081299,-0.0,0.7072691552062869,-0.022422706708312035,0.0,0.0,0.0,0.0,0.0,0.0,0.0,0.0,0.0,0.0,,,,,,,,,,,,,,,,,,,,
spot_delta,test,3456,baseline,-0.02209637127816677,0.0247288066893816,-0.10536788612604141,-0.06828676909208298,-0.09527897089719772,-0.01700490154325962,0.0026678030844777814,0.8722986247544204,-0.022422706708312035,0.0004761258896905929,0.00014979104162193835,0.01867579109966755,0.605754017829895,0.25634241104125977,0.6231619715690613,0.0,0.0,0.0,0.0,,,,,,,,,,,,,,,,,,,,
spot_delta_band,test,3456,baseline,-0.022162949666380882,0.024679817259311676,-0.10363240599632263,-0.06865022927522658,-0.09540556371212006,-0.017056597396731377,0.0024293591734021874,0.8742632612966601,-0.022422706708312035,0.0003575042064767331,9.774743375601247e-05,0.01221650093793869,0.5557540059089661,0.24011273682117462,0.5731619596481323,0.0,0.0,0.0,0.0,0.05,gains_mean,,,,,,,,,,,,,,,,,,
vanilla,train,3456,vanilla,-0.01971849799156189,0.021645119413733482,-0.0872345981001854,-0.05944133400917053,-0.07848013192415237,-0.014353773556649685,0.0008921942207962268,0.9037568594343605,-0.0200007613748312,0.00048712099669501185,0.00020485925779212266,0.025045303627848625,0.20670032501220703,0.3287980556488037,1.0,0.22632967496834108,0.22632967496834108,0.0,1.0,,,cvar,/Users/yaniszaim/deephedging/.deephedging_real_runs/final_paper_notebook/panel_sweeps/SPY_full_paper_grid_800_step_robust/model_artifacts/seed_3456/risk_cvar/vanilla,448.0,0.07636282506806655,val_loss,0.01896754838526249,0.09667841345071793,0.0004437869822485207,0.011834319526627219,2369.0,20.0,2.0,,,,,,
vanilla,val,3456,vanilla,-0.019872428849339485,0.022997120395302773,-0.10119300618767738,-0.06366794407367707,-0.0859525203704834,-0.013256729580461979,0.0010596307343803343,0.8777120315581854,-0.02031286060810089,0.000645293912384659,0.0002048634341917932,0.025045251473784447,0.18993937969207764,0.3288373053073883,1.0,0.22638067061143985,0.22638067061143985,0.0,1.0,,,cvar,/Users/yaniszaim/deephedging/.deephedging_real_runs/final_paper_notebook/panel_sweeps/SPY_full_paper_grid_800_step_robust/model_artifacts/seed_3456/risk_cvar/vanilla,448.0,0.07636282506806655,val_loss,0.01896754838526249,0.09667841345071793,0.0004437869822485207,0.011834319526627219,507.0,20.0,2.0,,,,,,
vanilla,test,3456,vanilla,-0.021976329386234283,0.02357441931962967,-0.10281913459300995,-0.06711182594299317,-0.09239011257886887,-0.01667025499045849,0.0007834153017029166,0.9115913555992141,-0.022422706708312035,0.0006516192806884646,0.0002052414492936805,0.025045301765203476,0.20009422302246094,0.328559547662735,1.0,0.2262278978388998,0.2262278978388998,0.0,1.0,,,cvar,/Users/yaniszaim/deephedging/.deephedging_real_runs/final_paper_notebook/panel_sweeps/SPY_full_paper_grid_800_step_robust/model_artifacts/seed_3456/risk_cvar/vanilla,448.0,0.07636282506806655,val_loss,0.01896754838526249,0.09667841345071793,0.0004437869822485207,0.011834319526627219,509.0,20.0,2.0,,,,,,
proto_source=spot_delta_k=10_weighted=0_learnw=0,train,3456,proto,-0.019801074638962746,0.021860264241695404,-0.08529817163944245,-0.05997399762272835,-0.07865167409181595,-0.014411483891308308,0.0008917640545405445,0.8965808357956944,-0.0200007613748312,0.0003886671329382807,0.00018898180860560387,0.0219779871404171,0.1366322636604309,0.2768438756465912,0.7981927990913391,0.0,0.0,0.0,0.0,,,cvar,/Users/yaniszaim/deephedging/.deephedging_real_runs/final_paper_notebook/panel_sweeps/SPY_full_paper_grid_800_step_robust/model_artifacts/seed_3456/risk_cvar/proto_source_spot_delta_k_10_weighted_0_learnw_0,10.0,0.07631401916965842,val_loss,0.018840741366147995,0.12077797949314117,0.0,0.0,2369.0,20.0,2.0,spot_delta,10.0,False,False,0.090358205139637,0.14282162487506866
proto_source=spot_delta_k=10_weighted=0_learnw=0,val,3456,proto,-0.02015133574604988,0.023240579292178154,-0.10180839955806732,-0.06477862894535065,-0.08612613379955292,-0.012488014064729214,0.000928463437594473,0.883629191321499,-0.02031286060810089,0.0003518907178658992,0.0001903666416183114,0.022140104323625565,0.1295413225889206,0.27691206336021423,0.7975651621818542,0.0,0.0,0.0,0.0,,,cvar,/Users/yaniszaim/deephedging/.deephedging_real_runs/final_paper_notebook/panel_sweeps/SPY_full_paper_grid_800_step_robust/model_artifacts/seed_3456/risk_cvar/proto_source_spot_delta_k_10_weighted_0_learnw_0,10.0,0.07631401916965842,val_loss,0.018840741366147995,0.12077797949314117,0.0,0.0,507.0,20.0,2.0,spot_delta,10.0,False,False,0.090358205139637,0.14282162487506866
proto_source=spot_delta_k=10_weighted=0_learnw=0,test,3456,proto,-0.02210076153278351,0.023740453645586967,-0.09315557181835174,-0.06826907247304916,-0.09174254536628723,-0.017579296603798866,0.000366620952263474,0.9214145383104125,-0.022422706708312035,0.0005127288168296218,0.0001907855476019904,0.022171054035425186,0.12706708908081055,0.2756672501564026,0.7908018231391907,0.0,0.0,0.0,0.0,,,cvar,/Users/yaniszaim/deephedging/.deephedging_real_runs/final_paper_notebook/panel_sweeps/SPY_full_paper_grid_800_step_robust/model_artifacts/seed_3456/risk_cvar/proto_source_spot_delta_k_10_weighted_0_learnw_0,10.0,0.07631401916965842,val_loss,0.018840741366147995,0.12077797949314117,0.0,0.0,509.0,20.0,2.0,spot_delta,10.0,False,False,0.090358205139637,0.14282162487506866
proto_source=spot_delta_k=10_weighted=1_learnw=0,train,3456,proto,-0.01970788463950157,0.021796241402626038,-0.08925165355205536,-0.06008314564824104,-0.0786823108792305,-0.014306575059890747,0.0004654047777876254,0.912621359223301,-0.0200007613748312,0.0004631607444025576,0.00017028421279974282,0.020808206871151924,0.1551130712032318,0.3006891906261444,1.0,0.00024271844660194174,0.00024271844660194174,0.0,0.005065428450823132,,,cvar,/Users/yaniszaim/deephedging/.deephedging_real_runs/final_paper_notebook/panel_sweeps/SPY_full_paper_grid_800_step_robust/model_artifacts/seed_3456/risk_cvar/proto_source_spot_delta_k_10_weighted_1_learnw_0,6.0,0.076472922321409,val_loss,0.021010737866163254,0.13826997578144073,0.0,0.0,2369.0,20.0,2.0,spot_delta,10.0,True,False,0.09834729135036469,0.1600719541311264
proto_source=spot_delta_k=10_weighted=1_learnw=0,val,3456,proto,-0.020022932440042496,0.02316189371049404,-0.10269987434148788,-0.06404911354184151,-0.0858798399567604,-0.012412918731570244,0.0006855217099655415,0.8974358974358975,-0.02031286060810089,0.0004602376720868051,0.0001703100133454427,0.020821746438741684,0.11975017189979553,0.300827294588089,1.0,4.930966469428008e-05,4.930966469428008e-05,0.0,0.0019723865877712033,,,cvar,/Users/yaniszaim/deephedging/.deephedging_real_runs/final_paper_notebook/panel_sweeps/SPY_full_paper_grid_800_step_robust/model_artifacts/seed_3456/risk_cvar/proto_source_spot_delta_k_10_weighted_1_learnw_0,6.0,0.076472922321409,val_loss,0.021010737866163254,0.13826997578144073,0.0,0.0,507.0,20.0,2.0,spot_delta,10.0,True,False,0.09834729135036469,0.1600719541311264
proto_source=spot_delta_k=10_weighted=1_learnw=0,test,3456,proto,-0.021997639909386635,0.023759812116622925,-0.10628418892621994,-0.068765689432621,-0.0922253206372261,-0.017226167023181915,0.00023626308538950852,0.9351669941060904,-0.022422706708312035,0.0005946303717792034,0.00016956543549895287,0.020712021738290787,0.12613701820373535,0.29976752400398254,1.0,0.0002455795677799607,0.0002455795677799607,0.0,0.005893909626719057,,,cvar,/Users/yaniszaim/deephedging/.deephedging_real_runs/final_paper_notebook/panel_sweeps/SPY_full_paper_grid_800_step_robust/model_artifacts/seed_3456/risk_cvar/proto_source_spot_delta_k_10_weighted_1_learnw_0,6.0,0.076472922321409,val_loss,0.021010737866163254,0.13826997578144073,0.0,0.0,509.0,20.0,2.0,spot_delta,10.0,True,False,0.09834729135036469,0.1600719541311264
proto_source=spot_delta_k=25_weighted=0_learnw=0,train,3456,proto,-0.019481148570775986,0.02215457893908024,-0.09271101027727127,-0.059537914395332334,-0.07860402017831802,-0.014669383876025677,0.0027670326177030753,0.8560574081891094,-0.0200007613748312,0.0007098623900674284,0.00019024945504497737,0.02339496836066246,0.3563666343688965,0.2488182783126831,1.0,0.0003060363022372309,0.0001266357112705783,0.0001794005909666526,0.005487547488391726,,,cvar,/Users/yaniszaim/deephedging/.deephedging_real_runs/final_paper_notebook/panel_sweeps/SPY_full_paper_grid_800_step_robust/model_artifacts/seed_3456/risk_cvar/proto_source_spot_delta_k_25_weighted_0_learnw_0,210.0,0.07580060024720046,val_loss,0.016232063993811607,0.07239200174808502,0.0001972386587771203,0.0019723865877712033,2369.0,20.0,2.0,spot_delta,25.0,False,False,0.08007178455591202,0.35636815428733826
proto_source=spot_delta_k=25_weighted=0_learnw=0,val,3456,proto,-0.019877461716532707,0.023840386420488358,-0.10480130016803742,-0.06517920047044753,-0.08567990362644196,-0.012678833678364754,0.0022363990545272773,0.8560157790927022,-0.02031286060810089,0.0006291639874689281,0.00019376628915779293,0.023808706551790237,0.3563482463359833,0.24824117124080658,1.0,4.930966469428008e-05,4.930966469428008e-05,0.0,0.0019723865877712033,,,cvar,/Users/yaniszaim/deephedging/.deephedging_real_runs/final_paper_notebook/panel_sweeps/SPY_full_paper_grid_800_step_robust/model_artifacts/seed_3456/risk_cvar/proto_source_spot_delta_k_25_weighted_0_learnw_0,210.0,0.07580060024720046,val_loss,0.016232063993811607,0.07239200174808502,0.0001972386587771203,0.0019723865877712033,507.0,20.0,2.0,spot_delta,25.0,False,False,0.08007178455591202,0.35636815428733826
proto_source=spot_delta_k=25_weighted=0_learnw=0,test,3456,proto,-0.021809803321957588,0.02378053218126297,-0.09154998183250428,-0.06815613359212874,-0.08874240517616272,-0.01803269237279892,0.0022597387433052037,0.8781925343811395,-0.022422706708312035,0.0008049969328567386,0.00019209364836569875,0.02355252578854561,0.3563362956047058,0.24578897655010223,1.0,0.0002455795677799607,9.823182711198428e-05,0.00014734774066797642,0.005893909626719057,,,cvar,/Users/yaniszaim/deephedging/.deephedging_real_runs/final_paper_notebook/panel_sweeps/SPY_full_paper_grid_800_step_robust/model_artifacts/seed_3456/risk_cvar/proto_source_spot_delta_k_25_weighted_0_learnw_0,210.0,0.07580060024720046,val_loss,0.016232063993811607,0.07239200174808502,0.0001972386587771203,0.0019723865877712033,509.0,20.0,2.0,spot_delta,25.0,False,False,0.08007178455591202,0.35636815428733826
proto_source=spot_delta_k=25_weighted=1_learnw=0,train,3456,proto,-0.019972380250692368,0.022286608815193176,-0.08840334951877594,-0.059702713042497635,-0.08051872253417969,-0.014771893620491028,0.0011117087909951792,0.8906711692697341,-0.0200007613748312,0.00020296302682254463,0.00017458215006627142,0.021680206060409546,0.16431599855422974,0.31418243050575256,1.0,0.00021105951878429716,0.00021105951878429716,0.0,0.002532714225411566,,,cvar,/Users/yaniszaim/deephedging/.deephedging_real_runs/final_paper_notebook/panel_sweeps/SPY_full_paper_grid_800_step_robust/model_artifacts/seed_3456/risk_cvar/proto_source_spot_delta_k_25_weighted_1_learnw_0,31.0,0.07606098989956081,val_loss,0.019674738869071007,0.10018032789230347,0.0,0.0,2369.0,20.0,2.0,spot_delta,25.0,True,False,0.08428577333688736,0.1700723022222519
proto_source=spot_delta_k=25_weighted=1_learnw=0,val,3456,proto,-0.0203272495418787,0.023901401087641716,-0.10256534904241561,-0.06406788900494576,-0.08837351202964783,-0.012722096405923367,0.0013306984328664837,0.8717948717948718,-0.02031286060810089,0.0001598517264937982,0.0001742431486491114,0.02161107398569584,0.16431599855422974,0.31544357538223267,1.0,0.0002958579881656805,0.0002958579881656805,0.0,0.0039447731755424065,,,cvar,/Users/yaniszaim/deephedging/.deephedging_real_runs/final_paper_notebook/panel_sweeps/SPY_full_paper_grid_800_step_robust/model_artifacts/seed_3456/risk_cvar/proto_source_spot_delta_k_25_weighted_1_learnw_0,31.0,0.07606098989956081,val_loss,0.019674738869071007,0.10018032789230347,0.0,0.0,507.0,20.0,2.0,spot_delta,25.0,True,False,0.08428577333688736,0.1700723022222519
proto_source=spot_delta_k=25_weighted=1_learnw=0,test,3456,proto,-0.02210281975567341,0.02401227504014969,-0.10539302855730057,-0.06799648404121399,-0.09286104142665863,-0.017542105168104172,0.0009708148194476961,0.899803536345776,-0.022422706708312035,0.0004932761075906456,0.00017339193436782807,0.021493282169103622,0.16431599855422974,0.31210410594940186,1.0,0.00019646365422396856,0.00019646365422396856,0.0,0.0019646365422396855,,,cvar,/Users/yaniszaim/deephedging/.deephedging_real_runs/final_paper_notebook/panel_sweeps/SPY_full_paper_grid_800_step_robust/model_artifacts/seed_3456/risk_cvar/proto_source_spot_delta_k_25_weighted_1_learnw_0,31.0,0.07606098989956081,val_loss,0.019674738869071007,0.10018032789230347,0.0,0.0,509.0,20.0,2.0,spot_delta,25.0,True,False,0.08428577333688736,0.1700723022222519
proto_source=spot_delta_k=50_weighted=0_learnw=0,train,3456,proto,-0.019673671573400497,0.02201106585562229,-0.08574035316705704,-0.06058439090847969,-0.0784766748547554,-0.014417937956750393,0.0017249445896595713,0.8569016462642465,-0.0200007613748312,0.0005326367099769413,0.00020554833463393152,0.02262628823518753,0.5467593669891357,0.18953879177570343,1.0,0.012536935415787253,0.012536935415787253,0.0,0.14056563951034193,,,cvar,/Users/yaniszaim/deephedging/.deephedging_real_runs/final_paper_notebook/panel_sweeps/SPY_full_paper_grid_800_step_robust/model_artifacts/seed_3456/risk_cvar/proto_source_spot_delta_k_50_weighted_0_learnw_0,510.0,0.07623392816478684,val_loss,0.01711256057024002,0.061070796102285385,0.001183431952662722,0.011834319526627219,2369.0,20.0,2.0,spot_delta,50.0,False,False,0.16686604917049408,0.5603131055831909
proto_source=spot_delta_k=50_weighted=0_learnw=0,val,3456,proto,-0.020021194592118263,0.02353006601333618,-0.10432807326316833,-0.0650615431368351,-0.08631379902362823,-0.01287686638534069,0.0017632399220019576,0.8323471400394478,-0.02031286060810089,0.0004958084900863469,0.0002041426778305322,0.022508036345243454,0.4714885354042053,0.18951989710330963,1.0,0.01272189349112426,0.01272189349112426,0.0,0.13214990138067062,,,cvar,/Users/yaniszaim/deephedging/.deephedging_real_runs/final_paper_notebook/panel_sweeps/SPY_full_paper_grid_800_step_robust/model_artifacts/seed_3456/risk_cvar/proto_source_spot_delta_k_50_weighted_0_learnw_0,510.0,0.07623392816478684,val_loss,0.01711256057024002,0.061070796102285385,0.001183431952662722,0.011834319526627219,507.0,20.0,2.0,spot_delta,50.0,False,False,0.16686604917049408,0.5603131055831909
proto_source=spot_delta_k=50_weighted=0_learnw=0,test,3456,proto,-0.021880457177758217,0.023410920053720474,-0.09196178019046783,-0.06797075420618057,-0.08929814398288727,-0.017296992242336273,0.0012950324453413482,0.8821218074656189,-0.022422706708312035,0.0007477197796106339,0.00020547097665257752,0.02256370708346367,0.5424290299415588,0.18626973032951355,1.0,0.010952848722986248,0.010952848722986248,0.0,0.11984282907662082,,,cvar,/Users/yaniszaim/deephedging/.deephedging_real_runs/final_paper_notebook/panel_sweeps/SPY_full_paper_grid_800_step_robust/model_artifacts/seed_3456/risk_cvar/proto_source_spot_delta_k_50_weighted_0_learnw_0,510.0,0.07623392816478684,val_loss,0.01711256057024002,0.061070796102285385,0.001183431952662722,0.011834319526627219,509.0,20.0,2.0,spot_delta,50.0,False,False,0.16686604917049408,0.5603131055831909
proto_source=spot_delta_k=50_weighted=1_learnw=0,train,3456,proto,-0.0201786570250988,0.023483654484152794,-0.09358801633119583,-0.06294215470552444,-0.08334657549858093,-0.014955198392271996,0.0005203490843996403,0.8353735753482482,-0.0200007613748312,-2.958688492071815e-05,0.00014831039879936725,0.006525310222059488,0.07681778073310852,0.03295450285077095,1.0,2.1105951878429718e-05,0.0,2.1105951878429718e-05,0.00042211903756859433,,,cvar,/Users/yaniszaim/deephedging/.deephedging_real_runs/final_paper_notebook/panel_sweeps/SPY_full_paper_grid_800_step_robust/model_artifacts/seed_3456/risk_cvar/proto_source_spot_delta_k_50_weighted_1_learnw_0,20.0,0.07685209377668797,val_loss,0.012141039595007896,0.060213882476091385,0.0,0.0,2369.0,20.0,2.0,spot_delta,50.0,True,False,0.062232326716184616,0.12874314188957214
proto_source=spot_delta_k=50_weighted=1_learnw=0,val,3456,proto,-0.020502155646681786,0.02458912879228592,-0.10850091442465781,-0.06714920774102211,-0.09017820656299591,-0.012985034845769405,0.00045489842013921543,0.8224852071005917,-0.02031286060810089,-4.035130041302182e-05,0.00014894532796461135,0.006534784100949764,0.05378521978855133,0.03298957273364067,0.5428942441940308,0.0,0.0,0.0,0.0,,,cvar,/Users/yaniszaim/deephedging/.deephedging_real_runs/final_paper_notebook/panel_sweeps/SPY_full_paper_grid_800_step_robust/model_artifacts/seed_3456/risk_cvar/proto_source_spot_delta_k_50_weighted_1_learnw_0,20.0,0.07685209377668797,val_loss,0.012141039595007896,0.060213882476091385,0.0,0.0,507.0,20.0,2.0,spot_delta,50.0,True,False,0.062232326716184616,0.12874314188957214
proto_source=spot_delta_k=50_weighted=1_learnw=0,test,3456,proto,-0.022582458332180977,0.02548426203429699,-0.11208235710859299,-0.0722747191786766,-0.0976327657699585,-0.01803811825811863,0.0004896359983831639,0.8703339882121808,-0.022422706708312035,-9.05179786059307e-06,0.00015070172958076,0.006613406352698803,0.05371852219104767,0.03377777710556984,0.5369646549224854,0.0,0.0,0.0,0.0,,,cvar,/Users/yaniszaim/deephedging/.deephedging_real_runs/final_paper_notebook/panel_sweeps/SPY_full_paper_grid_800_step_robust/model_artifacts/seed_3456/risk_cvar/proto_source_spot_delta_k_50_weighted_1_learnw_0,20.0,0.07685209377668797,val_loss,0.012141039595007896,0.060213882476091385,0.0,0.0,509.0,20.0,2.0,spot_delta,50.0,True,False,0.062232326716184616,0.12874314188957214
proto_source=spot_delta_k=100_weighted=0_learnw=0,train,3456,proto,-0.020016293972730637,0.022677728906273842,-0.08844771772623063,-0.06141733825206756,-0.08133891969919205,-0.014613651670515537,0.0003888994920998809,0.9172646686365555,-0.0200007613748312,0.00011485847790027037,0.00013039358600508422,0.011806908063590527,0.15296494960784912,0.151352658867836,1.0,0.0004326720135078092,0.0,0.0004326720135078092,0.0016884761502743773,,,cvar,/Users/yaniszaim/deephedging/.deephedging_real_runs/final_paper_notebook/panel_sweeps/SPY_full_paper_grid_800_step_robust/model_artifacts/seed_3456/risk_cvar/proto_source_spot_delta_k_100_weighted_0_learnw_0,18.0,0.07693902259136878,val_loss,0.010350619442760944,0.11544756591320038,0.0006903353057199211,0.0039447731755424065,2369.0,20.0,2.0,spot_delta,100.0,False,False,0.06027140095829964,0.15297092497348785
proto_source=spot_delta_k=100_weighted=0_learnw=0,val,3456,proto,-0.020320169627666473,0.02368256077170372,-0.10588834226131438,-0.06523941904306411,-0.08775193989276886,-0.012527722865343094,0.000350879607140086,0.903353057199211,-0.02031286060810089,0.00012505004997365177,0.00013236187805887312,0.011807043105363846,0.1410447061061859,0.15109528601169586,0.7336902022361755,0.0,0.0,0.0,0.0,,,cvar,/Users/yaniszaim/deephedging/.deephedging_real_runs/final_paper_notebook/panel_sweeps/SPY_full_paper_grid_800_step_robust/model_artifacts/seed_3456/risk_cvar/proto_source_spot_delta_k_100_weighted_0_learnw_0,18.0,0.07693902259136878,val_loss,0.010350619442760944,0.11544756591320038,0.0006903353057199211,0.0039447731755424065,507.0,20.0,2.0,spot_delta,100.0,False,False,0.06027140095829964,0.15297092497348785
proto_source=spot_delta_k=100_weighted=0_learnw=0,test,3456,proto,-0.022253617644309998,0.02448640577495098,-0.09602687269449234,-0.07023210227489471,-0.09463262557983398,-0.017435427755117416,0.0004714970011264077,0.9233791748526523,-0.022422706708312035,0.00029899668879806995,0.00012990925461053848,0.011728164739906788,0.14823341369628906,0.15154549479484558,0.8753394484519958,0.0,0.0,0.0,0.0,,,cvar,/Users/yaniszaim/deephedging/.deephedging_real_runs/final_paper_notebook/panel_sweeps/SPY_full_paper_grid_800_step_robust/model_artifacts/seed_3456/risk_cvar/proto_source_spot_delta_k_100_weighted_0_learnw_0,18.0,0.07693902259136878,val_loss,0.010350619442760944,0.11544756591320038,0.0006903353057199211,0.0039447731755424065,509.0,20.0,2.0,spot_delta,100.0,False,False,0.06027140095829964,0.15297092497348785
proto_source=spot_delta_k=100_weighted=1_learnw=0,train,3456,proto,-0.019953783601522446,0.02233097143471241,-0.0901114782691002,-0.06091526225209236,-0.08055994659662247,-0.014488895423710346,-6.168149266159165e-05,0.9586323343182778,-0.0200007613748312,0.0001960575464181602,0.00014908004959579557,0.014246487058699131,0.09190866351127625,0.17152483761310577,0.5900865793228149,0.0,0.0,0.0,0.0,,,cvar,/Users/yaniszaim/deephedging/.deephedging_real_runs/final_paper_notebook/panel_sweeps/SPY_full_paper_grid_800_step_robust/model_artifacts/seed_3456/risk_cvar/proto_source_spot_delta_k_100_weighted_1_learnw_0,17.0,0.07670822590123862,val_loss,0.013495205901563168,0.1232052743434906,0.0,0.0,2369.0,20.0,2.0,spot_delta,100.0,True,False,0.05688248947262764,0.15936332941055298
proto_source=spot_delta_k=100_weighted=1_learnw=0,val,3456,proto,-0.020199868828058243,0.023461004719138145,-0.10551016092300415,-0.06506226137280464,-0.08726939558982849,-0.0131840193644166,3.618873452069206e-05,0.9428007889546351,-0.02031286060810089,0.0002614138356875628,0.00014842241944279522,0.014233448542654514,0.059377968311309814,0.17208603024482727,0.5892861485481262,0.0,0.0,0.0,0.0,,,cvar,/Users/yaniszaim/deephedging/.deephedging_real_runs/final_paper_notebook/panel_sweeps/SPY_full_paper_grid_800_step_robust/model_artifacts/seed_3456/risk_cvar/proto_source_spot_delta_k_100_weighted_1_learnw_0,17.0,0.07670822590123862,val_loss,0.013495205901563168,0.1232052743434906,0.0,0.0,507.0,20.0,2.0,spot_delta,100.0,True,False,0.05688248947262764,0.15936332941055298
proto_source=spot_delta_k=100_weighted=1_learnw=0,test,3456,proto,-0.022232113406062126,0.02434413507580757,-0.10865717202425003,-0.07043828219175338,-0.09465809911489487,-0.017199957743287086,-0.00010516688053030635,0.9567779960707269,-0.022422706708312035,0.00033872065250761807,0.0001481299550505355,0.014257488772273064,0.09128245711326599,0.1706259548664093,0.5892014503479004,0.0,0.0,0.0,0.0,,,cvar,/Users/yaniszaim/deephedging/.deephedging_real_runs/final_paper_notebook/panel_sweeps/SPY_full_paper_grid_800_step_robust/model_artifacts/seed_3456/risk_cvar/proto_source_spot_delta_k_100_weighted_1_learnw_0,17.0,0.07670822590123862,val_loss,0.013495205901563168,0.1232052743434906,0.0,0.0,509.0,20.0,2.0,spot_delta,100.0,True,False,0.05688248947262764,0.15936332941055298
proto_source=vanilla_k=10_weighted=0_learnw=0,train,3456,proto,-0.019821105524897575,0.02200447767972946,-0.08977346539497376,-0.060655799508094785,-0.0797053873538971,-0.014506334438920021,-0.00030150004313327376,0.9818488813845504,-0.0200007613748312,0.00037386882468126714,0.0001942134549608454,0.02047019451856613,0.06778790056705475,0.2104235589504242,1.0,0.000749261291684255,0.000749261291684255,0.0,0.01561840439003799,,,cvar,/Users/yaniszaim/deephedging/.deephedging_real_runs/final_paper_notebook/panel_sweeps/SPY_full_paper_grid_800_step_robust/model_artifacts/seed_3456/risk_cvar/proto_source_vanilla_k_10_weighted_0_learnw_0,144.0,0.07723466270041139,val_loss,0.020859872922301292,0.21551384031772614,0.0007396449704142012,0.015779092702169626,2369.0,20.0,2.0,vanilla,10.0,False,False,0.05645757168531418,0.12434052675962448
proto_source=vanilla_k=10_weighted=0_learnw=0,val,3456,proto,-0.020040597766637802,0.023143135011196136,-0.10450786456465722,-0.06387157291173935,-0.08617997914552689,-0.01210292149335146,-0.0003213065181626008,0.9743589743589743,-0.02031286060810089,0.0004660208651330322,0.0001937580236699432,0.020457422360777855,0.06680223345756531,0.21035733819007874,1.0,0.0007396449704142012,0.0007396449704142012,0.0,0.015779092702169626,,,cvar,/Users/yaniszaim/deephedging/.deephedging_real_runs/final_paper_notebook/panel_sweeps/SPY_full_paper_grid_800_step_robust/model_artifacts/seed_3456/risk_cvar/proto_source_vanilla_k_10_weighted_0_learnw_0,144.0,0.07723466270041139,val_loss,0.020859872922301292,0.21551384031772614,0.0007396449704142012,0.015779092702169626,507.0,20.0,2.0,vanilla,10.0,False,False,0.05645757168531418,0.12434052675962448
proto_source=vanilla_k=10_weighted=0_learnw=0,test,3456,proto,-0.02212332747876644,0.024031231179833412,-0.10543378919363022,-0.06974639445543289,-0.09349371492862701,-0.017376920208334923,-0.0003510100999847062,0.9882121807465619,-0.022422706708312035,0.000493874482344836,0.00019449504907242954,0.020470030605793,0.06747114658355713,0.21052336692810059,1.0,0.0008840864440078585,0.0008840864440078585,0.0,0.01768172888015717,,,cvar,/Users/yaniszaim/deephedging/.deephedging_real_runs/final_paper_notebook/panel_sweeps/SPY_full_paper_grid_800_step_robust/model_artifacts/seed_3456/risk_cvar/proto_source_vanilla_k_10_weighted_0_learnw_0,144.0,0.07723466270041139,val_loss,0.020859872922301292,0.21551384031772614,0.0007396449704142012,0.015779092702169626,509.0,20.0,2.0,vanilla,10.0,False,False,0.05645757168531418,0.12434052675962448
proto_source=vanilla_k=10_weighted=1_learnw=0,train,3456,proto,-0.020157448947429657,0.022394243627786636,-0.08944606393575669,-0.06194828078150749,-0.08141200989484787,-0.014447309076786041,0.00041658880654722307,0.932460953989025,-0.0200007613748312,0.0003465559857431799,0.000503243412822485,0.03100626915693283,0.17302288115024567,0.2262793779373169,1.0,0.0055508653440270155,0.0055508653440270155,0.0,0.1637821865766146,,,cvar,/Users/yaniszaim/deephedging/.deephedging_real_runs/final_paper_notebook/panel_sweeps/SPY_full_paper_grid_800_step_robust/model_artifacts/seed_3456/risk_cvar/proto_source_vanilla_k_10_weighted_1_learnw_0,204.0,0.07711043381597847,val_loss,0.011547046713531017,0.1212441474199295,0.0,0.0,2369.0,20.0,2.0,vanilla,10.0,True,False,0.08681421726942062,0.17438995838165283
proto_source=vanilla_k=10_weighted=1_learnw=0,val,3456,proto,-0.02040962129831314,0.023595435544848442,-0.10501095429062843,-0.06509635597467422,-0.08893676847219467,-0.012369541451334953,0.0010065417562145713,0.9270216962524654,-0.02031286060810089,0.0004066525725647807,0.0005034147179685533,0.031107036396861076,0.17302286624908447,0.2264976054430008,1.0,0.005522682445759369,0.005522682445759369,0.0,0.16962524654832348,,,cvar,/Users/yaniszaim/deephedging/.deephedging_real_runs/final_paper_notebook/panel_sweeps/SPY_full_paper_grid_800_step_robust/model_artifacts/seed_3456/risk_cvar/proto_source_vanilla_k_10_weighted_1_learnw_0,204.0,0.07711043381597847,val_loss,0.011547046713531017,0.1212441474199295,0.0,0.0,507.0,20.0,2.0,vanilla,10.0,True,False,0.08681421726942062,0.17438995838165283
proto_source=vanilla_k=10_weighted=1_learnw=0,test,3456,proto,-0.02247329242527485,0.02468879707157612,-0.11290949910879135,-0.07099504321813584,-0.09673649817705154,-0.017139773815870285,0.0002707939944230017,0.931237721021611,-0.022422706708312035,0.00045530329225584865,0.0005058905808255076,0.03130342438817024,0.17302286624908447,0.22823940217494965,1.0,0.0068762278978389,0.0068762278978389,0.0,0.18664047151277013,,,cvar,/Users/yaniszaim/deephedging/.deephedging_real_runs/final_paper_notebook/panel_sweeps/SPY_full_paper_grid_800_step_robust/model_artifacts/seed_3456/risk_cvar/proto_source_vanilla_k_10_weighted_1_learnw_0,204.0,0.07711043381597847,val_loss,0.011547046713531017,0.1212441474199295,0.0,0.0,509.0,20.0,2.0,vanilla,10.0,True,False,0.08681421726942062,0.17438995838165283
proto_source=vanilla_k=25_weighted=0_learnw=0,train,3456,proto,-0.020122408866882324,0.023036669939756393,-0.09224295228719712,-0.062308020889759064,-0.08242384344339371,-0.014749997295439243,0.00036037127720192,0.908400168847615,-0.0200007613748312,5.261461774352938e-05,0.00017426270642317832,0.004408671520650387,0.22528141736984253,0.07332193851470947,1.0,0.00010552975939214858,0.00010552975939214858,0.0,0.00042211903756859433,,,cvar,/Users/yaniszaim/deephedging/.deephedging_real_runs/final_paper_notebook/panel_sweeps/SPY_full_paper_grid_800_step_robust/model_artifacts/seed_3456/risk_cvar/proto_source_vanilla_k_25_weighted_0_learnw_0,710.0,0.07661681182618223,val_loss,0.001976003870368004,0.02294265106320381,0.0004930966469428008,0.0019723865877712033,2369.0,20.0,2.0,vanilla,25.0,False,False,0.10929659754037857,0.3675581216812134
proto_source=vanilla_k=25_weighted=0_learnw=0,val,3456,proto,-0.020520437508821487,0.024364205077290535,-0.10745134696364403,-0.0668125681579113,-0.08962220698595047,-0.013109643012285233,0.000385697343153879,0.9112426035502958,-0.02031286060810089,-3.3161675673909485e-05,0.00017441657837480307,0.004406645428389311,0.09368878602981567,0.07365991175174713,0.3338965177536011,0.0,0.0,0.0,0.0,,,cvar,/Users/yaniszaim/deephedging/.deephedging_real_runs/final_paper_notebook/panel_sweeps/SPY_full_paper_grid_800_step_robust/model_artifacts/seed_3456/risk_cvar/proto_source_vanilla_k_25_weighted_0_learnw_0,710.0,0.07661681182618223,val_loss,0.001976003870368004,0.02294265106320381,0.0004930966469428008,0.0019723865877712033,507.0,20.0,2.0,vanilla,25.0,False,False,0.10929659754037857,0.3675581216812134
proto_source=vanilla_k=25_weighted=0_learnw=0,test,3456,proto,-0.022516239434480667,0.025107169523835182,-0.1133204647898674,-0.07087599784135819,-0.09649333357810974,-0.018155034631490707,0.00023874865146353744,0.9292730844793713,-0.022422706708312035,7.876609015511349e-05,0.00017230160301551223,0.004317309707403183,0.09368883818387985,0.07236837595701218,0.48702186346054077,0.0,0.0,0.0,0.0,,,cvar,/Users/yaniszaim/deephedging/.deephedging_real_runs/final_paper_notebook/panel_sweeps/SPY_full_paper_grid_800_step_robust/model_artifacts/seed_3456/risk_cvar/proto_source_vanilla_k_25_weighted_0_learnw_0,710.0,0.07661681182618223,val_loss,0.001976003870368004,0.02294265106320381,0.0004930966469428008,0.0019723865877712033,509.0,20.0,2.0,vanilla,25.0,False,False,0.10929659754037857,0.3675581216812134
proto_source=vanilla_k=25_weighted=1_learnw=0,train,3456,proto,-0.02026333287358284,0.02265610545873642,-0.08939103573560715,-0.06092735603451729,-0.08171939104795456,-0.014531749300658703,0.0017661611083894964,0.9050232165470663,-0.0200007613748312,0.0003489468072075397,0.0006115193828009069,0.0394628569483757,0.0988788902759552,0.16739968955516815,1.0,0.0009392148585901225,0.0,0.0009392148585901225,0.017306880540312368,,,cvar,/Users/yaniszaim/deephedging/.deephedging_real_runs/final_paper_notebook/panel_sweeps/SPY_full_paper_grid_800_step_robust/model_artifacts/seed_3456/risk_cvar/proto_source_vanilla_k_25_weighted_1_learnw_0,162.0,0.07680892726775677,val_loss,0.023509414866566658,0.17709989845752716,0.0007396449704142012,0.021696252465483234,2369.0,20.0,2.0,vanilla,25.0,True,False,0.07318852841854095,0.1472918689250946
proto_source=vanilla_k=25_weighted=1_learnw=0,val,3456,proto,-0.020237134769558907,0.023809995502233505,-0.10837386012077331,-0.06502138748764992,-0.0886029452085495,-0.013243738561868668,0.0024844072759151454,0.8895463510848126,-0.02031286060810089,0.0006920163286849856,0.0006162922363728285,0.03953053057193756,0.0988788902759552,0.16764934360980988,1.0,0.001183431952662722,0.0,0.001183431952662722,0.01775147928994083,,,cvar,/Users/yaniszaim/deephedging/.deephedging_real_runs/final_paper_notebook/panel_sweeps/SPY_full_paper_grid_800_step_robust/model_artifacts/seed_3456/risk_cvar/proto_source_vanilla_k_25_weighted_1_learnw_0,162.0,0.07680892726775677,val_loss,0.023509414866566658,0.17709989845752716,0.0007396449704142012,0.021696252465483234,507.0,20.0,2.0,vanilla,25.0,True,False,0.07318852841854095,0.1472918689250946
proto_source=vanilla_k=25_weighted=1_learnw=0,test,3456,proto,-0.022625355049967766,0.024947304278612137,-0.10337518662214279,-0.07261374145746231,-0.0973234549164772,-0.017104588449001312,0.0021457730792462794,0.9115913555992141,-0.022422706708312035,0.0004124708939343691,0.0006151226698420942,0.039534930139780045,0.0988788902759552,0.16674678027629852,1.0,0.0012770137524557956,0.0,0.0012770137524557956,0.021611001964636542,,,cvar,/Users/yaniszaim/deephedging/.deephedging_real_runs/final_paper_notebook/panel_sweeps/SPY_full_paper_grid_800_step_robust/model_artifacts/seed_3456/risk_cvar/proto_source_vanilla_k_25_weighted_1_learnw_0,162.0,0.07680892726775677,val_loss,0.023509414866566658,0.17709989845752716,0.0007396449704142012,0.021696252465483234,509.0,20.0,2.0,vanilla,25.0,True,False,0.07318852841854095,0.1472918689250946
proto_source=vanilla_k=50_weighted=0_learnw=0,train,3456,proto,-0.020147668197751045,0.022448008880019188,-0.09038636475801468,-0.060982798039913175,-0.08091828972101212,-0.014568006619811058,-0.0005022435914725066,0.997889404812157,-0.0200007613748312,0.0002522499125916511,0.0003991571720689535,0.016522513702511787,0.14886106550693512,0.1758185625076294,0.5772044062614441,0.0,0.0,0.0,0.0,,,cvar,/Users/yaniszaim/deephedging/.deephedging_real_runs/final_paper_notebook/panel_sweeps/SPY_full_paper_grid_800_step_robust/model_artifacts/seed_3456/risk_cvar/proto_source_vanilla_k_50_weighted_0_learnw_0,106.0,0.07760327861644328,val_loss,0.016553940251469612,0.174724742770195,0.0,0.0,2369.0,20.0,2.0,vanilla,50.0,False,False,0.07538479566574097,0.23048076033592224
proto_source=vanilla_k=50_weighted=0_learnw=0,val,3456,proto,-0.020385487005114555,0.023639095947146416,-0.10565623015165329,-0.06500565782189369,-0.08786929398775101,-0.012924924492835999,-0.0005722309579141439,0.9921104536489151,-0.02031286060810089,0.00032666866900399327,0.0003992934070993215,0.016522670164704323,0.14865271747112274,0.17570510506629944,0.5771878957748413,0.0,0.0,0.0,0.0,,,cvar,/Users/yaniszaim/deephedging/.deephedging_real_runs/final_paper_notebook/panel_sweeps/SPY_full_paper_grid_800_step_robust/model_artifacts/seed_3456/risk_cvar/proto_source_vanilla_k_50_weighted_0_learnw_0,106.0,0.07760327861644328,val_loss,0.016553940251469612,0.174724742770195,0.0,0.0,507.0,20.0,2.0,vanilla,50.0,False,False,0.07538479566574097,0.23048076033592224
proto_source=vanilla_k=50_weighted=0_learnw=0,test,3456,proto,-0.022502776235342026,0.024533137679100037,-0.11165989756584167,-0.07036125808954238,-0.0953516960144043,-0.017875488847494125,-0.0005518950987607246,0.9980353634577603,-0.022422706708312035,0.0003190502757206559,0.000399118842324242,0.01651567593216896,0.13890230655670166,0.17550794780254364,0.5770008563995361,0.0,0.0,0.0,0.0,,,cvar,/Users/yaniszaim/deephedging/.deephedging_real_runs/final_paper_notebook/panel_sweeps/SPY_full_paper_grid_800_step_robust/model_artifacts/seed_3456/risk_cvar/proto_source_vanilla_k_50_weighted_0_learnw_0,106.0,0.07760327861644328,val_loss,0.016553940251469612,0.174724742770195,0.0,0.0,509.0,20.0,2.0,vanilla,50.0,False,False,0.07538479566574097,0.23048076033592224
proto_source=vanilla_k=50_weighted=1_learnw=0,train,3456,proto,-0.019800730049610138,0.021698513999581337,-0.08845536589622498,-0.060102102160453794,-0.07903577387332916,-0.01424333918839693,-0.000349651696160436,0.9746728577458843,-0.0200007613748312,0.0004750321095343679,0.0002750003186520189,0.0262533538043499,0.062043726444244385,0.2804142236709595,1.0,0.05393626002532714,0.05393626002532714,0.0,1.0,,,cvar,/Users/yaniszaim/deephedging/.deephedging_real_runs/final_paper_notebook/panel_sweeps/SPY_full_paper_grid_800_step_robust/model_artifacts/seed_3456/risk_cvar/proto_source_vanilla_k_50_weighted_1_learnw_0,42.0,0.07743428811379496,val_loss,0.02482246607542038,0.15582260489463806,0.0003944773175542406,0.007889546351084813,2369.0,20.0,2.0,vanilla,50.0,True,False,0.05580136924982071,0.1210612878203392
proto_source=vanilla_k=50_weighted=1_learnw=0,val,3456,proto,-0.020040342584252357,0.022828197106719017,-0.10339302450418472,-0.06418919339776039,-0.0856921374797821,-0.01228247582912445,-0.0004316987266065553,0.9704142011834319,-0.02031286060810089,0.0005474104546010494,0.00027489292551763356,0.02625122107565403,0.06204301118850708,0.28034573793411255,1.0,0.053895463510848125,0.053895463510848125,0.0,1.0,,,cvar,/Users/yaniszaim/deephedging/.deephedging_real_runs/final_paper_notebook/panel_sweeps/SPY_full_paper_grid_800_step_robust/model_artifacts/seed_3456/risk_cvar/proto_source_vanilla_k_50_weighted_1_learnw_0,42.0,0.07743428811379496,val_loss,0.02482246607542038,0.15582260489463806,0.0003944773175542406,0.007889546351084813,507.0,20.0,2.0,vanilla,50.0,True,False,0.05580136924982071,0.1210612878203392
proto_source=vanilla_k=50_weighted=1_learnw=0,test,3456,proto,-0.02201695740222931,0.023722387850284576,-0.10408661663532257,-0.06929342597723007,-0.09260596334934235,-0.017222225666046143,-0.0003178636310622104,0.9724950884086444,-0.022422706708312035,0.0006804922013543546,0.0002747440303210169,0.026244791224598885,0.06200987100601196,0.2801394760608673,1.0,0.05368369351669941,0.05368369351669941,0.0,1.0,,,cvar,/Users/yaniszaim/deephedging/.deephedging_real_runs/final_paper_notebook/panel_sweeps/SPY_full_paper_grid_800_step_robust/model_artifacts/seed_3456/risk_cvar/proto_source_vanilla_k_50_weighted_1_learnw_0,42.0,0.07743428811379496,val_loss,0.02482246607542038,0.15582260489463806,0.0003944773175542406,0.007889546351084813,509.0,20.0,2.0,vanilla,50.0,True,False,0.05580136924982071,0.1210612878203392
proto_source=vanilla_k=100_weighted=0_learnw=0,train,3456,proto,-0.0200402420014143,0.023169148713350296,-0.09080578476190566,-0.0625379055738449,-0.08257631212472916,-0.014650166034698486,-4.1361834155395635e-05,0.964542000844238,-0.0200007613748312,4.9551654228707775e-05,8.903301204554737e-05,0.0032020751386880875,0.15522630512714386,0.043958988040685654,1.0,0.0002532714225411566,0.0002532714225411566,0.0,0.001266357112705783,,,cvar,/Users/yaniszaim/deephedging/.deephedging_real_runs/final_paper_notebook/panel_sweeps/SPY_full_paper_grid_800_step_robust/model_artifacts/seed_3456/risk_cvar/proto_source_vanilla_k_100_weighted_0_learnw_0,179.0,0.07708640530299721,val_loss,0.0036272022407501936,0.05035695806145668,0.0022189349112426036,0.009861932938856016,2369.0,20.0,2.0,vanilla,100.0,False,False,0.0741129145026207,0.3841796815395355
proto_source=vanilla_k=100_weighted=0_learnw=0,val,3456,proto,-0.020341936498880386,0.024277295917272568,-0.10780266374349594,-0.06634498611092568,-0.08943049609661102,-0.012781721539795399,-3.119307802990085e-05,0.9644970414201184,-0.02031286060810089,5.938391768722795e-05,8.846084529068321e-05,0.0031987647525966167,0.14633998274803162,0.04348979890346527,0.8677997589111328,0.0,0.0,0.0,0.0,,,cvar,/Users/yaniszaim/deephedging/.deephedging_real_runs/final_paper_notebook/panel_sweeps/SPY_full_paper_grid_800_step_robust/model_artifacts/seed_3456/risk_cvar/proto_source_vanilla_k_100_weighted_0_learnw_0,179.0,0.07708640530299721,val_loss,0.0036272022407501936,0.05035695806145668,0.0022189349112426036,0.009861932938856016,507.0,20.0,2.0,vanilla,100.0,False,False,0.0741129145026207,0.3841796815395355
proto_source=vanilla_k=100_weighted=0_learnw=0,test,3456,proto,-0.022416729480028152,0.025259746238589287,-0.11518009155988693,-0.07202467620372772,-0.09720154851675034,-0.017912259325385094,-4.830066900467509e-05,0.9646365422396856,-0.022422706708312035,9.479400614509359e-05,8.881837129592896e-05,0.0032887712586671114,0.1544584482908249,0.04478837177157402,1.0,0.0007367387033398821,0.0007367387033398821,0.0,0.005893909626719057,,,cvar,/Users/yaniszaim/deephedging/.deephedging_real_runs/final_paper_notebook/panel_sweeps/SPY_full_paper_grid_800_step_robust/model_artifacts/seed_3456/risk_cvar/proto_source_vanilla_k_100_weighted_0_learnw_0,179.0,0.07708640530299721,val_loss,0.0036272022407501936,0.05035695806145668,0.0022189349112426036,0.009861932938856016,509.0,20.0,2.0,vanilla,100.0,False,False,0.0741129145026207,0.3841796815395355
proto_source=vanilla_k=100_weighted=1_learnw=0,train,3456,proto,-0.020764566957950592,0.023037919774651527,-0.09025630384683608,-0.0633154645562172,-0.08271466940641403,-0.015198626555502415,0.0008790193474851503,0.9138877163360067,-0.0200007613748312,0.00011375590838724747,0.0008775616297498345,0.027331266552209854,0.12803393602371216,0.07643996924161911,0.37990081310272217,0.0,0.0,0.0,0.0,,,cvar,/Users/yaniszaim/deephedging/.deephedging_real_runs/final_paper_notebook/panel_sweeps/SPY_full_paper_grid_800_step_robust/model_artifacts/seed_3456/risk_cvar/proto_source_vanilla_k_100_weighted_1_learnw_0,166.0,0.07754400534555315,val_loss,0.027207497507333755,0.052869003266096115,0.0,0.0,2369.0,20.0,2.0,vanilla,100.0,True,False,0.10040932893753052,0.18886703252792358
proto_source=vanilla_k=100_weighted=1_learnw=0,val,3456,proto,-0.02104153484106064,0.02408740110695362,-0.10626724153757096,-0.06731812283396721,-0.08922697603702545,-0.013442943803966045,0.00046509760431945297,0.9132149901380671,-0.02031286060810089,0.00014964274305384606,0.0008783195517025888,0.027341535314917564,0.12691083550453186,0.07647663354873657,0.34714508056640625,0.0,0.0,0.0,0.0,,,cvar,/Users/yaniszaim/deephedging/.deephedging_real_runs/final_paper_notebook/panel_sweeps/SPY_full_paper_grid_800_step_robust/model_artifacts/seed_3456/risk_cvar/proto_source_vanilla_k_100_weighted_1_learnw_0,166.0,0.07754400534555315,val_loss,0.027207497507333755,0.052869003266096115,0.0,0.0,507.0,20.0,2.0,vanilla,100.0,True,False,0.10040932893753052,0.18886703252792358
proto_source=vanilla_k=100_weighted=1_learnw=0,test,3456,proto,-0.023184532299637794,0.025286566466093063,-0.10551329135894776,-0.07316231280565262,-0.0972883552312851,-0.01851426064968109,0.0008813505060970769,0.9135559921414538,-0.022422706708312035,0.00011832245218101889,0.00088014971697703,0.027409305796027184,0.12913422286510468,0.07629823684692383,0.349272757768631,0.0,0.0,0.0,0.0,,,cvar,/Users/yaniszaim/deephedging/.deephedging_real_runs/final_paper_notebook/panel_sweeps/SPY_full_paper_grid_800_step_robust/model_artifacts/seed_3456/risk_cvar/proto_source_vanilla_k_100_weighted_1_learnw_0,166.0,0.07754400534555315,val_loss,0.027207497507333755,0.052869003266096115,0.0,0.0,509.0,20.0,2.0,vanilla,100.0,True,False,0.10040932893753052,0.18886703252792358
