model,split,seed,model_family,gains_mean,gains_std,gains_p01,gains_p05,gains_cvar05,gains_p50,gains_p95,shortfall_prob,payoff_mean,pnl_mean,cost_mean,action_abs_mean,action_abs_max,delta_abs_mean,delta_abs_max,pct_at_any_position_bound,pct_at_upper_position_bound,pct_at_lower_position_bound,pct_paths_touch_any_position_bound,selected_band,baseline_selection_metric,risk_measure,artifact_dir,selected_epoch,selected_score,selection_metric,selected_val_action_abs_mean,selected_val_delta_abs_mean,selected_val_pct_at_any_position_bound,selected_val_pct_paths_touch_any_position_bound,n_paths,n_steps,n_inst,prototype_source,n_prototypes,weighted_similarity,learn_distance_feature_weights,proto_action_norm_mean,proto_action_norm_max
unhedged,train,1234,baseline,-0.013643952086567879,0.02162337303161621,-0.09455298781394958,-0.056599622964859,-0.08098996430635452,-0.0,0.0,0.4864457831325301,-0.013643952086567879,0.0,0.0,0.0,0.0,0.0,0.0,0.0,0.0,0.0,0.0,,,,,,,,,,,,,,,,,,,,
spot_delta,train,1234,baseline,-0.013706386089324951,0.021183697506785393,-0.09360888972878456,-0.0564065495505929,-0.0790354311466217,-0.005398278823122382,0.004790517105720935,0.7555220883534136,-0.013643952086567879,0.00010276192188030109,0.00016519660130143166,0.020647773519158363,0.577771008014679,0.2539401948451996,0.582252025604248,0.0,0.0,0.0,0.0,,,,,,,,,,,,,,,,,,,,
spot_delta_band,train,1234,baseline,-0.013656646013259888,0.02115653268992901,-0.09168755508959293,-0.05596575383096933,-0.07942140102386475,-0.004070964176207781,0.003386384120676664,0.7585341365461847,-0.013643952086567879,6.486580241471529e-05,7.756023842375726e-05,0.009694673120975494,0.4277710020542145,0.18993297219276428,0.43225201964378357,0.0,0.0,0.0,0.0,0.15,gains_mean,,,,,,,,,,,,,,,,,,
unhedged,val,1234,baseline,-0.014999108389019966,0.023169515654444695,-0.10650461912155151,-0.05816337466239929,-0.08381586521863937,-0.0006363987922668457,-0.0,0.5070422535211268,-0.014999108389019966,0.0,0.0,0.0,0.0,0.0,0.0,0.0,0.0,0.0,0.0,,,,,,,,,,,,,,,,,,,,
spot_delta,val,1234,baseline,-0.015219973400235176,0.02273002453148365,-0.10143733769655228,-0.05641981679946184,-0.08334214985370636,-0.006408267421647906,0.004854772589169443,0.7746478873239436,-0.014999108389019966,-5.682456321665086e-05,0.00016404005873482674,0.020506132394075394,0.578885018825531,0.25404343008995056,0.582252025604248,0.0,0.0,0.0,0.0,,,,,,,,,,,,,,,,,,,,
spot_delta_band,val,1234,baseline,-0.015105213038623333,0.022673100233078003,-0.10286465659737587,-0.056311517022550106,-0.08293108642101288,-0.004900783067569137,0.0034118116018362343,0.7676056338028169,-0.014999108389019966,-2.849033808161039e-05,7.761348388157785e-05,0.009701081551611423,0.42888501286506653,0.19006744027137756,0.43225201964378357,0.0,0.0,0.0,0.0,0.15,gains_mean,,,,,,,,,,,,,,,,,,
unhedged,test,1234,baseline,-0.016239458695054054,0.02358030527830124,-0.09147556781768798,-0.06596497893333435,-0.08474922925233841,-0.004446506500244141,-0.0,0.5537383177570093,-0.016239458695054054,0.0,0.0,0.0,0.0,0.0,0.0,0.0,0.0,0.0,0.0,,,,,,,,,,,,,,,,,,,,
spot_delta,test,1234,baseline,-0.016828173771500587,0.02274325117468834,-0.08996533691883087,-0.06553810909390449,-0.08233105391263962,-0.008091192226856947,0.0036677749711088834,0.8154205607476636,-0.016239458695054054,-0.00042638526065275073,0.00016233022324740887,0.020271241664886475,0.5764219760894775,0.2543640732765198,0.582252025604248,0.0,0.0,0.0,0.0,,,,,,,,,,,,,,,,,,,,
spot_delta_band,test,1234,baseline,-0.01661425270140171,0.02283043973147869,-0.0908678787946701,-0.06493521593511105,-0.08279126137495041,-0.00658210483379662,0.002919669647235419,0.8200934579439252,-0.016239458695054054,-0.0002973781665787101,7.741680747130886e-05,0.00967583991587162,0.42642197012901306,0.1897304803133011,0.43225201964378357,0.0,0.0,0.0,0.0,0.15,gains_mean,,,,,,,,,,,,,,,,,,
vanilla,train,1234,vanilla,-0.013691329397261143,0.02133271098136902,-0.09375359512865543,-0.05611799303442239,-0.08026621490716934,-0.0007573602779302746,-8.356673461094034e-05,0.9979919678714859,-0.013643952086567879,-7.780876330798492e-06,3.959669265896082e-05,0.004821084439754486,0.011238381266593933,0.04869641363620758,0.2007984220981598,0.0,0.0,0.0,0.0,,,cvar,/Users/yaniszaim/deephedging/.deephedging_real_runs/final_paper_notebook/panel_sweeps/TLT_full_paper_grid_800_step_robust/model_artifacts/seed_1234/risk_cvar/vanilla,181.0,0.0600653792952653,val_loss,0.0024747110437601805,0.009747587144374847,0.0,0.0,1992.0,20.0,2.0,,,,,,
vanilla,val,1234,vanilla,-0.015037892386317253,0.022858498618006706,-0.10554668866097927,-0.0576392337679863,-0.08306939154863358,-0.0010164058185182512,-7.187195842561778e-05,0.9929577464788732,-0.014999108389019966,7.658646836716798e-07,3.954930798499845e-05,0.0048161162994802,0.011257454752922058,0.04863043501973152,0.19921739399433136,0.0,0.0,0.0,0.0,,,cvar,/Users/yaniszaim/deephedging/.deephedging_real_runs/final_paper_notebook/panel_sweeps/TLT_full_paper_grid_800_step_robust/model_artifacts/seed_1234/risk_cvar/vanilla,181.0,0.0600653792952653,val_loss,0.0024747110437601805,0.009747587144374847,0.0,0.0,426.0,20.0,2.0,,,,,,
vanilla,test,1234,vanilla,-0.01624276116490364,0.02327483706176281,-0.09066955037415028,-0.06537289805710315,-0.08399887382984161,-0.004470689920708537,-7.5135070073884e-05,0.9976635514018691,-0.016239458695054054,3.6221103073330596e-05,3.952375482185744e-05,0.004804862197488546,0.011206209659576416,0.048558373004198074,0.1985786259174347,0.0,0.0,0.0,0.0,,,cvar,/Users/yaniszaim/deephedging/.deephedging_real_runs/final_paper_notebook/panel_sweeps/TLT_full_paper_grid_800_step_robust/model_artifacts/seed_1234/risk_cvar/vanilla,181.0,0.0600653792952653,val_loss,0.0024747110437601805,0.009747587144374847,0.0,0.0,428.0,20.0,2.0,,,,,,
proto_source=spot_delta_k=10_weighted=0_learnw=0,train,1234,proto,-0.01292202714830637,0.02080950140953064,-0.09211987614631653,-0.05362287331372499,-0.07821837067604065,-0.0032821999629959464,0.002834366098977622,0.8278112449799196,-0.013643952086567879,0.0010473505826666951,0.00032542654662393034,0.03813307359814644,1.0794639587402344,0.209177628159523,1.0,0.0009036144578313253,0.0,0.0009036144578313253,0.009538152610441768,,,cvar,/Users/yaniszaim/deephedging/.deephedging_real_runs/final_paper_notebook/panel_sweeps/TLT_full_paper_grid_800_step_robust/model_artifacts/seed_1234/risk_cvar/proto_source_spot_delta_k_10_weighted_0_learnw_0,500.0,0.05829209215401239,val_loss,0.028638454154133797,0.11314702779054642,0.002112676056338028,0.023474178403755867,1992.0,20.0,2.0,spot_delta,10.0,False,False,0.4229713976383209,1.3929996490478516
proto_source=spot_delta_k=10_weighted=0_learnw=0,val,1234,proto,-0.014126612804830074,0.021898159757256508,-0.10135196894407272,-0.05365039873868227,-0.08039578795433044,-0.004112317692488432,0.0022809614893049,0.8474178403755869,-0.014999108389019966,0.0012092922115698457,0.00033679575426504016,0.03827504441142082,1.0002808570861816,0.20728254318237305,1.0,0.0011150234741784037,0.0,0.0011150234741784037,0.02112676056338028,,,cvar,/Users/yaniszaim/deephedging/.deephedging_real_runs/final_paper_notebook/panel_sweeps/TLT_full_paper_grid_800_step_robust/model_artifacts/seed_1234/risk_cvar/proto_source_spot_delta_k_10_weighted_0_learnw_0,500.0,0.05829209215401239,val_loss,0.028638454154133797,0.11314702779054642,0.002112676056338028,0.023474178403755867,426.0,20.0,2.0,spot_delta,10.0,False,False,0.4229713976383209,1.3929996490478516
proto_source=spot_delta_k=10_weighted=0_learnw=0,test,1234,proto,-0.015469455160200596,0.022958751767873764,-0.09349330432713031,-0.06541519463062286,-0.08636882901191711,-0.004816128872334957,0.0033830510103143715,0.852803738317757,-0.016239458695054054,0.0011073676869273186,0.00033736409386619925,0.039570923894643784,0.49633070826530457,0.20221266150474548,1.0,0.0007009345794392523,0.0,0.0007009345794392523,0.011682242990654205,,,cvar,/Users/yaniszaim/deephedging/.deephedging_real_runs/final_paper_notebook/panel_sweeps/TLT_full_paper_grid_800_step_robust/model_artifacts/seed_1234/risk_cvar/proto_source_spot_delta_k_10_weighted_0_learnw_0,500.0,0.05829209215401239,val_loss,0.028638454154133797,0.11314702779054642,0.002112676056338028,0.023474178403755867,428.0,20.0,2.0,spot_delta,10.0,False,False,0.4229713976383209,1.3929996490478516
proto_source=spot_delta_k=10_weighted=1_learnw=0,train,1234,proto,-0.013157883659005165,0.021322477608919144,-0.09264617845416069,-0.05318134222179651,-0.07941970974206924,-0.0018581015756353736,0.0008252055791672299,0.9106425702811245,-0.013643952086567879,0.0006490182131528854,0.00016294943634420633,0.016003472730517387,1.0661077499389648,0.11706320196390152,1.0,0.0007655622489959839,0.0,0.0007655622489959839,0.006526104417670682,,,cvar,/Users/yaniszaim/deephedging/.deephedging_real_runs/final_paper_notebook/panel_sweeps/TLT_full_paper_grid_800_step_robust/model_artifacts/seed_1234/risk_cvar/proto_source_spot_delta_k_10_weighted_1_learnw_0,361.0,0.05919826090501997,val_loss,0.016480859369039536,0.09462706744670868,5.868544600938967e-05,0.002347417840375587,1992.0,20.0,2.0,spot_delta,10.0,True,False,0.3009576201438904,1.2527761459350586
proto_source=spot_delta_k=10_weighted=1_learnw=0,val,1234,proto,-0.014698216691613197,0.023590443655848503,-0.10807814262807369,-0.05681603401899338,-0.08579687774181366,-0.002501618815585971,0.0007927319384180009,0.8967136150234741,-0.014999108389019966,0.0004648422182071954,0.00016395040438510478,0.016212882474064827,1.0661077499389648,0.11745432019233704,1.0,0.00011737089201877934,0.0,0.00011737089201877934,0.004694835680751174,,,cvar,/Users/yaniszaim/deephedging/.deephedging_real_runs/final_paper_notebook/panel_sweeps/TLT_full_paper_grid_800_step_robust/model_artifacts/seed_1234/risk_cvar/proto_source_spot_delta_k_10_weighted_1_learnw_0,361.0,0.05919826090501997,val_loss,0.016480859369039536,0.09462706744670868,5.868544600938967e-05,0.002347417840375587,426.0,20.0,2.0,spot_delta,10.0,True,False,0.3009576201438904,1.2527761459350586
proto_source=spot_delta_k=10_weighted=1_learnw=0,test,1234,proto,-0.015554061159491539,0.022804001346230507,-0.09372101545333862,-0.06322927288711071,-0.08346438407897949,-0.00435076211579144,0.0012114762444980437,0.883177570093458,-0.016239458695054054,0.0008413655450567603,0.00015596930461470038,0.016395628452301025,1.0661077499389648,0.11025543510913849,1.0,0.00017523364485981307,0.0,0.00017523364485981307,0.004672897196261682,,,cvar,/Users/yaniszaim/deephedging/.deephedging_real_runs/final_paper_notebook/panel_sweeps/TLT_full_paper_grid_800_step_robust/model_artifacts/seed_1234/risk_cvar/proto_source_spot_delta_k_10_weighted_1_learnw_0,361.0,0.05919826090501997,val_loss,0.016480859369039536,0.09462706744670868,5.868544600938967e-05,0.002347417840375587,428.0,20.0,2.0,spot_delta,10.0,True,False,0.3009576201438904,1.2527761459350586
proto_source=spot_delta_k=25_weighted=0_learnw=0,train,1234,proto,-0.013358767144382,0.020632842555642128,-0.08806071266531944,-0.05442955009639263,-0.07821931689977646,-0.003971033031120896,0.0023902814253233323,0.8348393574297188,-0.013643952086567879,0.000588557799346745,0.00030337320640683174,0.03399065136909485,0.2688552141189575,0.2862198054790497,1.0,0.06021586345381526,0.06021586345381526,0.0,0.3614457831325301,,,cvar,/Users/yaniszaim/deephedging/.deephedging_real_runs/final_paper_notebook/panel_sweeps/TLT_full_paper_grid_800_step_robust/model_artifacts/seed_1234/risk_cvar/proto_source_spot_delta_k_25_weighted_0_learnw_0,20.0,0.05901490192654862,val_loss,0.028318511322140694,0.12347596883773804,0.0022300469483568074,0.0539906103286385,1992.0,20.0,2.0,spot_delta,25.0,False,False,0.09570639580488205,0.357610821723938
proto_source=spot_delta_k=25_weighted=0_learnw=0,val,1234,proto,-0.014401054941117764,0.02208535373210907,-0.10480715334415436,-0.05321602430194616,-0.08175769448280334,-0.004612717544659972,0.0022369998041540384,0.852112676056338,-0.014999108389019966,0.0009061063174158335,0.0003080535097979009,0.033798180520534515,0.2688552141189575,0.2778252363204956,1.0,0.05528169014084507,0.05528169014084507,0.0,0.31220657276995306,,,cvar,/Users/yaniszaim/deephedging/.deephedging_real_runs/final_paper_notebook/panel_sweeps/TLT_full_paper_grid_800_step_robust/model_artifacts/seed_1234/risk_cvar/proto_source_spot_delta_k_25_weighted_0_learnw_0,20.0,0.05901490192654862,val_loss,0.028318511322140694,0.12347596883773804,0.0022300469483568074,0.0539906103286385,426.0,20.0,2.0,spot_delta,25.0,False,False,0.09570639580488205,0.357610821723938
proto_source=spot_delta_k=25_weighted=0_learnw=0,test,1234,proto,-0.01576182246208191,0.022262899205088615,-0.08841313220560551,-0.06484963819384575,-0.08187074214220047,-0.005330244777724147,0.002588592213578522,0.8551401869158879,-0.016239458695054054,0.0007842241320759058,0.0003065898490604013,0.034828610718250275,0.2688552141189575,0.27594414353370667,1.0,0.061507009345794394,0.061507009345794394,0.0,0.3644859813084112,,,cvar,/Users/yaniszaim/deephedging/.deephedging_real_runs/final_paper_notebook/panel_sweeps/TLT_full_paper_grid_800_step_robust/model_artifacts/seed_1234/risk_cvar/proto_source_spot_delta_k_25_weighted_0_learnw_0,20.0,0.05901490192654862,val_loss,0.028318511322140694,0.12347596883773804,0.0022300469483568074,0.0539906103286385,428.0,20.0,2.0,spot_delta,25.0,False,False,0.09570639580488205,0.357610821723938
proto_source=spot_delta_k=25_weighted=1_learnw=0,train,1234,proto,-0.0133146857842803,0.02066824957728386,-0.09428315669298172,-0.053058438934385777,-0.07829122245311737,-0.004498325986787677,0.001165537518681957,0.8815261044176707,-0.013643952086567879,0.0006964778294786811,0.00036721283686347306,0.03961002081632614,0.9965596199035645,0.2339487075805664,1.0,0.08421184738955824,0.08332078313253012,0.0008910642570281124,0.5140562248995983,,,cvar,/Users/yaniszaim/deephedging/.deephedging_real_runs/final_paper_notebook/panel_sweeps/TLT_full_paper_grid_800_step_robust/model_artifacts/seed_1234/risk_cvar/proto_source_spot_delta_k_25_weighted_1_learnw_0,344.0,0.05939019015391178,val_loss,0.03830463066697121,0.1748368889093399,0.01261737089201878,0.24647887323943662,1992.0,20.0,2.0,spot_delta,25.0,True,False,0.1852271854877472,1.228789210319519
proto_source=spot_delta_k=25_weighted=1_learnw=0,val,1234,proto,-0.014855677261948586,0.023837048560380936,-0.09288332425057888,-0.05627337470650673,-0.0870506688952446,-0.004975437419489026,0.0007805119239492342,0.8826291079812206,-0.014999108389019966,0.0005270534311421216,0.00038362154737114906,0.041032880544662476,0.9965596199035645,0.24367432296276093,1.0,0.08914319248826291,0.08820422535211267,0.0009389671361502347,0.5469483568075117,,,cvar,/Users/yaniszaim/deephedging/.deephedging_real_runs/final_paper_notebook/panel_sweeps/TLT_full_paper_grid_800_step_robust/model_artifacts/seed_1234/risk_cvar/proto_source_spot_delta_k_25_weighted_1_learnw_0,344.0,0.05939019015391178,val_loss,0.03830463066697121,0.1748368889093399,0.01261737089201878,0.24647887323943662,426.0,20.0,2.0,spot_delta,25.0,True,False,0.1852271854877472,1.228789210319519
proto_source=spot_delta_k=25_weighted=1_learnw=0,test,1234,proto,-0.015689872205257416,0.02293013595044613,-0.09704226128757,-0.0621876260265708,-0.08561557531356812,-0.005803347798064351,0.0017169427475892003,0.897196261682243,-0.016239458695054054,0.0009382934658788145,0.0003887091879732907,0.04300586134195328,0.9965596199035645,0.23151065409183502,1.0,0.08411214953271028,0.08335280373831776,0.0007593457943925234,0.5093457943925234,,,cvar,/Users/yaniszaim/deephedging/.deephedging_real_runs/final_paper_notebook/panel_sweeps/TLT_full_paper_grid_800_step_robust/model_artifacts/seed_1234/risk_cvar/proto_source_spot_delta_k_25_weighted_1_learnw_0,344.0,0.05939019015391178,val_loss,0.03830463066697121,0.1748368889093399,0.01261737089201878,0.24647887323943662,428.0,20.0,2.0,spot_delta,25.0,True,False,0.1852271854877472,1.228789210319519
proto_source=spot_delta_k=50_weighted=0_learnw=0,train,1234,proto,-0.012947376817464828,0.020975124090909958,-0.09526839300990105,-0.05124708022922277,-0.07830511033535004,-0.002607048023492098,0.001551558007486163,0.8298192771084337,-0.013643952086567879,0.0009462879970669746,0.0002497122623026371,0.0225867610424757,1.006552815437317,0.17418891191482544,1.0,0.001606425702811245,0.0,0.001606425702811245,0.011546184738955823,,,cvar,/Users/yaniszaim/deephedging/.deephedging_real_runs/final_paper_notebook/panel_sweeps/TLT_full_paper_grid_800_step_robust/model_artifacts/seed_1234/risk_cvar/proto_source_spot_delta_k_50_weighted_0_learnw_0,231.0,0.0590806554816226,val_loss,0.017991961911320686,0.11444247514009476,0.0016431924882629107,0.01643192488262911,1992.0,20.0,2.0,spot_delta,50.0,False,False,0.22803032398223877,1.105946660041809
proto_source=spot_delta_k=50_weighted=0_learnw=0,val,1234,proto,-0.014095079153776169,0.023071935400366783,-0.10116632468998432,-0.05342238117009401,-0.08264964073896408,-0.003255307557992637,0.001483753847423941,0.8356807511737089,-0.014999108389019966,0.0011455152416601777,0.00024148542433977127,0.022707302123308182,0.9949090480804443,0.1737423986196518,1.0,0.0012323943661971832,0.0,0.0012323943661971832,0.009389671361502348,,,cvar,/Users/yaniszaim/deephedging/.deephedging_real_runs/final_paper_notebook/panel_sweeps/TLT_full_paper_grid_800_step_robust/model_artifacts/seed_1234/risk_cvar/proto_source_spot_delta_k_50_weighted_0_learnw_0,231.0,0.0590806554816226,val_loss,0.017991961911320686,0.11444247514009476,0.0016431924882629107,0.01643192488262911,426.0,20.0,2.0,spot_delta,50.0,False,False,0.22803032398223877,1.105946660041809
proto_source=spot_delta_k=50_weighted=0_learnw=0,test,1234,proto,-0.015338566154241562,0.02268175221979618,-0.09140776790678501,-0.06301379539072513,-0.0827951431274414,-0.004704054445028305,0.0022361114853993004,0.8317757009345794,-0.016239458695054054,0.0011523595312610269,0.00025146841653622687,0.023294610902667046,1.0053648948669434,0.17070960998535156,1.0,0.0012850467289719626,0.0,0.0012850467289719626,0.007009345794392523,,,cvar,/Users/yaniszaim/deephedging/.deephedging_real_runs/final_paper_notebook/panel_sweeps/TLT_full_paper_grid_800_step_robust/model_artifacts/seed_1234/risk_cvar/proto_source_spot_delta_k_50_weighted_0_learnw_0,231.0,0.0590806554816226,val_loss,0.017991961911320686,0.11444247514009476,0.0016431924882629107,0.01643192488262911,428.0,20.0,2.0,spot_delta,50.0,False,False,0.22803032398223877,1.105946660041809
proto_source=spot_delta_k=50_weighted=1_learnw=0,train,1234,proto,-0.012980544939637184,0.0220725666731596,-0.09552358701825142,-0.05459136757999658,-0.08010683953762054,-0.003585044643841684,0.003929120046086593,0.7996987951807228,-0.013643952086567879,0.001080239424481988,0.00041683303425088525,0.044598665088415146,1.0142066478729248,0.19704751670360565,1.0,0.0009412650602409639,0.0005522088353413654,0.0003890562248995984,0.009538152610441768,,,cvar,/Users/yaniszaim/deephedging/.deephedging_real_runs/final_paper_notebook/panel_sweeps/TLT_full_paper_grid_800_step_robust/model_artifacts/seed_1234/risk_cvar/proto_source_spot_delta_k_50_weighted_1_learnw_0,210.0,0.05911494616082402,val_loss,0.024706950411200523,0.11967456340789795,0.0015258215962441314,0.02112676056338028,1992.0,20.0,2.0,spot_delta,50.0,True,False,0.15643540024757385,1.1412309408187866
proto_source=spot_delta_k=50_weighted=1_learnw=0,val,1234,proto,-0.01441920455545187,0.025492439046502113,-0.09899233654141426,-0.06153638195246458,-0.08975240588188171,-0.004411949776113033,0.003555610543116927,0.8075117370892019,-0.014999108389019966,0.000996907940134406,0.0004170027968939394,0.04523325711488724,1.0142066478729248,0.20058734714984894,1.0,0.0032863849765258214,0.0029342723004694834,0.00035211267605633805,0.018779342723004695,,,cvar,/Users/yaniszaim/deephedging/.deephedging_real_runs/final_paper_notebook/panel_sweeps/TLT_full_paper_grid_800_step_robust/model_artifacts/seed_1234/risk_cvar/proto_source_spot_delta_k_50_weighted_1_learnw_0,210.0,0.05911494616082402,val_loss,0.024706950411200523,0.11967456340789795,0.0015258215962441314,0.02112676056338028,426.0,20.0,2.0,spot_delta,50.0,True,False,0.15643540024757385,1.1412309408187866
proto_source=spot_delta_k=50_weighted=1_learnw=0,test,1234,proto,-0.015405927784740925,0.023939907550811768,-0.10287049770355225,-0.06385596320033074,-0.08584627509117126,-0.005018782336264849,0.0041521042352542226,0.8317757009345794,-0.016239458695054054,0.001248297281563282,0.0004147679719608277,0.04698102921247482,1.0142066478729248,0.18938444554805756,1.0,0.0002920560747663551,0.0,0.0002920560747663551,0.009345794392523364,,,cvar,/Users/yaniszaim/deephedging/.deephedging_real_runs/final_paper_notebook/panel_sweeps/TLT_full_paper_grid_800_step_robust/model_artifacts/seed_1234/risk_cvar/proto_source_spot_delta_k_50_weighted_1_learnw_0,210.0,0.05911494616082402,val_loss,0.024706950411200523,0.11967456340789795,0.0015258215962441314,0.02112676056338028,428.0,20.0,2.0,spot_delta,50.0,True,False,0.15643540024757385,1.1412309408187866
proto_source=spot_delta_k=100_weighted=0_learnw=0,train,1234,proto,-0.013270546682178974,0.020994167774915695,-0.09214341908693313,-0.05483712907880545,-0.07883026450872421,-0.0028939387993887067,0.0018472452939022309,0.8483935742971888,-0.013643952086567879,0.0006160094053484499,0.0002426043211016804,0.0273441169410944,1.0118403434753418,0.1827622950077057,1.0,0.00015060240963855423,0.0,0.00015060240963855423,0.004016064257028112,,,cvar,/Users/yaniszaim/deephedging/.deephedging_real_runs/final_paper_notebook/panel_sweeps/TLT_full_paper_grid_800_step_robust/model_artifacts/seed_1234/risk_cvar/proto_source_spot_delta_k_100_weighted_0_learnw_0,289.0,0.05916711549440775,val_loss,0.022806810215115547,0.13056156039237976,5.868544600938967e-05,0.002347417840375587,1992.0,20.0,2.0,spot_delta,100.0,False,False,0.14420512318611145,1.100225567817688
proto_source=spot_delta_k=100_weighted=0_learnw=0,val,1234,proto,-0.014515722170472145,0.02311660535633564,-0.10291757620871067,-0.05544245336204767,-0.08365903794765472,-0.0037300875410437584,0.0011571145441848785,0.8826291079812206,-0.014999108389019966,0.0007254796219058335,0.00024209239927586168,0.027638444676995277,0.9151265621185303,0.1810789704322815,0.9695977568626404,0.0,0.0,0.0,0.0,,,cvar,/Users/yaniszaim/deephedging/.deephedging_real_runs/final_paper_notebook/panel_sweeps/TLT_full_paper_grid_800_step_robust/model_artifacts/seed_1234/risk_cvar/proto_source_spot_delta_k_100_weighted_0_learnw_0,289.0,0.05916711549440775,val_loss,0.022806810215115547,0.13056156039237976,5.868544600938967e-05,0.002347417840375587,426.0,20.0,2.0,spot_delta,100.0,False,False,0.14420512318611145,1.100225567817688
proto_source=spot_delta_k=100_weighted=0_learnw=0,test,1234,proto,-0.015585150569677353,0.02247982658445835,-0.08867061354219913,-0.06296933367848397,-0.08092338591814041,-0.004675745964050293,0.0025429857429116963,0.8341121495327103,-0.016239458695054054,0.0009023110033012927,0.0002480031980667263,0.02859955094754696,1.0115725994110107,0.175441712141037,1.0,0.00011682242990654206,0.0,0.00011682242990654206,0.002336448598130841,,,cvar,/Users/yaniszaim/deephedging/.deephedging_real_runs/final_paper_notebook/panel_sweeps/TLT_full_paper_grid_800_step_robust/model_artifacts/seed_1234/risk_cvar/proto_source_spot_delta_k_100_weighted_0_learnw_0,289.0,0.05916711549440775,val_loss,0.022806810215115547,0.13056156039237976,5.868544600938967e-05,0.002347417840375587,428.0,20.0,2.0,spot_delta,100.0,False,False,0.14420512318611145,1.100225567817688
proto_source=spot_delta_k=100_weighted=1_learnw=0,train,1234,proto,-0.013022464700043201,0.021044008433818817,-0.09619314700365067,-0.05369389783591032,-0.07874587178230286,-0.0031010236125439405,0.0014585541037376946,0.858433734939759,-0.013643952086567879,0.0009602290228940547,0.0003387424221727997,0.02970147877931595,1.0024962425231934,0.2283332347869873,1.0,0.000677710843373494,2.5100401606425704e-05,0.0006526104417670683,0.007530120481927711,,,cvar,/Users/yaniszaim/deephedging/.deephedging_real_runs/final_paper_notebook/panel_sweeps/TLT_full_paper_grid_800_step_robust/model_artifacts/seed_1234/risk_cvar/proto_source_spot_delta_k_100_weighted_1_learnw_0,445.0,0.05885384370568492,val_loss,0.025525793433189392,0.12887609004974365,0.0016431924882629107,0.011737089201877934,1992.0,20.0,2.0,spot_delta,100.0,True,False,0.21752864122390747,1.3707759380340576
proto_source=spot_delta_k=100_weighted=1_learnw=0,val,1234,proto,-0.014611571095883846,0.024599717929959297,-0.12903215363621712,-0.05628562904894352,-0.08902768790721893,-0.003431843942962587,0.0014138661208562553,0.8708920187793427,-0.014999108389019966,0.0007414405117742717,0.0003539026074577123,0.02959464304149151,1.0024962425231934,0.22428268194198608,1.0,0.0007042253521126761,0.00011737089201877934,0.0005868544600938967,0.007042253521126761,,,cvar,/Users/yaniszaim/deephedging/.deephedging_real_runs/final_paper_notebook/panel_sweeps/TLT_full_paper_grid_800_step_robust/model_artifacts/seed_1234/risk_cvar/proto_source_spot_delta_k_100_weighted_1_learnw_0,445.0,0.05885384370568492,val_loss,0.025525793433189392,0.12887609004974365,0.0016431924882629107,0.011737089201877934,426.0,20.0,2.0,spot_delta,100.0,True,False,0.21752864122390747,1.3707759380340576
proto_source=spot_delta_k=100_weighted=1_learnw=0,test,1234,proto,-0.015704244375228882,0.023826368153095245,-0.09966981448233127,-0.06576784290373325,-0.08779589086771011,-0.0039829404558986425,0.00135241777752526,0.8714953271028038,-0.016239458695054054,0.000896433659363538,0.000361220765626058,0.030605366453528404,1.0024962425231934,0.22016604244709015,1.0,0.0007593457943925234,0.00011682242990654206,0.0006425233644859813,0.011682242990654205,,,cvar,/Users/yaniszaim/deephedging/.deephedging_real_runs/final_paper_notebook/panel_sweeps/TLT_full_paper_grid_800_step_robust/model_artifacts/seed_1234/risk_cvar/proto_source_spot_delta_k_100_weighted_1_learnw_0,445.0,0.05885384370568492,val_loss,0.025525793433189392,0.12887609004974365,0.0016431924882629107,0.011737089201877934,428.0,20.0,2.0,spot_delta,100.0,True,False,0.21752864122390747,1.3707759380340576
proto_source=vanilla_k=10_weighted=0_learnw=0,train,1234,proto,-0.013776867650449276,0.02130027487874031,-0.093941001445055,-0.05619952846318483,-0.08025172352790833,-0.001100717345252633,-1.1838492355365657e-07,0.9497991967871486,-0.013643952086567879,-1.6000436517060734e-05,0.00011691483814502135,0.007169987075030804,0.01866830512881279,0.06134871020913124,0.2343379557132721,0.0,0.0,0.0,0.0,,,cvar,/Users/yaniszaim/deephedging/.deephedging_real_runs/final_paper_notebook/panel_sweeps/TLT_full_paper_grid_800_step_robust/model_artifacts/seed_1234/risk_cvar/proto_source_vanilla_k_10_weighted_0_learnw_0,2.0,0.06042262323666364,val_loss,0.00709655974060297,0.06356409937143326,0.0,0.0,1992.0,20.0,2.0,vanilla,10.0,False,False,0.05411896854639053,0.10127413272857666
proto_source=vanilla_k=10_weighted=0_learnw=0,val,1234,proto,-0.015113485977053642,0.022810934111475945,-0.10561283305287361,-0.05710307788103819,-0.08296786993741989,-0.0014272999833337963,4.181735130259767e-05,0.9366197183098591,-0.014999108389019966,2.805341409839457e-06,0.0001171817712020129,0.007176400162279606,0.018668679520487785,0.06137589365243912,0.2342681884765625,0.0,0.0,0.0,0.0,,,cvar,/Users/yaniszaim/deephedging/.deephedging_real_runs/final_paper_notebook/panel_sweeps/TLT_full_paper_grid_800_step_robust/model_artifacts/seed_1234/risk_cvar/proto_source_vanilla_k_10_weighted_0_learnw_0,2.0,0.06042262323666364,val_loss,0.00709655974060297,0.06356409937143326,0.0,0.0,426.0,20.0,2.0,vanilla,10.0,False,False,0.05411896854639053,0.10127413272857666
proto_source=vanilla_k=10_weighted=0_learnw=0,test,1234,proto,-0.016289344057440758,0.02325594052672386,-0.09067007541656494,-0.06520442701876164,-0.08401335030794144,-0.004288015188649297,4.973465474904503e-05,0.9415887850467289,-0.016239458695054054,6.75352057442069e-05,0.00011742125207092613,0.007168964017182589,0.018668776378035545,0.06130518764257431,0.23267143964767456,0.0,0.0,0.0,0.0,,,cvar,/Users/yaniszaim/deephedging/.deephedging_real_runs/final_paper_notebook/panel_sweeps/TLT_full_paper_grid_800_step_robust/model_artifacts/seed_1234/risk_cvar/proto_source_vanilla_k_10_weighted_0_learnw_0,2.0,0.06042262323666364,val_loss,0.00709655974060297,0.06356409937143326,0.0,0.0,428.0,20.0,2.0,vanilla,10.0,False,False,0.05411896854639053,0.10127413272857666
proto_source=vanilla_k=10_weighted=1_learnw=0,train,1234,proto,-0.013759670779109001,0.021334407851099968,-0.09417099848389626,-0.056276352144777775,-0.0803414136171341,-0.0010831106919795275,2.9524793717427863e-05,0.9422690763052208,-0.013643952086567879,-2.0681573005276732e-05,9.503740875516087e-05,0.006783022545278072,0.043102096766233444,0.05765611305832863,0.21932639181613922,0.0,0.0,0.0,0.0,,,cvar,/Users/yaniszaim/deephedging/.deephedging_real_runs/final_paper_notebook/panel_sweeps/TLT_full_paper_grid_800_step_robust/model_artifacts/seed_1234/risk_cvar/proto_source_vanilla_k_10_weighted_1_learnw_0,2.0,0.060347282805014404,val_loss,0.006452871952205896,0.05609150230884552,0.0,0.0,1992.0,20.0,2.0,vanilla,10.0,True,False,0.056169889867305756,0.10982418060302734
proto_source=vanilla_k=10_weighted=1_learnw=0,val,1234,proto,-0.015096546150743961,0.02282109297811985,-0.10556910745799541,-0.0571171510964632,-0.08299556374549866,-0.0014074909850023687,4.221182280161884e-05,0.9225352112676056,-0.014999108389019966,-9.545083230477758e-07,9.648280683904886e-05,0.0068119969218969345,0.036422375589609146,0.057658158242702484,0.21931105852127075,0.0,0.0,0.0,0.0,,,cvar,/Users/yaniszaim/deephedging/.deephedging_real_runs/final_paper_notebook/panel_sweeps/TLT_full_paper_grid_800_step_robust/model_artifacts/seed_1234/risk_cvar/proto_source_vanilla_k_10_weighted_1_learnw_0,2.0,0.060347282805014404,val_loss,0.006452871952205896,0.05609150230884552,0.0,0.0,426.0,20.0,2.0,vanilla,10.0,True,False,0.056169889867305756,0.10982418060302734
proto_source=vanilla_k=10_weighted=1_learnw=0,test,1234,proto,-0.016270071268081665,0.023285552859306335,-0.09066950857639312,-0.06511167213320732,-0.084084652364254,-0.004259308101609349,5.9733755188062765e-05,0.9369158878504673,-0.016239458695054054,6.573557766387239e-05,9.634880552766845e-05,0.006806415971368551,0.035084839910268784,0.05764671787619591,0.2194918692111969,0.0,0.0,0.0,0.0,,,cvar,/Users/yaniszaim/deephedging/.deephedging_real_runs/final_paper_notebook/panel_sweeps/TLT_full_paper_grid_800_step_robust/model_artifacts/seed_1234/risk_cvar/proto_source_vanilla_k_10_weighted_1_learnw_0,2.0,0.060347282805014404,val_loss,0.006452871952205896,0.05609150230884552,0.0,0.0,428.0,20.0,2.0,vanilla,10.0,True,False,0.056169889867305756,0.10982418060302734
proto_source=vanilla_k=25_weighted=0_learnw=0,train,1234,proto,-0.013752337545156479,0.021538032218813896,-0.09407887473702431,-0.056378290243446816,-0.08088042587041855,-0.0007980022928677499,0.0001603672048076986,0.8875502008032129,-0.013643952086567879,4.768972416968609e-07,0.00010886348900385201,0.0033414075151085854,0.10580240935087204,0.04100383073091507,0.4597426652908325,0.0,0.0,0.0,0.0,,,cvar,/Users/yaniszaim/deephedging/.deephedging_real_runs/final_paper_notebook/panel_sweeps/TLT_full_paper_grid_800_step_robust/model_artifacts/seed_1234/risk_cvar/proto_source_vanilla_k_25_weighted_0_learnw_0,41.0,0.06044730718247593,val_loss,0.003336487337946892,0.04131656512618065,0.0,0.0,1992.0,20.0,2.0,vanilla,25.0,False,False,0.05225171521306038,0.12204165756702423
proto_source=vanilla_k=25_weighted=0_learnw=0,val,1234,proto,-0.01508702989667654,0.022974593564867973,-0.10597110167145729,-0.057931067422032356,-0.08356722444295883,-0.0011415506014600396,0.00011953787361562718,0.903755868544601,-0.014999108389019966,2.1881012798985466e-05,0.00010980254592141137,0.0033592681866139174,0.07362201064825058,0.04098523408174515,0.4036872982978821,0.0,0.0,0.0,0.0,,,cvar,/Users/yaniszaim/deephedging/.deephedging_real_runs/final_paper_notebook/panel_sweeps/TLT_full_paper_grid_800_step_robust/model_artifacts/seed_1234/risk_cvar/proto_source_vanilla_k_25_weighted_0_learnw_0,41.0,0.06044730718247593,val_loss,0.003336487337946892,0.04131656512618065,0.0,0.0,426.0,20.0,2.0,vanilla,25.0,False,False,0.05225171521306038,0.12204165756702423
proto_source=vanilla_k=25_weighted=0_learnw=0,test,1234,proto,-0.016360923647880554,0.023398032411932945,-0.09111746348440647,-0.06579488851130008,-0.0843920037150383,-0.004666089080274105,0.00011601028418226603,0.9065420560747663,-0.016239458695054054,-1.281563800148433e-05,0.00010865021613426507,0.003331161569803953,0.10290542989969254,0.040812898427248,0.28930649161338806,0.0,0.0,0.0,0.0,,,cvar,/Users/yaniszaim/deephedging/.deephedging_real_runs/final_paper_notebook/panel_sweeps/TLT_full_paper_grid_800_step_robust/model_artifacts/seed_1234/risk_cvar/proto_source_vanilla_k_25_weighted_0_learnw_0,41.0,0.06044730718247593,val_loss,0.003336487337946892,0.04131656512618065,0.0,0.0,428.0,20.0,2.0,vanilla,25.0,False,False,0.05225171521306038,0.12204165756702423
proto_source=vanilla_k=25_weighted=1_learnw=0,train,1234,proto,-0.013827173039317131,0.020816124975681305,-0.09204534314572811,-0.054891790449619296,-0.07908409088850021,-0.0029096718644723296,0.00012695103505393484,0.9146586345381527,-0.013643952086567879,1.1662981705740094e-05,0.00019488419638946652,0.015346284955739975,0.06915482878684998,0.1644127368927002,1.0,0.045481927710843376,0.045481927710843376,0.0,0.45732931726907633,,,cvar,/Users/yaniszaim/deephedging/.deephedging_real_runs/final_paper_notebook/panel_sweeps/TLT_full_paper_grid_800_step_robust/model_artifacts/seed_1234/risk_cvar/proto_source_vanilla_k_25_weighted_1_learnw_0,10.0,0.06026378815528005,val_loss,0.0025299033150076866,0.026679737493395805,0.0,0.0,1992.0,20.0,2.0,vanilla,25.0,True,False,0.04553847387433052,0.10608124732971191
proto_source=vanilla_k=25_weighted=1_learnw=0,val,1234,proto,-0.015251808799803257,0.02248232625424862,-0.10507756099104881,-0.05569145083427429,-0.08247939497232437,-0.004302985966205597,7.831916445866227e-05,0.92018779342723,-0.014999108389019966,-5.571260771830566e-05,0.00019698691903613508,0.015356781892478466,0.06915482878684998,0.16550666093826294,1.0,0.04589201877934272,0.04589201877934272,0.0,0.4624413145539906,,,cvar,/Users/yaniszaim/deephedging/.deephedging_real_runs/final_paper_notebook/panel_sweeps/TLT_full_paper_grid_800_step_robust/model_artifacts/seed_1234/risk_cvar/proto_source_vanilla_k_25_weighted_1_learnw_0,10.0,0.06026378815528005,val_loss,0.0025299033150076866,0.026679737493395805,0.0,0.0,426.0,20.0,2.0,vanilla,25.0,True,False,0.04553847387433052,0.10608124732971191
proto_source=vanilla_k=25_weighted=1_learnw=0,test,1234,proto,-0.016223205253481865,0.022793276235461235,-0.08646097451448441,-0.06440940462052822,-0.08282674849033356,-0.004740886855870485,8.101616185740565e-05,0.9205607476635514,-0.016239458695054054,0.0002103373408317566,0.00019408475782256573,0.014990715309977531,0.06915482878684998,0.15552516281604767,1.0,0.0397196261682243,0.0397196261682243,0.0,0.4135514018691589,,,cvar,/Users/yaniszaim/deephedging/.deephedging_real_runs/final_paper_notebook/panel_sweeps/TLT_full_paper_grid_800_step_robust/model_artifacts/seed_1234/risk_cvar/proto_source_vanilla_k_25_weighted_1_learnw_0,10.0,0.06026378815528005,val_loss,0.0025299033150076866,0.026679737493395805,0.0,0.0,428.0,20.0,2.0,vanilla,25.0,True,False,0.04553847387433052,0.10608124732971191
proto_source=vanilla_k=50_weighted=0_learnw=0,train,1234,proto,-0.013822254724800587,0.021627051755785942,-0.09492293700575828,-0.056836278177797794,-0.08112325519323349,-0.0009528013179078698,0.00037926795339444653,0.8237951807228916,-0.013643952086567879,-2.9954578621982364e-06,0.00017530725745018572,0.003551781876012683,0.10036243498325348,0.020342973992228508,0.14709563553333282,0.0,0.0,0.0,0.0,,,cvar,/Users/yaniszaim/deephedging/.deephedging_real_runs/final_paper_notebook/panel_sweeps/TLT_full_paper_grid_800_step_robust/model_artifacts/seed_1234/risk_cvar/proto_source_vanilla_k_50_weighted_0_learnw_0,254.0,0.06035860542790033,val_loss,0.0036612891126424074,0.011844811029732227,0.0,0.0,1992.0,20.0,2.0,vanilla,50.0,False,False,0.06071063131093979,0.1403461992740631
proto_source=vanilla_k=50_weighted=0_learnw=0,val,1234,proto,-0.01516806147992611,0.023192865774035454,-0.10700721852481365,-0.05786453280597925,-0.08394491672515869,-0.001507533306721598,0.0004430034532560967,0.812206572769953,-0.014999108389019966,6.819079317210708e-06,0.00017577105609234422,0.003556523472070694,0.07278205454349518,0.020270010456442833,0.07278205454349518,0.0,0.0,0.0,0.0,,,cvar,/Users/yaniszaim/deephedging/.deephedging_real_runs/final_paper_notebook/panel_sweeps/TLT_full_paper_grid_800_step_robust/model_artifacts/seed_1234/risk_cvar/proto_source_vanilla_k_50_weighted_0_learnw_0,254.0,0.06035860542790033,val_loss,0.0036612891126424074,0.011844811029732227,0.0,0.0,426.0,20.0,2.0,vanilla,50.0,False,False,0.06071063131093979,0.1403461992740631
proto_source=vanilla_k=50_weighted=0_learnw=0,test,1234,proto,-0.016380198299884796,0.023652242496609688,-0.09208511739969254,-0.06620270796120167,-0.08508756011724472,-0.004326751688495278,0.0004894377154414541,0.8271028037383178,-0.016239458695054054,3.5335579013917595e-05,0.0001760773448040709,0.003562814788892865,0.07702699303627014,0.020297719165682793,0.07702699303627014,0.0,0.0,0.0,0.0,,,cvar,/Users/yaniszaim/deephedging/.deephedging_real_runs/final_paper_notebook/panel_sweeps/TLT_full_paper_grid_800_step_robust/model_artifacts/seed_1234/risk_cvar/proto_source_vanilla_k_50_weighted_0_learnw_0,254.0,0.06035860542790033,val_loss,0.0036612891126424074,0.011844811029732227,0.0,0.0,428.0,20.0,2.0,vanilla,50.0,False,False,0.06071063131093979,0.1403461992740631
proto_source=vanilla_k=50_weighted=1_learnw=0,train,1234,proto,-0.013938271440565586,0.021210910752415657,-0.09289674744009972,-0.05636808928102255,-0.08002295345067978,-0.0023810708662495017,0.00043281501712044636,0.8719879518072289,-0.013643952086567879,-7.230045866890578e-06,0.0002870889729820192,0.008974279277026653,0.1189734935760498,0.08146063983440399,1.0,0.00832078313253012,0.00832078313253012,0.0,0.12449799196787148,,,cvar,/Users/yaniszaim/deephedging/.deephedging_real_runs/final_paper_notebook/panel_sweeps/TLT_full_paper_grid_800_step_robust/model_artifacts/seed_1234/risk_cvar/proto_source_vanilla_k_50_weighted_1_learnw_0,98.0,0.06034162567812018,val_loss,0.0019573045428842306,0.02252897433936596,0.0,0.0,1992.0,20.0,2.0,vanilla,50.0,True,False,0.05768197402358055,0.20029017329216003
proto_source=vanilla_k=50_weighted=1_learnw=0,val,1234,proto,-0.015316043980419636,0.022642213851213455,-0.10680585168302059,-0.05762240197509527,-0.08255031704902649,-0.0035452916054055095,0.0003908454382326454,0.8685446009389671,-0.014999108389019966,-2.1945208573015407e-05,0.00029498926596716046,0.009458574466407299,0.1186048835515976,0.08451378345489502,1.0,0.00903755868544601,0.00903755868544601,0.0,0.14084507042253522,,,cvar,/Users/yaniszaim/deephedging/.deephedging_real_runs/final_paper_notebook/panel_sweeps/TLT_full_paper_grid_800_step_robust/model_artifacts/seed_1234/risk_cvar/proto_source_vanilla_k_50_weighted_1_learnw_0,98.0,0.06034162567812018,val_loss,0.0019573045428842306,0.02252897433936596,0.0,0.0,426.0,20.0,2.0,vanilla,50.0,True,False,0.05768197402358055,0.20029017329216003
proto_source=vanilla_k=50_weighted=1_learnw=0,test,1234,proto,-0.0164127666503191,0.02313827909529209,-0.09143842086195945,-0.06549950614571572,-0.08358074724674225,-0.004591504577547312,0.00045614006085088396,0.8785046728971962,-0.016239458695054054,0.00013400058378465474,0.0003073090920224786,0.00999703910201788,0.0801382064819336,0.08832404762506485,1.0,0.009521028037383177,0.009521028037383177,0.0,0.1542056074766355,,,cvar,/Users/yaniszaim/deephedging/.deephedging_real_runs/final_paper_notebook/panel_sweeps/TLT_full_paper_grid_800_step_robust/model_artifacts/seed_1234/risk_cvar/proto_source_vanilla_k_50_weighted_1_learnw_0,98.0,0.06034162567812018,val_loss,0.0019573045428842306,0.02252897433936596,0.0,0.0,428.0,20.0,2.0,vanilla,50.0,True,False,0.05768197402358055,0.20029017329216003
proto_source=vanilla_k=100_weighted=0_learnw=0,train,1234,proto,-0.014159097336232662,0.021115340292453766,-0.09338939793407917,-0.056669815815985194,-0.0800577700138092,-0.002739828312769532,0.0008132254995871322,0.8855421686746988,-0.013643952086567879,9.984960342990234e-06,0.0005251300754025578,0.015241149812936783,0.3318789005279541,0.11993016302585602,1.0,0.0005522088353413654,0.0005522088353413654,0.0,0.013052208835341365,,,cvar,/Users/yaniszaim/deephedging/.deephedging_real_runs/final_paper_notebook/panel_sweeps/TLT_full_paper_grid_800_step_robust/model_artifacts/seed_1234/risk_cvar/proto_source_vanilla_k_100_weighted_0_learnw_0,437.0,0.06034537599538453,val_loss,0.0023208654019981623,0.03672484681010246,0.0,0.0,1992.0,20.0,2.0,vanilla,100.0,False,False,0.07885201275348663,0.44162899255752563
proto_source=vanilla_k=100_weighted=0_learnw=0,val,1234,proto,-0.01559646800160408,0.022678574547171593,-0.10712269693613052,-0.05738047789782286,-0.08276022970676422,-0.003726667840965092,0.0006327038427116349,0.8990610328638498,-0.014999108389019966,-8.639204315841198e-05,0.0005109679186716676,0.015336653217673302,0.22202026844024658,0.12406837940216064,1.0,0.00046948356807511736,0.00046948356807511736,0.0,0.01643192488262911,,,cvar,/Users/yaniszaim/deephedging/.deephedging_real_runs/final_paper_notebook/panel_sweeps/TLT_full_paper_grid_800_step_robust/model_artifacts/seed_1234/risk_cvar/proto_source_vanilla_k_100_weighted_0_learnw_0,437.0,0.06034537599538453,val_loss,0.0023208654019981623,0.03672484681010246,0.0,0.0,426.0,20.0,2.0,vanilla,100.0,False,False,0.07885201275348663,0.44162899255752563
proto_source=vanilla_k=100_weighted=0_learnw=0,test,1234,proto,-0.016812944784760475,0.023158961907029152,-0.09169732637703419,-0.06672299504280091,-0.0843159630894661,-0.005355297587811947,0.0006760328076779826,0.9065420560747663,-0.016239458695054054,-3.700189699884504e-05,0.0005364833632484078,0.015826735645532608,0.24251070618629456,0.12404093891382217,1.0,0.0005841121495327102,0.0005841121495327102,0.0,0.018691588785046728,,,cvar,/Users/yaniszaim/deephedging/.deephedging_real_runs/final_paper_notebook/panel_sweeps/TLT_full_paper_grid_800_step_robust/model_artifacts/seed_1234/risk_cvar/proto_source_vanilla_k_100_weighted_0_learnw_0,437.0,0.06034537599538453,val_loss,0.0023208654019981623,0.03672484681010246,0.0,0.0,428.0,20.0,2.0,vanilla,100.0,False,False,0.07885201275348663,0.44162899255752563
proto_source=vanilla_k=100_weighted=1_learnw=0,train,1234,proto,-0.013722751289606094,0.02170187421143055,-0.09522254355251789,-0.056921241059899326,-0.08126161247491837,-0.0005749966367147863,0.0003463884713710284,0.7715863453815262,-0.013643952086567879,-5.271472673484823e-06,7.352771353907883e-05,0.0016276334645226598,0.03980665281414986,0.029965994879603386,0.046070560812950134,0.0,0.0,0.0,0.0,,,cvar,/Users/yaniszaim/deephedging/.deephedging_real_runs/final_paper_notebook/panel_sweeps/TLT_full_paper_grid_800_step_robust/model_artifacts/seed_1234/risk_cvar/proto_source_vanilla_k_100_weighted_1_learnw_0,2.0,0.06044760036165826,val_loss,0.0016576589550822973,0.030261388048529625,0.0,0.0,1992.0,20.0,2.0,vanilla,100.0,True,False,0.05453629046678543,0.14112965762615204
proto_source=vanilla_k=100_weighted=1_learnw=0,val,1234,proto,-0.015066845342516899,0.02324172854423523,-0.10690748505294323,-0.057777958922088146,-0.08402253687381744,-0.0008221752068493515,0.0003438169660512358,0.7723004694835681,-0.014999108389019966,6.271026450122008e-06,7.40078030503355e-05,0.0016340381698682904,0.03508685156702995,0.030006168410182,0.04027128219604492,0.0,0.0,0.0,0.0,,,cvar,/Users/yaniszaim/deephedging/.deephedging_real_runs/final_paper_notebook/panel_sweeps/TLT_full_paper_grid_800_step_robust/model_artifacts/seed_1234/risk_cvar/proto_source_vanilla_k_100_weighted_1_learnw_0,2.0,0.06044760036165826,val_loss,0.0016576589550822973,0.030261388048529625,0.0,0.0,426.0,20.0,2.0,vanilla,100.0,True,False,0.05453629046678543,0.14112965762615204
proto_source=vanilla_k=100_weighted=1_learnw=0,test,1234,proto,-0.01629137247800827,0.023674966767430305,-0.09177508100867271,-0.06594755537807942,-0.08506189286708832,-0.0043351794593036175,0.0004072324518347158,0.7616822429906542,-0.016239458695054054,2.196494460804388e-05,7.38796079531312e-05,0.0016334651736542583,0.03472508490085602,0.030046438798308372,0.04002033919095993,0.0,0.0,0.0,0.0,,,cvar,/Users/yaniszaim/deephedging/.deephedging_real_runs/final_paper_notebook/panel_sweeps/TLT_full_paper_grid_800_step_robust/model_artifacts/seed_1234/risk_cvar/proto_source_vanilla_k_100_weighted_1_learnw_0,2.0,0.06044760036165826,val_loss,0.0016576589550822973,0.030261388048529625,0.0,0.0,428.0,20.0,2.0,vanilla,100.0,True,False,0.05453629046678543,0.14112965762615204
unhedged,train,2345,baseline,-0.014673314988613129,0.0227054376155138,-0.0948062527179718,-0.05897895097732543,-0.08373703062534332,-0.00033336877822875977,0.0,0.5040160642570282,-0.014673314988613129,0.0,0.0,0.0,0.0,0.0,0.0,0.0,0.0,0.0,0.0,,,,,,,,,,,,,,,,,,,,
spot_delta,train,2345,baseline,-0.014852196909487247,0.022057559341192245,-0.093656110689044,-0.05847727507352829,-0.08125986158847809,-0.006195363122969866,0.004697739914990949,0.7705823293172691,-0.014673314988613129,-1.4386913790076505e-05,0.0001644946023589,0.020554305985569954,0.577771008014679,0.25386619567871094,0.582252025604248,0.0,0.0,0.0,0.0,,,,,,,,,,,,,,,,,,,,
spot_delta_band,train,2345,baseline,-0.014765793457627296,0.022088494151830673,-0.09367617547512054,-0.058813226968050004,-0.08179151266813278,-0.005005640210583806,0.003271336993202567,0.7730923694779116,-0.014673314988613129,-1.5004005035734735e-05,7.747257041046396e-05,0.009683440439403057,0.4277710020542145,0.1898120492696762,0.43225201964378357,0.0,0.0,0.0,0.0,0.15,gains_mean,,,,,,,,,,,,,,,,,,
unhedged,val,2345,baseline,-0.012874191626906395,0.019875483587384224,-0.08526250720024109,-0.05597656965255737,-0.07441633194684982,-0.000712275505065918,-0.0,0.5046948356807511,-0.012874191626906395,0.0,0.0,0.0,0.0,0.0,0.0,0.0,0.0,0.0,0.0,,,,,,,,,,,,,,,,,,,,
spot_delta,val,2345,baseline,-0.013227581046521664,0.019714361056685448,-0.07793964259326458,-0.05475363414734602,-0.07380729913711548,-0.005347342463210225,0.004289139644242823,0.7793427230046949,-0.012874191626906395,-0.00018923428433481604,0.00016415718710049987,0.020522519946098328,0.578885018825531,0.2544204592704773,0.582252025604248,0.0,0.0,0.0,0.0,,,,,,,,,,,,,,,,,,,,
spot_delta_band,val,2345,baseline,-0.013015743345022202,0.01958247646689415,-0.08026918210089207,-0.054175314493477345,-0.07346831262111664,-0.004213347565382719,0.0031372247030958533,0.7816901408450704,-0.012874191626906395,-6.387756002368405e-05,7.76742454036139e-05,0.009709740988910198,0.42888501286506653,0.1901409924030304,0.43225201964378357,0.0,0.0,0.0,0.0,0.15,gains_mean,,,,,,,,,,,,,,,,,,
unhedged,test,2345,baseline,-0.013563576154410839,0.021839184686541557,-0.09475070238113403,-0.06114673018455505,-0.08333387970924377,-0.0,-0.0,0.4742990654205608,-0.013563576154410839,0.0,0.0,0.0,0.0,0.0,0.0,0.0,0.0,0.0,0.0,,,,,,,,,,,,,,,,,,,,
spot_delta,test,2345,baseline,-0.013478416018188,0.02178124338388443,-0.09728440873324871,-0.06106727570295334,-0.0828901156783104,-0.0052178839687258005,0.005221024877391754,0.7406542056074766,-0.013563576154410839,0.00025064058718271554,0.0001654809166211635,0.020689964294433594,0.5677809715270996,0.25433310866355896,0.582252025604248,0.0,0.0,0.0,0.0,,,,,,,,,,,,,,,,,,,,
spot_delta_band,test,2345,baseline,-0.013531764969229698,0.021640783175826073,-0.09512400068342686,-0.06107369475066661,-0.082925945520401,-0.004208367550745606,0.0035190362832508977,0.7383177570093458,-0.013563576154410839,0.00010957418999169022,7.776437269058079e-05,0.009719496592879295,0.41778096556663513,0.1902202069759369,0.43225201964378357,0.0,0.0,0.0,0.0,0.15,gains_mean,,,,,,,,,,,,,,,,,,
vanilla,train,2345,vanilla,-0.014723342843353748,0.022258607670664787,-0.0935632835328579,-0.058205067552626125,-0.08261687308549881,-0.0012865390162914991,-0.00012105754140065998,1.0,-0.014673314988613129,1.1470964636828285e-05,6.149791443021968e-05,0.00718189449980855,0.01530301570892334,0.07470297813415527,0.293393075466156,0.0,0.0,0.0,0.0,,,cvar,/Users/yaniszaim/deephedging/.deephedging_real_runs/final_paper_notebook/panel_sweeps/TLT_full_paper_grid_800_step_robust/model_artifacts/seed_2345/risk_cvar/vanilla,123.0,0.051767026430461556,val_loss,0.005142491776496172,0.04611432924866676,0.0,0.0,1992.0,20.0,2.0,,,,,,
vanilla,val,2345,vanilla,-0.012965647503733635,0.019453968852758408,-0.08412343822419643,-0.05524298548698425,-0.07341862469911575,-0.001257690484635532,-0.00012791192784789018,1.0,-0.012874191626906395,-3.002455378009472e-05,6.143135396996513e-05,0.007187494542449713,0.015276581048965454,0.07473307102918625,0.2929232716560364,0.0,0.0,0.0,0.0,,,cvar,/Users/yaniszaim/deephedging/.deephedging_real_runs/final_paper_notebook/panel_sweeps/TLT_full_paper_grid_800_step_robust/model_artifacts/seed_2345/risk_cvar/vanilla,123.0,0.051767026430461556,val_loss,0.005142491776496172,0.04611432924866676,0.0,0.0,426.0,20.0,2.0,,,,,,
vanilla,test,2345,vanilla,-0.013656213879585266,0.02139165624976158,-0.09348883047699928,-0.06033298689872026,-0.08221506327390671,-0.0011221531312912703,-0.00013071190915070499,1.0,-0.013563576154410839,-3.11909279844258e-05,6.144774670246989e-05,0.0071853771805763245,0.01527509093284607,0.07471632957458496,0.2921987771987915,0.0,0.0,0.0,0.0,,,cvar,/Users/yaniszaim/deephedging/.deephedging_real_runs/final_paper_notebook/panel_sweeps/TLT_full_paper_grid_800_step_robust/model_artifacts/seed_2345/risk_cvar/vanilla,123.0,0.051767026430461556,val_loss,0.005142491776496172,0.04611432924866676,0.0,0.0,428.0,20.0,2.0,,,,,,
proto_source=spot_delta_k=10_weighted=0_learnw=0,train,2345,proto,-0.013652157969772816,0.022812075912952423,-0.1024515936523676,-0.056321876309812065,-0.08294159919023514,-0.004617891740053892,0.006072810711339111,0.7846385542168675,-0.014673314988613129,0.0014183662133291364,0.000397208466893062,0.04333798959851265,1.0823259353637695,0.17864000797271729,1.0000001192092896,0.0029367469879518072,0.0006275100401606426,0.0023092369477911647,0.04969879518072289,,,cvar,/Users/yaniszaim/deephedging/.deephedging_real_runs/final_paper_notebook/panel_sweeps/TLT_full_paper_grid_800_step_robust/model_artifacts/seed_2345/risk_cvar/proto_source_spot_delta_k_10_weighted_0_learnw_0,729.0,0.04970727987648666,val_loss,0.030178721994161606,0.15034939348697662,0.001995305164319249,0.0539906103286385,1992.0,20.0,2.0,spot_delta,10.0,False,False,0.5297445058822632,1.1985065937042236
proto_source=spot_delta_k=10_weighted=0_learnw=0,val,2345,proto,-0.01178746111690998,0.019486676901578903,-0.08212207444012165,-0.05013637337833643,-0.0727972462773323,-0.003984564682468772,0.005665912642143667,0.8004694835680751,-0.012874191626906395,0.0014612100785598159,0.0003744801797438413,0.04198136925697327,1.0823259353637695,0.18053680658340454,1.0,0.0019366197183098592,0.0,0.0019366197183098592,0.03051643192488263,,,cvar,/Users/yaniszaim/deephedging/.deephedging_real_runs/final_paper_notebook/panel_sweeps/TLT_full_paper_grid_800_step_robust/model_artifacts/seed_2345/risk_cvar/proto_source_spot_delta_k_10_weighted_0_learnw_0,729.0,0.04970727987648666,val_loss,0.030178721994161606,0.15034939348697662,0.001995305164319249,0.0539906103286385,426.0,20.0,2.0,spot_delta,10.0,False,False,0.5297445058822632,1.1985065937042236
proto_source=spot_delta_k=10_weighted=0_learnw=0,test,2345,proto,-0.01234215684235096,0.021465802565217018,-0.09540554665029048,-0.054480748623609535,-0.08064035326242447,-0.0043758603278547525,0.006866047997027633,0.7710280373831776,-0.013563576154410839,0.0016145556000992656,0.0003931358805857599,0.04352651536464691,1.0823259353637695,0.1792852282524109,1.0,0.003796728971962617,0.0,0.003796728971962617,0.053738317757009345,,,cvar,/Users/yaniszaim/deephedging/.deephedging_real_runs/final_paper_notebook/panel_sweeps/TLT_full_paper_grid_800_step_robust/model_artifacts/seed_2345/risk_cvar/proto_source_spot_delta_k_10_weighted_0_learnw_0,729.0,0.04970727987648666,val_loss,0.030178721994161606,0.15034939348697662,0.001995305164319249,0.0539906103286385,428.0,20.0,2.0,spot_delta,10.0,False,False,0.5297445058822632,1.1985065937042236
proto_source=spot_delta_k=10_weighted=1_learnw=0,train,2345,proto,-0.014110327698290348,0.02290796861052513,-0.0921889129281044,-0.05669171158224344,-0.08305052667856216,-0.0010845839860849082,-9.26609969610584e-05,0.9799196787148594,-0.014673314988613129,0.0007183238049037755,0.00015533498662989587,0.008597257547080517,0.8139032125473022,0.06952214241027832,1.0,0.0001255020080321285,0.0,0.0001255020080321285,0.0030120481927710845,,,cvar,/Users/yaniszaim/deephedging/.deephedging_real_runs/final_paper_notebook/panel_sweeps/TLT_full_paper_grid_800_step_robust/model_artifacts/seed_2345/risk_cvar/proto_source_spot_delta_k_10_weighted_1_learnw_0,172.0,0.050347046591669435,val_loss,0.008457879535853863,0.0676506981253624,0.00017605633802816902,0.004694835680751174,1992.0,20.0,2.0,spot_delta,10.0,True,False,0.3214717507362366,0.9478505253791809
proto_source=spot_delta_k=10_weighted=1_learnw=0,val,2345,proto,-0.012321819551289082,0.019055040553212166,-0.08336078934371471,-0.05329262837767601,-0.07220267504453659,-0.0010802894830703735,-0.00010508952254895121,0.9835680751173709,-0.012874191626906395,0.0006971271941438317,0.00014475567149929702,0.008245904929935932,0.8139032125473022,0.07090318202972412,1.0,0.00017605633802816902,0.0,0.00017605633802816902,0.004694835680751174,,,cvar,/Users/yaniszaim/deephedging/.deephedging_real_runs/final_paper_notebook/panel_sweeps/TLT_full_paper_grid_800_step_robust/model_artifacts/seed_2345/risk_cvar/proto_source_spot_delta_k_10_weighted_1_learnw_0,172.0,0.050347046591669435,val_loss,0.008457879535853863,0.0676506981253624,0.00017605633802816902,0.004694835680751174,426.0,20.0,2.0,spot_delta,10.0,True,False,0.3214717507362366,0.9478505253791809
proto_source=spot_delta_k=10_weighted=1_learnw=0,test,2345,proto,-0.012865282595157623,0.02093179151415825,-0.09394785188138484,-0.05208379290997982,-0.08067827671766281,-0.0009628945554140955,-8.797063710517259e-05,0.9766355140186916,-0.013563576154410839,0.0008702544728294015,0.000171961379237473,0.008820129558444023,0.8139032125473022,0.07512868195772171,1.0,0.0002920560747663551,0.0,0.0002920560747663551,0.009345794392523364,,,cvar,/Users/yaniszaim/deephedging/.deephedging_real_runs/final_paper_notebook/panel_sweeps/TLT_full_paper_grid_800_step_robust/model_artifacts/seed_2345/risk_cvar/proto_source_spot_delta_k_10_weighted_1_learnw_0,172.0,0.050347046591669435,val_loss,0.008457879535853863,0.0676506981253624,0.00017605633802816902,0.004694835680751174,428.0,20.0,2.0,spot_delta,10.0,True,False,0.3214717507362366,0.9478505253791809
proto_source=spot_delta_k=25_weighted=0_learnw=0,train,2345,proto,-0.01492250431329012,0.022365324199199677,-0.09807153478264809,-0.059179811924695964,-0.08406209200620651,-0.00581687199883163,0.0028518631355836763,0.8519076305220884,-0.014673314988613129,0.00020479958038777113,0.00045398756628856063,0.04029691219329834,0.8371762037277222,0.3020729124546051,1.0,0.04309738955823293,0.03775100401606426,0.005346385542168675,0.39006024096385544,,,cvar,/Users/yaniszaim/deephedging/.deephedging_real_runs/final_paper_notebook/panel_sweeps/TLT_full_paper_grid_800_step_robust/model_artifacts/seed_2345/risk_cvar/proto_source_spot_delta_k_25_weighted_0_learnw_0,261.0,0.051182403884382104,val_loss,0.017636017873883247,0.080106221139431,0.0017605633802816902,0.009389671361502348,1992.0,20.0,2.0,spot_delta,25.0,False,False,0.18898138403892517,0.9513556957244873
proto_source=spot_delta_k=25_weighted=0_learnw=0,val,2345,proto,-0.012504933401942253,0.01895638182759285,-0.08207547105848789,-0.04816797748208046,-0.07153666764497757,-0.004943272797390819,0.003441407927311957,0.8215962441314554,-0.012874191626906395,0.0008173846872523427,0.00044812646228820086,0.040374040603637695,0.8371762037277222,0.30527830123901367,1.0,0.041901408450704225,0.03568075117370892,0.006220657276995305,0.3826291079812207,,,cvar,/Users/yaniszaim/deephedging/.deephedging_real_runs/final_paper_notebook/panel_sweeps/TLT_full_paper_grid_800_step_robust/model_artifacts/seed_2345/risk_cvar/proto_source_spot_delta_k_25_weighted_0_learnw_0,261.0,0.051182403884382104,val_loss,0.017636017873883247,0.080106221139431,0.0017605633802816902,0.009389671361502348,426.0,20.0,2.0,spot_delta,25.0,False,False,0.18898138403892517,0.9513556957244873
proto_source=spot_delta_k=25_weighted=0_learnw=0,test,2345,proto,-0.013596555218100548,0.02149382047355175,-0.0980861795693636,-0.05625195018947124,-0.08463415503501892,-0.0047364626079797745,0.0027265692944638425,0.8411214953271028,-0.013563576154410839,0.00045346934348344803,0.0004864483489654958,0.041091617196798325,0.8371762037277222,0.3097224235534668,1.0,0.05251168224299065,0.04521028037383178,0.0073014018691588784,0.42757009345794394,,,cvar,/Users/yaniszaim/deephedging/.deephedging_real_runs/final_paper_notebook/panel_sweeps/TLT_full_paper_grid_800_step_robust/model_artifacts/seed_2345/risk_cvar/proto_source_spot_delta_k_25_weighted_0_learnw_0,261.0,0.051182403884382104,val_loss,0.017636017873883247,0.080106221139431,0.0017605633802816902,0.009389671361502348,428.0,20.0,2.0,spot_delta,25.0,False,False,0.18898138403892517,0.9513556957244873
proto_source=spot_delta_k=25_weighted=1_learnw=0,train,2345,proto,-0.014418507926166058,0.02129657380282879,-0.09071351543068885,-0.05586192235350609,-0.07935164123773575,-0.004842358408495784,0.0018360197660513182,0.838855421686747,-0.014673314988613129,0.00045882846461609006,0.00020402055815793574,0.02377077005803585,0.6656392812728882,0.32092714309692383,1.0,0.000251004016064257,0.0,0.000251004016064257,0.0015060240963855422,,,cvar,/Users/yaniszaim/deephedging/.deephedging_real_runs/final_paper_notebook/panel_sweeps/TLT_full_paper_grid_800_step_robust/model_artifacts/seed_2345/risk_cvar/proto_source_spot_delta_k_25_weighted_1_learnw_0,239.0,0.05083130032488717,val_loss,0.02420702576637268,0.12375558167695999,0.00023474178403755868,0.002347417840375587,1992.0,20.0,2.0,spot_delta,25.0,True,False,0.18068210780620575,0.9404960870742798
proto_source=spot_delta_k=25_weighted=1_learnw=0,val,2345,proto,-0.012458819895982742,0.018106866627931595,-0.07776444405317307,-0.05103878490626812,-0.06968378275632858,-0.004597008228302002,0.00152100739069283,0.8427230046948356,-0.012874191626906395,0.0006275598425418139,0.00021218950860202312,0.02400815673172474,0.6638140678405762,0.3231399953365326,0.914702296257019,0.0,0.0,0.0,0.0,,,cvar,/Users/yaniszaim/deephedging/.deephedging_real_runs/final_paper_notebook/panel_sweeps/TLT_full_paper_grid_800_step_robust/model_artifacts/seed_2345/risk_cvar/proto_source_spot_delta_k_25_weighted_1_learnw_0,239.0,0.05083130032488717,val_loss,0.02420702576637268,0.12375558167695999,0.00023474178403755868,0.002347417840375587,426.0,20.0,2.0,spot_delta,25.0,True,False,0.18068210780620575,0.9404960870742798
proto_source=spot_delta_k=25_weighted=1_learnw=0,test,2345,proto,-0.013195314444601536,0.0202197078615427,-0.09423300936818123,-0.050546846352517605,-0.07824552804231644,-0.004084720043465495,0.0022563464823178946,0.822429906542056,-0.013563576154410839,0.0005848962464369833,0.00021663412917405367,0.024209540337324142,0.620667040348053,0.3201095461845398,0.948550820350647,0.0,0.0,0.0,0.0,,,cvar,/Users/yaniszaim/deephedging/.deephedging_real_runs/final_paper_notebook/panel_sweeps/TLT_full_paper_grid_800_step_robust/model_artifacts/seed_2345/risk_cvar/proto_source_spot_delta_k_25_weighted_1_learnw_0,239.0,0.05083130032488717,val_loss,0.02420702576637268,0.12375558167695999,0.00023474178403755868,0.002347417840375587,428.0,20.0,2.0,spot_delta,25.0,True,False,0.18068210780620575,0.9404960870742798
proto_source=spot_delta_k=50_weighted=0_learnw=0,train,2345,proto,-0.0142560675740242,0.021823085844516754,-0.09137950092554092,-0.05629324279725552,-0.08064892143011093,-0.0044390191324055195,0.0027229696395806953,0.8323293172690763,-0.014673314988613129,0.0007468163967132568,0.00032956714858300984,0.0359497033059597,0.41709426045417786,0.2823638916015625,1.0,0.0007655622489959839,0.0,0.0007655622489959839,0.004518072289156626,,,cvar,/Users/yaniszaim/deephedging/.deephedging_real_runs/final_paper_notebook/panel_sweeps/TLT_full_paper_grid_800_step_robust/model_artifacts/seed_2345/risk_cvar/proto_source_spot_delta_k_50_weighted_0_learnw_0,37.0,0.05117134154573118,val_loss,0.028658082708716393,0.14134865999221802,0.0005868544600938967,0.004694835680751174,1992.0,20.0,2.0,spot_delta,50.0,False,False,0.12091527879238129,0.49398085474967957
proto_source=spot_delta_k=50_weighted=0_learnw=0,val,2345,proto,-0.012271927669644356,0.018529163673520088,-0.07683384418487549,-0.045171504840254784,-0.06971877068281174,-0.0045599055010825396,0.002022286702413112,0.8380281690140845,-0.012874191626906395,0.0009343355195596814,0.0003320727846585214,0.03489796817302704,0.417087197303772,0.2869457006454468,1.0,0.002112676056338028,0.0,0.002112676056338028,0.009389671361502348,,,cvar,/Users/yaniszaim/deephedging/.deephedging_real_runs/final_paper_notebook/panel_sweeps/TLT_full_paper_grid_800_step_robust/model_artifacts/seed_2345/risk_cvar/proto_source_spot_delta_k_50_weighted_0_learnw_0,37.0,0.05117134154573118,val_loss,0.028658082708716393,0.14134865999221802,0.0005868544600938967,0.004694835680751174,426.0,20.0,2.0,spot_delta,50.0,False,False,0.12091527879238129,0.49398085474967957
proto_source=spot_delta_k=50_weighted=0_learnw=0,test,2345,proto,-0.012992692179977894,0.02026827074587345,-0.09299223504960537,-0.052968901582062244,-0.07854365557432175,-0.004067601868882775,0.002436517260503021,0.8387850467289719,-0.013563576154410839,0.0009067618520930409,0.000335878343321383,0.03491687402129173,0.4170936644077301,0.2885838747024536,1.0,0.0008761682242990654,0.0,0.0008761682242990654,0.004672897196261682,,,cvar,/Users/yaniszaim/deephedging/.deephedging_real_runs/final_paper_notebook/panel_sweeps/TLT_full_paper_grid_800_step_robust/model_artifacts/seed_2345/risk_cvar/proto_source_spot_delta_k_50_weighted_0_learnw_0,37.0,0.05117134154573118,val_loss,0.028658082708716393,0.14134865999221802,0.0005868544600938967,0.004694835680751174,428.0,20.0,2.0,spot_delta,50.0,False,False,0.12091527879238129,0.49398085474967957
proto_source=spot_delta_k=50_weighted=1_learnw=0,train,2345,proto,-0.014770494773983955,0.02203494869172573,-0.09155101634562016,-0.0562244864180684,-0.08012181520462036,-0.006037485785782337,0.0012574233929626617,0.8955823293172691,-0.014673314988613129,0.0008504338911734521,0.0009476128616370261,0.03867504745721817,1.0687735080718994,0.29635530710220337,1.0,0.06029116465863454,0.05932479919678715,0.0009663654618473896,0.34387550200803213,,,cvar,/Users/yaniszaim/deephedging/.deephedging_real_runs/final_paper_notebook/panel_sweeps/TLT_full_paper_grid_800_step_robust/model_artifacts/seed_2345/risk_cvar/proto_source_spot_delta_k_50_weighted_1_learnw_0,406.0,0.050488243860371866,val_loss,0.028802314773201942,0.12507763504981995,0.0007629107981220657,0.007042253521126761,1992.0,20.0,2.0,spot_delta,50.0,True,False,0.25734367966651917,1.2641040086746216
proto_source=spot_delta_k=50_weighted=1_learnw=0,val,2345,proto,-0.012874714098870754,0.018630174919962883,-0.07635307312011719,-0.05114977806806564,-0.0684783086180687,-0.005927993915975094,0.0015545624191872776,0.8967136150234741,-0.012874191626906395,0.001003785990178585,0.0010043090442195535,0.038664862513542175,1.0687735080718994,0.3059144914150238,1.0,0.06654929577464788,0.06578638497652582,0.0007629107981220657,0.3403755868544601,,,cvar,/Users/yaniszaim/deephedging/.deephedging_real_runs/final_paper_notebook/panel_sweeps/TLT_full_paper_grid_800_step_robust/model_artifacts/seed_2345/risk_cvar/proto_source_spot_delta_k_50_weighted_1_learnw_0,406.0,0.050488243860371866,val_loss,0.028802314773201942,0.12507763504981995,0.0007629107981220657,0.007042253521126761,426.0,20.0,2.0,spot_delta,50.0,True,False,0.25734367966651917,1.2641040086746216
proto_source=spot_delta_k=50_weighted=1_learnw=0,test,2345,proto,-0.013494821265339851,0.021097781136631966,-0.0946159204095602,-0.050451859086751934,-0.07875480502843857,-0.005690180230885744,0.001997123367618769,0.8738317757009346,-0.013563576154410839,0.001031834981404245,0.0009630797430872917,0.038082223385572433,1.0687735080718994,0.30042997002601624,1.0,0.061740654205607474,0.06051401869158878,0.0012266355140186916,0.32242990654205606,,,cvar,/Users/yaniszaim/deephedging/.deephedging_real_runs/final_paper_notebook/panel_sweeps/TLT_full_paper_grid_800_step_robust/model_artifacts/seed_2345/risk_cvar/proto_source_spot_delta_k_50_weighted_1_learnw_0,406.0,0.050488243860371866,val_loss,0.028802314773201942,0.12507763504981995,0.0007629107981220657,0.007042253521126761,428.0,20.0,2.0,spot_delta,50.0,True,False,0.25734367966651917,1.2641040086746216
proto_source=spot_delta_k=100_weighted=0_learnw=0,train,2345,proto,-0.013495591469109058,0.022390883415937424,-0.09488922916352749,-0.05859579443931579,-0.08125192672014236,-0.003440669272094965,0.0047774780308827754,0.7906626506024096,-0.014673314988613129,0.0016634747153148055,0.0004857513413298875,0.04369032010436058,1.0852704048156738,0.1990986466407776,1.0000001192092896,0.001418172690763052,0.00022590361445783133,0.001192269076305221,0.030622489959839357,,,cvar,/Users/yaniszaim/deephedging/.deephedging_real_runs/final_paper_notebook/panel_sweeps/TLT_full_paper_grid_800_step_robust/model_artifacts/seed_2345/risk_cvar/proto_source_spot_delta_k_100_weighted_0_learnw_0,736.0,0.05005501782416669,val_loss,0.03398868069052696,0.15594473481178284,0.0019366197183098592,0.056338028169014086,1992.0,20.0,2.0,spot_delta,100.0,False,False,0.17017127573490143,1.3350335359573364
proto_source=spot_delta_k=100_weighted=0_learnw=0,val,2345,proto,-0.011328020133078098,0.019744187593460083,-0.08039747178554535,-0.05184600688517094,-0.07147565484046936,-0.002968307351693511,0.004437412368133664,0.8215962441314554,-0.012874191626906395,0.00202435115352273,0.0004781807365361601,0.04107489436864853,1.0852704048156738,0.20158033072948456,1.0000001192092896,0.0012910798122065727,0.00029342723004694836,0.0009976525821596245,0.028169014084507043,,,cvar,/Users/yaniszaim/deephedging/.deephedging_real_runs/final_paper_notebook/panel_sweeps/TLT_full_paper_grid_800_step_robust/model_artifacts/seed_2345/risk_cvar/proto_source_spot_delta_k_100_weighted_0_learnw_0,736.0,0.05005501782416669,val_loss,0.03398868069052696,0.15594473481178284,0.0019366197183098592,0.056338028169014086,426.0,20.0,2.0,spot_delta,100.0,False,False,0.17017127573490143,1.3350335359573364
proto_source=spot_delta_k=100_weighted=0_learnw=0,test,2345,proto,-0.012652222998440266,0.02272954210639,-0.10384900659322739,-0.05555228646844625,-0.08590751886367798,-0.0030837588710710406,0.004747422668151555,0.7967289719626168,-0.013563576154410839,0.001409021788276732,0.0004976680502295494,0.042802322655916214,1.0852704048156738,0.2061345875263214,1.0,0.001810747663551402,0.00011682242990654206,0.0016939252336448597,0.0397196261682243,,,cvar,/Users/yaniszaim/deephedging/.deephedging_real_runs/final_paper_notebook/panel_sweeps/TLT_full_paper_grid_800_step_robust/model_artifacts/seed_2345/risk_cvar/proto_source_spot_delta_k_100_weighted_0_learnw_0,736.0,0.05005501782416669,val_loss,0.03398868069052696,0.15594473481178284,0.0019366197183098592,0.056338028169014086,428.0,20.0,2.0,spot_delta,100.0,False,False,0.17017127573490143,1.3350335359573364
proto_source=spot_delta_k=100_weighted=1_learnw=0,train,2345,proto,-0.014263738878071308,0.022270342335104942,-0.08928354047238826,-0.05722211133688687,-0.08136163651943207,-0.002993916394189,0.0011599916149862067,0.8308232931726908,-0.014673314988613129,0.0005960889393463731,0.00018651250866241753,0.01900332048535347,0.8419202566146851,0.15727175772190094,1.0,0.0008659638554216867,0.0007655622489959839,0.00010040160642570282,0.0035140562248995983,,,cvar,/Users/yaniszaim/deephedging/.deephedging_real_runs/final_paper_notebook/panel_sweeps/TLT_full_paper_grid_800_step_robust/model_artifacts/seed_2345/risk_cvar/proto_source_spot_delta_k_100_weighted_1_learnw_0,238.0,0.05095829448328209,val_loss,0.015229963697493076,0.10887600481510162,0.0007042253521126761,0.011737089201877934,1992.0,20.0,2.0,spot_delta,100.0,True,False,0.16537262499332428,0.8458560705184937
proto_source=spot_delta_k=100_weighted=1_learnw=0,val,2345,proto,-0.012562881223857403,0.018791448324918747,-0.0799220409244299,-0.05477593466639519,-0.07059052586555481,-0.0026608232874423265,0.0010860938346013427,0.8450704225352113,-0.012874191626906395,0.0005112243234179914,0.00019991521548945457,0.01893339864909649,0.8419212102890015,0.16161538660526276,1.0,0.0014084507042253522,0.0012323943661971832,0.00017605633802816902,0.009389671361502348,,,cvar,/Users/yaniszaim/deephedging/.deephedging_real_runs/final_paper_notebook/panel_sweeps/TLT_full_paper_grid_800_step_robust/model_artifacts/seed_2345/risk_cvar/proto_source_spot_delta_k_100_weighted_1_learnw_0,238.0,0.05095829448328209,val_loss,0.015229963697493076,0.10887600481510162,0.0007042253521126761,0.011737089201877934,426.0,20.0,2.0,spot_delta,100.0,True,False,0.16537262499332428,0.8458560705184937
proto_source=spot_delta_k=100_weighted=1_learnw=0,test,2345,proto,-0.012818446382880211,0.020660998299717903,-0.09709189698100089,-0.05093650221824646,-0.07890637964010239,-0.002244369825348258,0.0011835085344500825,0.8364485981308412,-0.013563576154410839,0.0009671456646174192,0.00022201758110895753,0.019162354990839958,0.8418809175491333,0.1609298139810562,1.0,0.00035046728971962614,0.0,0.00035046728971962614,0.007009345794392523,,,cvar,/Users/yaniszaim/deephedging/.deephedging_real_runs/final_paper_notebook/panel_sweeps/TLT_full_paper_grid_800_step_robust/model_artifacts/seed_2345/risk_cvar/proto_source_spot_delta_k_100_weighted_1_learnw_0,238.0,0.05095829448328209,val_loss,0.015229963697493076,0.10887600481510162,0.0007042253521126761,0.011737089201877934,428.0,20.0,2.0,spot_delta,100.0,True,False,0.16537262499332428,0.8458560705184937
proto_source=vanilla_k=10_weighted=0_learnw=0,train,2345,proto,-0.014727454632520676,0.02265644446015358,-0.09479079328477383,-0.05901140980422496,-0.0836506187915802,-0.0004891146090812981,-5.5446059559471915e-05,1.0,-0.014673314988613129,1.6188593008337193e-06,5.5758013331796974e-05,0.0008176391711458564,0.050435010343790054,0.008636950515210629,0.15368962287902832,0.0,0.0,0.0,0.0,,,cvar,/Users/yaniszaim/deephedging/.deephedging_real_runs/final_paper_notebook/panel_sweeps/TLT_full_paper_grid_800_step_robust/model_artifacts/seed_2345/risk_cvar/proto_source_vanilla_k_10_weighted_0_learnw_0,654.0,0.05163020527194021,val_loss,0.0008180257282219827,0.008654505014419556,0.0,0.0,1992.0,20.0,2.0,vanilla,10.0,False,False,0.05779581144452095,0.13509811460971832
proto_source=vanilla_k=10_weighted=0_learnw=0,val,2345,proto,-0.012930147349834442,0.019859325140714645,-0.08528754115104675,-0.05601183231920004,-0.07439692318439484,-0.0007635982474312186,-5.704863360733725e-05,1.0,-0.012874191626906395,6.303452693146028e-08,5.601943485089578e-05,0.000821631692815572,0.0986589714884758,0.008723965846002102,0.11688878387212753,0.0,0.0,0.0,0.0,,,cvar,/Users/yaniszaim/deephedging/.deephedging_real_runs/final_paper_notebook/panel_sweeps/TLT_full_paper_grid_800_step_robust/model_artifacts/seed_2345/risk_cvar/proto_source_vanilla_k_10_weighted_0_learnw_0,654.0,0.05163020527194021,val_loss,0.0008180257282219827,0.008654505014419556,0.0,0.0,426.0,20.0,2.0,vanilla,10.0,False,False,0.05779581144452095,0.13509811460971832
proto_source=vanilla_k=10_weighted=0_learnw=0,test,2345,proto,-0.013621233403682709,0.02179427444934845,-0.09476991139352321,-0.06117917094379663,-0.08315951377153397,-9.475604383624159e-05,-5.571086294366978e-05,1.0,-0.013563576154410839,-1.0702658528316533e-06,5.658713780576363e-05,0.0008471413166262209,0.07010948657989502,0.009047914296388626,0.18302267789840698,0.0,0.0,0.0,0.0,,,cvar,/Users/yaniszaim/deephedging/.deephedging_real_runs/final_paper_notebook/panel_sweeps/TLT_full_paper_grid_800_step_robust/model_artifacts/seed_2345/risk_cvar/proto_source_vanilla_k_10_weighted_0_learnw_0,654.0,0.05163020527194021,val_loss,0.0008180257282219827,0.008654505014419556,0.0,0.0,428.0,20.0,2.0,vanilla,10.0,False,False,0.05779581144452095,0.13509811460971832
proto_source=vanilla_k=10_weighted=1_learnw=0,train,2345,proto,-0.014817272312939167,0.02272743172943592,-0.09548756122589111,-0.05915699955075979,-0.08397531509399414,-0.0017677561845630407,0.0006991863134317074,0.7921686746987951,-0.014673314988613129,5.194430741539691e-06,0.0001491505972808227,0.004028217867016792,0.16200803220272064,0.030075842514634132,0.2670525014400482,0.0,0.0,0.0,0.0,,,cvar,/Users/yaniszaim/deephedging/.deephedging_real_runs/final_paper_notebook/panel_sweeps/TLT_full_paper_grid_800_step_robust/model_artifacts/seed_2345/risk_cvar/proto_source_vanilla_k_10_weighted_1_learnw_0,423.0,0.05202750378870405,val_loss,0.0022063807118684053,0.04249339923262596,0.0,0.0,1992.0,20.0,2.0,vanilla,10.0,True,False,0.0901108831167221,0.1676756739616394
proto_source=vanilla_k=10_weighted=1_learnw=0,val,2345,proto,-0.012974455952644348,0.019992010667920113,-0.08553006127476692,-0.056268174201250076,-0.07511042803525925,-0.0014334056177176535,0.000784373638452962,0.7699530516431925,-0.012874191626906395,5.29249373357743e-05,0.00015319054364226758,0.004017123486846685,0.16175271570682526,0.030759049579501152,0.17637185752391815,0.0,0.0,0.0,0.0,,,cvar,/Users/yaniszaim/deephedging/.deephedging_real_runs/final_paper_notebook/panel_sweeps/TLT_full_paper_grid_800_step_robust/model_artifacts/seed_2345/risk_cvar/proto_source_vanilla_k_10_weighted_1_learnw_0,423.0,0.05202750378870405,val_loss,0.0022063807118684053,0.04249339923262596,0.0,0.0,426.0,20.0,2.0,vanilla,10.0,True,False,0.0901108831167221,0.1676756739616394
proto_source=vanilla_k=10_weighted=1_learnw=0,test,2345,proto,-0.013777041807770729,0.021848145872354507,-0.09479647979140282,-0.06034771837294101,-0.08335909247398376,-0.001373004459310323,0.000585172031424008,0.7897196261682243,-0.013563576154410839,-5.999844506732188e-05,0.00015346765576396137,0.004090570379048586,0.1540052741765976,0.030836254358291626,0.1926330327987671,0.0,0.0,0.0,0.0,,,cvar,/Users/yaniszaim/deephedging/.deephedging_real_runs/final_paper_notebook/panel_sweeps/TLT_full_paper_grid_800_step_robust/model_artifacts/seed_2345/risk_cvar/proto_source_vanilla_k_10_weighted_1_learnw_0,423.0,0.05202750378870405,val_loss,0.0022063807118684053,0.04249339923262596,0.0,0.0,428.0,20.0,2.0,vanilla,10.0,True,False,0.0901108831167221,0.1676756739616394
proto_source=vanilla_k=25_weighted=0_learnw=0,train,2345,proto,-0.014929579570889473,0.021567296236753464,-0.09162261739373206,-0.05705455560237169,-0.08098874241113663,-0.0029491230379790068,-0.00040306124283233716,0.9954819277108434,-0.014673314988613129,1.544072074466385e-05,0.00027170521207153797,0.01916469819843769,0.10600095987319946,0.21402987837791443,0.7975984215736389,0.0,0.0,0.0,0.0,,,cvar,/Users/yaniszaim/deephedging/.deephedging_real_runs/final_paper_notebook/panel_sweeps/TLT_full_paper_grid_800_step_robust/model_artifacts/seed_2345/risk_cvar/proto_source_vanilla_k_25_weighted_0_learnw_0,151.0,0.05295819423161447,val_loss,0.018555892631411552,0.20119090378284454,0.0,0.0,1992.0,20.0,2.0,vanilla,25.0,False,False,0.06866700947284698,0.1331465244293213
proto_source=vanilla_k=25_weighted=0_learnw=0,val,2345,proto,-0.013216341845691204,0.01879192143678665,-0.08256923966109753,-0.05427220929414034,-0.0717514380812645,-0.0028075295267626643,-0.0005000888049835339,1.0,-0.012874191626906395,-7.071024447213858e-05,0.0002714408910833299,0.01917453110218048,0.08541415631771088,0.2142016738653183,0.7706250548362732,0.0,0.0,0.0,0.0,,,cvar,/Users/yaniszaim/deephedging/.deephedging_real_runs/final_paper_notebook/panel_sweeps/TLT_full_paper_grid_800_step_robust/model_artifacts/seed_2345/risk_cvar/proto_source_vanilla_k_25_weighted_0_learnw_0,151.0,0.05295819423161447,val_loss,0.018555892631411552,0.20119090378284454,0.0,0.0,426.0,20.0,2.0,vanilla,25.0,False,False,0.06866700947284698,0.1331465244293213
proto_source=vanilla_k=25_weighted=0_learnw=0,test,2345,proto,-0.013913016766309738,0.02070900984108448,-0.09169446595013142,-0.05913379546254873,-0.08050304651260376,-0.0026939994422718883,-0.0004285244780476206,0.9976635514018691,-0.013563576154410839,-7.916153845144436e-05,0.00027027868782170117,0.019153567031025887,0.07831811904907227,0.21382611989974976,0.7651646137237549,0.0,0.0,0.0,0.0,,,cvar,/Users/yaniszaim/deephedging/.deephedging_real_runs/final_paper_notebook/panel_sweeps/TLT_full_paper_grid_800_step_robust/model_artifacts/seed_2345/risk_cvar/proto_source_vanilla_k_25_weighted_0_learnw_0,151.0,0.05295819423161447,val_loss,0.018555892631411552,0.20119090378284454,0.0,0.0,428.0,20.0,2.0,vanilla,25.0,False,False,0.06866700947284698,0.1331465244293213
proto_source=vanilla_k=25_weighted=1_learnw=0,train,2345,proto,-0.014914396218955517,0.022260894998908043,-0.09431250981986522,-0.05840298291295767,-0.08281846344470978,-0.001753591699525714,-6.752804765710655e-05,0.9633534136546185,-0.014673314988613129,2.014198798860889e-05,0.0002612222742754966,0.010998722165822983,0.061268556863069534,0.10643518716096878,0.31900858879089355,0.0,0.0,0.0,0.0,,,cvar,/Users/yaniszaim/deephedging/.deephedging_real_runs/final_paper_notebook/panel_sweeps/TLT_full_paper_grid_800_step_robust/model_artifacts/seed_2345/risk_cvar/proto_source_vanilla_k_25_weighted_1_learnw_0,9.0,0.052142514921724795,val_loss,0.010490290820598602,0.04252491146326065,0.0,0.0,1992.0,20.0,2.0,vanilla,25.0,True,False,0.06909100711345673,0.12230736017227173
proto_source=vanilla_k=25_weighted=1_learnw=0,val,2345,proto,-0.013168342411518097,0.019444996491074562,-0.08476489223539829,-0.055363915860652924,-0.0736265480518341,-0.0018592333071865141,-4.652428469853476e-05,0.960093896713615,-0.012874191626906395,-3.3386764698661864e-05,0.0002607647911645472,0.011002438142895699,0.061268553137779236,0.10641864687204361,0.31849205493927,0.0,0.0,0.0,0.0,,,cvar,/Users/yaniszaim/deephedging/.deephedging_real_runs/final_paper_notebook/panel_sweeps/TLT_full_paper_grid_800_step_robust/model_artifacts/seed_2345/risk_cvar/proto_source_vanilla_k_25_weighted_1_learnw_0,9.0,0.052142514921724795,val_loss,0.010490290820598602,0.04252491146326065,0.0,0.0,426.0,20.0,2.0,vanilla,25.0,True,False,0.06909100711345673,0.12230736017227173
proto_source=vanilla_k=25_weighted=1_learnw=0,test,2345,proto,-0.013895654119551182,0.021359210833907127,-0.0932369114458561,-0.0598075620830059,-0.08233234286308289,-0.0017032012110576034,1.3449421385302993e-05,0.9439252336448598,-0.013563576154410839,-7.22728727851063e-05,0.0002598051505628973,0.010991151444613934,0.061268556863069534,0.10647010803222656,0.3190426230430603,0.0,0.0,0.0,0.0,,,cvar,/Users/yaniszaim/deephedging/.deephedging_real_runs/final_paper_notebook/panel_sweeps/TLT_full_paper_grid_800_step_robust/model_artifacts/seed_2345/risk_cvar/proto_source_vanilla_k_25_weighted_1_learnw_0,9.0,0.052142514921724795,val_loss,0.010490290820598602,0.04252491146326065,0.0,0.0,428.0,20.0,2.0,vanilla,25.0,True,False,0.06909100711345673,0.12230736017227173
proto_source=vanilla_k=50_weighted=0_learnw=0,train,2345,proto,-0.014758351258933544,0.022764669731259346,-0.09537535451352597,-0.05916927903890609,-0.083977110683918,-0.00071970812859945,0.0002586521877674383,0.8057228915662651,-0.014673314988613129,6.412514721887419e-06,9.144852083409205e-05,0.0016531955916434526,0.03336970880627632,0.024155735969543457,0.03557782992720604,0.0,0.0,0.0,0.0,,,cvar,/Users/yaniszaim/deephedging/.deephedging_real_runs/final_paper_notebook/panel_sweeps/TLT_full_paper_grid_800_step_robust/model_artifacts/seed_2345/risk_cvar/proto_source_vanilla_k_50_weighted_0_learnw_0,113.0,0.05198717753752135,val_loss,0.0015009890776127577,0.027416689321398735,0.0,0.0,1992.0,20.0,2.0,vanilla,50.0,False,False,0.05879770591855049,0.25301042199134827
proto_source=vanilla_k=50_weighted=0_learnw=0,val,2345,proto,-0.012958855368196964,0.01992174983024597,-0.08577605336904526,-0.05613644886761904,-0.07464577257633209,-0.0009272275201510638,0.00022881316908751614,0.7723004694835681,-0.012874191626906395,6.53510460324469e-06,9.120132745010778e-05,0.0016517348121851683,0.03333200141787529,0.024144580587744713,0.03554195538163185,0.0,0.0,0.0,0.0,,,cvar,/Users/yaniszaim/deephedging/.deephedging_real_runs/final_paper_notebook/panel_sweeps/TLT_full_paper_grid_800_step_robust/model_artifacts/seed_2345/risk_cvar/proto_source_vanilla_k_50_weighted_0_learnw_0,113.0,0.05198717753752135,val_loss,0.0015009890776127577,0.027416689321398735,0.0,0.0,426.0,20.0,2.0,vanilla,50.0,False,False,0.05879770591855049,0.25301042199134827
proto_source=vanilla_k=50_weighted=0_learnw=0,test,2345,proto,-0.013669065199792385,0.021874845027923584,-0.0947609569132328,-0.06093097906559705,-0.08350323140621185,-0.0004639013495761901,0.00025305276503786436,0.8107476635514018,-0.013563576154410839,-1.4474190720648039e-05,9.10144008230418e-05,0.0016514441231265664,0.03260356932878494,0.024108458310365677,0.03482900932431221,0.0,0.0,0.0,0.0,,,cvar,/Users/yaniszaim/deephedging/.deephedging_real_runs/final_paper_notebook/panel_sweeps/TLT_full_paper_grid_800_step_robust/model_artifacts/seed_2345/risk_cvar/proto_source_vanilla_k_50_weighted_0_learnw_0,113.0,0.05198717753752135,val_loss,0.0015009890776127577,0.027416689321398735,0.0,0.0,428.0,20.0,2.0,vanilla,50.0,False,False,0.05879770591855049,0.25301042199134827
proto_source=vanilla_k=50_weighted=1_learnw=0,train,2345,proto,-0.015229007229208946,0.023116298019886017,-0.09769735299050808,-0.06065629348158836,-0.08526154607534409,-0.002188272075727582,0.0011589921312406659,0.7956827309236948,-0.014673314988613129,-3.9531965740025043e-05,0.0005161593435332179,0.014738270081579685,0.07832253724336624,0.13074328005313873,0.5744578242301941,0.0,0.0,0.0,0.0,,,cvar,/Users/yaniszaim/deephedging/.deephedging_real_runs/final_paper_notebook/panel_sweeps/TLT_full_paper_grid_800_step_robust/model_artifacts/seed_2345/risk_cvar/proto_source_vanilla_k_50_weighted_1_learnw_0,9.0,0.05181483158143237,val_loss,0.004082968924194574,0.025316281244158745,0.0,0.0,1992.0,20.0,2.0,vanilla,50.0,True,False,0.079127237200737,0.15853244066238403
proto_source=vanilla_k=50_weighted=1_learnw=0,val,2345,proto,-0.013350878842175007,0.020148180425167084,-0.08765770867466927,-0.05708971433341503,-0.07501570880413055,-0.002009151503443718,0.0012966982321813703,0.784037558685446,-0.012874191626906395,3.9830541936680675e-05,0.0005165179027244449,0.014728575944900513,0.07120499759912491,0.1314576268196106,0.5173717141151428,0.0,0.0,0.0,0.0,,,cvar,/Users/yaniszaim/deephedging/.deephedging_real_runs/final_paper_notebook/panel_sweeps/TLT_full_paper_grid_800_step_robust/model_artifacts/seed_2345/risk_cvar/proto_source_vanilla_k_50_weighted_1_learnw_0,9.0,0.05181483158143237,val_loss,0.004082968924194574,0.025316281244158745,0.0,0.0,426.0,20.0,2.0,vanilla,50.0,True,False,0.079127237200737,0.15853244066238403
proto_source=vanilla_k=50_weighted=1_learnw=0,test,2345,proto,-0.014083384536206722,0.02225475013256073,-0.09589912071824074,-0.061695547215640544,-0.08492614328861237,-0.0016378224827349186,0.0012371317250654092,0.780373831775701,-0.013563576154410839,-5.213911663304316e-06,0.0005145950708538294,0.014662069268524647,0.07144450396299362,0.13039465248584747,0.5524169206619263,0.0,0.0,0.0,0.0,,,cvar,/Users/yaniszaim/deephedging/.deephedging_real_runs/final_paper_notebook/panel_sweeps/TLT_full_paper_grid_800_step_robust/model_artifacts/seed_2345/risk_cvar/proto_source_vanilla_k_50_weighted_1_learnw_0,9.0,0.05181483158143237,val_loss,0.004082968924194574,0.025316281244158745,0.0,0.0,428.0,20.0,2.0,vanilla,50.0,True,False,0.079127237200737,0.15853244066238403
proto_source=vanilla_k=100_weighted=0_learnw=0,train,2345,proto,-0.014760961756110191,0.022424861788749695,-0.09453596755862236,-0.05846497770398854,-0.0830746442079544,-0.0010417936719022691,-9.748644952196634e-05,0.9884538152610441,-0.014673314988613129,1.3004846550757065e-05,0.00010065054084407166,0.00601697713136673,0.06272193789482117,0.05935772508382797,0.2359207421541214,0.0,0.0,0.0,0.0,,,cvar,/Users/yaniszaim/deephedging/.deephedging_real_runs/final_paper_notebook/panel_sweeps/TLT_full_paper_grid_800_step_robust/model_artifacts/seed_2345/risk_cvar/proto_source_vanilla_k_100_weighted_0_learnw_0,9.0,0.05193374257069081,val_loss,0.005733004771173,0.054523780941963196,0.0,0.0,1992.0,20.0,2.0,vanilla,100.0,False,False,0.07356700301170349,0.14646680653095245
proto_source=vanilla_k=100_weighted=0_learnw=0,val,2345,proto,-0.012998329475522041,0.01957133784890175,-0.0845385268330574,-0.05541224405169487,-0.07383120805025101,-0.0011080040130764246,-0.00013622675396618433,0.9882629107981221,-0.012874191626906395,-2.382841194048524e-05,0.00010030990233644843,0.0060120513662695885,0.058696214109659195,0.05920825153589249,0.23480579257011414,0.0,0.0,0.0,0.0,,,cvar,/Users/yaniszaim/deephedging/.deephedging_real_runs/final_paper_notebook/panel_sweeps/TLT_full_paper_grid_800_step_robust/model_artifacts/seed_2345/risk_cvar/proto_source_vanilla_k_100_weighted_0_learnw_0,9.0,0.05193374257069081,val_loss,0.005733004771173,0.054523780941963196,0.0,0.0,426.0,20.0,2.0,vanilla,100.0,False,False,0.07356700301170349,0.14646680653095245
proto_source=vanilla_k=100_weighted=0_learnw=0,test,2345,proto,-0.01367818284779787,0.02147253043949604,-0.09398623891174793,-0.060501307435333725,-0.0822812020778656,-0.0008889446617104113,-0.00011733709034160715,0.9953271028037384,-0.013563576154410839,-1.4373810699908063e-05,0.00010023368668043986,0.006010717246681452,0.057791437953710556,0.05928899347782135,0.2347944974899292,0.0,0.0,0.0,0.0,,,cvar,/Users/yaniszaim/deephedging/.deephedging_real_runs/final_paper_notebook/panel_sweeps/TLT_full_paper_grid_800_step_robust/model_artifacts/seed_2345/risk_cvar/proto_source_vanilla_k_100_weighted_0_learnw_0,9.0,0.05193374257069081,val_loss,0.005733004771173,0.054523780941963196,0.0,0.0,428.0,20.0,2.0,vanilla,100.0,False,False,0.07356700301170349,0.14646680653095245
proto_source=vanilla_k=100_weighted=1_learnw=0,train,2345,proto,-0.014751624315977097,0.022168977186083794,-0.09275427967309952,-0.058530996739864345,-0.08214933425188065,-0.003254721174016595,0.0014734820229932663,0.8147590361445783,-0.014673314988613129,0.00023219711147248745,0.00031050603138282895,0.017666831612586975,0.2167445570230484,0.1626717746257782,1.0,0.02371987951807229,0.02371987951807229,0.0,0.40913654618473894,,,cvar,/Users/yaniszaim/deephedging/.deephedging_real_runs/final_paper_notebook/panel_sweeps/TLT_full_paper_grid_800_step_robust/model_artifacts/seed_2345/risk_cvar/proto_source_vanilla_k_100_weighted_1_learnw_0,636.0,0.051843946181036014,val_loss,0.0018390630139037967,0.024027034640312195,0.0007042253521126761,0.004694835680751174,1992.0,20.0,2.0,vanilla,100.0,True,False,0.11978331208229065,0.25733935832977295
proto_source=vanilla_k=100_weighted=1_learnw=0,val,2345,proto,-0.013015856966376305,0.019273603335022926,-0.08438431285321712,-0.05584172438830137,-0.07243724167346954,-0.003357337205670774,0.0011612247326411307,0.8169014084507042,-0.012874191626906395,0.00016863577184267342,0.0003103017224930227,0.017079399898648262,0.20935827493667603,0.158517986536026,1.0,0.022007042253521125,0.022007042253521125,0.0,0.38497652582159625,,,cvar,/Users/yaniszaim/deephedging/.deephedging_real_runs/final_paper_notebook/panel_sweeps/TLT_full_paper_grid_800_step_robust/model_artifacts/seed_2345/risk_cvar/proto_source_vanilla_k_100_weighted_1_learnw_0,636.0,0.051843946181036014,val_loss,0.0018390630139037967,0.024027034640312195,0.0007042253521126761,0.004694835680751174,426.0,20.0,2.0,vanilla,100.0,True,False,0.11978331208229065,0.25733935832977295
proto_source=vanilla_k=100_weighted=1_learnw=0,test,2345,proto,-0.013733642175793648,0.021262384951114655,-0.09631827630102634,-0.05579218808561563,-0.08137741684913635,-0.002879580482840538,0.0015353720460552713,0.8014018691588785,-0.013563576154410839,0.00014355283929035068,0.0003136199957225472,0.018332358449697495,0.2161635160446167,0.1682126820087433,1.0,0.025,0.025,0.0,0.43457943925233644,,,cvar,/Users/yaniszaim/deephedging/.deephedging_real_runs/final_paper_notebook/panel_sweeps/TLT_full_paper_grid_800_step_robust/model_artifacts/seed_2345/risk_cvar/proto_source_vanilla_k_100_weighted_1_learnw_0,636.0,0.051843946181036014,val_loss,0.0018390630139037967,0.024027034640312195,0.0007042253521126761,0.004694835680751174,428.0,20.0,2.0,vanilla,100.0,True,False,0.11978331208229065,0.25733935832977295
unhedged,train,3456,baseline,-0.014764372259378433,0.02262061834335327,-0.09240120649337769,-0.061437827348709104,-0.08339616656303406,-0.00043720006942749023,0.0,0.5035140562248996,-0.014764372259378433,0.0,0.0,0.0,0.0,0.0,0.0,0.0,0.0,0.0,0.0,,,,,,,,,,,,,,,,,,,,
spot_delta,train,3456,baseline,-0.014816883951425552,0.022031305357813835,-0.09257509641349315,-0.06082220375537872,-0.08141067624092102,-0.005848415894433856,0.004754219949245446,0.7670682730923695,-0.014764372259378433,0.00011219832231290638,0.0001647094904910773,0.020582139492034912,0.577771008014679,0.25400009751319885,0.582252025604248,0.0,0.0,0.0,0.0,,,,,,,,,,,,,,,,,,,,
spot_delta_band,train,3456,baseline,-0.014752115122973919,0.02204739674925804,-0.09153859928250313,-0.06100141312927008,-0.08174271881580353,-0.0047872348222881556,0.0033028210629708937,0.767570281124498,-0.014764372259378433,8.980599523056298e-05,7.754906982881948e-05,0.009692871011793613,0.4277710020542145,0.1899275928735733,0.43225201964378357,0.0,0.0,0.0,0.0,0.15,gains_mean,,,,,,,,,,,,,,,,,,
unhedged,val,3456,baseline,-0.01323943492025137,0.020452413707971573,-0.08885350823402405,-0.052019983530044556,-0.07469597458839417,-0.00021320581436157227,-0.0,0.5023474178403756,-0.01323943492025137,0.0,0.0,0.0,0.0,0.0,0.0,0.0,0.0,0.0,0.0,,,,,,,,,,,,,,,,,,,,
spot_delta,val,3456,baseline,-0.013616732321679592,0.020012035965919495,-0.08112591318786144,-0.052180842496454716,-0.07331263273954391,-0.006195363122969866,0.004302881192415953,0.7676056338028169,-0.01323943492025137,-0.00021192189888097346,0.00016537675401195884,0.020668378099799156,0.5677440166473389,0.25443971157073975,0.582252025604248,0.0,0.0,0.0,0.0,,,,,,,,,,,,,,,,,,,,
spot_delta_band,val,3456,baseline,-0.013504991307854652,0.01997045800089836,-0.08283976651728153,-0.052219994366168976,-0.07354170829057693,-0.0049245229456573725,0.0029967122827656567,0.7699530516431925,-0.01323943492025137,-0.00018780751270242035,7.77498134993948e-05,0.00971843209117651,0.4177440106868744,0.19036906957626343,0.43225201964378357,0.0,0.0,0.0,0.0,0.15,gains_mean,,,,,,,,,,,,,,,,,,
unhedged,test,3456,baseline,-0.012776244431734085,0.02168997935950756,-0.10059796214103699,-0.053373473882675174,-0.08212364464998245,-0.0,-0.0,0.47897196261682246,-0.012776244431734085,0.0,0.0,0.0,0.0,0.0,0.0,0.0,0.0,0.0,0.0,,,,,,,,,,,,,,,,,,,,
spot_delta,test,3456,baseline,-0.01325544249266386,0.02164437621831894,-0.09733879864215851,-0.05275663360953331,-0.08109915256500244,-0.005347342463210225,0.005188644491136074,0.7686915887850467,-0.012776244431734085,-0.00031593162566423416,0.00016326694458257407,0.02041524089872837,0.578885018825531,0.2536907494068146,0.582252025604248,0.0,0.0,0.0,0.0,,,,,,,,,,,,,,,,,,,,
spot_delta_band,test,3456,baseline,-0.013108461163938046,0.021487975493073463,-0.09861202791333198,-0.05317059084773064,-0.08134260028600693,-0.004364429274573922,0.003608570201322432,0.7757009345794392,-0.012776244431734085,-0.00025488229584880173,7.733312668278813e-05,0.00966696161776781,0.42888501286506653,0.1894552856683731,0.43225201964378357,0.0,0.0,0.0,0.0,0.15,gains_mean,,,,,,,,,,,,,,,,,,
vanilla,train,3456,vanilla,-0.014883073978126049,0.021583786234259605,-0.08971376776695252,-0.05961498785763979,-0.08081048727035522,-0.002648366498760879,-0.00027531135710887663,0.9964859437751004,-0.014764372259378433,2.044139000645373e-05,0.00013914321607444435,0.016759134829044342,0.04019880294799805,0.1681482046842575,0.697780191898346,0.0,0.0,0.0,0.0,,,cvar,/Users/yaniszaim/deephedging/.deephedging_real_runs/final_paper_notebook/panel_sweeps/TLT_full_paper_grid_800_step_robust/model_artifacts/seed_3456/risk_cvar/vanilla,307.0,0.05332479908131063,val_loss,0.008224261924624443,0.05055082589387894,0.0,0.0,1992.0,20.0,2.0,,,,,,
vanilla,val,3456,vanilla,-0.013415465131402016,0.019479230046272278,-0.08621971867978573,-0.05052558518946171,-0.07237264513969421,-0.002576804137788713,-0.0002933361101895571,0.9976525821596244,-0.01323943492025137,-3.69843328371644e-05,0.00013904688239563257,0.016763143241405487,0.040034592151641846,0.1681729406118393,0.6913241147994995,0.0,0.0,0.0,0.0,,,cvar,/Users/yaniszaim/deephedging/.deephedging_real_runs/final_paper_notebook/panel_sweeps/TLT_full_paper_grid_800_step_robust/model_artifacts/seed_3456/risk_cvar/vanilla,307.0,0.05332479908131063,val_loss,0.008224261924624443,0.05055082589387894,0.0,0.0,426.0,20.0,2.0,,,,,,
vanilla,test,3456,vanilla,-0.012985331937670708,0.020694682374596596,-0.09757574215531349,-0.051711881347000596,-0.07958995550870895,-0.0022075827000662684,-0.0002586208851425912,0.9953271028037384,-0.012776244431734085,-7.00273594702594e-05,0.00013906009553465992,0.01677703484892845,0.04011338949203491,0.1682829111814499,0.6932080984115601,0.0,0.0,0.0,0.0,,,cvar,/Users/yaniszaim/deephedging/.deephedging_real_runs/final_paper_notebook/panel_sweeps/TLT_full_paper_grid_800_step_robust/model_artifacts/seed_3456/risk_cvar/vanilla,307.0,0.05332479908131063,val_loss,0.008224261924624443,0.05055082589387894,0.0,0.0,428.0,20.0,2.0,,,,,,
proto_source=spot_delta_k=10_weighted=0_learnw=0,train,3456,proto,-0.013846544548869133,0.02181204967200756,-0.09365229614078999,-0.05622195843607187,-0.08110516518354416,-0.00331057864241302,0.00316345894243568,0.8509036144578314,-0.014764372259378433,0.0012881583534181118,0.00037033119588159025,0.04261254519224167,0.7614991664886475,0.2023225724697113,1.0,0.0013303212851405622,0.0,0.0013303212851405622,0.012550200803212851,,,cvar,/Users/yaniszaim/deephedging/.deephedging_real_runs/final_paper_notebook/panel_sweeps/TLT_full_paper_grid_800_step_robust/model_artifacts/seed_3456/risk_cvar/proto_source_spot_delta_k_10_weighted_0_learnw_0,177.0,0.052373086537317565,val_loss,0.027821237221360207,0.10533888638019562,0.0018779342723004694,0.018779342723004695,1992.0,20.0,2.0,spot_delta,10.0,False,False,0.2739870548248291,0.8545319437980652
proto_source=spot_delta_k=10_weighted=0_learnw=0,val,3456,proto,-0.012761587277054787,0.01932762749493122,-0.0789169929921627,-0.053568718023598194,-0.0712781548500061,-0.003004951518960297,0.003099117602687329,0.8497652582159625,-0.01323943492025137,0.0008280560141429305,0.00035020921495743096,0.04129298776388168,0.7614989876747131,0.19984322786331177,1.0,0.0005868544600938967,0.0,0.0005868544600938967,0.007042253521126761,,,cvar,/Users/yaniszaim/deephedging/.deephedging_real_runs/final_paper_notebook/panel_sweeps/TLT_full_paper_grid_800_step_robust/model_artifacts/seed_3456/risk_cvar/proto_source_spot_delta_k_10_weighted_0_learnw_0,177.0,0.052373086537317565,val_loss,0.027821237221360207,0.10533888638019562,0.0018779342723004694,0.018779342723004695,426.0,20.0,2.0,spot_delta,10.0,False,False,0.2739870548248291,0.8545319437980652
proto_source=spot_delta_k=10_weighted=0_learnw=0,test,3456,proto,-0.012363121844828129,0.021303361281752586,-0.10446058072149754,-0.05213441327214241,-0.08114912360906601,-0.002674817922525108,0.002416458132211117,0.8574766355140186,-0.012776244431734085,0.000754614535253495,0.0003414913662709296,0.040307626128196716,0.7614991664886475,0.20188945531845093,1.0,0.00023364485981308412,0.0,0.00023364485981308412,0.007009345794392523,,,cvar,/Users/yaniszaim/deephedging/.deephedging_real_runs/final_paper_notebook/panel_sweeps/TLT_full_paper_grid_800_step_robust/model_artifacts/seed_3456/risk_cvar/proto_source_spot_delta_k_10_weighted_0_learnw_0,177.0,0.052373086537317565,val_loss,0.027821237221360207,0.10533888638019562,0.0018779342723004694,0.018779342723004695,428.0,20.0,2.0,spot_delta,10.0,False,False,0.2739870548248291,0.8545319437980652
proto_source=spot_delta_k=10_weighted=1_learnw=0,train,3456,proto,-0.014547527767717838,0.022146301344037056,-0.09472689174115657,-0.05851179864257573,-0.08307995647192001,-0.0028133289888501167,0.0008222105912864193,0.8589357429718876,-0.014764372259378433,0.00035308601218275726,0.0001362419716315344,0.016663869842886925,0.3552657663822174,0.17597350478172302,1.0,5.020080321285141e-05,0.0,5.020080321285141e-05,0.0015060240963855422,,,cvar,/Users/yaniszaim/deephedging/.deephedging_real_runs/final_paper_notebook/panel_sweeps/TLT_full_paper_grid_800_step_robust/model_artifacts/seed_3456/risk_cvar/proto_source_spot_delta_k_10_weighted_1_learnw_0,94.0,0.05301637576958558,val_loss,0.01705230213701725,0.09984219074249268,0.00035211267605633805,0.007042253521126761,1992.0,20.0,2.0,spot_delta,10.0,True,False,0.12386219203472137,0.3552657663822174
proto_source=spot_delta_k=10_weighted=1_learnw=0,val,3456,proto,-0.013352969661355019,0.02008928544819355,-0.087831636890769,-0.05302920192480087,-0.07523602992296219,-0.0024186420487239957,0.0007216734229587018,0.863849765258216,-0.01323943492025137,1.641811104491353e-05,0.0001299526047660038,0.01593072898685932,0.355265736579895,0.17592990398406982,0.91959547996521,0.0,0.0,0.0,0.0,,,cvar,/Users/yaniszaim/deephedging/.deephedging_real_runs/final_paper_notebook/panel_sweeps/TLT_full_paper_grid_800_step_robust/model_artifacts/seed_3456/risk_cvar/proto_source_spot_delta_k_10_weighted_1_learnw_0,94.0,0.05301637576958558,val_loss,0.01705230213701725,0.09984219074249268,0.00035211267605633805,0.007042253521126761,426.0,20.0,2.0,spot_delta,10.0,True,False,0.12386219203472137,0.3552657663822174
proto_source=spot_delta_k=10_weighted=1_learnw=0,test,3456,proto,-0.0125464191660285,0.0217609740793705,-0.10028973892331124,-0.05148186720907688,-0.08273161202669144,-0.002348267356865108,0.0008060198015300553,0.8364485981308412,-0.012776244431734085,0.0003576664312276989,0.00012784118007402867,0.01568072848021984,0.3552657663822174,0.1761264204978943,0.8394217491149902,0.0,0.0,0.0,0.0,,,cvar,/Users/yaniszaim/deephedging/.deephedging_real_runs/final_paper_notebook/panel_sweeps/TLT_full_paper_grid_800_step_robust/model_artifacts/seed_3456/risk_cvar/proto_source_spot_delta_k_10_weighted_1_learnw_0,94.0,0.05301637576958558,val_loss,0.01705230213701725,0.09984219074249268,0.00035211267605633805,0.007042253521126761,428.0,20.0,2.0,spot_delta,10.0,True,False,0.12386219203472137,0.3552657663822174
proto_source=spot_delta_k=25_weighted=0_learnw=0,train,3456,proto,-0.01453341543674469,0.021602634340524673,-0.08983077734708786,-0.05717533510178328,-0.08106722682714462,-0.003646104596555233,0.0011490654258523123,0.8549196787148594,-0.014764372259378433,0.0005011705798096955,0.00027021433925256133,0.020867271348834038,0.3118519186973572,0.2344101220369339,1.0,0.0029116465863453815,0.0001255020080321285,0.002786144578313253,0.02459839357429719,,,cvar,/Users/yaniszaim/deephedging/.deephedging_real_runs/final_paper_notebook/panel_sweeps/TLT_full_paper_grid_800_step_robust/model_artifacts/seed_3456/risk_cvar/proto_source_spot_delta_k_25_weighted_0_learnw_0,15.0,0.0532707372510657,val_loss,0.01655980944633484,0.11692088842391968,5.868544600938967e-05,0.002347417840375587,1992.0,20.0,2.0,spot_delta,25.0,False,False,0.07550553232431412,0.35618388652801514
proto_source=spot_delta_k=25_weighted=0_learnw=0,val,3456,proto,-0.013331436552107334,0.019456762820482254,-0.08589016273617744,-0.05220253486186266,-0.07263069599866867,-0.0035664616152644157,0.0010164417035412043,0.863849765258216,-0.01323943492025137,0.00018006248865276575,0.0002720652555581182,0.020756999030709267,0.31154125928878784,0.2337646782398224,1.0,0.0022300469483568074,0.00011737089201877934,0.002112676056338028,0.018779342723004695,,,cvar,/Users/yaniszaim/deephedging/.deephedging_real_runs/final_paper_notebook/panel_sweeps/TLT_full_paper_grid_800_step_robust/model_artifacts/seed_3456/risk_cvar/proto_source_spot_delta_k_25_weighted_0_learnw_0,15.0,0.0532707372510657,val_loss,0.01655980944633484,0.11692088842391968,5.868544600938967e-05,0.002347417840375587,426.0,20.0,2.0,spot_delta,25.0,False,False,0.07550553232431412,0.35618388652801514
proto_source=spot_delta_k=25_weighted=0_learnw=0,test,3456,proto,-0.012902282178401947,0.021034948527812958,-0.09853708863258362,-0.05094267502427101,-0.08078327775001526,-0.0030059959972277284,0.0010790527740027753,0.8551401869158879,-0.012776244431734085,0.000161751129780896,0.0002877889492083341,0.02091599814593792,0.3116172254085541,0.23896948993206024,1.0,0.003738317757009346,0.00011682242990654206,0.003621495327102804,0.02336448598130841,,,cvar,/Users/yaniszaim/deephedging/.deephedging_real_runs/final_paper_notebook/panel_sweeps/TLT_full_paper_grid_800_step_robust/model_artifacts/seed_3456/risk_cvar/proto_source_spot_delta_k_25_weighted_0_learnw_0,15.0,0.0532707372510657,val_loss,0.01655980944633484,0.11692088842391968,5.868544600938967e-05,0.002347417840375587,428.0,20.0,2.0,spot_delta,25.0,False,False,0.07550553232431412,0.35618388652801514
proto_source=spot_delta_k=25_weighted=1_learnw=0,train,3456,proto,-0.014365525916218758,0.021535074338316917,-0.08986136242747307,-0.05808449536561966,-0.08031851053237915,-0.004328513517975807,0.001802798727294429,0.8529116465863453,-0.014764372259378433,0.0006598460604436696,0.0002609996299725026,0.02787715196609497,0.5376338958740234,0.30835291743278503,1.0,0.011106927710843373,0.011069277108433735,3.765060240963856e-05,0.1330321285140562,,,cvar,/Users/yaniszaim/deephedging/.deephedging_real_runs/final_paper_notebook/panel_sweeps/TLT_full_paper_grid_800_step_robust/model_artifacts/seed_3456/risk_cvar/proto_source_spot_delta_k_25_weighted_1_learnw_0,39.0,0.052627243705950844,val_loss,0.02324686571955681,0.10768477618694305,0.00029342723004694836,0.007042253521126761,1992.0,20.0,2.0,spot_delta,25.0,True,False,0.10198294371366501,0.6092972755432129
proto_source=spot_delta_k=25_weighted=1_learnw=0,val,3456,proto,-0.013476298190653324,0.019477108493447304,-0.08607245236635208,-0.05226418189704418,-0.07342308014631271,-0.004359186161309481,0.0013830903044436127,0.8732394366197183,-0.01323943492025137,1.2782988051185384e-05,0.00024964637123048306,0.027477674186229706,0.2856638431549072,0.30687645077705383,1.0,0.011619718309859155,0.011619718309859155,0.0,0.13380281690140844,,,cvar,/Users/yaniszaim/deephedging/.deephedging_real_runs/final_paper_notebook/panel_sweeps/TLT_full_paper_grid_800_step_robust/model_artifacts/seed_3456/risk_cvar/proto_source_spot_delta_k_25_weighted_1_learnw_0,39.0,0.052627243705950844,val_loss,0.02324686571955681,0.10768477618694305,0.00029342723004694836,0.007042253521126761,426.0,20.0,2.0,spot_delta,25.0,True,False,0.10198294371366501,0.6092972755432129
proto_source=spot_delta_k=25_weighted=1_learnw=0,test,3456,proto,-0.012602509930729866,0.021064024418592453,-0.09832241654396057,-0.052212922088801864,-0.08023083955049515,-0.003865021630190313,0.0018517970805987688,0.8434579439252337,-0.012776244431734085,0.0004226036835461855,0.00024886889150366187,0.027386128902435303,0.3838854432106018,0.31095460057258606,1.0,0.01080607476635514,0.01080607476635514,0.0,0.1425233644859813,,,cvar,/Users/yaniszaim/deephedging/.deephedging_real_runs/final_paper_notebook/panel_sweeps/TLT_full_paper_grid_800_step_robust/model_artifacts/seed_3456/risk_cvar/proto_source_spot_delta_k_25_weighted_1_learnw_0,39.0,0.052627243705950844,val_loss,0.02324686571955681,0.10768477618694305,0.00029342723004694836,0.007042253521126761,428.0,20.0,2.0,spot_delta,25.0,True,False,0.10198294371366501,0.6092972755432129
proto_source=spot_delta_k=50_weighted=0_learnw=0,train,3456,proto,-0.014673290774226189,0.02256525494158268,-0.09187624037265778,-0.06134075075387955,-0.08352824300527573,-0.0015113204717636108,0.0008201831602491435,0.8107429718875502,-0.014764372259378433,0.0001486420223955065,5.756074097007513e-05,0.007028673309832811,0.20098115503787994,0.02208845131099224,0.6648433804512024,0.0,0.0,0.0,0.0,,,cvar,/Users/yaniszaim/deephedging/.deephedging_real_runs/final_paper_notebook/panel_sweeps/TLT_full_paper_grid_800_step_robust/model_artifacts/seed_3456/risk_cvar/proto_source_spot_delta_k_50_weighted_0_learnw_0,770.0,0.05312821433879435,val_loss,0.007962556555867195,0.023828178644180298,0.0,0.0,1992.0,20.0,2.0,spot_delta,50.0,False,False,0.2956753075122833,0.6669578552246094
proto_source=spot_delta_k=50_weighted=0_learnw=0,val,3456,proto,-0.013137532398104668,0.020382409915328026,-0.08622216433286667,-0.052870890125632286,-0.07455024868249893,-0.0014303469797596335,0.0009927911451086402,0.8028169014084507,-0.01323943492025137,0.00015824157162569463,5.633894761558622e-05,0.006890942342579365,0.20098112523555756,0.02079535461962223,0.6643019914627075,0.0,0.0,0.0,0.0,,,cvar,/Users/yaniszaim/deephedging/.deephedging_real_runs/final_paper_notebook/panel_sweeps/TLT_full_paper_grid_800_step_robust/model_artifacts/seed_3456/risk_cvar/proto_source_spot_delta_k_50_weighted_0_learnw_0,770.0,0.05312821433879435,val_loss,0.007962556555867195,0.023828178644180298,0.0,0.0,426.0,20.0,2.0,spot_delta,50.0,False,False,0.2956753075122833,0.6669578552246094
proto_source=spot_delta_k=50_weighted=0_learnw=0,test,3456,proto,-0.01263808086514473,0.02175627090036869,-0.10208548948168754,-0.05371487438678741,-0.08234702795743942,-0.000998244562651962,0.0009108761063544073,0.780373831775701,-0.012776244431734085,0.00019361975137144327,5.545639942283742e-05,0.00678986543789506,0.20098114013671875,0.02025890164077282,0.6189436316490173,0.0,0.0,0.0,0.0,,,cvar,/Users/yaniszaim/deephedging/.deephedging_real_runs/final_paper_notebook/panel_sweeps/TLT_full_paper_grid_800_step_robust/model_artifacts/seed_3456/risk_cvar/proto_source_spot_delta_k_50_weighted_0_learnw_0,770.0,0.05312821433879435,val_loss,0.007962556555867195,0.023828178644180298,0.0,0.0,428.0,20.0,2.0,spot_delta,50.0,False,False,0.2956753075122833,0.6669578552246094
proto_source=spot_delta_k=50_weighted=1_learnw=0,train,3456,proto,-0.014252501539885998,0.021772900596261024,-0.09176774069666863,-0.057412764988839626,-0.0804351344704628,-0.00404720101505518,0.00330198311712592,0.8293172690763052,-0.014764372259378433,0.0009059755830094218,0.0003941041650250554,0.0466005876660347,0.5190002918243408,0.21896806359291077,1.0,0.0002761044176706827,0.0,0.0002761044176706827,0.004016064257028112,,,cvar,/Users/yaniszaim/deephedging/.deephedging_real_runs/final_paper_notebook/panel_sweeps/TLT_full_paper_grid_800_step_robust/model_artifacts/seed_3456/risk_cvar/proto_source_spot_delta_k_50_weighted_1_learnw_0,81.0,0.052494874404996915,val_loss,0.022938165813684464,0.08799391239881516,0.00046948356807511736,0.007042253521126761,1992.0,20.0,2.0,spot_delta,50.0,True,False,0.11379322409629822,0.5934562683105469
proto_source=spot_delta_k=50_weighted=1_learnw=0,val,3456,proto,-0.012957579456269741,0.019299227744340897,-0.07777546718716621,-0.05327767692506313,-0.0708780288696289,-0.003782226936891675,0.004088589455932379,0.8333333333333334,-0.01323943492025137,0.0006628432311117649,0.00038098887307569385,0.04574498534202576,0.5190001130104065,0.2195427268743515,1.0,0.00029342723004694836,0.0,0.00029342723004694836,0.007042253521126761,,,cvar,/Users/yaniszaim/deephedging/.deephedging_real_runs/final_paper_notebook/panel_sweeps/TLT_full_paper_grid_800_step_robust/model_artifacts/seed_3456/risk_cvar/proto_source_spot_delta_k_50_weighted_1_learnw_0,81.0,0.052494874404996915,val_loss,0.022938165813684464,0.08799391239881516,0.00046948356807511736,0.007042253521126761,426.0,20.0,2.0,spot_delta,50.0,True,False,0.11379322409629822,0.5934562683105469
proto_source=spot_delta_k=50_weighted=1_learnw=0,test,3456,proto,-0.012792553752660751,0.021093739196658134,-0.10035897195339202,-0.0513916740193963,-0.08062378317117691,-0.0036386280553415418,0.002601630613207815,0.8387850467289719,-0.012776244431734085,0.0003552904527168721,0.00037159945350140333,0.044784486293792725,0.5190001726150513,0.22321876883506775,0.8932242393493652,0.0,0.0,0.0,0.0,,,cvar,/Users/yaniszaim/deephedging/.deephedging_real_runs/final_paper_notebook/panel_sweeps/TLT_full_paper_grid_800_step_robust/model_artifacts/seed_3456/risk_cvar/proto_source_spot_delta_k_50_weighted_1_learnw_0,81.0,0.052494874404996915,val_loss,0.022938165813684464,0.08799391239881516,0.00046948356807511736,0.007042253521126761,428.0,20.0,2.0,spot_delta,50.0,True,False,0.11379322409629822,0.5934562683105469
proto_source=spot_delta_k=100_weighted=0_learnw=0,train,3456,proto,-0.014494244009256363,0.021924307569861412,-0.09027997963130474,-0.05783269256353377,-0.08081142604351044,-0.004466332728043199,0.0030250485404394517,0.8644578313253012,-0.014764372259378433,0.0005878206575289369,0.0003176926402375102,0.037240300327539444,0.6218287348747253,0.16909420490264893,0.9899823665618896,0.0,0.0,0.0,0.0,,,cvar,/Users/yaniszaim/deephedging/.deephedging_real_runs/final_paper_notebook/panel_sweeps/TLT_full_paper_grid_800_step_robust/model_artifacts/seed_3456/risk_cvar/proto_source_spot_delta_k_100_weighted_0_learnw_0,84.0,0.052562340715497806,val_loss,0.027831291779875755,0.12213242053985596,0.00011737089201877934,0.004694835680751174,1992.0,20.0,2.0,spot_delta,100.0,False,False,0.1175491139292717,0.7386142611503601
proto_source=spot_delta_k=100_weighted=0_learnw=0,val,3456,proto,-0.01330443937331438,0.01922343485057354,-0.0780078899115324,-0.051765238866209984,-0.07081066817045212,-0.004665335640311241,0.0027523330063559115,0.8427230046948356,-0.01323943492025137,0.00023862250964157283,0.00030362725374288857,0.03634566813707352,0.29524919390678406,0.16886301338672638,0.7052253484725952,0.0,0.0,0.0,0.0,,,cvar,/Users/yaniszaim/deephedging/.deephedging_real_runs/final_paper_notebook/panel_sweeps/TLT_full_paper_grid_800_step_robust/model_artifacts/seed_3456/risk_cvar/proto_source_spot_delta_k_100_weighted_0_learnw_0,84.0,0.052562340715497806,val_loss,0.027831291779875755,0.12213242053985596,0.00011737089201877934,0.004694835680751174,426.0,20.0,2.0,spot_delta,100.0,False,False,0.1175491139292717,0.7386142611503601
proto_source=spot_delta_k=100_weighted=0_learnw=0,test,3456,proto,-0.012622077949345112,0.020938172936439514,-0.09676590450108051,-0.05181695260107517,-0.07975921034812927,-0.0035994601203128695,0.0037629569880664343,0.8411214953271028,-0.012776244431734085,0.0004481996293179691,0.00029403355438262224,0.03531142324209213,0.4567672312259674,0.1655758023262024,0.6343139410018921,0.0,0.0,0.0,0.0,,,cvar,/Users/yaniszaim/deephedging/.deephedging_real_runs/final_paper_notebook/panel_sweeps/TLT_full_paper_grid_800_step_robust/model_artifacts/seed_3456/risk_cvar/proto_source_spot_delta_k_100_weighted_0_learnw_0,84.0,0.052562340715497806,val_loss,0.027831291779875755,0.12213242053985596,0.00011737089201877934,0.004694835680751174,428.0,20.0,2.0,spot_delta,100.0,False,False,0.1175491139292717,0.7386142611503601
proto_source=spot_delta_k=100_weighted=1_learnw=0,train,3456,proto,-0.01441914588212967,0.021257231011986732,-0.09036273509263992,-0.05650572199374437,-0.07904347777366638,-0.004002082860097289,0.0011861205450259136,0.858433734939759,-0.014764372259378433,0.0005728011019527912,0.0002275754086440429,0.02270294912159443,0.3507114350795746,0.293940931558609,1.0,0.00011295180722891567,0.0,0.00011295180722891567,0.0015060240963855422,,,cvar,/Users/yaniszaim/deephedging/.deephedging_real_runs/final_paper_notebook/panel_sweeps/TLT_full_paper_grid_800_step_robust/model_artifacts/seed_3456/risk_cvar/proto_source_spot_delta_k_100_weighted_1_learnw_0,21.0,0.053165723506815976,val_loss,0.022079523652791977,0.13136912882328033,0.0004107981220657277,0.004694835680751174,1992.0,20.0,2.0,spot_delta,100.0,True,False,0.07903900742530823,0.453648179769516
proto_source=spot_delta_k=100_weighted=1_learnw=0,val,3456,proto,-0.013065138831734657,0.018612314015626907,-0.07883800566196442,-0.05047540087252855,-0.06908968091011047,-0.003487071255221963,0.0011626120249275118,0.8708920187793427,-0.01323943492025137,0.00039654949796386063,0.00022225480643101037,0.02223646454513073,0.34779009222984314,0.29414188861846924,1.0,5.868544600938967e-05,0.0,5.868544600938967e-05,0.002347417840375587,,,cvar,/Users/yaniszaim/deephedging/.deephedging_real_runs/final_paper_notebook/panel_sweeps/TLT_full_paper_grid_800_step_robust/model_artifacts/seed_3456/risk_cvar/proto_source_spot_delta_k_100_weighted_1_learnw_0,21.0,0.053165723506815976,val_loss,0.022079523652791977,0.13136912882328033,0.0004107981220657277,0.004694835680751174,426.0,20.0,2.0,spot_delta,100.0,True,False,0.07903900742530823,0.453648179769516
proto_source=spot_delta_k=100_weighted=1_learnw=0,test,3456,proto,-0.01280109491199255,0.02081889845430851,-0.09954208888113499,-0.050774600543081756,-0.07967250794172287,-0.003203575615771115,0.0012839634786359943,0.852803738317757,-0.012776244431734085,0.00019403766782488674,0.00021888749324716628,0.02205142006278038,0.3286410868167877,0.2959134876728058,0.9161205291748047,0.0,0.0,0.0,0.0,,,cvar,/Users/yaniszaim/deephedging/.deephedging_real_runs/final_paper_notebook/panel_sweeps/TLT_full_paper_grid_800_step_robust/model_artifacts/seed_3456/risk_cvar/proto_source_spot_delta_k_100_weighted_1_learnw_0,21.0,0.053165723506815976,val_loss,0.022079523652791977,0.13136912882328033,0.0004107981220657277,0.004694835680751174,428.0,20.0,2.0,spot_delta,100.0,True,False,0.07903900742530823,0.453648179769516
proto_source=vanilla_k=10_weighted=0_learnw=0,train,3456,proto,-0.014898713678121567,0.02212398871779442,-0.09082469820976258,-0.06043017655611038,-0.08224426209926605,-0.0015827232273295522,-0.0002144784921256361,0.9994979919678715,-0.014764372259378433,-4.001657600838371e-07,0.00013394196867011487,0.00935248751193285,0.14164157211780548,0.10476384311914444,0.3497941493988037,0.0,0.0,0.0,0.0,,,cvar,/Users/yaniszaim/deephedging/.deephedging_real_runs/final_paper_notebook/panel_sweeps/TLT_full_paper_grid_800_step_robust/model_artifacts/seed_3456/risk_cvar/proto_source_vanilla_k_10_weighted_0_learnw_0,168.0,0.05383253914769739,val_loss,0.009642506949603558,0.11086733639240265,0.0,0.0,1992.0,20.0,2.0,vanilla,10.0,False,False,0.055648792535066605,0.14667212963104248
proto_source=vanilla_k=10_weighted=0_learnw=0,val,3456,proto,-0.01339459978044033,0.019938567653298378,-0.08744221366941929,-0.05129456613212824,-0.07353180646896362,-0.0015213853330351412,-0.0002237010485259816,1.0,-0.01323943492025137,-2.1334779376047663e-05,0.00013383007899392396,0.009340813383460045,0.034968674182891846,0.10488837212324142,0.3495802879333496,0.0,0.0,0.0,0.0,,,cvar,/Users/yaniszaim/deephedging/.deephedging_real_runs/final_paper_notebook/panel_sweeps/TLT_full_paper_grid_800_step_robust/model_artifacts/seed_3456/risk_cvar/proto_source_vanilla_k_10_weighted_0_learnw_0,168.0,0.05383253914769739,val_loss,0.009642506949603558,0.11086733639240265,0.0,0.0,426.0,20.0,2.0,vanilla,10.0,False,False,0.055648792535066605,0.14667212963104248
proto_source=vanilla_k=10_weighted=0_learnw=0,test,3456,proto,-0.012906023301184177,0.021191207692027092,-0.09900709092617034,-0.052490301057696344,-0.08084182441234589,-0.0012876159162260592,-0.0001995134589378724,0.9953271028037384,-0.012776244431734085,3.9293718145927414e-06,0.00013370854139793664,0.009358364157378674,0.14164239168167114,0.10462929308414459,0.3493998050689697,0.0,0.0,0.0,0.0,,,cvar,/Users/yaniszaim/deephedging/.deephedging_real_runs/final_paper_notebook/panel_sweeps/TLT_full_paper_grid_800_step_robust/model_artifacts/seed_3456/risk_cvar/proto_source_vanilla_k_10_weighted_0_learnw_0,168.0,0.05383253914769739,val_loss,0.009642506949603558,0.11086733639240265,0.0,0.0,428.0,20.0,2.0,vanilla,10.0,False,False,0.055648792535066605,0.14667212963104248
proto_source=vanilla_k=10_weighted=1_learnw=0,train,3456,proto,-0.015034597367048264,0.02150917239487171,-0.08953683629631996,-0.0601053150370717,-0.08079048991203308,-0.0030287556583061814,-0.00027416144002927477,0.9849397590361446,-0.014764372259378433,2.2083879230194725e-05,0.0002923091233242303,0.01920902542769909,0.0762282982468605,0.21953809261322021,0.7865456342697144,0.0,0.0,0.0,0.0,,,cvar,/Users/yaniszaim/deephedging/.deephedging_real_runs/final_paper_notebook/panel_sweeps/TLT_full_paper_grid_800_step_robust/model_artifacts/seed_3456/risk_cvar/proto_source_vanilla_k_10_weighted_1_learnw_0,761.0,0.05431555569171905,val_loss,0.017320632934570312,0.18186666071414948,0.0,0.0,1992.0,20.0,2.0,vanilla,10.0,True,False,0.05896427482366562,0.08899198472499847
proto_source=vanilla_k=10_weighted=1_learnw=0,val,3456,proto,-0.013598556630313396,0.019404295831918716,-0.08556826040148735,-0.05027606803923845,-0.07237183302640915,-0.0028404915938153863,-0.00032952149922493845,0.9929577464788732,-0.01323943492025137,-6.738398951711133e-05,0.0002917386300396174,0.019207144156098366,0.07622828334569931,0.21959686279296875,0.7054500579833984,0.0,0.0,0.0,0.0,,,cvar,/Users/yaniszaim/deephedging/.deephedging_real_runs/final_paper_notebook/panel_sweeps/TLT_full_paper_grid_800_step_robust/model_artifacts/seed_3456/risk_cvar/proto_source_vanilla_k_10_weighted_1_learnw_0,761.0,0.05431555569171905,val_loss,0.017320632934570312,0.18186666071414948,0.0,0.0,426.0,20.0,2.0,vanilla,10.0,True,False,0.05896427482366562,0.08899198472499847
proto_source=vanilla_k=10_weighted=1_learnw=0,test,3456,proto,-0.013162752613425255,0.02064509317278862,-0.09696676366031169,-0.05177659820765257,-0.07959118485450745,-0.0025780441937968135,-0.0002844307222403586,0.985981308411215,-0.012776244431734085,-9.504328045295551e-05,0.00029146490851417184,0.019200913608074188,0.07622828334569931,0.2194477617740631,0.7054500579833984,0.0,0.0,0.0,0.0,,,cvar,/Users/yaniszaim/deephedging/.deephedging_real_runs/final_paper_notebook/panel_sweeps/TLT_full_paper_grid_800_step_robust/model_artifacts/seed_3456/risk_cvar/proto_source_vanilla_k_10_weighted_1_learnw_0,761.0,0.05431555569171905,val_loss,0.017320632934570312,0.18186666071414948,0.0,0.0,428.0,20.0,2.0,vanilla,10.0,True,False,0.05896427482366562,0.08899198472499847
proto_source=vanilla_k=25_weighted=0_learnw=0,train,3456,proto,-0.014947735704481602,0.021527523174881935,-0.08996810413897037,-0.05957693476229906,-0.08071091771125793,-0.0030671899439767003,-0.00011195870320079854,0.9603413654618473,-0.014764372259378433,8.580297617299948e-06,0.00019194421474821866,0.019857384264469147,0.051884204149246216,0.1815546452999115,0.7577401995658875,0.0,0.0,0.0,0.0,,,cvar,/Users/yaniszaim/deephedging/.deephedging_real_runs/final_paper_notebook/panel_sweeps/TLT_full_paper_grid_800_step_robust/model_artifacts/seed_3456/risk_cvar/proto_source_vanilla_k_25_weighted_0_learnw_0,3.0,0.05416327593848109,val_loss,0.019146110862493515,0.168977752327919,0.0,0.0,1992.0,20.0,2.0,vanilla,25.0,False,False,0.056452374905347824,0.14316315948963165
proto_source=vanilla_k=25_weighted=0_learnw=0,val,3456,proto,-0.01344297081232071,0.01942506805062294,-0.08665226958692074,-0.05038762930780649,-0.07226469367742538,-0.003124672919511795,2.515449159545824e-05,0.9460093896713615,-0.01323943492025137,-1.1766925126721617e-05,0.00019177052308805287,0.019865041598677635,0.04167580604553223,0.18152830004692078,0.7457832098007202,0.0,0.0,0.0,0.0,,,cvar,/Users/yaniszaim/deephedging/.deephedging_real_runs/final_paper_notebook/panel_sweeps/TLT_full_paper_grid_800_step_robust/model_artifacts/seed_3456/risk_cvar/proto_source_vanilla_k_25_weighted_0_learnw_0,3.0,0.05416327593848109,val_loss,0.019146110862493515,0.168977752327919,0.0,0.0,426.0,20.0,2.0,vanilla,25.0,False,False,0.056452374905347824,0.14316315948963165
proto_source=vanilla_k=25_weighted=0_learnw=0,test,3456,proto,-0.013004142791032791,0.02062370255589485,-0.09775078684091568,-0.05157856587320566,-0.07943495362997055,-0.0027273448649793863,-4.7007320972625425e-06,0.9509345794392523,-0.012776244431734085,-3.575799928512424e-05,0.00019214079657103866,0.019884321838617325,0.05239284411072731,0.1817087084054947,0.8111259341239929,0.0,0.0,0.0,0.0,,,cvar,/Users/yaniszaim/deephedging/.deephedging_real_runs/final_paper_notebook/panel_sweeps/TLT_full_paper_grid_800_step_robust/model_artifacts/seed_3456/risk_cvar/proto_source_vanilla_k_25_weighted_0_learnw_0,3.0,0.05416327593848109,val_loss,0.019146110862493515,0.168977752327919,0.0,0.0,428.0,20.0,2.0,vanilla,25.0,False,False,0.056452374905347824,0.14316315948963165
proto_source=vanilla_k=25_weighted=1_learnw=0,train,3456,proto,-0.014910556375980377,0.02098492719233036,-0.08762924738228321,-0.058028947375714776,-0.07912672311067581,-0.004322849214076996,0.000545720459194852,0.911144578313253,-0.014764372259378433,0.00010437462333356962,0.000250558863626793,0.025553014129400253,0.09620539098978043,0.356208860874176,1.0,0.2099774096385542,0.2099774096385542,0.0,0.9974899598393574,,,cvar,/Users/yaniszaim/deephedging/.deephedging_real_runs/final_paper_notebook/panel_sweeps/TLT_full_paper_grid_800_step_robust/model_artifacts/seed_3456/risk_cvar/proto_source_vanilla_k_25_weighted_1_learnw_0,26.0,0.05372555852963856,val_loss,0.019824190065264702,0.09415512531995773,0.0013497652582159625,0.046948356807511735,1992.0,20.0,2.0,vanilla,25.0,True,False,0.06744362413883209,0.11176818609237671
proto_source=vanilla_k=25_weighted=1_learnw=0,val,3456,proto,-0.013553016819059849,0.018957126885652542,-0.08368340320885181,-0.050140866078436375,-0.07137567549943924,-0.003973585087805986,0.000767910314607434,0.9061032863849765,-0.01323943492025137,-6.348323950078338e-05,0.00025010015815496445,0.02553662471473217,0.09095776081085205,0.3567851781845093,1.0,0.2102699530516432,0.2102699530516432,0.0,1.0,,,cvar,/Users/yaniszaim/deephedging/.deephedging_real_runs/final_paper_notebook/panel_sweeps/TLT_full_paper_grid_800_step_robust/model_artifacts/seed_3456/risk_cvar/proto_source_vanilla_k_25_weighted_1_learnw_0,26.0,0.05372555852963856,val_loss,0.019824190065264702,0.09415512531995773,0.0013497652582159625,0.046948356807511735,426.0,20.0,2.0,vanilla,25.0,True,False,0.06744362413883209,0.11176818609237671
proto_source=vanilla_k=25_weighted=1_learnw=0,test,3456,proto,-0.013070320710539818,0.020200015977025032,-0.09364595748484135,-0.050906598567962646,-0.07828845083713531,-0.0036809260491281748,0.0006686942302621887,0.8995327102803738,-0.012776244431734085,-4.422021811478771e-05,0.00024985545314848423,0.025535598397254944,0.09090596437454224,0.35690006613731384,1.0,0.21080607476635513,0.21080607476635513,0.0,1.0,,,cvar,/Users/yaniszaim/deephedging/.deephedging_real_runs/final_paper_notebook/panel_sweeps/TLT_full_paper_grid_800_step_robust/model_artifacts/seed_3456/risk_cvar/proto_source_vanilla_k_25_weighted_1_learnw_0,26.0,0.05372555852963856,val_loss,0.019824190065264702,0.09415512531995773,0.0013497652582159625,0.046948356807511735,428.0,20.0,2.0,vanilla,25.0,True,False,0.06744362413883209,0.11176818609237671
proto_source=vanilla_k=50_weighted=0_learnw=0,train,3456,proto,-0.015175349079072475,0.02245713770389557,-0.09251264788210392,-0.061581806279718876,-0.08334837853908539,-0.001806647691410035,-0.00010051593999378394,0.9673694779116466,-0.014764372259378433,4.807754521607421e-06,0.0004157852381467819,0.007732123136520386,0.15601810812950134,0.04669060930609703,0.2911655306816101,0.0,0.0,0.0,0.0,,,cvar,/Users/yaniszaim/deephedging/.deephedging_real_runs/final_paper_notebook/panel_sweeps/TLT_full_paper_grid_800_step_robust/model_artifacts/seed_3456/risk_cvar/proto_source_vanilla_k_50_weighted_0_learnw_0,344.0,0.05351584333693609,val_loss,0.004315189551562071,0.04033001512289047,0.0,0.0,1992.0,20.0,2.0,vanilla,50.0,False,False,0.1093645766377449,0.24995402991771698
proto_source=vanilla_k=50_weighted=0_learnw=0,val,3456,proto,-0.013668103143572807,0.020312024280428886,-0.08851711638271809,-0.05210279952734709,-0.07486370950937271,-0.0015733627369627357,-0.0001231729402206838,0.9741784037558685,-0.01323943492025137,-8.552729013899807e-06,0.0004201155388727784,0.007745875511318445,0.15566231310367584,0.04631367698311806,0.25440725684165955,0.0,0.0,0.0,0.0,,,cvar,/Users/yaniszaim/deephedging/.deephedging_real_runs/final_paper_notebook/panel_sweeps/TLT_full_paper_grid_800_step_robust/model_artifacts/seed_3456/risk_cvar/proto_source_vanilla_k_50_weighted_0_learnw_0,344.0,0.05351584333693609,val_loss,0.004315189551562071,0.04033001512289047,0.0,0.0,426.0,20.0,2.0,vanilla,50.0,False,False,0.1093645766377449,0.24995402991771698
proto_source=vanilla_k=50_weighted=0_learnw=0,test,3456,proto,-0.013194911181926727,0.02152574062347412,-0.10048788778483868,-0.05320741757750511,-0.08198327571153641,-0.0014212275855243206,-9.474900143686703e-05,0.9626168224299065,-0.012776244431734085,5.652197614836041e-06,0.00042432016925886273,0.007837986573576927,0.15215517580509186,0.046027351170778275,0.2884889245033264,0.0,0.0,0.0,0.0,,,cvar,/Users/yaniszaim/deephedging/.deephedging_real_runs/final_paper_notebook/panel_sweeps/TLT_full_paper_grid_800_step_robust/model_artifacts/seed_3456/risk_cvar/proto_source_vanilla_k_50_weighted_0_learnw_0,344.0,0.05351584333693609,val_loss,0.004315189551562071,0.04033001512289047,0.0,0.0,428.0,20.0,2.0,vanilla,50.0,False,False,0.1093645766377449,0.24995402991771698
proto_source=vanilla_k=50_weighted=1_learnw=0,train,3456,proto,-0.014846310019493103,0.02212587743997574,-0.09098468519747258,-0.06172932796180248,-0.08223290741443634,-0.002739892923273146,0.0010062957473564841,0.8288152610441767,-0.014764372259378433,3.7359073758125305e-05,0.0001192975978483446,0.008398640900850296,0.19741326570510864,0.12713882327079773,1.0,0.00030120481927710846,0.00030120481927710846,0.0,0.001004016064257028,,,cvar,/Users/yaniszaim/deephedging/.deephedging_real_runs/final_paper_notebook/panel_sweeps/TLT_full_paper_grid_800_step_robust/model_artifacts/seed_3456/risk_cvar/proto_source_vanilla_k_50_weighted_1_learnw_0,177.0,0.05375927980523556,val_loss,0.0066330647096037865,0.06989540159702301,0.0,0.0,1992.0,20.0,2.0,vanilla,50.0,True,False,0.09585805982351303,0.31894782185554504
proto_source=vanilla_k=50_weighted=1_learnw=0,val,3456,proto,-0.013442077673971653,0.01997372880578041,-0.0860739815980196,-0.05115117412060499,-0.07368937134742737,-0.0027517081471160054,0.0009479029249632731,0.8380281690140845,-0.01323943492025137,-8.26356845209375e-05,0.00012000748392893001,0.008381507359445095,0.15546336770057678,0.1270851194858551,0.31710556149482727,0.0,0.0,0.0,0.0,,,cvar,/Users/yaniszaim/deephedging/.deephedging_real_runs/final_paper_notebook/panel_sweeps/TLT_full_paper_grid_800_step_robust/model_artifacts/seed_3456/risk_cvar/proto_source_vanilla_k_50_weighted_1_learnw_0,177.0,0.05375927980523556,val_loss,0.0066330647096037865,0.06989540159702301,0.0,0.0,426.0,20.0,2.0,vanilla,50.0,True,False,0.09585805982351303,0.31894782185554504
proto_source=vanilla_k=50_weighted=1_learnw=0,test,3456,proto,-0.012935072183609009,0.021314246580004692,-0.09800847776234149,-0.05292101018130779,-0.08115803450345993,-0.0024638803442940116,0.001242501719389107,0.8341121495327103,-0.012776244431734085,-3.993143036495894e-05,0.00011889718007296324,0.008433738723397255,0.18495897948741913,0.12735378742218018,1.0,0.0007009345794392523,0.0007009345794392523,0.0,0.002336448598130841,,,cvar,/Users/yaniszaim/deephedging/.deephedging_real_runs/final_paper_notebook/panel_sweeps/TLT_full_paper_grid_800_step_robust/model_artifacts/seed_3456/risk_cvar/proto_source_vanilla_k_50_weighted_1_learnw_0,177.0,0.05375927980523556,val_loss,0.0066330647096037865,0.06989540159702301,0.0,0.0,428.0,20.0,2.0,vanilla,50.0,True,False,0.09585805982351303,0.31894782185554504
proto_source=vanilla_k=100_weighted=0_learnw=0,train,3456,proto,-0.014947475865483284,0.02224055305123329,-0.09318265825510025,-0.06129656173288822,-0.08262164145708084,-0.0016782203456386924,1.7377723270328276e-05,0.9442771084337349,-0.014764372259378433,8.799491479294375e-05,0.0002710981061682105,0.00841281097382307,0.397751122713089,0.08368264138698578,1.0,0.00011295180722891567,0.00011295180722891567,0.0,0.002008032128514056,,,cvar,/Users/yaniszaim/deephedging/.deephedging_real_runs/final_paper_notebook/panel_sweeps/TLT_full_paper_grid_800_step_robust/model_artifacts/seed_3456/risk_cvar/proto_source_vanilla_k_100_weighted_0_learnw_0,656.0,0.05381511533499516,val_loss,0.007990132085978985,0.08200563490390778,0.00011737089201877934,0.002347417840375587,1992.0,20.0,2.0,vanilla,100.0,False,False,0.0805310606956482,0.4666390120983124
proto_source=vanilla_k=100_weighted=0_learnw=0,val,3456,proto,-0.013444633223116398,0.019903475418686867,-0.08629492484033108,-0.052186526358127594,-0.0732836052775383,-0.0018015875248238444,-1.4294553693616763e-05,0.9553990610328639,-0.01323943492025137,5.741419954574667e-05,0.0002626126224640757,0.008215008303523064,0.13345476984977722,0.08244239538908005,0.6545915007591248,0.0,0.0,0.0,0.0,,,cvar,/Users/yaniszaim/deephedging/.deephedging_real_runs/final_paper_notebook/panel_sweeps/TLT_full_paper_grid_800_step_robust/model_artifacts/seed_3456/risk_cvar/proto_source_vanilla_k_100_weighted_0_learnw_0,656.0,0.05381511533499516,val_loss,0.007990132085978985,0.08200563490390778,0.00011737089201877934,0.002347417840375587,426.0,20.0,2.0,vanilla,100.0,False,False,0.0805310606956482,0.4666390120983124
proto_source=vanilla_k=100_weighted=0_learnw=0,test,3456,proto,-0.013088895939290524,0.021400708705186844,-0.09964502774178982,-0.05276017189025879,-0.0822717696428299,-0.0010933629819191992,6.153566791908813e-05,0.9299065420560748,-0.012776244431734085,-4.950341462972574e-05,0.0002631484530866146,0.008274671621620655,0.38572782278060913,0.08281239867210388,1.0,0.00011682242990654206,0.00011682242990654206,0.0,0.002336448598130841,,,cvar,/Users/yaniszaim/deephedging/.deephedging_real_runs/final_paper_notebook/panel_sweeps/TLT_full_paper_grid_800_step_robust/model_artifacts/seed_3456/risk_cvar/proto_source_vanilla_k_100_weighted_0_learnw_0,656.0,0.05381511533499516,val_loss,0.007990132085978985,0.08200563490390778,0.00011737089201877934,0.002347417840375587,428.0,20.0,2.0,vanilla,100.0,False,False,0.0805310606956482,0.4666390120983124
proto_source=vanilla_k=100_weighted=1_learnw=0,train,3456,proto,-0.014972606673836708,0.0218086838722229,-0.0902764493972063,-0.06020556092262267,-0.08150240778923035,-0.002878744504414499,0.00046047093637753013,0.8970883534136547,-0.014764372259378433,8.181817247532308e-05,0.0002900521212723106,0.014784847386181355,0.14890122413635254,0.1873226761817932,1.0,0.0002761044176706827,0.0002761044176706827,0.0,0.0025100401606425703,,,cvar,/Users/yaniszaim/deephedging/.deephedging_real_runs/final_paper_notebook/panel_sweeps/TLT_full_paper_grid_800_step_robust/model_artifacts/seed_3456/risk_cvar/proto_source_vanilla_k_100_weighted_1_learnw_0,279.0,0.05359191361116245,val_loss,0.007798230741173029,0.07976485788822174,0.0,0.0,1992.0,20.0,2.0,vanilla,100.0,True,False,0.080683633685112,0.17761796712875366
proto_source=vanilla_k=100_weighted=1_learnw=0,val,3456,proto,-0.013567082583904266,0.019744092598557472,-0.08600310795009136,-0.051156396977603436,-0.07334107905626297,-0.0026699648005887866,0.0002713617868721485,0.9061032863849765,-0.01323943492025137,-3.646331242634915e-05,0.0002911850460804999,0.014697197824716568,0.14938795566558838,0.18534952402114868,1.0,0.0006455399061032864,0.0006455399061032864,0.0,0.002347417840375587,,,cvar,/Users/yaniszaim/deephedging/.deephedging_real_runs/final_paper_notebook/panel_sweeps/TLT_full_paper_grid_800_step_robust/model_artifacts/seed_3456/risk_cvar/proto_source_vanilla_k_100_weighted_1_learnw_0,279.0,0.05359191361116245,val_loss,0.007798230741173029,0.07976485788822174,0.0,0.0,426.0,20.0,2.0,vanilla,100.0,True,False,0.080683633685112,0.17761796712875366
proto_source=vanilla_k=100_weighted=1_learnw=0,test,3456,proto,-0.013096089474856853,0.021007243543863297,-0.09697372533380985,-0.052353298664093016,-0.08051092177629471,-0.0026048292638733983,0.0006292287871474398,0.8714953271028038,-0.012776244431734085,-3.304987694718875e-05,0.0002867959556169808,0.014656337909400463,0.14817777276039124,0.18551641702651978,0.9084078073501587,0.0,0.0,0.0,0.0,,,cvar,/Users/yaniszaim/deephedging/.deephedging_real_runs/final_paper_notebook/panel_sweeps/TLT_full_paper_grid_800_step_robust/model_artifacts/seed_3456/risk_cvar/proto_source_vanilla_k_100_weighted_1_learnw_0,279.0,0.05359191361116245,val_loss,0.007798230741173029,0.07976485788822174,0.0,0.0,428.0,20.0,2.0,vanilla,100.0,True,False,0.080683633685112,0.17761796712875366
