model,split,seed,model_family,gains_mean,gains_std,gains_p01,gains_p05,gains_cvar05,gains_p50,gains_p95,shortfall_prob,payoff_mean,pnl_mean,cost_mean,action_abs_mean,action_abs_max,delta_abs_mean,delta_abs_max,pct_at_any_position_bound,pct_at_upper_position_bound,pct_at_lower_position_bound,pct_paths_touch_any_position_bound,selected_band,baseline_selection_metric,risk_measure,artifact_dir,selected_epoch,selected_score,selection_metric,selected_val_action_abs_mean,selected_val_delta_abs_mean,selected_val_pct_at_any_position_bound,selected_val_pct_paths_touch_any_position_bound,n_paths,n_steps,n_inst,prototype_source,n_prototypes,weighted_similarity,learn_distance_feature_weights,proto_action_norm_mean,proto_action_norm_max
unhedged,train,1234,baseline,-0.007937406189739704,0.012416317127645016,-0.05333748817443848,-0.03153778314590454,-0.04546043276786804,-0.0,0.0,0.4979919678714859,-0.007937406189739704,0.0,0.0,0.0,0.0,0.0,0.0,0.0,0.0,0.0,0.0,,,,,,,,,,,,,,,,,,,,
spot_delta,train,1234,baseline,-0.007999840192496777,0.01185547560453415,-0.05147308323532343,-0.029894635360687972,-0.042927101254463196,-0.004667111439630389,0.004168679541908204,0.768574297188755,-0.007937406189739704,0.00010276192188030109,0.00016519660130143166,0.020647773519158363,0.577771008014679,0.2539401948451996,0.582252025604248,0.0,0.0,0.0,0.0,,,,,,,,,,,,,,,,,,,,
spot_delta_band,train,1234,baseline,-0.007950100116431713,0.011740301735699177,-0.052629031240940094,-0.029615454748272894,-0.0430610217154026,-0.0037492933915928006,0.002849099086597559,0.7801204819277109,-0.007937406189739704,6.486580241471529e-05,7.756023842375726e-05,0.009694673120975494,0.4277710020542145,0.18993297219276428,0.43225201964378357,0.0,0.0,0.0,0.0,0.15,gains_mean,,,,,,,,,,,,,,,,,,
unhedged,val,1234,baseline,-0.008103352040052414,0.012780033983290195,-0.055197328329086304,-0.03258267045021057,-0.047713540494441986,-0.0,-0.0,0.47417840375586856,-0.008103352040052414,0.0,0.0,0.0,0.0,0.0,0.0,0.0,0.0,0.0,0.0,,,,,,,,,,,,,,,,,,,,
spot_delta,val,1234,baseline,-0.00832421611994505,0.012347579933702946,-0.04695773683488369,-0.03226327523589134,-0.04426545277237892,-0.005195146193727851,0.005148768541403115,0.744131455399061,-0.008103352040052414,-5.682456321665086e-05,0.00016404005873482674,0.020506132394075394,0.578885018825531,0.25404343008995056,0.582252025604248,0.0,0.0,0.0,0.0,,,,,,,,,,,,,,,,,,,,
spot_delta_band,val,1234,baseline,-0.008209454827010632,0.012178548611700535,-0.04809615481644869,-0.03136655129492283,-0.044646069407463074,-0.004031144315376878,0.0035156591911800206,0.7488262910798122,-0.008103352040052414,-2.849033808161039e-05,7.761348388157785e-05,0.009701081551611423,0.42888501286506653,0.19006744027137756,0.43225201964378357,0.0,0.0,0.0,0.0,0.15,gains_mean,,,,,,,,,,,,,,,,,,
unhedged,test,1234,baseline,-0.008871139958500862,0.012762068770825863,-0.05157181978225708,-0.03612444996833801,-0.04584077373147011,-0.0020508766174316406,-0.0,0.5280373831775701,-0.008871139958500862,0.0,0.0,0.0,0.0,0.0,0.0,0.0,0.0,0.0,0.0,,,,,,,,,,,,,,,,,,,,
spot_delta,test,1234,baseline,-0.009459855034947395,0.01164768636226654,-0.04852571342140436,-0.03210105337202549,-0.041908591985702515,-0.006586592877283692,0.003409092000219967,0.8200934579439252,-0.008871139958500862,-0.00042638526065275073,0.00016233022324740887,0.020271241664886475,0.5764219760894775,0.2543640732765198,0.582252025604248,0.0,0.0,0.0,0.0,,,,,,,,,,,,,,,,,,,,
spot_delta_band,test,1234,baseline,-0.009245934896171093,0.01170739158987999,-0.049807741716504095,-0.03371951654553413,-0.04276954382658005,-0.00549385673366487,0.002274180285166949,0.8387850467289719,-0.008871139958500862,-0.0002973781665787101,7.741680747130886e-05,0.00967583991587162,0.42642197012901306,0.1897304803133011,0.43225201964378357,0.0,0.0,0.0,0.0,0.15,gains_mean,,,,,,,,,,,,,,,,,,
vanilla,train,1234,vanilla,-0.008014225400984287,0.01200189907103777,-0.0521129984408617,-0.030674113892018795,-0.04442700371146202,-0.0011323101352900267,-5.6602391850902743e-05,0.9663654618473896,-0.007937406189739704,-1.1053174603148364e-05,6.57661075820215e-05,0.007149698678404093,0.018033891916275024,0.08166980743408203,0.28509044647216797,0.0,0.0,0.0,0.0,,,cvar,/Users/yaniszaim/deephedging/.deephedging_real_runs/final_paper_asian_panel/panel_sweeps/TLT_full_paper_grid_800_asian_call_step_robust/model_artifacts/seed_1234/risk_cvar/vanilla,42.0,0.033165144235827025,val_loss,0.007882294245064259,0.09289353340864182,0.0,0.0,1992.0,20.0,2.0,,,,,,
vanilla,val,1234,vanilla,-0.008179916068911552,0.012335667386651039,-0.0543155986815691,-0.031873105093836784,-0.046618521213531494,-0.0011748630786314607,-1.942998824233655e-05,0.9530516431924883,-0.008103352040052414,-1.0903493603109382e-05,6.566173397004604e-05,0.007148606237024069,0.01803208515048027,0.08164773136377335,0.28450125455856323,0.0,0.0,0.0,0.0,,,cvar,/Users/yaniszaim/deephedging/.deephedging_real_runs/final_paper_asian_panel/panel_sweeps/TLT_full_paper_grid_800_asian_call_step_robust/model_artifacts/seed_1234/risk_cvar/vanilla,42.0,0.033165144235827025,val_loss,0.007882294245064259,0.09289353340864182,0.0,0.0,426.0,20.0,2.0,,,,,,
vanilla,test,1234,vanilla,-0.008889395743608475,0.012324563227593899,-0.05038742285221815,-0.03526655193418264,-0.044763460755348206,-0.0019519281922839582,-5.917667294852554e-06,0.9532710280373832,-0.008871139958500862,4.720331708085723e-05,6.545858923345804e-05,0.0071417479775846004,0.018033012747764587,0.08159518241882324,0.2841135859489441,0.0,0.0,0.0,0.0,,,cvar,/Users/yaniszaim/deephedging/.deephedging_real_runs/final_paper_asian_panel/panel_sweeps/TLT_full_paper_grid_800_asian_call_step_robust/model_artifacts/seed_1234/risk_cvar/vanilla,42.0,0.033165144235827025,val_loss,0.007882294245064259,0.09289353340864182,0.0,0.0,428.0,20.0,2.0,,,,,,
proto_source=spot_delta_k=10_weighted=0_learnw=0,train,1234,proto,-0.007655313238501549,0.011947778053581715,-0.04729952733963728,-0.02910175984725356,-0.04275752604007721,-0.0014771047863177955,0.0005088698817417019,0.8614457831325302,-0.007937406189739704,0.0003681894449982792,8.609663927927613e-05,0.009451274760067463,0.7507100701332092,0.0699758231639862,1.0,2.5100401606425704e-05,0.0,2.5100401606425704e-05,0.001004016064257028,,,cvar,/Users/yaniszaim/deephedging/.deephedging_real_runs/final_paper_asian_panel/panel_sweeps/TLT_full_paper_grid_800_asian_call_step_robust/model_artifacts/seed_1234/risk_cvar/proto_source_spot_delta_k_10_weighted_0_learnw_0,136.0,0.03209348747041076,val_loss,0.010414856486022472,0.06255856156349182,0.0,0.0,1992.0,20.0,2.0,spot_delta,10.0,False,False,0.22328218817710876,0.8286411762237549
proto_source=spot_delta_k=10_weighted=0_learnw=0,val,1234,proto,-0.007728048134595156,0.012358414940536022,-0.05447642412036657,-0.03064383240416646,-0.04625610262155533,-0.0012486481573432684,0.0006584272050531581,0.8497652582159625,-0.008103352040052414,0.0004555506748147309,8.024787530303001e-05,0.009549480862915516,0.31450480222702026,0.06723088026046753,0.8760899305343628,0.0,0.0,0.0,0.0,,,cvar,/Users/yaniszaim/deephedging/.deephedging_real_runs/final_paper_asian_panel/panel_sweeps/TLT_full_paper_grid_800_asian_call_step_robust/model_artifacts/seed_1234/risk_cvar/proto_source_spot_delta_k_10_weighted_0_learnw_0,136.0,0.03209348747041076,val_loss,0.010414856486022472,0.06255856156349182,0.0,0.0,426.0,20.0,2.0,spot_delta,10.0,False,False,0.22328218817710876,0.8286411762237549
proto_source=spot_delta_k=10_weighted=0_learnw=0,test,1234,proto,-0.00852322205901146,0.01209943275898695,-0.04964765589684248,-0.03197331354022026,-0.04417368769645691,-0.002336566336452961,0.0005845592328114435,0.8574766355140186,-0.008871139958500862,0.0004342194297350943,8.63013556227088e-05,0.009713917039334774,0.7012157440185547,0.065046027302742,1.0,5.841121495327103e-05,0.0,5.841121495327103e-05,0.002336448598130841,,,cvar,/Users/yaniszaim/deephedging/.deephedging_real_runs/final_paper_asian_panel/panel_sweeps/TLT_full_paper_grid_800_asian_call_step_robust/model_artifacts/seed_1234/risk_cvar/proto_source_spot_delta_k_10_weighted_0_learnw_0,136.0,0.03209348747041076,val_loss,0.010414856486022472,0.06255856156349182,0.0,0.0,428.0,20.0,2.0,spot_delta,10.0,False,False,0.22328218817710876,0.8286411762237549
proto_source=spot_delta_k=10_weighted=1_learnw=0,train,1234,proto,-0.007775510661303997,0.01193905808031559,-0.04818832810968161,-0.029745507426559924,-0.04311445355415344,-0.001326155907008797,0.0003251967194955752,0.911144578313253,-0.007937406189739704,0.00024581587058492005,8.392042218474671e-05,0.009637194685637951,0.21246887743473053,0.07549843192100525,0.7090317010879517,0.0,0.0,0.0,0.0,,,cvar,/Users/yaniszaim/deephedging/.deephedging_real_runs/final_paper_asian_panel/panel_sweeps/TLT_full_paper_grid_800_asian_call_step_robust/model_artifacts/seed_1234/risk_cvar/proto_source_spot_delta_k_10_weighted_1_learnw_0,8.0,0.032428311170078813,val_loss,0.009650108404457569,0.06827203184366226,0.0,0.0,1992.0,20.0,2.0,spot_delta,10.0,True,False,0.11061166226863861,0.26030611991882324
proto_source=spot_delta_k=10_weighted=1_learnw=0,val,1234,proto,-0.007737943436950445,0.01222941279411316,-0.05655691586434841,-0.030510668642818928,-0.04555793106555939,-0.0012324907584115863,0.0005693671701010317,0.8896713615023474,-0.008103352040052414,0.00045145145850256085,8.604335016570985e-05,0.009749626740813255,0.21210220456123352,0.07549088448286057,0.6349531412124634,0.0,0.0,0.0,0.0,,,cvar,/Users/yaniszaim/deephedging/.deephedging_real_runs/final_paper_asian_panel/panel_sweeps/TLT_full_paper_grid_800_asian_call_step_robust/model_artifacts/seed_1234/risk_cvar/proto_source_spot_delta_k_10_weighted_1_learnw_0,8.0,0.032428311170078813,val_loss,0.009650108404457569,0.06827203184366226,0.0,0.0,426.0,20.0,2.0,spot_delta,10.0,True,False,0.11061166226863861,0.26030611991882324
proto_source=spot_delta_k=10_weighted=1_learnw=0,test,1234,proto,-0.008551369421184063,0.012211764231324196,-0.048003612384200096,-0.034245766885578635,-0.044418755918741226,-0.0019026217632927,0.0005987623415421694,0.8925233644859814,-0.008871139958500862,0.0004048911214340478,8.512016938766465e-05,0.009904232807457447,0.2123149037361145,0.07229400426149368,0.6952099204063416,0.0,0.0,0.0,0.0,,,cvar,/Users/yaniszaim/deephedging/.deephedging_real_runs/final_paper_asian_panel/panel_sweeps/TLT_full_paper_grid_800_asian_call_step_robust/model_artifacts/seed_1234/risk_cvar/proto_source_spot_delta_k_10_weighted_1_learnw_0,8.0,0.032428311170078813,val_loss,0.009650108404457569,0.06827203184366226,0.0,0.0,428.0,20.0,2.0,spot_delta,10.0,True,False,0.11061166226863861,0.26030611991882324
proto_source=spot_delta_k=25_weighted=0_learnw=0,train,1234,proto,-0.007258761674165726,0.011602640151977539,-0.04802609298378229,-0.029249006882309914,-0.04208846390247345,-0.0016191349131986499,0.000696267010062,0.8669678714859438,-0.007937406189739704,0.0008309149416163564,0.00015227030962705612,0.016318444162607193,0.7979466915130615,0.1216810941696167,1.0,0.00016315261044176708,6.275100401606425e-05,0.00010040160642570282,0.002008032128514056,,,cvar,/Users/yaniszaim/deephedging/.deephedging_real_runs/final_paper_asian_panel/panel_sweeps/TLT_full_paper_grid_800_asian_call_step_robust/model_artifacts/seed_1234/risk_cvar/proto_source_spot_delta_k_25_weighted_0_learnw_0,147.0,0.031948968178719415,val_loss,0.015401005744934082,0.10282794386148453,0.00023474178403755868,0.002347417840375587,1992.0,20.0,2.0,spot_delta,25.0,False,False,0.17121075093746185,0.9287279844284058
proto_source=spot_delta_k=25_weighted=0_learnw=0,val,1234,proto,-0.007536299526691437,0.012969117611646652,-0.057824354618787766,-0.03000194253399968,-0.04676556587219238,-0.001977548352442682,0.0013695333036594093,0.852112676056338,-0.008103352040052414,0.0007164436392486095,0.00014939157699700445,0.01659371331334114,0.7979466915130615,0.12170082330703735,1.0,5.868544600938967e-05,0.0,5.868544600938967e-05,0.002347417840375587,,,cvar,/Users/yaniszaim/deephedging/.deephedging_real_runs/final_paper_asian_panel/panel_sweeps/TLT_full_paper_grid_800_asian_call_step_robust/model_artifacts/seed_1234/risk_cvar/proto_source_spot_delta_k_25_weighted_0_learnw_0,147.0,0.031948968178719415,val_loss,0.015401005744934082,0.10282794386148453,0.00023474178403755868,0.002347417840375587,426.0,20.0,2.0,spot_delta,25.0,False,False,0.17121075093746185,0.9287279844284058
proto_source=spot_delta_k=25_weighted=0_learnw=0,test,1234,proto,-0.008037911728024483,0.01236306969076395,-0.05281817752867937,-0.03354114852845669,-0.04398201406002045,-0.001928691694047302,0.0013258783787023218,0.866822429906542,-0.008871139958500862,0.0009882139274850488,0.0001549854496261105,0.017165876924991608,0.7979466915130615,0.11550245434045792,0.808219850063324,0.0,0.0,0.0,0.0,,,cvar,/Users/yaniszaim/deephedging/.deephedging_real_runs/final_paper_asian_panel/panel_sweeps/TLT_full_paper_grid_800_asian_call_step_robust/model_artifacts/seed_1234/risk_cvar/proto_source_spot_delta_k_25_weighted_0_learnw_0,147.0,0.031948968178719415,val_loss,0.015401005744934082,0.10282794386148453,0.00023474178403755868,0.002347417840375587,428.0,20.0,2.0,spot_delta,25.0,False,False,0.17121075093746185,0.9287279844284058
proto_source=spot_delta_k=25_weighted=1_learnw=0,train,1234,proto,-0.007724158000200987,0.012041464447975159,-0.04752981718629599,-0.02715790132060647,-0.042833611369132996,-0.002219552989117801,0.00046968031529104267,0.8980923694779116,-0.007937406189739704,0.00040082712075673044,0.0001875784801086411,0.016670551151037216,0.6983017921447754,0.1748422384262085,1.0,0.0008910642570281124,0.0004141566265060241,0.00047690763052208836,0.009538152610441768,,,cvar,/Users/yaniszaim/deephedging/.deephedging_real_runs/final_paper_asian_panel/panel_sweeps/TLT_full_paper_grid_800_asian_call_step_robust/model_artifacts/seed_1234/risk_cvar/proto_source_spot_delta_k_25_weighted_1_learnw_0,143.0,0.032273590722353036,val_loss,0.023322047665715218,0.15162399411201477,0.0012910798122065727,0.023474178403755867,1992.0,20.0,2.0,spot_delta,25.0,True,False,0.18715539574623108,0.72799152135849
proto_source=spot_delta_k=25_weighted=1_learnw=0,val,1234,proto,-0.0075834463350474834,0.01266019232571125,-0.05839716549962759,-0.028580278158187866,-0.04608342424035072,-0.0022019895259290934,0.00047321777674369514,0.8755868544600939,-0.008103352040052414,0.0007309814100153744,0.0002110765635734424,0.017101125791668892,0.6982963681221008,0.17195598781108856,1.0,0.0011737089201877935,0.0004107981220657277,0.0007629107981220657,0.018779342723004695,,,cvar,/Users/yaniszaim/deephedging/.deephedging_real_runs/final_paper_asian_panel/panel_sweeps/TLT_full_paper_grid_800_asian_call_step_robust/model_artifacts/seed_1234/risk_cvar/proto_source_spot_delta_k_25_weighted_1_learnw_0,143.0,0.032273590722353036,val_loss,0.023322047665715218,0.15162399411201477,0.0012910798122065727,0.023474178403755867,426.0,20.0,2.0,spot_delta,25.0,True,False,0.18715539574623108,0.72799152135849
proto_source=spot_delta_k=25_weighted=1_learnw=0,test,1234,proto,-0.008603296242654324,0.011944997124373913,-0.05377910584211349,-0.03012475445866585,-0.04459125176072121,-0.0030725335236638784,0.0002320115163456648,0.9065420560747663,-0.008871139958500862,0.0004528268473222852,0.00018498349527362734,0.017649447545409203,0.6982731819152832,0.16754084825515747,1.0,0.0006425233644859813,0.00035046728971962614,0.0002920560747663551,0.007009345794392523,,,cvar,/Users/yaniszaim/deephedging/.deephedging_real_runs/final_paper_asian_panel/panel_sweeps/TLT_full_paper_grid_800_asian_call_step_robust/model_artifacts/seed_1234/risk_cvar/proto_source_spot_delta_k_25_weighted_1_learnw_0,143.0,0.032273590722353036,val_loss,0.023322047665715218,0.15162399411201477,0.0012910798122065727,0.023474178403755867,428.0,20.0,2.0,spot_delta,25.0,True,False,0.18715539574623108,0.72799152135849
proto_source=spot_delta_k=50_weighted=0_learnw=0,train,1234,proto,-0.007429190445691347,0.011658238247036934,-0.04822920180857181,-0.02867171037942171,-0.04168151691555977,-0.0012887942139059305,0.00021668878034688486,0.9186746987951807,-0.007937406189739704,0.0006907546194270253,0.00018253886082675308,0.014803332276642323,0.9248199462890625,0.1058039665222168,1.0,0.00047690763052208836,0.0002761044176706827,0.00020080321285140563,0.005522088353413655,,,cvar,/Users/yaniszaim/deephedging/.deephedging_real_runs/final_paper_asian_panel/panel_sweeps/TLT_full_paper_grid_800_asian_call_step_robust/model_artifacts/seed_1234/risk_cvar/proto_source_spot_delta_k_50_weighted_0_learnw_0,183.0,0.031778177057519695,val_loss,0.014580925926566124,0.08853374421596527,0.00023474178403755868,0.007042253521126761,1992.0,20.0,2.0,spot_delta,50.0,False,False,0.18611983954906464,1.0657172203063965
proto_source=spot_delta_k=50_weighted=0_learnw=0,val,1234,proto,-0.007748003117740154,0.01234253030270338,-0.05948690604418516,-0.03099504578858614,-0.04640540853142738,-0.0012144328211434186,0.00031542668875772506,0.9131455399061033,-0.008103352040052414,0.0005173600511625409,0.00016201214748434722,0.014526978135108948,0.9248199462890625,0.10556922107934952,1.0,0.00029342723004694836,0.0,0.00029342723004694836,0.009389671361502348,,,cvar,/Users/yaniszaim/deephedging/.deephedging_real_runs/final_paper_asian_panel/panel_sweeps/TLT_full_paper_grid_800_asian_call_step_robust/model_artifacts/seed_1234/risk_cvar/proto_source_spot_delta_k_50_weighted_0_learnw_0,183.0,0.031778177057519695,val_loss,0.014580925926566124,0.08853374421596527,0.00023474178403755868,0.007042253521126761,426.0,20.0,2.0,spot_delta,50.0,False,False,0.18611983954906464,1.0657172203063965
proto_source=spot_delta_k=50_weighted=0_learnw=0,test,1234,proto,-0.008098765276372433,0.011976780369877815,-0.05087686948478222,-0.0327056685462594,-0.044137295335531235,-0.0014501019031740725,9.175772429443891e-05,0.9345794392523364,-0.008871139958500862,0.000928618130274117,0.0001562439720146358,0.015126768499612808,0.9248199462890625,0.10408268123865128,1.0,0.00023364485981308412,0.0,0.00023364485981308412,0.004672897196261682,,,cvar,/Users/yaniszaim/deephedging/.deephedging_real_runs/final_paper_asian_panel/panel_sweeps/TLT_full_paper_grid_800_asian_call_step_robust/model_artifacts/seed_1234/risk_cvar/proto_source_spot_delta_k_50_weighted_0_learnw_0,183.0,0.031778177057519695,val_loss,0.014580925926566124,0.08853374421596527,0.00023474178403755868,0.007042253521126761,428.0,20.0,2.0,spot_delta,50.0,False,False,0.18611983954906464,1.0657172203063965
proto_source=spot_delta_k=50_weighted=1_learnw=0,train,1234,proto,-0.007734059356153011,0.011903869919478893,-0.05120174612849951,-0.02948529915884137,-0.04318714514374733,-0.0008126597676891834,-1.433125507901432e-05,0.9543172690763052,-0.007937406189739704,0.00027794347261078656,7.459705375367776e-05,0.006280872039496899,0.6765621304512024,0.06439349800348282,1.0,0.0006024096385542169,0.0005647590361445783,3.765060240963856e-05,0.005522088353413655,,,cvar,/Users/yaniszaim/deephedging/.deephedging_real_runs/final_paper_asian_panel/panel_sweeps/TLT_full_paper_grid_800_asian_call_step_robust/model_artifacts/seed_1234/risk_cvar/proto_source_spot_delta_k_50_weighted_1_learnw_0,158.0,0.03206332726935318,val_loss,0.012923735193908215,0.08615701645612717,0.00035211267605633805,0.009389671361502348,1992.0,20.0,2.0,spot_delta,50.0,True,False,0.13506737351417542,0.8529400825500488
proto_source=spot_delta_k=50_weighted=1_learnw=0,val,1234,proto,-0.007739781402051449,0.012523154728114605,-0.06134860124439001,-0.030189781449735165,-0.04636308178305626,-0.0007267110631801188,2.4516862595191924e-05,0.9413145539906104,-0.008103352040052414,0.00043491259566508234,7.134249608498067e-05,0.006383894942700863,0.5855591893196106,0.0635489672422409,1.0,0.0006455399061032864,0.00046948356807511736,0.00017605633802816902,0.009389671361502348,,,cvar,/Users/yaniszaim/deephedging/.deephedging_real_runs/final_paper_asian_panel/panel_sweeps/TLT_full_paper_grid_800_asian_call_step_robust/model_artifacts/seed_1234/risk_cvar/proto_source_spot_delta_k_50_weighted_1_learnw_0,158.0,0.03206332726935318,val_loss,0.012923735193908215,0.08615701645612717,0.00035211267605633805,0.009389671361502348,426.0,20.0,2.0,spot_delta,50.0,True,False,0.13506737351417542,0.8529400825500488
proto_source=spot_delta_k=50_weighted=1_learnw=0,test,1234,proto,-0.008552891202270985,0.01212717778980732,-0.048310637585818765,-0.032674357481300834,-0.0444098599255085,-0.0020012655877508223,-3.89134507713607e-05,0.9672897196261683,-0.008871139958500862,0.0003850473731290549,6.679879879811779e-05,0.006404010113328695,0.5794510245323181,0.06195446848869324,1.0,0.00035046728971962614,0.00023364485981308412,0.00011682242990654206,0.004672897196261682,,,cvar,/Users/yaniszaim/deephedging/.deephedging_real_runs/final_paper_asian_panel/panel_sweeps/TLT_full_paper_grid_800_asian_call_step_robust/model_artifacts/seed_1234/risk_cvar/proto_source_spot_delta_k_50_weighted_1_learnw_0,158.0,0.03206332726935318,val_loss,0.012923735193908215,0.08615701645612717,0.00035211267605633805,0.009389671361502348,428.0,20.0,2.0,spot_delta,50.0,True,False,0.13506737351417542,0.8529400825500488
proto_source=spot_delta_k=100_weighted=0_learnw=0,train,1234,proto,-0.007336804177612066,0.011486436240375042,-0.04768646579235792,-0.027331880293786526,-0.0410534106194973,-0.003379058209247887,0.0012503162317443637,0.8965863453815262,-0.007937406189739704,0.000940707279369235,0.000340105063514784,0.0342324897646904,1.061492919921875,0.28492847084999084,1.0,0.02112198795180723,0.020230923694779118,0.0008910642570281124,0.19126506024096385,,,cvar,/Users/yaniszaim/deephedging/.deephedging_real_runs/final_paper_asian_panel/panel_sweeps/TLT_full_paper_grid_800_asian_call_step_robust/model_artifacts/seed_1234/risk_cvar/proto_source_spot_delta_k_100_weighted_0_learnw_0,600.0,0.032065063483768225,val_loss,0.03107815980911255,0.18438123166561127,0.0017018779342723004,0.018779342723004695,1992.0,20.0,2.0,spot_delta,100.0,False,False,0.1530262678861618,1.192527413368225
proto_source=spot_delta_k=100_weighted=0_learnw=0,val,1234,proto,-0.007287577260285616,0.011271201074123383,-0.06048422772437334,-0.025104783941060305,-0.043647315353155136,-0.0034982305951416492,0.0017049167945515364,0.8873239436619719,-0.008103352040052414,0.0011469569290056825,0.0003311829350423068,0.033826567232608795,1.061492919921875,0.2782641053199768,1.0,0.018192488262910797,0.017077464788732396,0.0011150234741784037,0.176056338028169,,,cvar,/Users/yaniszaim/deephedging/.deephedging_real_runs/final_paper_asian_panel/panel_sweeps/TLT_full_paper_grid_800_asian_call_step_robust/model_artifacts/seed_1234/risk_cvar/proto_source_spot_delta_k_100_weighted_0_learnw_0,600.0,0.032065063483768225,val_loss,0.03107815980911255,0.18438123166561127,0.0017018779342723004,0.018779342723004695,426.0,20.0,2.0,spot_delta,100.0,False,False,0.1530262678861618,1.192527413368225
proto_source=spot_delta_k=100_weighted=0_learnw=0,test,1234,proto,-0.008096274919807911,0.0111643485724926,-0.05030661456286907,-0.0321628712117672,-0.04270743206143379,-0.003971659345552325,0.0013994107837788747,0.8878504672897196,-0.008871139958500862,0.0011143828742206097,0.0003395176609046757,0.03515540435910225,1.0614815950393677,0.27573493123054504,1.0,0.018341121495327104,0.017698598130841122,0.0006425233644859813,0.17757009345794392,,,cvar,/Users/yaniszaim/deephedging/.deephedging_real_runs/final_paper_asian_panel/panel_sweeps/TLT_full_paper_grid_800_asian_call_step_robust/model_artifacts/seed_1234/risk_cvar/proto_source_spot_delta_k_100_weighted_0_learnw_0,600.0,0.032065063483768225,val_loss,0.03107815980911255,0.18438123166561127,0.0017018779342723004,0.018779342723004695,428.0,20.0,2.0,spot_delta,100.0,False,False,0.1530262678861618,1.192527413368225
proto_source=spot_delta_k=100_weighted=1_learnw=0,train,1234,proto,-0.007304737810045481,0.01218290627002716,-0.047669092789292336,-0.02836151514202356,-0.04134957492351532,-0.001984176808036864,0.000772492805845104,0.8498995983935743,-0.007937406189739704,0.0007811517571099102,0.0001484833483118564,0.013362404890358448,0.5496775507926941,0.11773387342691422,1.0,2.5100401606425704e-05,0.0,2.5100401606425704e-05,0.001004016064257028,,,cvar,/Users/yaniszaim/deephedging/.deephedging_real_runs/final_paper_asian_panel/panel_sweeps/TLT_full_paper_grid_800_asian_call_step_robust/model_artifacts/seed_1234/risk_cvar/proto_source_spot_delta_k_100_weighted_1_learnw_0,128.0,0.032221471411176025,val_loss,0.011037834919989109,0.08869493007659912,0.0,0.0,1992.0,20.0,2.0,spot_delta,100.0,True,False,0.13671298325061798,0.6628076434135437
proto_source=spot_delta_k=100_weighted=1_learnw=0,val,1234,proto,-0.007184382528066635,0.013609305955469608,-0.05285842623561621,-0.030459150671958923,-0.044937774538993835,-0.001964838826097548,0.0009757545776665211,0.8192488262910798,-0.008103352040052414,0.0010811465326696634,0.0001621776318643242,0.01368428859859705,0.5257131457328796,0.11798376590013504,1.0,5.868544600938967e-05,0.0,5.868544600938967e-05,0.002347417840375587,,,cvar,/Users/yaniszaim/deephedging/.deephedging_real_runs/final_paper_asian_panel/panel_sweeps/TLT_full_paper_grid_800_asian_call_step_robust/model_artifacts/seed_1234/risk_cvar/proto_source_spot_delta_k_100_weighted_1_learnw_0,128.0,0.032221471411176025,val_loss,0.011037834919989109,0.08869493007659912,0.0,0.0,426.0,20.0,2.0,spot_delta,100.0,True,False,0.13671298325061798,0.6628076434135437
proto_source=spot_delta_k=100_weighted=1_learnw=0,test,1234,proto,-0.00817965529859066,0.012584175914525986,-0.04885918263345957,-0.032731620781123634,-0.0430879071354866,-0.002679760451428592,0.0007438860746333364,0.8644859813084113,-0.008871139958500862,0.0008391135488636792,0.00014762923819944263,0.013456225395202637,0.54574054479599,0.11341166496276855,1.0,5.841121495327103e-05,0.0,5.841121495327103e-05,0.002336448598130841,,,cvar,/Users/yaniszaim/deephedging/.deephedging_real_runs/final_paper_asian_panel/panel_sweeps/TLT_full_paper_grid_800_asian_call_step_robust/model_artifacts/seed_1234/risk_cvar/proto_source_spot_delta_k_100_weighted_1_learnw_0,128.0,0.032221471411176025,val_loss,0.011037834919989109,0.08869493007659912,0.0,0.0,428.0,20.0,2.0,spot_delta,100.0,True,False,0.13671298325061798,0.6628076434135437
proto_source=vanilla_k=10_weighted=0_learnw=0,train,1234,proto,-0.00806601345539093,0.012127622961997986,-0.05235953956842423,-0.030807580705732106,-0.044821929186582565,-0.00126183737302199,0.00010439004217914738,0.9161646586345381,-0.007937406189739704,-2.7847722776641604e-06,0.00012582261115312576,0.008018914610147476,0.04058079048991203,0.07313630729913712,0.3070640563964844,0.0,0.0,0.0,0.0,,,cvar,/Users/yaniszaim/deephedging/.deephedging_real_runs/final_paper_asian_panel/panel_sweeps/TLT_full_paper_grid_800_asian_call_step_robust/model_artifacts/seed_1234/risk_cvar/proto_source_vanilla_k_10_weighted_0_learnw_0,3.0,0.03308971534483134,val_loss,0.008230453357100487,0.06788041442632675,0.0,0.0,1992.0,20.0,2.0,vanilla,10.0,False,False,0.07384896278381348,0.14690600335597992
proto_source=vanilla_k=10_weighted=0_learnw=0,val,1234,proto,-0.008203302510082722,0.012431194074451923,-0.055318224243819714,-0.03200866375118494,-0.0470157153904438,-0.0012214461457915604,0.000174187654920388,0.9014084507042254,-0.008103352040052414,2.7705937100108713e-05,0.00012765679275617003,0.008032461628317833,0.026344843208789825,0.07304833084344864,0.30377399921417236,0.0,0.0,0.0,0.0,,,cvar,/Users/yaniszaim/deephedging/.deephedging_real_runs/final_paper_asian_panel/panel_sweeps/TLT_full_paper_grid_800_asian_call_step_robust/model_artifacts/seed_1234/risk_cvar/proto_source_vanilla_k_10_weighted_0_learnw_0,3.0,0.03308971534483134,val_loss,0.008230453357100487,0.06788041442632675,0.0,0.0,426.0,20.0,2.0,vanilla,10.0,False,False,0.07384896278381348,0.14690600335597992
proto_source=vanilla_k=10_weighted=0_learnw=0,test,1234,proto,-0.008904214948415756,0.01247113011777401,-0.05068557541817427,-0.035466843843460084,-0.04519317299127579,-0.001837639487348497,0.00022049203107599118,0.8925233644859814,-0.008871139958500862,9.434449020773172e-05,0.00012741996033582836,0.007979190908372402,0.02501303143799305,0.07263495773077011,0.2994978129863739,0.0,0.0,0.0,0.0,,,cvar,/Users/yaniszaim/deephedging/.deephedging_real_runs/final_paper_asian_panel/panel_sweeps/TLT_full_paper_grid_800_asian_call_step_robust/model_artifacts/seed_1234/risk_cvar/proto_source_vanilla_k_10_weighted_0_learnw_0,3.0,0.03308971534483134,val_loss,0.008230453357100487,0.06788041442632675,0.0,0.0,428.0,20.0,2.0,vanilla,10.0,False,False,0.07384896278381348,0.14690600335597992
proto_source=vanilla_k=10_weighted=1_learnw=0,train,1234,proto,-0.008067830465734005,0.012293078005313873,-0.052665110193192956,-0.031252170167863365,-0.04526660591363907,-0.0010159144294448197,0.00019396738643990814,0.8850401606425703,-0.007937406189739704,-1.5312461982830428e-05,0.00011511115735629573,0.006112032104283571,0.0433998741209507,0.0476820170879364,0.17898112535476685,0.0,0.0,0.0,0.0,,,cvar,/Users/yaniszaim/deephedging/.deephedging_real_runs/final_paper_asian_panel/panel_sweeps/TLT_full_paper_grid_800_asian_call_step_robust/model_artifacts/seed_1234/risk_cvar/proto_source_vanilla_k_10_weighted_1_learnw_0,2.0,0.03292405824409798,val_loss,0.006685568485409021,0.04318705573678017,0.0,0.0,1992.0,20.0,2.0,vanilla,10.0,True,False,0.07424578815698624,0.14054326713085175
proto_source=vanilla_k=10_weighted=1_learnw=0,val,1234,proto,-0.008207399398088455,0.012597758322954178,-0.05562866013497114,-0.03228637482970953,-0.04745910316705704,-0.0009123458294197917,0.00023195469111669809,0.8732394366197183,-0.008103352040052414,1.061809598468244e-05,0.00011466599244158715,0.0060896906070411205,0.03815404325723648,0.047497719526290894,0.17680327594280243,0.0,0.0,0.0,0.0,,,cvar,/Users/yaniszaim/deephedging/.deephedging_real_runs/final_paper_asian_panel/panel_sweeps/TLT_full_paper_grid_800_asian_call_step_robust/model_artifacts/seed_1234/risk_cvar/proto_source_vanilla_k_10_weighted_1_learnw_0,2.0,0.03292405824409798,val_loss,0.006685568485409021,0.04318705573678017,0.0,0.0,426.0,20.0,2.0,vanilla,10.0,True,False,0.07424578815698624,0.14054326713085175
proto_source=vanilla_k=10_weighted=1_learnw=0,test,1234,proto,-0.008918989449739456,0.012632641941308975,-0.05111522313207388,-0.03591492269188166,-0.04559437930583954,-0.0018923434545286,0.0002875362770282662,0.8644859813084113,-0.008871139958500862,6.367052264977247e-05,0.00011152011575177312,0.006014917977154255,0.03751862049102783,0.04730382561683655,0.17635445296764374,0.0,0.0,0.0,0.0,,,cvar,/Users/yaniszaim/deephedging/.deephedging_real_runs/final_paper_asian_panel/panel_sweeps/TLT_full_paper_grid_800_asian_call_step_robust/model_artifacts/seed_1234/risk_cvar/proto_source_vanilla_k_10_weighted_1_learnw_0,2.0,0.03292405824409798,val_loss,0.006685568485409021,0.04318705573678017,0.0,0.0,428.0,20.0,2.0,vanilla,10.0,True,False,0.07424578815698624,0.14054326713085175
proto_source=vanilla_k=25_weighted=0_learnw=0,train,1234,proto,-0.008058927953243256,0.012133450247347355,-0.0528154719248414,-0.0307765394449234,-0.044843945652246475,-0.001252886897418648,0.00019133846581098572,0.9066265060240963,-0.007937406189739704,1.0128322855962324e-06,0.0001225349260494113,0.005385355092585087,0.09198666363954544,0.07725219428539276,0.1807282269001007,0.0,0.0,0.0,0.0,,,cvar,/Users/yaniszaim/deephedging/.deephedging_real_runs/final_paper_asian_panel/panel_sweeps/TLT_full_paper_grid_800_asian_call_step_robust/model_artifacts/seed_1234/risk_cvar/proto_source_vanilla_k_25_weighted_0_learnw_0,23.0,0.033289514707867056,val_loss,0.005458891857415438,0.07846812158823013,0.0,0.0,1992.0,20.0,2.0,vanilla,25.0,False,False,0.07414443790912628,0.13402363657951355
proto_source=vanilla_k=25_weighted=0_learnw=0,val,1234,proto,-0.008219488896429539,0.012443680316209793,-0.05378491524606943,-0.03226724173873663,-0.04687345400452614,-0.0010753347887657583,0.0002361669176025316,0.892018779342723,-0.008103352040052414,9.134694664680865e-06,0.00012527228682301939,0.005412150174379349,0.12719738483428955,0.07734943926334381,0.20380522310733795,0.0,0.0,0.0,0.0,,,cvar,/Users/yaniszaim/deephedging/.deephedging_real_runs/final_paper_asian_panel/panel_sweeps/TLT_full_paper_grid_800_asian_call_step_robust/model_artifacts/seed_1234/risk_cvar/proto_source_vanilla_k_25_weighted_0_learnw_0,23.0,0.033289514707867056,val_loss,0.005458891857415438,0.07846812158823013,0.0,0.0,426.0,20.0,2.0,vanilla,25.0,False,False,0.07414443790912628,0.13402363657951355
proto_source=vanilla_k=25_weighted=0_learnw=0,test,1234,proto,-0.009007938206195831,0.0124057000502944,-0.05078791297972202,-0.035425485298037525,-0.04504081606864929,-0.0021528617944568396,0.00012253460154170134,0.9205607476635514,-0.008871139958500862,-1.25331189337885e-05,0.00012426546891219914,0.005401960574090481,0.09052184969186783,0.07751253992319107,0.18072821199893951,0.0,0.0,0.0,0.0,,,cvar,/Users/yaniszaim/deephedging/.deephedging_real_runs/final_paper_asian_panel/panel_sweeps/TLT_full_paper_grid_800_asian_call_step_robust/model_artifacts/seed_1234/risk_cvar/proto_source_vanilla_k_25_weighted_0_learnw_0,23.0,0.033289514707867056,val_loss,0.005458891857415438,0.07846812158823013,0.0,0.0,428.0,20.0,2.0,vanilla,25.0,False,False,0.07414443790912628,0.13402363657951355
proto_source=vanilla_k=25_weighted=1_learnw=0,train,1234,proto,-0.008185013197362423,0.012089596129953861,-0.05162221770733595,-0.0311476768925786,-0.044353194534778595,-0.003118123975582421,0.0020473526208661403,0.7896586345381527,-0.007937406189739704,4.748312494484708e-05,0.0002950907510239631,0.011900221928954124,0.29629823565483093,0.07059920579195023,0.7271369099617004,0.0,0.0,0.0,0.0,,,cvar,/Users/yaniszaim/deephedging/.deephedging_real_runs/final_paper_asian_panel/panel_sweeps/TLT_full_paper_grid_800_asian_call_step_robust/model_artifacts/seed_1234/risk_cvar/proto_source_vanilla_k_25_weighted_1_learnw_0,186.0,0.03294052238576114,val_loss,0.0030720215290784836,0.03675295040011406,0.0,0.0,1992.0,20.0,2.0,vanilla,25.0,True,False,0.14297311007976532,0.31185194849967957
proto_source=vanilla_k=25_weighted=1_learnw=0,val,1234,proto,-0.00811794400215149,0.012690476141870022,-0.0536652160808444,-0.03324566315859556,-0.04716366156935692,-0.0030276536708697677,0.0026577450917102396,0.7394366197183099,-0.008103352040052414,0.0002731401182245463,0.00028773254598490894,0.011610575951635838,0.29564034938812256,0.06977034360170364,0.6808815598487854,0.0,0.0,0.0,0.0,,,cvar,/Users/yaniszaim/deephedging/.deephedging_real_runs/final_paper_asian_panel/panel_sweeps/TLT_full_paper_grid_800_asian_call_step_robust/model_artifacts/seed_1234/risk_cvar/proto_source_vanilla_k_25_weighted_1_learnw_0,186.0,0.03294052238576114,val_loss,0.0030720215290784836,0.03675295040011406,0.0,0.0,426.0,20.0,2.0,vanilla,25.0,True,False,0.14297311007976532,0.31185194849967957
proto_source=vanilla_k=25_weighted=1_learnw=0,test,1234,proto,-0.009196646511554718,0.01256985031068325,-0.05166163709014654,-0.03551341276615858,-0.04495152458548546,-0.00376422016415745,0.001768076990265399,0.8060747663551402,-0.008871139958500862,-5.084597069071606e-05,0.0002746608224697411,0.011258278973400593,0.2965087294578552,0.06746603548526764,0.6922256946563721,0.0,0.0,0.0,0.0,,,cvar,/Users/yaniszaim/deephedging/.deephedging_real_runs/final_paper_asian_panel/panel_sweeps/TLT_full_paper_grid_800_asian_call_step_robust/model_artifacts/seed_1234/risk_cvar/proto_source_vanilla_k_25_weighted_1_learnw_0,186.0,0.03294052238576114,val_loss,0.0030720215290784836,0.03675295040011406,0.0,0.0,428.0,20.0,2.0,vanilla,25.0,True,False,0.14297311007976532,0.31185194849967957
proto_source=vanilla_k=50_weighted=0_learnw=0,train,1234,proto,-0.008066141977906227,0.01212173793464899,-0.05223568301647902,-0.030778751056641337,-0.044766392558813095,-0.0012269036378711462,9.080221752810752e-05,0.9226907630522089,-0.007937406189739704,-1.6356470950995572e-05,0.00011237930448260158,0.007701541297137737,0.027434516698122025,0.07327964156866074,0.2691460847854614,0.0,0.0,0.0,0.0,,,cvar,/Users/yaniszaim/deephedging/.deephedging_real_runs/final_paper_asian_panel/panel_sweeps/TLT_full_paper_grid_800_asian_call_step_robust/model_artifacts/seed_1234/risk_cvar/proto_source_vanilla_k_50_weighted_0_learnw_0,3.0,0.033144692950882015,val_loss,0.007844273932278156,0.07485686242580414,0.0,0.0,1992.0,20.0,2.0,vanilla,50.0,False,False,0.04337630420923233,0.14318515360355377
proto_source=vanilla_k=50_weighted=0_learnw=0,val,1234,proto,-0.008213701657950878,0.01243759598582983,-0.0552865331992507,-0.032035212963819504,-0.046982888132333755,-0.0011636166600510478,0.00013726740871788934,0.9131455399061033,-0.008103352040052414,2.4964615477074403e-06,0.00011284717038506642,0.0077100214548408985,0.0229289922863245,0.07330558449029922,0.2694851756095886,0.0,0.0,0.0,0.0,,,cvar,/Users/yaniszaim/deephedging/.deephedging_real_runs/final_paper_asian_panel/panel_sweeps/TLT_full_paper_grid_800_asian_call_step_robust/model_artifacts/seed_1234/risk_cvar/proto_source_vanilla_k_50_weighted_0_learnw_0,3.0,0.033144692950882015,val_loss,0.007844273932278156,0.07485686242580414,0.0,0.0,426.0,20.0,2.0,vanilla,50.0,False,False,0.04337630420923233,0.14318515360355377
proto_source=vanilla_k=50_weighted=0_learnw=0,test,1234,proto,-0.008911424316465855,0.012452186085283756,-0.050688880383968356,-0.035563312284648416,-0.0450972318649292,-0.0017859599902294576,0.00018345256976317595,0.8948598130841121,-0.008871139958500862,7.281159196281806e-05,0.00011309645196888596,0.0077125211246311665,0.022503046318888664,0.07334943115711212,0.2680352032184601,0.0,0.0,0.0,0.0,,,cvar,/Users/yaniszaim/deephedging/.deephedging_real_runs/final_paper_asian_panel/panel_sweeps/TLT_full_paper_grid_800_asian_call_step_robust/model_artifacts/seed_1234/risk_cvar/proto_source_vanilla_k_50_weighted_0_learnw_0,3.0,0.033144692950882015,val_loss,0.007844273932278156,0.07485686242580414,0.0,0.0,428.0,20.0,2.0,vanilla,50.0,False,False,0.04337630420923233,0.14318515360355377
proto_source=vanilla_k=50_weighted=1_learnw=0,train,1234,proto,-0.008066374808549881,0.012183326296508312,-0.0523475257307291,-0.030921415984630583,-0.04493388161063194,-0.0011963965371251106,0.0001603635493665929,0.9006024096385542,-0.007937406189739704,-1.5013860320323147e-05,0.00011395519686629996,0.0073014660738408566,0.026951950043439865,0.06499745696783066,0.26255670189857483,0.0,0.0,0.0,0.0,,,cvar,/Users/yaniszaim/deephedging/.deephedging_real_runs/final_paper_asian_panel/panel_sweeps/TLT_full_paper_grid_800_asian_call_step_robust/model_artifacts/seed_1234/risk_cvar/proto_source_vanilla_k_50_weighted_1_learnw_0,3.0,0.0333045098092407,val_loss,0.009590579196810722,0.09043403714895248,0.0,0.0,1992.0,20.0,2.0,vanilla,50.0,True,False,0.05090298503637314,0.1494695544242859
proto_source=vanilla_k=50_weighted=1_learnw=0,val,1234,proto,-0.008218721486628056,0.012498733587563038,-0.055619434453547,-0.032105294056236744,-0.047179754823446274,-0.0011634643888100982,0.00021308468058123253,0.9014084507042254,-0.008103352040052414,-8.386483045796922e-07,0.00011453122715465724,0.007333735004067421,0.02495431713759899,0.06522128731012344,0.25698012113571167,0.0,0.0,0.0,0.0,,,cvar,/Users/yaniszaim/deephedging/.deephedging_real_runs/final_paper_asian_panel/panel_sweeps/TLT_full_paper_grid_800_asian_call_step_robust/model_artifacts/seed_1234/risk_cvar/proto_source_vanilla_k_50_weighted_1_learnw_0,3.0,0.0333045098092407,val_loss,0.009590579196810722,0.09043403714895248,0.0,0.0,426.0,20.0,2.0,vanilla,50.0,True,False,0.05090298503637314,0.1494695544242859
proto_source=vanilla_k=50_weighted=1_learnw=0,test,1234,proto,-0.008907206356525421,0.012522641569375992,-0.05084070291370153,-0.035699838772416115,-0.04528237134218216,-0.0018074033432640135,0.0002816806998453098,0.8808411214953271,-0.008871139958500862,7.856677984818816e-05,0.00011463368718978018,0.007324518635869026,0.02486480213701725,0.06514649093151093,0.2528212368488312,0.0,0.0,0.0,0.0,,,cvar,/Users/yaniszaim/deephedging/.deephedging_real_runs/final_paper_asian_panel/panel_sweeps/TLT_full_paper_grid_800_asian_call_step_robust/model_artifacts/seed_1234/risk_cvar/proto_source_vanilla_k_50_weighted_1_learnw_0,3.0,0.0333045098092407,val_loss,0.009590579196810722,0.09043403714895248,0.0,0.0,428.0,20.0,2.0,vanilla,50.0,True,False,0.05090298503637314,0.1494695544242859
proto_source=vanilla_k=100_weighted=0_learnw=0,train,1234,proto,-0.007804292719811201,0.011943353340029716,-0.05003840431571007,-0.03054246474057436,-0.04364769160747528,-0.0008373687451239675,0.00020656083725043524,0.8875502008032129,-0.007937406189739704,0.00025391363305971026,0.00012080025771865621,0.005422120913863182,0.6569619178771973,0.042712219059467316,0.7478782534599304,0.0,0.0,0.0,0.0,,,cvar,/Users/yaniszaim/deephedging/.deephedging_real_runs/final_paper_asian_panel/panel_sweeps/TLT_full_paper_grid_800_asian_call_step_robust/model_artifacts/seed_1234/risk_cvar/proto_source_vanilla_k_100_weighted_0_learnw_0,114.0,0.032647569826804106,val_loss,0.005680988542735577,0.049885138869285583,0.0,0.0,1992.0,20.0,2.0,vanilla,100.0,False,False,0.06843782216310501,0.7352999448776245
proto_source=vanilla_k=100_weighted=0_learnw=0,val,1234,proto,-0.00787440687417984,0.012705646455287933,-0.05558979511260986,-0.032222265377640724,-0.04716881737112999,-0.0008047398296184838,0.0003206994879292324,0.8474178403755869,-0.008103352040052414,0.00035723953624255955,0.00012829563638661057,0.0056290035136044025,0.6525782942771912,0.04228411242365837,0.6836394667625427,0.0,0.0,0.0,0.0,,,cvar,/Users/yaniszaim/deephedging/.deephedging_real_runs/final_paper_asian_panel/panel_sweeps/TLT_full_paper_grid_800_asian_call_step_robust/model_artifacts/seed_1234/risk_cvar/proto_source_vanilla_k_100_weighted_0_learnw_0,114.0,0.032647569826804106,val_loss,0.005680988542735577,0.049885138869285583,0.0,0.0,426.0,20.0,2.0,vanilla,100.0,False,False,0.06843782216310501,0.7352999448776245
proto_source=vanilla_k=100_weighted=0_learnw=0,test,1234,proto,-0.008719992823898792,0.012489503249526024,-0.051088040247559544,-0.03501279298216105,-0.04501418024301529,-0.0017759466427378356,0.00021972911927150548,0.883177570093458,-0.008871139958500862,0.00027675487217493355,0.00012560687900986522,0.005429774988442659,0.6569944024085999,0.040046632289886475,0.6513804793357849,0.0,0.0,0.0,0.0,,,cvar,/Users/yaniszaim/deephedging/.deephedging_real_runs/final_paper_asian_panel/panel_sweeps/TLT_full_paper_grid_800_asian_call_step_robust/model_artifacts/seed_1234/risk_cvar/proto_source_vanilla_k_100_weighted_0_learnw_0,114.0,0.032647569826804106,val_loss,0.005680988542735577,0.049885138869285583,0.0,0.0,428.0,20.0,2.0,vanilla,100.0,False,False,0.06843782216310501,0.7352999448776245
proto_source=vanilla_k=100_weighted=1_learnw=0,train,1234,proto,-0.008235250599682331,0.012482225894927979,-0.05282159589231014,-0.03200069367885589,-0.04594181105494499,-0.0017038763617165387,0.0005630670057144007,0.8263052208835341,-0.007937406189739704,-2.4165623472072184e-05,0.00027367862639948726,0.0073670269921422005,0.07522040605545044,0.02344939298927784,0.15476801991462708,0.0,0.0,0.0,0.0,,,cvar,/Users/yaniszaim/deephedging/.deephedging_real_runs/final_paper_asian_panel/panel_sweeps/TLT_full_paper_grid_800_asian_call_step_robust/model_artifacts/seed_1234/risk_cvar/proto_source_vanilla_k_100_weighted_1_learnw_0,17.0,0.0330346907582134,val_loss,0.004719076678156853,0.037178561091423035,0.0,0.0,1992.0,20.0,2.0,vanilla,100.0,True,False,0.0615042969584465,0.14902393519878387
proto_source=vanilla_k=100_weighted=1_learnw=0,val,1234,proto,-0.008359570987522602,0.01284815464168787,-0.056119656190276146,-0.033037157729268074,-0.04812319204211235,-0.001424271089490503,0.0005876973445992917,0.8098591549295775,-0.008103352040052414,1.6974314348772168e-05,0.00027319404762238264,0.007374132052063942,0.07502315193414688,0.022902468219399452,0.11212147027254105,0.0,0.0,0.0,0.0,,,cvar,/Users/yaniszaim/deephedging/.deephedging_real_runs/final_paper_asian_panel/panel_sweeps/TLT_full_paper_grid_800_asian_call_step_robust/model_artifacts/seed_1234/risk_cvar/proto_source_vanilla_k_100_weighted_1_learnw_0,17.0,0.0330346907582134,val_loss,0.004719076678156853,0.037178561091423035,0.0,0.0,426.0,20.0,2.0,vanilla,100.0,True,False,0.0615042969584465,0.14902393519878387
proto_source=vanilla_k=100_weighted=1_learnw=0,test,1234,proto,-0.009144619107246399,0.012763642705976963,-0.05228748045861721,-0.0349879153072834,-0.04595017060637474,-0.002422058954834938,0.0006198467046488066,0.8177570093457944,-0.008871139958500862,8.638042345410213e-06,0.00028211669996380806,0.007584738545119762,0.07514028251171112,0.023114867508411407,0.11324027180671692,0.0,0.0,0.0,0.0,,,cvar,/Users/yaniszaim/deephedging/.deephedging_real_runs/final_paper_asian_panel/panel_sweeps/TLT_full_paper_grid_800_asian_call_step_robust/model_artifacts/seed_1234/risk_cvar/proto_source_vanilla_k_100_weighted_1_learnw_0,17.0,0.0330346907582134,val_loss,0.004719076678156853,0.037178561091423035,0.0,0.0,428.0,20.0,2.0,vanilla,100.0,True,False,0.0615042969584465,0.14902393519878387
unhedged,train,2345,baseline,-0.008410526439547539,0.012841385789215565,-0.055577718019485474,-0.03357672691345215,-0.047038622200489044,-0.0006619691848754883,0.0,0.5090361445783133,-0.008410526439547539,0.0,0.0,0.0,0.0,0.0,0.0,0.0,0.0,0.0,0.0,,,,,,,,,,,,,,,,,,,,
spot_delta,train,2345,baseline,-0.008589408360421658,0.012076208367943764,-0.051673024259507656,-0.031211734935641288,-0.04359663650393486,-0.0050921691581606865,0.004176702327094972,0.7791164658634538,-0.008410526439547539,-1.4386913790076505e-05,0.0001644946023589,0.020554305985569954,0.577771008014679,0.25386619567871094,0.582252025604248,0.0,0.0,0.0,0.0,,,,,,,,,,,,,,,,,,,,
spot_delta_band,train,2345,baseline,-0.008503003045916557,0.012019157409667969,-0.05322599068284035,-0.03092739824205637,-0.044140320271253586,-0.004245351068675518,0.0028609264059923575,0.7921686746987951,-0.008410526439547539,-1.5004005035734735e-05,7.747257041046396e-05,0.009683440439403057,0.4277710020542145,0.1898120492696762,0.43225201964378357,0.0,0.0,0.0,0.0,0.15,gains_mean,,,,,,,,,,,,,,,,,,
unhedged,val,2345,baseline,-0.007178968749940395,0.010768835432827473,-0.040842652320861816,-0.029259949922561646,-0.03784206882119179,-0.0,-0.0,0.47183098591549294,-0.007178968749940395,0.0,0.0,0.0,0.0,0.0,0.0,0.0,0.0,0.0,0.0,,,,,,,,,,,,,,,,,,,,
spot_delta,val,2345,baseline,-0.007532360497862101,0.01025885995477438,-0.03969524335116148,-0.027660411782562733,-0.03515219688415527,-0.0046687067952007055,0.003921866533346474,0.7816901408450704,-0.007178968749940395,-0.00018923428433481604,0.00016415718710049987,0.020522519946098328,0.578885018825531,0.2544204592704773,0.582252025604248,0.0,0.0,0.0,0.0,,,,,,,,,,,,,,,,,,,,
spot_delta_band,val,2345,baseline,-0.007320520468056202,0.010081700049340725,-0.03965351823717356,-0.027849191334098577,-0.03496265783905983,-0.0035770987160503864,0.00274758692830801,0.7887323943661971,-0.007178968749940395,-6.387756002368405e-05,7.76742454036139e-05,0.009709740988910198,0.42888501286506653,0.1901409924030304,0.43225201964378357,0.0,0.0,0.0,0.0,0.15,gains_mean,,,,,,,,,,,,,,,,,,
unhedged,test,2345,baseline,-0.007589203771203756,0.012617659755051136,-0.05787079095840454,-0.03264971375465393,-0.04824946075677872,-0.0,-0.0,0.47897196261682246,-0.007589203771203756,0.0,0.0,0.0,0.0,0.0,0.0,0.0,0.0,0.0,0.0,,,,,,,,,,,,,,,,,,,,
spot_delta,test,2345,baseline,-0.007504044100642204,0.012579190544784069,-0.05161397330462933,-0.030812323465943335,-0.04758314788341522,-0.004359934478998184,0.005121309519745409,0.7336448598130841,-0.007589203771203756,0.00025064058718271554,0.0001654809166211635,0.020689964294433594,0.5677809715270996,0.25433310866355896,0.582252025604248,0.0,0.0,0.0,0.0,,,,,,,,,,,,,,,,,,,,
spot_delta_band,test,2345,baseline,-0.007557394448667765,0.012347456999123096,-0.05265308912843466,-0.03055523270741105,-0.047396741807460785,-0.003623519791290164,0.0034106921753846104,0.7429906542056075,-0.007589203771203756,0.00010957418999169022,7.776437269058079e-05,0.009719496592879295,0.41778096556663513,0.1902202069759369,0.43225201964378357,0.0,0.0,0.0,0.0,0.15,gains_mean,,,,,,,,,,,,,,,,,,
vanilla,train,2345,vanilla,-0.008486604318022728,0.012315887957811356,-0.05419770162552595,-0.03255452644079924,-0.045721713453531265,-0.001538901764433831,-5.6086001677613504e-05,0.964859437751004,-0.008410526439547539,1.3464720723277424e-05,8.954296208685264e-05,0.009106012061238289,0.021187303587794304,0.10169897973537445,0.3591371774673462,0.0,0.0,0.0,0.0,,,cvar,/Users/yaniszaim/deephedging/.deephedging_real_runs/final_paper_asian_panel/panel_sweeps/TLT_full_paper_grid_800_asian_call_step_robust/model_artifacts/seed_2345/risk_cvar/vanilla,49.0,0.02989819965325296,val_loss,0.009588373824954033,0.10880178213119507,0.0,0.0,1992.0,20.0,2.0,,,,,,
vanilla,val,2345,vanilla,-0.007312614470720291,0.010291215032339096,-0.040167699567973614,-0.028810159768909216,-0.03678707033395767,-0.0013102826778776944,1.998407424252946e-05,0.9366197183098591,-0.007178968749940395,-4.407357846503146e-05,8.95723351277411e-05,0.009109740145504475,0.02118576504290104,0.10172448307275772,0.3589897155761719,0.0,0.0,0.0,0.0,,,cvar,/Users/yaniszaim/deephedging/.deephedging_real_runs/final_paper_asian_panel/panel_sweeps/TLT_full_paper_grid_800_asian_call_step_robust/model_artifacts/seed_2345/risk_cvar/vanilla,49.0,0.02989819965325296,val_loss,0.009588373824954033,0.10880178213119507,0.0,0.0,426.0,20.0,2.0,,,,,,
vanilla,test,2345,vanilla,-0.007719956338405609,0.012090346775949001,-0.056194352991878985,-0.03167643565684557,-0.046849023550748825,-0.0013604788691736758,-3.663299048639612e-05,0.9626168224299065,-0.007589203771203756,-4.121277015656233e-05,8.953962242230773e-05,0.009108697064220905,0.021187378093600273,0.10171303898096085,0.35874509811401367,0.0,0.0,0.0,0.0,,,cvar,/Users/yaniszaim/deephedging/.deephedging_real_runs/final_paper_asian_panel/panel_sweeps/TLT_full_paper_grid_800_asian_call_step_robust/model_artifacts/seed_2345/risk_cvar/vanilla,49.0,0.02989819965325296,val_loss,0.009588373824954033,0.10880178213119507,0.0,0.0,428.0,20.0,2.0,,,,,,
proto_source=spot_delta_k=10_weighted=0_learnw=0,train,2345,proto,-0.00782099924981594,0.013149441219866276,-0.054213508032262325,-0.030743644665926696,-0.04621317237615585,-0.0033369673183187842,0.002618377131875601,0.8197791164658634,-0.008410526439547539,0.0010589195881038904,0.00046939283492974937,0.04740452766418457,0.9079328775405884,0.2075469046831131,1.0,0.006864959839357429,0.00470632530120482,0.0021586345381526106,0.038654618473895584,,,cvar,/Users/yaniszaim/deephedging/.deephedging_real_runs/final_paper_asian_panel/panel_sweeps/TLT_full_paper_grid_800_asian_call_step_robust/model_artifacts/seed_2345/risk_cvar/proto_source_spot_delta_k_10_weighted_0_learnw_0,476.0,0.028277459533386666,val_loss,0.0328826829791069,0.15949440002441406,0.0012323943661971832,0.02112676056338028,1992.0,20.0,2.0,spot_delta,10.0,False,False,0.35050222277641296,1.179598331451416
proto_source=spot_delta_k=10_weighted=0_learnw=0,val,2345,proto,-0.006236107554286718,0.0094111617654562,-0.036016618832945824,-0.02583983400836587,-0.03205523267388344,-0.0026000336511060596,0.0022144282120279968,0.8333333333333334,-0.007178968749940395,0.0013690139167010784,0.00042615298298187554,0.04518431797623634,0.9079328775405884,0.20542870461940765,1.0,0.0022300469483568074,0.0011737089201877935,0.001056338028169014,0.018779342723004695,,,cvar,/Users/yaniszaim/deephedging/.deephedging_real_runs/final_paper_asian_panel/panel_sweeps/TLT_full_paper_grid_800_asian_call_step_robust/model_artifacts/seed_2345/risk_cvar/proto_source_spot_delta_k_10_weighted_0_learnw_0,476.0,0.028277459533386666,val_loss,0.0328826829791069,0.15949440002441406,0.0012323943661971832,0.02112676056338028,426.0,20.0,2.0,spot_delta,10.0,False,False,0.35050222277641296,1.179598331451416
proto_source=spot_delta_k=10_weighted=0_learnw=0,test,2345,proto,-0.006770455744117498,0.013385484926402569,-0.05951017029583454,-0.028542372956871988,-0.0466117300093174,-0.0029314233688637614,0.003851809818297624,0.780373831775701,-0.007589203771203756,0.001299194642342627,0.00048044684808701277,0.04531428962945938,0.9079328775405884,0.21220991015434265,1.0,0.006366822429906542,0.002803738317757009,0.0035630841121495325,0.04906542056074766,,,cvar,/Users/yaniszaim/deephedging/.deephedging_real_runs/final_paper_asian_panel/panel_sweeps/TLT_full_paper_grid_800_asian_call_step_robust/model_artifacts/seed_2345/risk_cvar/proto_source_spot_delta_k_10_weighted_0_learnw_0,476.0,0.028277459533386666,val_loss,0.0328826829791069,0.15949440002441406,0.0012323943661971832,0.02112676056338028,428.0,20.0,2.0,spot_delta,10.0,False,False,0.35050222277641296,1.179598331451416
proto_source=spot_delta_k=10_weighted=1_learnw=0,train,2345,proto,-0.007553022354841232,0.013113128021359444,-0.051673462614417076,-0.029673681780695915,-0.043793968856334686,-0.001883816672489047,0.0004797291607246733,0.8900602409638554,-0.008410526439547539,0.0010068579576909542,0.00014935385843273252,0.015474469400942326,0.6229541301727295,0.12885940074920654,1.0,0.0005522088353413654,0.0,0.0005522088353413654,0.007530120481927711,,,cvar,/Users/yaniszaim/deephedging/.deephedging_real_runs/final_paper_asian_panel/panel_sweeps/TLT_full_paper_grid_800_asian_call_step_robust/model_artifacts/seed_2345/risk_cvar/proto_source_spot_delta_k_10_weighted_1_learnw_0,380.0,0.02804946511551003,val_loss,0.014242591336369514,0.1311221718788147,0.00017605633802816902,0.004694835680751174,1992.0,20.0,2.0,spot_delta,10.0,True,False,0.24743103981018066,0.7666500210762024
proto_source=spot_delta_k=10_weighted=1_learnw=0,val,2345,proto,-0.006429771892726421,0.010354853235185146,-0.03760614991188049,-0.0261940429918468,-0.034967467188835144,-0.001754577737301588,0.0004074600656167604,0.8849765258215962,-0.007178968749940395,0.0008938614628277719,0.00014466473658103496,0.014340647496283054,0.6229541301727295,0.13048283755779266,1.0,0.0011150234741784037,5.868544600938967e-05,0.001056338028169014,0.009389671361502348,,,cvar,/Users/yaniszaim/deephedging/.deephedging_real_runs/final_paper_asian_panel/panel_sweeps/TLT_full_paper_grid_800_asian_call_step_robust/model_artifacts/seed_2345/risk_cvar/proto_source_spot_delta_k_10_weighted_1_learnw_0,380.0,0.02804946511551003,val_loss,0.014242591336369514,0.1311221718788147,0.00017605633802816902,0.004694835680751174,426.0,20.0,2.0,spot_delta,10.0,True,False,0.24743103981018066,0.7666500210762024
proto_source=spot_delta_k=10_weighted=1_learnw=0,test,2345,proto,-0.007063060067594051,0.012141929939389229,-0.05326091285794973,-0.029675678443163635,-0.046223629266023636,-0.0016091164434328675,0.0007355694600846605,0.8855140186915887,-0.007589203771203756,0.0006798696122132242,0.00015372602501884103,0.015105144120752811,0.6229541301727295,0.13180072605609894,1.0,0.0004088785046728972,0.0,0.0004088785046728972,0.011682242990654205,,,cvar,/Users/yaniszaim/deephedging/.deephedging_real_runs/final_paper_asian_panel/panel_sweeps/TLT_full_paper_grid_800_asian_call_step_robust/model_artifacts/seed_2345/risk_cvar/proto_source_spot_delta_k_10_weighted_1_learnw_0,380.0,0.02804946511551003,val_loss,0.014242591336369514,0.1311221718788147,0.00017605633802816902,0.004694835680751174,428.0,20.0,2.0,spot_delta,10.0,True,False,0.24743103981018066,0.7666500210762024
proto_source=spot_delta_k=25_weighted=0_learnw=0,train,2345,proto,-0.008195997215807438,0.01236935704946518,-0.05432133875787258,-0.031856620125472544,-0.045746732503175735,-0.002242390299215913,0.0007488725386792748,0.8940763052208835,-0.008410526439547539,0.00038837463944219053,0.00017384527018293738,0.019945252686738968,0.6245558261871338,0.11908255517482758,1.0,0.0004141566265060241,1.2550200803212852e-05,0.00040160642570281126,0.007028112449799197,,,cvar,/Users/yaniszaim/deephedging/.deephedging_real_runs/final_paper_asian_panel/panel_sweeps/TLT_full_paper_grid_800_asian_call_step_robust/model_artifacts/seed_2345/risk_cvar/proto_source_spot_delta_k_25_weighted_0_learnw_0,219.0,0.028453569588177085,val_loss,0.019272714853286743,0.07776539772748947,0.00029342723004694836,0.004694835680751174,1992.0,20.0,2.0,spot_delta,25.0,False,False,0.21712848544120789,0.8753570318222046
proto_source=spot_delta_k=25_weighted=0_learnw=0,val,2345,proto,-0.006859367247670889,0.009944803081452847,-0.03723861277103424,-0.028399921022355556,-0.03462715819478035,-0.0018389626638963819,0.0014189104549586773,0.8732394366197183,-0.007178968749940395,0.0004836372390855104,0.0001640360860619694,0.019296448677778244,0.39985352754592896,0.12030814588069916,1.0,0.00017605633802816902,0.0,0.00017605633802816902,0.002347417840375587,,,cvar,/Users/yaniszaim/deephedging/.deephedging_real_runs/final_paper_asian_panel/panel_sweeps/TLT_full_paper_grid_800_asian_call_step_robust/model_artifacts/seed_2345/risk_cvar/proto_source_spot_delta_k_25_weighted_0_learnw_0,219.0,0.028453569588177085,val_loss,0.019272714853286743,0.07776539772748947,0.00029342723004694836,0.004694835680751174,426.0,20.0,2.0,spot_delta,25.0,False,False,0.21712848544120789,0.8753570318222046
proto_source=spot_delta_k=25_weighted=0_learnw=0,test,2345,proto,-0.007576683536171913,0.011924740858376026,-0.05893523305654526,-0.030477781873196365,-0.04664541780948639,-0.0020478644873946905,0.0004820768866920842,0.9065420560747663,-0.007589203771203756,0.00017730989202391356,0.00016478970064781606,0.01949441432952881,0.39986032247543335,0.12231647968292236,1.0,0.00046728971962616824,0.0,0.00046728971962616824,0.009345794392523364,,,cvar,/Users/yaniszaim/deephedging/.deephedging_real_runs/final_paper_asian_panel/panel_sweeps/TLT_full_paper_grid_800_asian_call_step_robust/model_artifacts/seed_2345/risk_cvar/proto_source_spot_delta_k_25_weighted_0_learnw_0,219.0,0.028453569588177085,val_loss,0.019272714853286743,0.07776539772748947,0.00029342723004694836,0.004694835680751174,428.0,20.0,2.0,spot_delta,25.0,False,False,0.21712848544120789,0.8753570318222046
proto_source=spot_delta_k=25_weighted=1_learnw=0,train,2345,proto,-0.007676810957491398,0.012667227536439896,-0.055247076898813245,-0.030005254969000816,-0.04467105492949486,-0.0029527904698625207,0.002210149110760535,0.8529116465863453,-0.008410526439547539,0.0010427851229906082,0.00030906975734978914,0.03255339339375496,0.9981537461280823,0.12338792532682419,1.0000001192092896,0.0023217871485943773,0.0,0.0023217871485943773,0.028112449799196786,,,cvar,/Users/yaniszaim/deephedging/.deephedging_real_runs/final_paper_asian_panel/panel_sweeps/TLT_full_paper_grid_800_asian_call_step_robust/model_artifacts/seed_2345/risk_cvar/proto_source_spot_delta_k_25_weighted_1_learnw_0,771.0,0.027962820448392364,val_loss,0.022800197824835777,0.09575194120407104,0.0020539906103286387,0.035211267605633804,1992.0,20.0,2.0,spot_delta,25.0,True,False,0.24479830265045166,1.364355206489563
proto_source=spot_delta_k=25_weighted=1_learnw=0,val,2345,proto,-0.0069005778059363365,0.011052258312702179,-0.03766058851033449,-0.029227520804852247,-0.036425236612558365,-0.0026898348005488515,0.0022442059707827866,0.8591549295774648,-0.007178968749940395,0.0005638322909362614,0.0002854409103747457,0.03096758760511875,0.9872254729270935,0.12062656134366989,1.0,0.0008802816901408451,0.0,0.0008802816901408451,0.01643192488262911,,,cvar,/Users/yaniszaim/deephedging/.deephedging_real_runs/final_paper_asian_panel/panel_sweeps/TLT_full_paper_grid_800_asian_call_step_robust/model_artifacts/seed_2345/risk_cvar/proto_source_spot_delta_k_25_weighted_1_learnw_0,771.0,0.027962820448392364,val_loss,0.022800197824835777,0.09575194120407104,0.0020539906103286387,0.035211267605633804,426.0,20.0,2.0,spot_delta,25.0,True,False,0.24479830265045166,1.364355206489563
proto_source=spot_delta_k=25_weighted=1_learnw=0,test,2345,proto,-0.0070548211224377155,0.013364337384700775,-0.05890984911471605,-0.030068386159837243,-0.047048553824424744,-0.002415515366010368,0.0029923240072093895,0.8177570093457944,-0.007589203771203756,0.0008411900489591062,0.0003068076621275395,0.03194035217165947,0.988486111164093,0.12401147186756134,1.0,0.0025700934579439253,0.0,0.0025700934579439253,0.03271028037383177,,,cvar,/Users/yaniszaim/deephedging/.deephedging_real_runs/final_paper_asian_panel/panel_sweeps/TLT_full_paper_grid_800_asian_call_step_robust/model_artifacts/seed_2345/risk_cvar/proto_source_spot_delta_k_25_weighted_1_learnw_0,771.0,0.027962820448392364,val_loss,0.022800197824835777,0.09575194120407104,0.0020539906103286387,0.035211267605633804,428.0,20.0,2.0,spot_delta,25.0,True,False,0.24479830265045166,1.364355206489563
proto_source=spot_delta_k=50_weighted=0_learnw=0,train,2345,proto,-0.00797248911112547,0.012008735910058022,-0.05123094007372856,-0.030713917315006254,-0.043991561979055405,-0.0024338954826816916,0.0016681889421306423,0.8920682730923695,-0.008410526439547539,0.000811255828011781,0.0003732189070433378,0.04114795848727226,1.0086545944213867,0.1878873109817505,1.0,2.5100401606425704e-05,0.0,2.5100401606425704e-05,0.001004016064257028,,,cvar,/Users/yaniszaim/deephedging/.deephedging_real_runs/final_paper_asian_panel/panel_sweeps/TLT_full_paper_grid_800_asian_call_step_robust/model_artifacts/seed_2345/risk_cvar/proto_source_spot_delta_k_50_weighted_0_learnw_0,295.0,0.028778309327475902,val_loss,0.03217887878417969,0.1411747932434082,0.00029342723004694836,0.007042253521126761,1992.0,20.0,2.0,spot_delta,50.0,False,False,0.15111611783504486,1.3125932216644287
proto_source=spot_delta_k=50_weighted=0_learnw=0,val,2345,proto,-0.006960670929402113,0.011785320937633514,-0.042564854957163334,-0.028054765425622463,-0.039460185915231705,-0.002239748486317694,0.0016637743392493576,0.892018779342723,-0.007178968749940395,0.0005776297766715288,0.0003593318397179246,0.040143925696611404,1.0086545944213867,0.1888829618692398,0.9342731833457947,0.0,0.0,0.0,0.0,,,cvar,/Users/yaniszaim/deephedging/.deephedging_real_runs/final_paper_asian_panel/panel_sweeps/TLT_full_paper_grid_800_asian_call_step_robust/model_artifacts/seed_2345/risk_cvar/proto_source_spot_delta_k_50_weighted_0_learnw_0,295.0,0.028778309327475902,val_loss,0.03217887878417969,0.1411747932434082,0.00029342723004694836,0.007042253521126761,426.0,20.0,2.0,spot_delta,50.0,False,False,0.15111611783504486,1.3125932216644287
proto_source=spot_delta_k=50_weighted=0_learnw=0,test,2345,proto,-0.007146533578634262,0.011922601610422134,-0.05477123957127333,-0.02887372775003314,-0.04495083913207054,-0.0021564371418207884,0.0020884891273453827,0.8621495327102804,-0.007589203771203756,0.0008054319187067449,0.0003627619589678943,0.03959807753562927,1.0086545944213867,0.18980775773525238,1.0,0.00017523364485981307,0.0,0.00017523364485981307,0.004672897196261682,,,cvar,/Users/yaniszaim/deephedging/.deephedging_real_runs/final_paper_asian_panel/panel_sweeps/TLT_full_paper_grid_800_asian_call_step_robust/model_artifacts/seed_2345/risk_cvar/proto_source_spot_delta_k_50_weighted_0_learnw_0,295.0,0.028778309327475902,val_loss,0.03217887878417969,0.1411747932434082,0.00029342723004694836,0.007042253521126761,428.0,20.0,2.0,spot_delta,50.0,False,False,0.15111611783504486,1.3125932216644287
proto_source=spot_delta_k=50_weighted=1_learnw=0,train,2345,proto,-0.008207340724766254,0.012596335262060165,-0.054696369878947736,-0.030428842734545467,-0.046731289476156235,-0.0016290917992591858,0.00017945297804544628,0.9016064257028112,-0.008410526439547539,0.00028662558179348707,8.343991794390604e-05,0.01009683683514595,0.2717532813549042,0.10956783592700958,0.9207778573036194,0.0,0.0,0.0,0.0,,,cvar,/Users/yaniszaim/deephedging/.deephedging_real_runs/final_paper_asian_panel/panel_sweeps/TLT_full_paper_grid_800_asian_call_step_robust/model_artifacts/seed_2345/risk_cvar/proto_source_spot_delta_k_50_weighted_1_learnw_0,153.0,0.02882371107582003,val_loss,0.01032934058457613,0.10720648616552353,0.0,0.0,1992.0,20.0,2.0,spot_delta,50.0,True,False,0.08391585946083069,0.27182090282440186
proto_source=spot_delta_k=50_weighted=1_learnw=0,val,2345,proto,-0.0068627092987298965,0.010134694166481495,-0.039160994812846184,-0.02732300804927945,-0.03597447648644447,-0.001331961655523628,0.00022254087889450602,0.9014084507042254,-0.007178968749940395,0.00039569291402585804,7.943357195472345e-05,0.009650679305195808,0.27175623178482056,0.11087867617607117,0.9362434148788452,0.0,0.0,0.0,0.0,,,cvar,/Users/yaniszaim/deephedging/.deephedging_real_runs/final_paper_asian_panel/panel_sweeps/TLT_full_paper_grid_800_asian_call_step_robust/model_artifacts/seed_2345/risk_cvar/proto_source_spot_delta_k_50_weighted_1_learnw_0,153.0,0.02882371107582003,val_loss,0.01032934058457613,0.10720648616552353,0.0,0.0,426.0,20.0,2.0,spot_delta,50.0,True,False,0.08391585946083069,0.27182090282440186
proto_source=spot_delta_k=50_weighted=1_learnw=0,test,2345,proto,-0.007290152367204428,0.012240818701684475,-0.05839917376637459,-0.028946532867848873,-0.04752344265580177,-0.0013514606980606914,0.00022449871612479887,0.883177570093458,-0.007589203771203756,0.00038300344021990895,8.395213080802932e-05,0.010176332667469978,0.2717534899711609,0.1117515116930008,0.9502712488174438,0.0,0.0,0.0,0.0,,,cvar,/Users/yaniszaim/deephedging/.deephedging_real_runs/final_paper_asian_panel/panel_sweeps/TLT_full_paper_grid_800_asian_call_step_robust/model_artifacts/seed_2345/risk_cvar/proto_source_spot_delta_k_50_weighted_1_learnw_0,153.0,0.02882371107582003,val_loss,0.01032934058457613,0.10720648616552353,0.0,0.0,428.0,20.0,2.0,spot_delta,50.0,True,False,0.08391585946083069,0.27182090282440186
proto_source=spot_delta_k=100_weighted=0_learnw=0,train,2345,proto,-0.007670279126614332,0.011743073351681232,-0.05041720662266016,-0.028216778486967086,-0.042134858667850494,-0.0023964382708072662,0.0005601200100500116,0.8659638554216867,-0.008410526439547539,0.0010067863622680306,0.0002665387000888586,0.021068448200821877,1.0374999046325684,0.11621341109275818,1.0,0.0007404618473895582,0.00020080321285140563,0.0005396586345381526,0.016566265060240965,,,cvar,/Users/yaniszaim/deephedging/.deephedging_real_runs/final_paper_asian_panel/panel_sweeps/TLT_full_paper_grid_800_asian_call_step_robust/model_artifacts/seed_2345/risk_cvar/proto_source_spot_delta_k_100_weighted_0_learnw_0,439.0,0.02807335161599615,val_loss,0.028668232262134552,0.14129634201526642,0.0016431924882629107,0.023474178403755867,1992.0,20.0,2.0,spot_delta,100.0,False,False,0.23885288834571838,1.2165120840072632
proto_source=spot_delta_k=100_weighted=0_learnw=0,val,2345,proto,-0.006643176078796387,0.010618582367897034,-0.03481734171509743,-0.02483491087332368,-0.03415490686893463,-0.001962294918484986,0.0004529656289378181,0.8967136150234741,-0.007178968749940395,0.0007939788047224283,0.0002581865410320461,0.019462283700704575,1.0374999046325684,0.11236651241779327,1.0,0.0012323943661971832,0.0007042253521126761,0.000528169014084507,0.009389671361502348,,,cvar,/Users/yaniszaim/deephedging/.deephedging_real_runs/final_paper_asian_panel/panel_sweeps/TLT_full_paper_grid_800_asian_call_step_robust/model_artifacts/seed_2345/risk_cvar/proto_source_spot_delta_k_100_weighted_0_learnw_0,439.0,0.02807335161599615,val_loss,0.028668232262134552,0.14129634201526642,0.0016431924882629107,0.023474178403755867,426.0,20.0,2.0,spot_delta,100.0,False,False,0.23885288834571838,1.2165120840072632
proto_source=spot_delta_k=100_weighted=0_learnw=0,test,2345,proto,-0.0069817425683140755,0.011648150160908699,-0.05064071789383888,-0.029391798749566076,-0.04457719624042511,-0.002165204146876931,0.0006391037692083037,0.8387850467289719,-0.007589203771203756,0.0008902063127607107,0.00028274531359784305,0.019312461838126183,1.0374999046325684,0.1178048774600029,1.0,0.002102803738317757,0.0011682242990654205,0.0009345794392523365,0.018691588785046728,,,cvar,/Users/yaniszaim/deephedging/.deephedging_real_runs/final_paper_asian_panel/panel_sweeps/TLT_full_paper_grid_800_asian_call_step_robust/model_artifacts/seed_2345/risk_cvar/proto_source_spot_delta_k_100_weighted_0_learnw_0,439.0,0.02807335161599615,val_loss,0.028668232262134552,0.14129634201526642,0.0016431924882629107,0.023474178403755867,428.0,20.0,2.0,spot_delta,100.0,False,False,0.23885288834571838,1.2165120840072632
proto_source=spot_delta_k=100_weighted=1_learnw=0,train,2345,proto,-0.008057592436671257,0.012063400819897652,-0.050073673836886885,-0.029952714964747426,-0.043862663209438324,-0.00240676524117589,0.0009425033233128457,0.8659638554216867,-0.008410526439547539,0.000504441384691745,0.00015150684339459985,0.017054464668035507,0.4447418749332428,0.11737342178821564,0.8827976584434509,0.0,0.0,0.0,0.0,,,cvar,/Users/yaniszaim/deephedging/.deephedging_real_runs/final_paper_asian_panel/panel_sweeps/TLT_full_paper_grid_800_asian_call_step_robust/model_artifacts/seed_2345/risk_cvar/proto_source_spot_delta_k_100_weighted_1_learnw_0,60.0,0.028531206380575894,val_loss,0.016848620027303696,0.10034500062465668,0.0,0.0,1992.0,20.0,2.0,spot_delta,100.0,True,False,0.16312940418720245,0.5438271164894104
proto_source=spot_delta_k=100_weighted=1_learnw=0,val,2345,proto,-0.006767882965505123,0.010012755170464516,-0.03757506050169468,-0.027254690881818533,-0.034435804933309555,-0.0020546395098790526,0.001091917627491057,0.8356807511737089,-0.007178968749940395,0.0005564171588048339,0.00014533141802530736,0.016703685745596886,0.4128826856613159,0.11841551959514618,0.8878401517868042,0.0,0.0,0.0,0.0,,,cvar,/Users/yaniszaim/deephedging/.deephedging_real_runs/final_paper_asian_panel/panel_sweeps/TLT_full_paper_grid_800_asian_call_step_robust/model_artifacts/seed_2345/risk_cvar/proto_source_spot_delta_k_100_weighted_1_learnw_0,60.0,0.028531206380575894,val_loss,0.016848620027303696,0.10034500062465668,0.0,0.0,426.0,20.0,2.0,spot_delta,100.0,True,False,0.16312940418720245,0.5438271164894104
proto_source=spot_delta_k=100_weighted=1_learnw=0,test,2345,proto,-0.007352692075073719,0.012031038291752338,-0.05478356592357159,-0.029352037515491248,-0.04594322666525841,-0.0021044117165729403,0.0013676985225174513,0.852803738317757,-0.007589203771203756,0.0003886849444825202,0.00015217330656014383,0.017259076237678528,0.4376121163368225,0.11794386059045792,0.7342085838317871,0.0,0.0,0.0,0.0,,,cvar,/Users/yaniszaim/deephedging/.deephedging_real_runs/final_paper_asian_panel/panel_sweeps/TLT_full_paper_grid_800_asian_call_step_robust/model_artifacts/seed_2345/risk_cvar/proto_source_spot_delta_k_100_weighted_1_learnw_0,60.0,0.028531206380575894,val_loss,0.016848620027303696,0.10034500062465668,0.0,0.0,428.0,20.0,2.0,spot_delta,100.0,True,False,0.16312940418720245,0.5438271164894104
proto_source=vanilla_k=10_weighted=0_learnw=0,train,2345,proto,-0.008564328774809837,0.012692020274698734,-0.05503533322364092,-0.03349236082285643,-0.04679398611187935,-0.001121540553867817,0.0001350715603621209,0.9151606425702812,-0.008410526439547539,9.665709512773901e-06,0.00016346797929145396,0.006413300521671772,0.0762999951839447,0.06064171344041824,0.16826355457305908,0.0,0.0,0.0,0.0,,,cvar,/Users/yaniszaim/deephedging/.deephedging_real_runs/final_paper_asian_panel/panel_sweeps/TLT_full_paper_grid_800_asian_call_step_robust/model_artifacts/seed_2345/risk_cvar/proto_source_vanilla_k_10_weighted_0_learnw_0,2.0,0.029862572716083377,val_loss,0.006358999293297529,0.058500997722148895,0.0,0.0,1992.0,20.0,2.0,vanilla,10.0,False,False,0.07646673917770386,0.14485232532024384
proto_source=vanilla_k=10_weighted=0_learnw=0,val,2345,proto,-0.007363983895629644,0.010645012371242046,-0.0410824678838253,-0.029528412502259016,-0.037807874381542206,-0.0008595121908001602,0.00017342080172966234,0.8873239436619719,-0.007178968749940395,-2.1939426005701534e-05,0.0001630757178645581,0.006411566864699125,0.05904443562030792,0.060632117092609406,0.16712845861911774,0.0,0.0,0.0,0.0,,,cvar,/Users/yaniszaim/deephedging/.deephedging_real_runs/final_paper_asian_panel/panel_sweeps/TLT_full_paper_grid_800_asian_call_step_robust/model_artifacts/seed_2345/risk_cvar/proto_source_vanilla_k_10_weighted_0_learnw_0,2.0,0.029862572716083377,val_loss,0.006358999293297529,0.058500997722148895,0.0,0.0,426.0,20.0,2.0,vanilla,10.0,False,False,0.07646673917770386,0.14485232532024384
proto_source=vanilla_k=10_weighted=0_learnw=0,test,2345,proto,-0.007802439853549004,0.012420309707522392,-0.057533123977482316,-0.03270874358713627,-0.04787946119904518,-0.001050805440172553,8.438264922006052e-05,0.9065420560747663,-0.007589203771203756,-5.0162158004241064e-05,0.00016307372425217181,0.006416996940970421,0.06120026484131813,0.06062773987650871,0.16689099371433258,0.0,0.0,0.0,0.0,,,cvar,/Users/yaniszaim/deephedging/.deephedging_real_runs/final_paper_asian_panel/panel_sweeps/TLT_full_paper_grid_800_asian_call_step_robust/model_artifacts/seed_2345/risk_cvar/proto_source_vanilla_k_10_weighted_0_learnw_0,2.0,0.029862572716083377,val_loss,0.006358999293297529,0.058500997722148895,0.0,0.0,428.0,20.0,2.0,vanilla,10.0,False,False,0.07646673917770386,0.14485232532024384
proto_source=vanilla_k=10_weighted=1_learnw=0,train,2345,proto,-0.008547552861273289,0.012534852139651775,-0.05466275129467249,-0.03312078434973955,-0.04636908695101738,-0.0013729963102377951,6.939678205526423e-05,0.9347389558232931,-0.008410526439547539,1.630591395951342e-05,0.0001533332688268274,0.008441534824669361,0.049994710832834244,0.08436642587184906,0.2859371304512024,0.0,0.0,0.0,0.0,,,cvar,/Users/yaniszaim/deephedging/.deephedging_real_runs/final_paper_asian_panel/panel_sweeps/TLT_full_paper_grid_800_asian_call_step_robust/model_artifacts/seed_2345/risk_cvar/proto_source_vanilla_k_10_weighted_1_learnw_0,3.0,0.029785531582310797,val_loss,0.009080806747078896,0.08408155292272568,0.0,0.0,1992.0,20.0,2.0,vanilla,10.0,True,False,0.06851428747177124,0.14013631641864777
proto_source=vanilla_k=10_weighted=1_learnw=0,val,2345,proto,-0.00735963461920619,0.010493560694158077,-0.040880659595131874,-0.02935642981901765,-0.03740045428276062,-0.0011661798343993723,0.00016161971871042624,0.9131455399061033,-0.007178968749940395,-2.809904981404543e-05,0.00015256673214025795,0.008442281745374203,0.038949642330408096,0.08435419201850891,0.28518620133399963,0.0,0.0,0.0,0.0,,,cvar,/Users/yaniszaim/deephedging/.deephedging_real_runs/final_paper_asian_panel/panel_sweeps/TLT_full_paper_grid_800_asian_call_step_robust/model_artifacts/seed_2345/risk_cvar/proto_source_vanilla_k_10_weighted_1_learnw_0,3.0,0.029785531582310797,val_loss,0.009080806747078896,0.08408155292272568,0.0,0.0,426.0,20.0,2.0,vanilla,10.0,True,False,0.06851428747177124,0.14013631641864777
proto_source=vanilla_k=10_weighted=1_learnw=0,test,2345,proto,-0.007788888644427061,0.012256182730197906,-0.056986316479742526,-0.032268783822655675,-0.047389671206474304,-0.0012622950598597527,4.752766835736089e-05,0.9299065420560748,-0.007589203771203756,-4.7262292355298996e-05,0.00015242210065480322,0.008439973928034306,0.04011811316013336,0.08437123149633408,0.28524351119995117,0.0,0.0,0.0,0.0,,,cvar,/Users/yaniszaim/deephedging/.deephedging_real_runs/final_paper_asian_panel/panel_sweeps/TLT_full_paper_grid_800_asian_call_step_robust/model_artifacts/seed_2345/risk_cvar/proto_source_vanilla_k_10_weighted_1_learnw_0,3.0,0.029785531582310797,val_loss,0.009080806747078896,0.08408155292272568,0.0,0.0,428.0,20.0,2.0,vanilla,10.0,True,False,0.06851428747177124,0.14013631641864777
proto_source=vanilla_k=25_weighted=0_learnw=0,train,2345,proto,-0.008540631271898746,0.012611686252057552,-0.054779872596263886,-0.03318429831415415,-0.04656133055686951,-0.001226391876116395,0.00013836151338182296,0.9136546184738956,-0.008410526439547539,1.907288606162183e-05,0.00014917700900696218,0.007401818875223398,0.06095566973090172,0.06898539513349533,0.22018678486347198,0.0,0.0,0.0,0.0,,,cvar,/Users/yaniszaim/deephedging/.deephedging_real_runs/final_paper_asian_panel/panel_sweeps/TLT_full_paper_grid_800_asian_call_step_robust/model_artifacts/seed_2345/risk_cvar/proto_source_vanilla_k_25_weighted_0_learnw_0,2.0,0.02958315999945626,val_loss,0.007283139508217573,0.06814553588628769,0.0,0.0,1992.0,20.0,2.0,vanilla,25.0,False,False,0.07262889295816422,0.16109135746955872
proto_source=vanilla_k=25_weighted=0_learnw=0,val,2345,proto,-0.007340963929891586,0.010563722811639309,-0.04099680110812187,-0.029452847316861153,-0.03755055367946625,-0.0009648687264416367,0.00022266948144533671,0.8943661971830986,-0.007178968749940395,-1.3929412489233073e-05,0.00014806647959630936,0.007398439571261406,0.0451711043715477,0.06897413730621338,0.22008638083934784,0.0,0.0,0.0,0.0,,,cvar,/Users/yaniszaim/deephedging/.deephedging_real_runs/final_paper_asian_panel/panel_sweeps/TLT_full_paper_grid_800_asian_call_step_robust/model_artifacts/seed_2345/risk_cvar/proto_source_vanilla_k_25_weighted_0_learnw_0,2.0,0.02958315999945626,val_loss,0.007283139508217573,0.06814553588628769,0.0,0.0,426.0,20.0,2.0,vanilla,25.0,False,False,0.07262889295816422,0.16109135746955872
proto_source=vanilla_k=25_weighted=0_learnw=0,test,2345,proto,-0.007778726983815432,0.01234664861112833,-0.05733008895069361,-0.032516881451010705,-0.04761746898293495,-0.0011567702167667449,9.097338261199177e-05,0.8995327102803738,-0.007589203771203756,-4.1176612285198644e-05,0.00014834641478955746,0.007401575800031424,0.04679391533136368,0.06898653507232666,0.2202770859003067,0.0,0.0,0.0,0.0,,,cvar,/Users/yaniszaim/deephedging/.deephedging_real_runs/final_paper_asian_panel/panel_sweeps/TLT_full_paper_grid_800_asian_call_step_robust/model_artifacts/seed_2345/risk_cvar/proto_source_vanilla_k_25_weighted_0_learnw_0,2.0,0.02958315999945626,val_loss,0.007283139508217573,0.06814553588628769,0.0,0.0,428.0,20.0,2.0,vanilla,25.0,False,False,0.07262889295816422,0.16109135746955872
proto_source=vanilla_k=25_weighted=1_learnw=0,train,2345,proto,-0.008585148490965366,0.012583747506141663,-0.05452759016305208,-0.03318401817232371,-0.0465189591050148,-0.0013869014219380915,0.00015386010200017978,0.9176706827309237,-0.008410526439547539,1.905524914036505e-05,0.00019367755157873034,0.008643043227493763,0.08706163614988327,0.07614976167678833,0.26179513335227966,0.0,0.0,0.0,0.0,,,cvar,/Users/yaniszaim/deephedging/.deephedging_real_runs/final_paper_asian_panel/panel_sweeps/TLT_full_paper_grid_800_asian_call_step_robust/model_artifacts/seed_2345/risk_cvar/proto_source_vanilla_k_25_weighted_1_learnw_0,2.0,0.029620739738456903,val_loss,0.008000253699719906,0.07142313569784164,0.0,0.0,1992.0,20.0,2.0,vanilla,25.0,True,False,0.09051789343357086,0.16091206669807434
proto_source=vanilla_k=25_weighted=1_learnw=0,val,2345,proto,-0.0073952749371528625,0.010554646141827106,-0.041033498011529446,-0.029489696491509676,-0.03762095049023628,-0.0011109784827567637,0.0002203184449172113,0.8943661971830986,-0.007178968749940395,-2.3509832317358814e-05,0.00019279617117717862,0.008639203384518623,0.06360190361738205,0.0761340856552124,0.2507723569869995,0.0,0.0,0.0,0.0,,,cvar,/Users/yaniszaim/deephedging/.deephedging_real_runs/final_paper_asian_panel/panel_sweeps/TLT_full_paper_grid_800_asian_call_step_robust/model_artifacts/seed_2345/risk_cvar/proto_source_vanilla_k_25_weighted_1_learnw_0,2.0,0.029620739738456903,val_loss,0.008000253699719906,0.07142313569784164,0.0,0.0,426.0,20.0,2.0,vanilla,25.0,True,False,0.09051789343357086,0.16091206669807434
proto_source=vanilla_k=25_weighted=1_learnw=0,test,2345,proto,-0.007840114645659924,0.012315143831074238,-0.05729613773524761,-0.03260811194777489,-0.04757580906152725,-0.0013340574805624783,0.0001237014039361383,0.9135514018691588,-0.007589203771203756,-5.7987028412753716e-05,0.00019292408251203597,0.008647172711789608,0.06568643450737,0.07616240531206131,0.2521567642688751,0.0,0.0,0.0,0.0,,,cvar,/Users/yaniszaim/deephedging/.deephedging_real_runs/final_paper_asian_panel/panel_sweeps/TLT_full_paper_grid_800_asian_call_step_robust/model_artifacts/seed_2345/risk_cvar/proto_source_vanilla_k_25_weighted_1_learnw_0,2.0,0.029620739738456903,val_loss,0.008000253699719906,0.07142313569784164,0.0,0.0,428.0,20.0,2.0,vanilla,25.0,True,False,0.09051789343357086,0.16091206669807434
proto_source=vanilla_k=50_weighted=0_learnw=0,train,2345,proto,-0.008614469319581985,0.01270623505115509,-0.05515892658382654,-0.03364868815988302,-0.04689180850982666,-0.0011377095361240208,5.434778722701591e-05,0.9332329317269076,-0.008410526439547539,1.512442122475477e-05,0.0002190665400121361,0.006210732273757458,0.07662026584148407,0.06476867198944092,0.14383958280086517,0.0,0.0,0.0,0.0,,,cvar,/Users/yaniszaim/deephedging/.deephedging_real_runs/final_paper_asian_panel/panel_sweeps/TLT_full_paper_grid_800_asian_call_step_robust/model_artifacts/seed_2345/risk_cvar/proto_source_vanilla_k_50_weighted_0_learnw_0,2.0,0.029961630443576723,val_loss,0.006237335968762636,0.06419320404529572,0.0,0.0,1992.0,20.0,2.0,vanilla,50.0,False,False,0.09091594815254211,0.14443904161453247
proto_source=vanilla_k=50_weighted=0_learnw=0,val,2345,proto,-0.0074093397706747055,0.010669071227312088,-0.041063553653657436,-0.029569095000624657,-0.03791632875800133,-0.000835162092698738,8.526533201802522e-05,0.9154929577464789,-0.007178968749940395,-1.1804653695435263e-05,0.00021856659441255033,0.006218036636710167,0.07494887709617615,0.06477575749158859,0.14098916947841644,0.0,0.0,0.0,0.0,,,cvar,/Users/yaniszaim/deephedging/.deephedging_real_runs/final_paper_asian_panel/panel_sweeps/TLT_full_paper_grid_800_asian_call_step_robust/model_artifacts/seed_2345/risk_cvar/proto_source_vanilla_k_50_weighted_0_learnw_0,2.0,0.029961630443576723,val_loss,0.006237335968762636,0.06419320404529572,0.0,0.0,426.0,20.0,2.0,vanilla,50.0,False,False,0.09091594815254211,0.14443904161453247
proto_source=vanilla_k=50_weighted=0_learnw=0,test,2345,proto,-0.007854552939534187,0.012462668120861053,-0.05771158568561077,-0.032855249010026455,-0.048065781593322754,-0.0009927830542437732,1.9719467672984996e-05,0.9439252336448598,-0.007589203771203756,-4.691928188549355e-05,0.0002184297190979123,0.006224653217941523,0.07516317814588547,0.0648801401257515,0.14298242330551147,0.0,0.0,0.0,0.0,,,cvar,/Users/yaniszaim/deephedging/.deephedging_real_runs/final_paper_asian_panel/panel_sweeps/TLT_full_paper_grid_800_asian_call_step_robust/model_artifacts/seed_2345/risk_cvar/proto_source_vanilla_k_50_weighted_0_learnw_0,2.0,0.029961630443576723,val_loss,0.006237335968762636,0.06419320404529572,0.0,0.0,428.0,20.0,2.0,vanilla,50.0,False,False,0.09091594815254211,0.14443904161453247
proto_source=vanilla_k=50_weighted=1_learnw=0,train,2345,proto,-0.008554873988032341,0.012599833309650421,-0.05483264788985252,-0.03321957755833864,-0.046565718948841095,-0.0011249255039729178,-0.00011301576378173222,0.9884538152610441,-0.008410526439547539,1.402007728756871e-05,0.0001583680132171139,0.004579906817525625,0.048859722912311554,0.06174356862902641,0.19226795434951782,0.0,0.0,0.0,0.0,,,cvar,/Users/yaniszaim/deephedging/.deephedging_real_runs/final_paper_asian_panel/panel_sweeps/TLT_full_paper_grid_800_asian_call_step_robust/model_artifacts/seed_2345/risk_cvar/proto_source_vanilla_k_50_weighted_1_learnw_0,4.0,0.029715393187943848,val_loss,0.006937265861779451,0.09171351045370102,0.0,0.0,1992.0,20.0,2.0,vanilla,50.0,True,False,0.08589217066764832,0.14827655255794525
proto_source=vanilla_k=50_weighted=1_learnw=0,val,2345,proto,-0.007349774241447449,0.010554776526987553,-0.040558887645602226,-0.02890065312385559,-0.03753478825092316,-0.0007813273405190557,-0.00011735340740415268,0.9929577464788732,-0.007178968749940395,-1.2431214599928353e-05,0.00015837424143683165,0.0046115475706756115,0.04853833094239235,0.062005627900362015,0.1835436075925827,0.0,0.0,0.0,0.0,,,cvar,/Users/yaniszaim/deephedging/.deephedging_real_runs/final_paper_asian_panel/panel_sweeps/TLT_full_paper_grid_800_asian_call_step_robust/model_artifacts/seed_2345/risk_cvar/proto_source_vanilla_k_50_weighted_1_learnw_0,4.0,0.029715393187943848,val_loss,0.006937265861779451,0.09171351045370102,0.0,0.0,426.0,20.0,2.0,vanilla,50.0,True,False,0.08589217066764832,0.14827655255794525
proto_source=vanilla_k=50_weighted=1_learnw=0,test,2345,proto,-0.00777048384770751,0.012367287650704384,-0.05725312873721122,-0.03238758873194456,-0.04775271192193031,-0.0008448942680843174,-0.00011121825664304211,0.9929906542056075,-0.007589203771203756,-2.350418799323961e-05,0.00015777579392306507,0.004605765920132399,0.04819756746292114,0.061937443912029266,0.1898326277732849,0.0,0.0,0.0,0.0,,,cvar,/Users/yaniszaim/deephedging/.deephedging_real_runs/final_paper_asian_panel/panel_sweeps/TLT_full_paper_grid_800_asian_call_step_robust/model_artifacts/seed_2345/risk_cvar/proto_source_vanilla_k_50_weighted_1_learnw_0,4.0,0.029715393187943848,val_loss,0.006937265861779451,0.09171351045370102,0.0,0.0,428.0,20.0,2.0,vanilla,50.0,True,False,0.08589217066764832,0.14827655255794525
proto_source=vanilla_k=100_weighted=0_learnw=0,train,2345,proto,-0.008562897332012653,0.012459189631044865,-0.05366078566759825,-0.03245079312473535,-0.04606635496020317,-0.002422665827907622,0.0008512320404406596,0.8343373493975904,-0.008410526439547539,-4.829679710383061e-06,0.00014754034054931253,0.005360297858715057,0.17658652365207672,0.09813380986452103,0.5241559147834778,0.0,0.0,0.0,0.0,,,cvar,/Users/yaniszaim/deephedging/.deephedging_real_runs/final_paper_asian_panel/panel_sweeps/TLT_full_paper_grid_800_asian_call_step_robust/model_artifacts/seed_2345/risk_cvar/proto_source_vanilla_k_100_weighted_0_learnw_0,537.0,0.0294144647277426,val_loss,0.0032908113207668066,0.057048499584198,0.0,0.0,1992.0,20.0,2.0,vanilla,100.0,False,False,0.16131770610809326,0.7423083186149597
proto_source=vanilla_k=100_weighted=0_learnw=0,val,2345,proto,-0.0073598213493824005,0.010413215495646,-0.04013332165777683,-0.028122709598392248,-0.036738522350788116,-0.001866245351266116,0.0008335872989846393,0.8403755868544601,-0.007178968749940395,-2.964503801194951e-05,0.00015120842726901174,0.005435736384242773,0.17219278216362,0.09813330322504044,0.2035929411649704,0.0,0.0,0.0,0.0,,,cvar,/Users/yaniszaim/deephedging/.deephedging_real_runs/final_paper_asian_panel/panel_sweeps/TLT_full_paper_grid_800_asian_call_step_robust/model_artifacts/seed_2345/risk_cvar/proto_source_vanilla_k_100_weighted_0_learnw_0,537.0,0.0294144647277426,val_loss,0.0032908113207668066,0.057048499584198,0.0,0.0,426.0,20.0,2.0,vanilla,100.0,False,False,0.16131770610809326,0.7423083186149597
proto_source=vanilla_k=100_weighted=0_learnw=0,test,2345,proto,-0.00768520450219512,0.01225279364734888,-0.05592180795967579,-0.03192588910460472,-0.047426044940948486,-0.0018924864125438035,0.0010686448134947567,0.8037383177570093,-0.007589203771203756,5.7289464166387916e-05,0.00015329034067690372,0.005493702832609415,0.19155360758304596,0.09797512739896774,0.32979875802993774,0.0,0.0,0.0,0.0,,,cvar,/Users/yaniszaim/deephedging/.deephedging_real_runs/final_paper_asian_panel/panel_sweeps/TLT_full_paper_grid_800_asian_call_step_robust/model_artifacts/seed_2345/risk_cvar/proto_source_vanilla_k_100_weighted_0_learnw_0,537.0,0.0294144647277426,val_loss,0.0032908113207668066,0.057048499584198,0.0,0.0,428.0,20.0,2.0,vanilla,100.0,False,False,0.16131770610809326,0.7423083186149597
proto_source=vanilla_k=100_weighted=1_learnw=0,train,2345,proto,-0.008724305778741837,0.01259841863065958,-0.05435705956071615,-0.03316332641988993,-0.046699296683073044,-0.0018068489735014737,0.00018625178054207885,0.9267068273092369,-0.008410526439547539,2.0148550902376883e-05,0.00033392722252756357,0.011517792008817196,0.0879286378622055,0.07644158601760864,0.2851811349391937,0.0,0.0,0.0,0.0,,,cvar,/Users/yaniszaim/deephedging/.deephedging_real_runs/final_paper_asian_panel/panel_sweeps/TLT_full_paper_grid_800_asian_call_step_robust/model_artifacts/seed_2345/risk_cvar/proto_source_vanilla_k_100_weighted_1_learnw_0,16.0,0.029956815051846206,val_loss,0.010514355264604092,0.09278009831905365,0.0,0.0,1992.0,20.0,2.0,vanilla,100.0,True,False,0.10021345317363739,0.1706278920173645
proto_source=vanilla_k=100_weighted=1_learnw=0,val,2345,proto,-0.0075523159466683865,0.010607822798192501,-0.04123267810791731,-0.02983390586450696,-0.038015831261873245,-0.0014777546166442335,0.00025215479399776086,0.9084507042253521,-0.007178968749940395,-4.098122735740617e-05,0.00033236591843888164,0.011508535593748093,0.08161275088787079,0.0764615535736084,0.28343746066093445,0.0,0.0,0.0,0.0,,,cvar,/Users/yaniszaim/deephedging/.deephedging_real_runs/final_paper_asian_panel/panel_sweeps/TLT_full_paper_grid_800_asian_call_step_robust/model_artifacts/seed_2345/risk_cvar/proto_source_vanilla_k_100_weighted_1_learnw_0,16.0,0.029956815051846206,val_loss,0.010514355264604092,0.09278009831905365,0.0,0.0,426.0,20.0,2.0,vanilla,100.0,True,False,0.10021345317363739,0.1706278920173645
proto_source=vanilla_k=100_weighted=1_learnw=0,test,2345,proto,-0.008004114031791687,0.012322662398219109,-0.057386414147913456,-0.032862271182239056,-0.0478147529065609,-0.0016764460015110672,0.0001168477843748405,0.9228971962616822,-0.007589203771203756,-8.275319123640656e-05,0.00033215738949365914,0.011502847075462341,0.0842190608382225,0.07647421211004257,0.2850315570831299,0.0,0.0,0.0,0.0,,,cvar,/Users/yaniszaim/deephedging/.deephedging_real_runs/final_paper_asian_panel/panel_sweeps/TLT_full_paper_grid_800_asian_call_step_robust/model_artifacts/seed_2345/risk_cvar/proto_source_vanilla_k_100_weighted_1_learnw_0,16.0,0.029956815051846206,val_loss,0.010514355264604092,0.09278009831905365,0.0,0.0,428.0,20.0,2.0,vanilla,100.0,True,False,0.10021345317363739,0.1706278920173645
unhedged,train,3456,baseline,-0.0084234569221735,0.012881424278020859,-0.05403652787208557,-0.03413593173027039,-0.04696756228804588,-0.00039070844650268555,0.0,0.5060240963855421,-0.0084234569221735,0.0,0.0,0.0,0.0,0.0,0.0,0.0,0.0,0.0,0.0,,,,,,,,,,,,,,,,,,,,
spot_delta,train,3456,baseline,-0.00847596861422062,0.012190322391688824,-0.05147926203906536,-0.031544674187898636,-0.04389948397874832,-0.0049423156306147575,0.004179450101219117,0.7700803212851406,-0.0084234569221735,0.00011219832231290638,0.0001647094904910773,0.020582139492034912,0.577771008014679,0.25400009751319885,0.582252025604248,0.0,0.0,0.0,0.0,,,,,,,,,,,,,,,,,,,,
spot_delta_band,train,3456,baseline,-0.00841120071709156,0.012117982842028141,-0.052629031240940094,-0.03105082521215081,-0.04422057047486305,-0.004020834341645241,0.0028150232508778483,0.7811244979919679,-0.0084234569221735,8.980599523056298e-05,7.754906982881948e-05,0.009692871011793613,0.4277710020542145,0.1899275928735733,0.43225201964378357,0.0,0.0,0.0,0.0,0.15,gains_mean,,,,,,,,,,,,,,,,,,
unhedged,val,3456,baseline,-0.007636187598109245,0.011714352294802666,-0.049378424882888794,-0.029262453317642212,-0.042815886437892914,-0.0,-0.0,0.49765258215962443,-0.007636187598109245,0.0,0.0,0.0,0.0,0.0,0.0,0.0,0.0,0.0,0.0,,,,,,,,,,,,,,,,,,,,
spot_delta,val,3456,baseline,-0.008013485930860043,0.011303041130304337,-0.04808757174760103,-0.028503598179668188,-0.04027067497372627,-0.005033506779000163,0.004136302741244435,0.7746478873239436,-0.007636187598109245,-0.00021192189888097346,0.00016537675401195884,0.020668378099799156,0.5677440166473389,0.25443971157073975,0.582252025604248,0.0,0.0,0.0,0.0,,,,,,,,,,,,,,,,,,,,
spot_delta_band,val,3456,baseline,-0.007901744917035103,0.01114358939230442,-0.048469267785549164,-0.02871905406937003,-0.04053753986954689,-0.004122069105505943,0.0028496819431893528,0.784037558685446,-0.007636187598109245,-0.00018780751270242035,7.77498134993948e-05,0.00971843209117651,0.4177440106868744,0.19036906957626343,0.43225201964378357,0.0,0.0,0.0,0.0,0.15,gains_mean,,,,,,,,,,,,,,,,,,
unhedged,test,3456,baseline,-0.007073938846588135,0.011534876190125942,-0.05208927989006042,-0.02923888564109802,-0.04298506677150726,-0.0,-0.0,0.4672897196261682,-0.007073938846588135,0.0,0.0,0.0,0.0,0.0,0.0,0.0,0.0,0.0,0.0,,,,,,,,,,,,,,,,,,,,
spot_delta,test,3456,baseline,-0.007553137373179197,0.011124959215521812,-0.04925589133054018,-0.027371377404779195,-0.040967151522636414,-0.0045011506881564856,0.00454953776206821,0.7827102803738317,-0.007073938846588135,-0.00031593162566423416,0.00016326694458257407,0.02041524089872837,0.578885018825531,0.2536907494068146,0.582252025604248,0.0,0.0,0.0,0.0,,,,,,,,,,,,,,,,,,,,
spot_delta_band,test,3456,baseline,-0.007406154181808233,0.010936541482806206,-0.05019825808703899,-0.02670043222606182,-0.040940407663583755,-0.003715791739523411,0.0031396075035445364,0.7990654205607477,-0.007073938846588135,-0.00025488229584880173,7.733312668278813e-05,0.00966696161776781,0.42888501286506653,0.1894552856683731,0.43225201964378357,0.0,0.0,0.0,0.0,0.15,gains_mean,,,,,,,,,,,,,,,,,,
vanilla,train,3456,vanilla,-0.008641357533633709,0.01280154101550579,-0.05405139420181513,-0.0342386731877923,-0.04699157178401947,-0.0006699603400193155,-0.00019772169616771867,1.0,-0.0084234569221735,2.521929218346486e-06,0.0002204227348556742,0.003752033691853285,0.00564160943031311,0.04091496765613556,0.09996704757213593,0.0,0.0,0.0,0.0,,,cvar,/Users/yaniszaim/deephedging/.deephedging_real_runs/final_paper_asian_panel/panel_sweeps/TLT_full_paper_grid_800_asian_call_step_robust/model_artifacts/seed_3456/risk_cvar/vanilla,8.0,0.03124107009964064,val_loss,0.004450155887752771,0.050622038543224335,0.0,0.0,1992.0,20.0,2.0,,,,,,
vanilla,val,3456,vanilla,-0.007859187200665474,0.011644039303064346,-0.04940099362283945,-0.029354650527238846,-0.04287213832139969,-0.000506922195199877,-0.0002001826069317758,1.0,-0.007636187598109245,-2.9004265797993867e-06,0.00022009896929375827,0.0037534397561103106,0.005246356129646301,0.040925607085227966,0.09476055204868317,0.0,0.0,0.0,0.0,,,cvar,/Users/yaniszaim/deephedging/.deephedging_real_runs/final_paper_asian_panel/panel_sweeps/TLT_full_paper_grid_800_asian_call_step_robust/model_artifacts/seed_3456/risk_cvar/vanilla,8.0,0.03124107009964064,val_loss,0.004450155887752771,0.050622038543224335,0.0,0.0,426.0,20.0,2.0,,,,,,
vanilla,test,3456,vanilla,-0.007299734279513359,0.011463173665106297,-0.05208368346095085,-0.029368508514016865,-0.04301030933856964,-0.0004469131672522053,-0.00018603531643748288,0.9976635514018691,-0.007073938846588135,-6.008707714499906e-06,0.00021978659788146615,0.0037537713069468737,0.005388200283050537,0.04092938080430031,0.0931989848613739,0.0,0.0,0.0,0.0,,,cvar,/Users/yaniszaim/deephedging/.deephedging_real_runs/final_paper_asian_panel/panel_sweeps/TLT_full_paper_grid_800_asian_call_step_robust/model_artifacts/seed_3456/risk_cvar/vanilla,8.0,0.03124107009964064,val_loss,0.004450155887752771,0.050622038543224335,0.0,0.0,428.0,20.0,2.0,,,,,,
proto_source=spot_delta_k=10_weighted=0_learnw=0,train,3456,proto,-0.007613674271851778,0.011705451644957066,-0.050360211245715616,-0.029282869957387447,-0.04221026599407196,-0.0029990356415510178,0.0017217145476024597,0.8504016064257028,-0.0084234569221735,0.0010450384579598904,0.00023525521100964397,0.02566213719546795,0.6479390859603882,0.18474064767360687,1.0,0.0021209839357429717,0.0,0.0021209839357429717,0.008032128514056224,,,cvar,/Users/yaniszaim/deephedging/.deephedging_real_runs/final_paper_asian_panel/panel_sweeps/TLT_full_paper_grid_800_asian_call_step_robust/model_artifacts/seed_3456/risk_cvar/proto_source_spot_delta_k_10_weighted_0_learnw_0,105.0,0.030195993379615423,val_loss,0.028825316578149796,0.14279650151729584,0.00029342723004694836,0.007042253521126761,1992.0,20.0,2.0,spot_delta,10.0,False,False,0.2145315408706665,0.7794663906097412
proto_source=spot_delta_k=10_weighted=0_learnw=0,val,3456,proto,-0.007236635312438011,0.010160197503864765,-0.04688804131001234,-0.027035993989557028,-0.0374157652258873,-0.0029219462303444743,0.001302912802202627,0.8333333333333334,-0.007636187598109245,0.0006112397531978786,0.00021168722014408559,0.024475419893860817,0.6479390859603882,0.18247923254966736,1.0,0.00023474178403755868,0.0,0.00023474178403755868,0.004694835680751174,,,cvar,/Users/yaniszaim/deephedging/.deephedging_real_runs/final_paper_asian_panel/panel_sweeps/TLT_full_paper_grid_800_asian_call_step_robust/model_artifacts/seed_3456/risk_cvar/proto_source_spot_delta_k_10_weighted_0_learnw_0,105.0,0.030195993379615423,val_loss,0.028825316578149796,0.14279650151729584,0.00029342723004694836,0.007042253521126761,426.0,20.0,2.0,spot_delta,10.0,False,False,0.2145315408706665,0.7794663906097412
proto_source=spot_delta_k=10_weighted=0_learnw=0,test,3456,proto,-0.006744240410625935,0.010731859132647514,-0.05031056441366673,-0.025837516505271194,-0.041021574288606644,-0.0026569634210318327,0.0014720489562023405,0.852803738317757,-0.007073938846588135,0.0005397206405177712,0.00021002192806918174,0.024414287880063057,0.6479390859603882,0.18390490114688873,1.0,0.0008177570093457944,0.0,0.0008177570093457944,0.002336448598130841,,,cvar,/Users/yaniszaim/deephedging/.deephedging_real_runs/final_paper_asian_panel/panel_sweeps/TLT_full_paper_grid_800_asian_call_step_robust/model_artifacts/seed_3456/risk_cvar/proto_source_spot_delta_k_10_weighted_0_learnw_0,105.0,0.030195993379615423,val_loss,0.028825316578149796,0.14279650151729584,0.00029342723004694836,0.007042253521126761,428.0,20.0,2.0,spot_delta,10.0,False,False,0.2145315408706665,0.7794663906097412
proto_source=spot_delta_k=10_weighted=1_learnw=0,train,3456,proto,-0.007573004812002182,0.01162503007799387,-0.049341534972190855,-0.029156020283699034,-0.04242730140686035,-0.003008527448400855,0.0011965689191129037,0.8504016064257028,-0.0084234569221735,0.0010828134836629033,0.00023236066044773906,0.022433212026953697,0.4645772874355316,0.21171610057353973,1.0,0.0005647590361445783,0.00023845381526104418,0.00032630522088353416,0.0050200803212851405,,,cvar,/Users/yaniszaim/deephedging/.deephedging_real_runs/final_paper_asian_panel/panel_sweeps/TLT_full_paper_grid_800_asian_call_step_robust/model_artifacts/seed_3456/risk_cvar/proto_source_spot_delta_k_10_weighted_1_learnw_0,560.0,0.03079953965730965,val_loss,0.021313810721039772,0.16933998465538025,0.0,0.0,1992.0,20.0,2.0,spot_delta,10.0,True,False,0.1472109705209732,0.464897483587265
proto_source=spot_delta_k=10_weighted=1_learnw=0,val,3456,proto,-0.007304925937205553,0.01114878710359335,-0.05500086396932602,-0.025116301141679287,-0.0416203998029232,-0.002697002375498414,0.0010644593567121774,0.8544600938967136,-0.007636187598109245,0.0005536772659979761,0.00022241480473894626,0.022417429834604263,0.46378248929977417,0.2116163820028305,1.0,0.00017605633802816902,0.00011737089201877934,5.868544600938967e-05,0.004694835680751174,,,cvar,/Users/yaniszaim/deephedging/.deephedging_real_runs/final_paper_asian_panel/panel_sweeps/TLT_full_paper_grid_800_asian_call_step_robust/model_artifacts/seed_3456/risk_cvar/proto_source_spot_delta_k_10_weighted_1_learnw_0,560.0,0.03079953965730965,val_loss,0.021313810721039772,0.16933998465538025,0.0,0.0,426.0,20.0,2.0,spot_delta,10.0,True,False,0.1472109705209732,0.464897483587265
proto_source=spot_delta_k=10_weighted=1_learnw=0,test,3456,proto,-0.006717899814248085,0.010499046184122562,-0.04872542880475521,-0.026089807413518427,-0.039348091930150986,-0.0025236946530640125,0.0009739719767821951,0.8411214953271028,-0.007073938846588135,0.0005707697127945721,0.00021473044762387872,0.0212563406676054,0.46441924571990967,0.21412131190299988,1.0,0.00023364485981308412,0.0,0.00023364485981308412,0.002336448598130841,,,cvar,/Users/yaniszaim/deephedging/.deephedging_real_runs/final_paper_asian_panel/panel_sweeps/TLT_full_paper_grid_800_asian_call_step_robust/model_artifacts/seed_3456/risk_cvar/proto_source_spot_delta_k_10_weighted_1_learnw_0,560.0,0.03079953965730965,val_loss,0.021313810721039772,0.16933998465538025,0.0,0.0,428.0,20.0,2.0,spot_delta,10.0,True,False,0.1472109705209732,0.464897483587265
proto_source=spot_delta_k=25_weighted=0_learnw=0,train,3456,proto,-0.008336711674928665,0.010895911604166031,-0.048949114382267,-0.028672009799629448,-0.041107550263404846,-0.004734936635941267,0.0019810573663562527,0.8493975903614458,-0.0084234569221735,0.0002961498103104532,0.00020940403919667006,0.025038719177246094,0.3818517029285431,0.35883253812789917,1.0,0.11536144578313252,0.11536144578313252,0.0,0.7359437751004017,,,cvar,/Users/yaniszaim/deephedging/.deephedging_real_runs/final_paper_asian_panel/panel_sweeps/TLT_full_paper_grid_800_asian_call_step_robust/model_artifacts/seed_3456/risk_cvar/proto_source_spot_delta_k_25_weighted_0_learnw_0,401.0,0.030815831520922585,val_loss,0.0212995782494545,0.14114715158939362,0.00017605633802816902,0.004694835680751174,1992.0,20.0,2.0,spot_delta,25.0,False,False,0.10119474679231644,0.40398654341697693
proto_source=spot_delta_k=25_weighted=0_learnw=0,val,3456,proto,-0.007757047191262245,0.00962395966053009,-0.04250937420874834,-0.025669150985777378,-0.03568373993039131,-0.004965594271197915,0.0016361499729100615,0.8427230046948356,-0.007636187598109245,8.296105806948617e-05,0.00020381993090268224,0.02509930357336998,0.36835527420043945,0.35797998309135437,1.0,0.11619718309859155,0.11619718309859155,0.0,0.7511737089201878,,,cvar,/Users/yaniszaim/deephedging/.deephedging_real_runs/final_paper_asian_panel/panel_sweeps/TLT_full_paper_grid_800_asian_call_step_robust/model_artifacts/seed_3456/risk_cvar/proto_source_spot_delta_k_25_weighted_0_learnw_0,401.0,0.030815831520922585,val_loss,0.0212995782494545,0.14114715158939362,0.00017605633802816902,0.004694835680751174,426.0,20.0,2.0,spot_delta,25.0,False,False,0.10119474679231644,0.40398654341697693
proto_source=spot_delta_k=25_weighted=0_learnw=0,test,3456,proto,-0.007424292620271444,0.009988995268940926,-0.04496932029724121,-0.02483670087531209,-0.03856130316853523,-0.004390945192426443,0.0017220653477124856,0.8457943925233645,-0.007073938846588135,-0.000145468206028454,0.00020488536392804235,0.024706276133656502,0.3818517029285431,0.3588798940181732,1.0,0.11501168224299066,0.11501168224299066,0.0,0.735981308411215,,,cvar,/Users/yaniszaim/deephedging/.deephedging_real_runs/final_paper_asian_panel/panel_sweeps/TLT_full_paper_grid_800_asian_call_step_robust/model_artifacts/seed_3456/risk_cvar/proto_source_spot_delta_k_25_weighted_0_learnw_0,401.0,0.030815831520922585,val_loss,0.0212995782494545,0.14114715158939362,0.00017605633802816902,0.004694835680751174,428.0,20.0,2.0,spot_delta,25.0,False,False,0.10119474679231644,0.40398654341697693
proto_source=spot_delta_k=25_weighted=1_learnw=0,train,3456,proto,-0.00820249319076538,0.011781204491853714,-0.04689189720898867,-0.03013882581144571,-0.04206695035099983,-0.0027488827472552657,0.0001357281173113733,0.7580321285140562,-0.0084234569221735,0.00034643575781956315,0.00012547121150419116,0.013171586208045483,0.42991164326667786,0.08458837866783142,1.0,6.275100401606425e-05,0.0,6.275100401606425e-05,0.000502008032128514,,,cvar,/Users/yaniszaim/deephedging/.deephedging_real_runs/final_paper_asian_panel/panel_sweeps/TLT_full_paper_grid_800_asian_call_step_robust/model_artifacts/seed_3456/risk_cvar/proto_source_spot_delta_k_25_weighted_1_learnw_0,28.0,0.030758117988504505,val_loss,0.0217715073376894,0.13612951338291168,5.868544600938967e-05,0.002347417840375587,1992.0,20.0,2.0,spot_delta,25.0,True,False,0.08482051640748978,0.523288905620575
proto_source=spot_delta_k=25_weighted=1_learnw=0,val,3456,proto,-0.007602755445986986,0.010496721602976322,-0.0433531841263175,-0.026386437471956015,-0.03832313418388367,-0.002505243755877018,0.00011395471119612921,0.8028169014084507,-0.007636187598109245,0.00015111110405996442,0.00011767831892939284,0.012759707868099213,0.42950040102005005,0.08475754410028458,1.0,5.868544600938967e-05,0.0,5.868544600938967e-05,0.002347417840375587,,,cvar,/Users/yaniszaim/deephedging/.deephedging_real_runs/final_paper_asian_panel/panel_sweeps/TLT_full_paper_grid_800_asian_call_step_robust/model_artifacts/seed_3456/risk_cvar/proto_source_spot_delta_k_25_weighted_1_learnw_0,28.0,0.030758117988504505,val_loss,0.0217715073376894,0.13612951338291168,5.868544600938967e-05,0.002347417840375587,426.0,20.0,2.0,spot_delta,25.0,True,False,0.08482051640748978,0.523288905620575
proto_source=spot_delta_k=25_weighted=1_learnw=0,test,3456,proto,-0.007082835305482149,0.010877242311835289,-0.04724017076194286,-0.02697335174307227,-0.04045720025897026,-0.0018787039443850517,0.00014588578778784709,0.7570093457943925,-0.007073938846588135,9.998478344641626e-05,0.00010888132965192199,0.011800001375377178,0.41737717390060425,0.08164837956428528,0.5910765528678894,0.0,0.0,0.0,0.0,,,cvar,/Users/yaniszaim/deephedging/.deephedging_real_runs/final_paper_asian_panel/panel_sweeps/TLT_full_paper_grid_800_asian_call_step_robust/model_artifacts/seed_3456/risk_cvar/proto_source_spot_delta_k_25_weighted_1_learnw_0,28.0,0.030758117988504505,val_loss,0.0217715073376894,0.13612951338291168,5.868544600938967e-05,0.002347417840375587,428.0,20.0,2.0,spot_delta,25.0,True,False,0.08482051640748978,0.523288905620575
proto_source=spot_delta_k=50_weighted=0_learnw=0,train,3456,proto,-0.0076884012669324875,0.011292580515146255,-0.05017470240592956,-0.029428546037524938,-0.04272131621837616,-0.0032881187507882714,0.001414473250042645,0.8478915662650602,-0.0084234569221735,0.0009592901915311813,0.0002242338377982378,0.025508906692266464,0.6801500916481018,0.22234438359737396,1.0,0.0007781124497991968,0.0,0.0007781124497991968,0.012048192771084338,,,cvar,/Users/yaniszaim/deephedging/.deephedging_real_runs/final_paper_asian_panel/panel_sweeps/TLT_full_paper_grid_800_asian_call_step_robust/model_artifacts/seed_3456/risk_cvar/proto_source_spot_delta_k_50_weighted_0_learnw_0,230.0,0.030338883584216585,val_loss,0.024632107466459274,0.1762191355228424,0.0005868544600938967,0.011737089201877934,1992.0,20.0,2.0,spot_delta,50.0,False,False,0.13345184922218323,0.6918832063674927
proto_source=spot_delta_k=50_weighted=0_learnw=0,val,3456,proto,-0.007253377698361874,0.009900890290737152,-0.04787619598209858,-0.027227685786783695,-0.03780902922153473,-0.0031848482321947813,0.0014431059826165438,0.8732394366197183,-0.007636187598109245,0.0006069779046811163,0.00022416794672608376,0.025045163929462433,0.6726518869400024,0.22381170094013214,1.0,0.00035211267605633805,0.0,0.00035211267605633805,0.007042253521126761,,,cvar,/Users/yaniszaim/deephedging/.deephedging_real_runs/final_paper_asian_panel/panel_sweeps/TLT_full_paper_grid_800_asian_call_step_robust/model_artifacts/seed_3456/risk_cvar/proto_source_spot_delta_k_50_weighted_0_learnw_0,230.0,0.030338883584216585,val_loss,0.024632107466459274,0.1762191355228424,0.0005868544600938967,0.011737089201877934,426.0,20.0,2.0,spot_delta,50.0,False,False,0.13345184922218323,0.6918832063674927
proto_source=spot_delta_k=50_weighted=0_learnw=0,test,3456,proto,-0.006998185068368912,0.010906117968261242,-0.056366937309503554,-0.024774608109146355,-0.04232826083898544,-0.002959728939458728,0.0014678891806397575,0.8341121495327103,-0.007073938846588135,0.00027720691286958754,0.00020145320740994066,0.023110907524824142,0.6790472269058228,0.22291022539138794,1.0,5.841121495327103e-05,0.0,5.841121495327103e-05,0.002336448598130841,,,cvar,/Users/yaniszaim/deephedging/.deephedging_real_runs/final_paper_asian_panel/panel_sweeps/TLT_full_paper_grid_800_asian_call_step_robust/model_artifacts/seed_3456/risk_cvar/proto_source_spot_delta_k_50_weighted_0_learnw_0,230.0,0.030338883584216585,val_loss,0.024632107466459274,0.1762191355228424,0.0005868544600938967,0.011737089201877934,428.0,20.0,2.0,spot_delta,50.0,False,False,0.13345184922218323,0.6918832063674927
proto_source=spot_delta_k=50_weighted=1_learnw=0,train,3456,proto,-0.008442886173725128,0.012682938948273659,-0.050737861767411234,-0.03426452409476042,-0.04509473219513893,-0.0011006599524989724,0.0006257452070713041,0.5928714859437751,-0.0084234569221735,4.7551675379509106e-05,6.698017386952415e-05,0.007670415565371513,0.2729074954986572,0.07486315816640854,1.0,0.003601907630522088,0.003539156626506024,6.275100401606425e-05,0.033634538152610444,,,cvar,/Users/yaniszaim/deephedging/.deephedging_real_runs/final_paper_asian_panel/panel_sweeps/TLT_full_paper_grid_800_asian_call_step_robust/model_artifacts/seed_3456/risk_cvar/proto_source_spot_delta_k_50_weighted_1_learnw_0,57.0,0.031026115522243325,val_loss,0.02674100548028946,0.2002725452184677,0.0004107981220657277,0.011737089201877934,1992.0,20.0,2.0,spot_delta,50.0,True,False,0.0899638757109642,0.34388044476509094
proto_source=spot_delta_k=50_weighted=1_learnw=0,val,3456,proto,-0.007748912554234266,0.011683130636811256,-0.048750962130725384,-0.030570924747735262,-0.04162154346704483,-0.0003753373894141987,0.0006082426989451051,0.5868544600938967,-0.007636187598109245,-4.8658162995707244e-05,6.406647298717871e-05,0.007315207272768021,0.2714695930480957,0.07486333698034286,1.0,0.002699530516431925,0.002699530516431925,0.0,0.028169014084507043,,,cvar,/Users/yaniszaim/deephedging/.deephedging_real_runs/final_paper_asian_panel/panel_sweeps/TLT_full_paper_grid_800_asian_call_step_robust/model_artifacts/seed_3456/risk_cvar/proto_source_spot_delta_k_50_weighted_1_learnw_0,57.0,0.031026115522243325,val_loss,0.02674100548028946,0.2002725452184677,0.0004107981220657277,0.011737089201877934,426.0,20.0,2.0,spot_delta,50.0,True,False,0.0899638757109642,0.34388044476509094
proto_source=spot_delta_k=50_weighted=1_learnw=0,test,3456,proto,-0.00735701946541667,0.011824171990156174,-0.053437538295984265,-0.03041088618338108,-0.04330575093626976,-0.00024282245431095362,0.0005859747267095371,0.5771028037383178,-0.007073938846588135,-0.00022146195988170803,6.161854253150523e-05,0.007085132412612438,0.2729344666004181,0.07035979628562927,1.0,0.0015771028037383178,0.0015771028037383178,0.0,0.02102803738317757,,,cvar,/Users/yaniszaim/deephedging/.deephedging_real_runs/final_paper_asian_panel/panel_sweeps/TLT_full_paper_grid_800_asian_call_step_robust/model_artifacts/seed_3456/risk_cvar/proto_source_spot_delta_k_50_weighted_1_learnw_0,57.0,0.031026115522243325,val_loss,0.02674100548028946,0.2002725452184677,0.0004107981220657277,0.011737089201877934,428.0,20.0,2.0,spot_delta,50.0,True,False,0.0899638757109642,0.34388044476509094
proto_source=spot_delta_k=100_weighted=0_learnw=0,train,3456,proto,-0.00783545058220625,0.012110513634979725,-0.04575162708759308,-0.02998947389423847,-0.04231608286499977,-0.0026837680488824844,0.0016698963998351228,0.8880522088353414,-0.0084234569221735,0.0008472477202303708,0.00025924149667844176,0.02910027839243412,0.8337796330451965,0.14959530532360077,1.0,0.00022590361445783133,0.0,0.00022590361445783133,0.004016064257028112,,,cvar,/Users/yaniszaim/deephedging/.deephedging_real_runs/final_paper_asian_panel/panel_sweeps/TLT_full_paper_grid_800_asian_call_step_robust/model_artifacts/seed_3456/risk_cvar/proto_source_spot_delta_k_100_weighted_0_learnw_0,183.0,0.02992340931135444,val_loss,0.022682636976242065,0.10712157934904099,0.00046948356807511736,0.004694835680751174,1992.0,20.0,2.0,spot_delta,100.0,False,False,0.1138557493686676,1.0299304723739624
proto_source=spot_delta_k=100_weighted=0_learnw=0,val,3456,proto,-0.007589530665427446,0.010138420388102531,-0.04683718830347061,-0.027083941735327244,-0.036964405328035355,-0.0030584402848035097,0.0015206651587504894,0.8943661971830986,-0.007636187598109245,0.0002938849211204797,0.0002472276974003762,0.028370071202516556,0.8337770104408264,0.15110892057418823,1.0,0.00023474178403755868,0.0,0.00023474178403755868,0.004694835680751174,,,cvar,/Users/yaniszaim/deephedging/.deephedging_real_runs/final_paper_asian_panel/panel_sweeps/TLT_full_paper_grid_800_asian_call_step_robust/model_artifacts/seed_3456/risk_cvar/proto_source_spot_delta_k_100_weighted_0_learnw_0,183.0,0.02992340931135444,val_loss,0.022682636976242065,0.10712157934904099,0.00046948356807511736,0.004694835680751174,426.0,20.0,2.0,spot_delta,100.0,False,False,0.1138557493686676,1.0299304723739624
proto_source=spot_delta_k=100_weighted=0_learnw=0,test,3456,proto,-0.007079411763697863,0.010908004827797413,-0.04718560725450516,-0.028146470710635182,-0.04094379022717476,-0.0024635266745463014,0.0014648501004558055,0.8901869158878505,-0.007073938846588135,0.00022234994685277343,0.00022782263113185763,0.02656560018658638,0.8337730765342712,0.14698928594589233,0.8160314559936523,0.0,0.0,0.0,0.0,,,cvar,/Users/yaniszaim/deephedging/.deephedging_real_runs/final_paper_asian_panel/panel_sweeps/TLT_full_paper_grid_800_asian_call_step_robust/model_artifacts/seed_3456/risk_cvar/proto_source_spot_delta_k_100_weighted_0_learnw_0,183.0,0.02992340931135444,val_loss,0.022682636976242065,0.10712157934904099,0.00046948356807511736,0.004694835680751174,428.0,20.0,2.0,spot_delta,100.0,False,False,0.1138557493686676,1.0299304723739624
proto_source=spot_delta_k=100_weighted=1_learnw=0,train,3456,proto,-0.007564282510429621,0.012426769360899925,-0.049634045474231246,-0.03173317369073629,-0.04425343871116638,-0.0028739632107317448,0.001620252744760354,0.8619477911646586,-0.0084234569221735,0.0012783912243321538,0.0004192157066427171,0.04322994872927666,1.045738697052002,0.2277473658323288,1.0,0.00286144578313253,0.0011044176706827308,0.0017570281124497991,0.01706827309236948,,,cvar,/Users/yaniszaim/deephedging/.deephedging_real_runs/final_paper_asian_panel/panel_sweeps/TLT_full_paper_grid_800_asian_call_step_robust/model_artifacts/seed_3456/risk_cvar/proto_source_spot_delta_k_100_weighted_1_learnw_0,569.0,0.03003282092240565,val_loss,0.038616690784692764,0.17054234445095062,0.0018779342723004694,0.01643192488262911,1992.0,20.0,2.0,spot_delta,100.0,True,False,0.1683182269334793,1.257665991783142
proto_source=spot_delta_k=100_weighted=1_learnw=0,val,3456,proto,-0.00705190934240818,0.010509872809052467,-0.047638677060604095,-0.02751512685790658,-0.03978972136974335,-0.0028735456289723516,0.00164027011487633,0.8708920187793427,-0.007636187598109245,0.0009736797655932605,0.0003894017718266696,0.04122690483927727,0.9685325026512146,0.22425806522369385,1.0,0.0011737089201877935,0.0,0.0011737089201877935,0.009389671361502348,,,cvar,/Users/yaniszaim/deephedging/.deephedging_real_runs/final_paper_asian_panel/panel_sweeps/TLT_full_paper_grid_800_asian_call_step_robust/model_artifacts/seed_3456/risk_cvar/proto_source_spot_delta_k_100_weighted_1_learnw_0,569.0,0.03003282092240565,val_loss,0.038616690784692764,0.17054234445095062,0.0018779342723004694,0.01643192488262911,426.0,20.0,2.0,spot_delta,100.0,True,False,0.1683182269334793,1.257665991783142
proto_source=spot_delta_k=100_weighted=1_learnw=0,test,3456,proto,-0.006776724010705948,0.011015585623681545,-0.056639339402318,-0.026038252376019953,-0.04256822541356087,-0.002684296341612935,0.0015732923697214561,0.8644859813084113,-0.007073938846588135,0.0006813605432398617,0.0003841456782538444,0.0398813933134079,1.045880913734436,0.2290743738412857,1.0,0.0012266355140186916,0.0005257009345794393,0.0007009345794392523,0.014018691588785047,,,cvar,/Users/yaniszaim/deephedging/.deephedging_real_runs/final_paper_asian_panel/panel_sweeps/TLT_full_paper_grid_800_asian_call_step_robust/model_artifacts/seed_3456/risk_cvar/proto_source_spot_delta_k_100_weighted_1_learnw_0,569.0,0.03003282092240565,val_loss,0.038616690784692764,0.17054234445095062,0.0018779342723004694,0.01643192488262911,428.0,20.0,2.0,spot_delta,100.0,True,False,0.1683182269334793,1.257665991783142
proto_source=vanilla_k=10_weighted=0_learnw=0,train,3456,proto,-0.008250261656939983,0.012502945959568024,-0.05056751199066639,-0.031854478269815446,-0.045392971485853195,-0.0013763350434601307,0.00045205714413896065,0.8659638554216867,-0.0084234569221735,0.00027257477631792426,9.937831782735884e-05,0.008780689910054207,0.35745882987976074,0.0689137727022171,0.6379737854003906,0.0,0.0,0.0,0.0,,,cvar,/Users/yaniszaim/deephedging/.deephedging_real_runs/final_paper_asian_panel/panel_sweeps/TLT_full_paper_grid_800_asian_call_step_robust/model_artifacts/seed_3456/risk_cvar/proto_source_vanilla_k_10_weighted_0_learnw_0,69.0,0.03049141102936119,val_loss,0.007897707633674145,0.04476800560951233,0.0,0.0,1992.0,20.0,2.0,vanilla,10.0,False,False,0.12094171345233917,0.47872358560562134
proto_source=vanilla_k=10_weighted=0_learnw=0,val,3456,proto,-0.007526530418545008,0.010964453220367432,-0.046882796101272106,-0.028238164260983467,-0.040002357214689255,-0.0012512511457316577,0.00034641395177459344,0.8685446009389671,-0.007636187598109245,0.00020295291324146092,9.329528984380886e-05,0.008589878678321838,0.35745882987976074,0.06635654717683792,0.6115454435348511,0.0,0.0,0.0,0.0,,,cvar,/Users/yaniszaim/deephedging/.deephedging_real_runs/final_paper_asian_panel/panel_sweeps/TLT_full_paper_grid_800_asian_call_step_robust/model_artifacts/seed_3456/risk_cvar/proto_source_vanilla_k_10_weighted_0_learnw_0,69.0,0.03049141102936119,val_loss,0.007897707633674145,0.04476800560951233,0.0,0.0,426.0,20.0,2.0,vanilla,10.0,False,False,0.12094171345233917,0.47872358560562134
proto_source=vanilla_k=10_weighted=0_learnw=0,test,3456,proto,-0.007004799321293831,0.011358866468071938,-0.050321416519582274,-0.02825197223573923,-0.04226042330265045,-0.0010627585579641163,0.0004409215966006736,0.852803738317757,-0.007073938846588135,0.0001634040818316862,9.426462202100083e-05,0.00851617194712162,0.35745882987976074,0.06791645288467407,0.48800522089004517,0.0,0.0,0.0,0.0,,,cvar,/Users/yaniszaim/deephedging/.deephedging_real_runs/final_paper_asian_panel/panel_sweeps/TLT_full_paper_grid_800_asian_call_step_robust/model_artifacts/seed_3456/risk_cvar/proto_source_vanilla_k_10_weighted_0_learnw_0,69.0,0.03049141102936119,val_loss,0.007897707633674145,0.04476800560951233,0.0,0.0,428.0,20.0,2.0,vanilla,10.0,False,False,0.12094171345233917,0.47872358560562134
proto_source=vanilla_k=10_weighted=1_learnw=0,train,3456,proto,-0.008222844451665878,0.012324337847530842,-0.050711911134421826,-0.03178516011685133,-0.04481940716505051,-0.0011012559407390654,5.0322636161581086e-05,0.9347389558232931,-0.0084234569221735,0.0003041204181499779,0.00010350732918595895,0.0064734905026853085,0.1752738654613495,0.06066100299358368,0.6826142072677612,0.0,0.0,0.0,0.0,,,cvar,/Users/yaniszaim/deephedging/.deephedging_real_runs/final_paper_asian_panel/panel_sweeps/TLT_full_paper_grid_800_asian_call_step_robust/model_artifacts/seed_3456/risk_cvar/proto_source_vanilla_k_10_weighted_1_learnw_0,14.0,0.030562987292651087,val_loss,0.004927501548081636,0.031376201659440994,0.0,0.0,1992.0,20.0,2.0,vanilla,10.0,True,False,0.07783867418766022,0.23528896272182465
proto_source=vanilla_k=10_weighted=1_learnw=0,val,3456,proto,-0.007580368779599667,0.011030587367713451,-0.04797494877129793,-0.028172593098133802,-0.0403795950114727,-0.0009767698938958347,3.916099103662418e-05,0.9366197183098591,-0.007636187598109245,0.00015183992218226194,9.60210818448104e-05,0.006223264615982771,0.17286135256290436,0.05871977284550667,0.5730838775634766,0.0,0.0,0.0,0.0,,,cvar,/Users/yaniszaim/deephedging/.deephedging_real_runs/final_paper_asian_panel/panel_sweeps/TLT_full_paper_grid_800_asian_call_step_robust/model_artifacts/seed_3456/risk_cvar/proto_source_vanilla_k_10_weighted_1_learnw_0,14.0,0.030562987292651087,val_loss,0.004927501548081636,0.031376201659440994,0.0,0.0,426.0,20.0,2.0,vanilla,10.0,True,False,0.07783867418766022,0.23528896272182465
proto_source=vanilla_k=10_weighted=1_learnw=0,test,3456,proto,-0.007005847524851561,0.01122604962438345,-0.05165467940270901,-0.028794924076646567,-0.04211241006851196,-0.0008232245163526386,5.4284405632642876e-05,0.9322429906542056,-0.007073938846588135,0.0001614406646694988,9.33497358346358e-05,0.006106059532612562,0.17450293898582458,0.059721820056438446,0.5969702005386353,0.0,0.0,0.0,0.0,,,cvar,/Users/yaniszaim/deephedging/.deephedging_real_runs/final_paper_asian_panel/panel_sweeps/TLT_full_paper_grid_800_asian_call_step_robust/model_artifacts/seed_3456/risk_cvar/proto_source_vanilla_k_10_weighted_1_learnw_0,14.0,0.030562987292651087,val_loss,0.004927501548081636,0.031376201659440994,0.0,0.0,428.0,20.0,2.0,vanilla,10.0,True,False,0.07783867418766022,0.23528896272182465
proto_source=vanilla_k=25_weighted=0_learnw=0,train,3456,proto,-0.007792767137289047,0.011991911567747593,-0.0507268724963069,-0.03023963887244463,-0.042917512357234955,-0.0014020292437635362,0.0008004133967915547,0.7971887550200804,-0.0084234569221735,0.0008251182152889669,0.00019442809571046382,0.011746079660952091,0.3923129141330719,0.04894336685538292,1.0,0.005133032128514056,0.0,0.005133032128514056,0.010040160642570281,,,cvar,/Users/yaniszaim/deephedging/.deephedging_real_runs/final_paper_asian_panel/panel_sweeps/TLT_full_paper_grid_800_asian_call_step_robust/model_artifacts/seed_3456/risk_cvar/proto_source_vanilla_k_25_weighted_0_learnw_0,88.0,0.03017700363215094,val_loss,0.010994304902851582,0.0484292097389698,0.0005868544600938967,0.004694835680751174,1992.0,20.0,2.0,vanilla,25.0,False,False,0.10328538715839386,0.48168984055519104
proto_source=vanilla_k=25_weighted=0_learnw=0,val,3456,proto,-0.007153862621635199,0.010607936419546604,-0.047347668558359146,-0.028166052885353565,-0.03801773861050606,-0.0012878328561782837,0.0007748314092168584,0.7769953051643192,-0.007636187598109245,0.0006604477530345321,0.0001781219762051478,0.011293441988527775,0.3923128843307495,0.04385111480951309,1.0,0.0005868544600938967,0.0,0.0005868544600938967,0.004694835680751174,,,cvar,/Users/yaniszaim/deephedging/.deephedging_real_runs/final_paper_asian_panel/panel_sweeps/TLT_full_paper_grid_800_asian_call_step_robust/model_artifacts/seed_3456/risk_cvar/proto_source_vanilla_k_25_weighted_0_learnw_0,88.0,0.03017700363215094,val_loss,0.010994304902851582,0.0484292097389698,0.0005868544600938967,0.004694835680751174,426.0,20.0,2.0,vanilla,25.0,False,False,0.10328538715839386,0.48168984055519104
proto_source=vanilla_k=25_weighted=0_learnw=0,test,3456,proto,-0.006734163034707308,0.01119935605674982,-0.05264912117272615,-0.027667209319770337,-0.04110061749815941,-0.001282774202991277,0.0011292807466816153,0.8084112149532711,-0.007073938846588135,0.0005101172137074172,0.0001703412999631837,0.01074131391942501,0.3923128843307495,0.044882938265800476,1.0,0.0020443925233644858,0.0,0.0020443925233644858,0.004672897196261682,,,cvar,/Users/yaniszaim/deephedging/.deephedging_real_runs/final_paper_asian_panel/panel_sweeps/TLT_full_paper_grid_800_asian_call_step_robust/model_artifacts/seed_3456/risk_cvar/proto_source_vanilla_k_25_weighted_0_learnw_0,88.0,0.03017700363215094,val_loss,0.010994304902851582,0.0484292097389698,0.0005868544600938967,0.004694835680751174,428.0,20.0,2.0,vanilla,25.0,False,False,0.10328538715839386,0.48168984055519104
proto_source=vanilla_k=25_weighted=1_learnw=0,train,3456,proto,-0.00790158286690712,0.012940267100930214,-0.05157346606254578,-0.03152073845267296,-0.04521693289279938,-0.0012088755029253662,0.000675019799382425,0.8217871485943775,-0.0084234569221735,0.0006723433616571128,0.0001504693500464782,0.008180823177099228,0.6126669645309448,0.04005473479628563,1.0,0.0003639558232931727,0.0,0.0003639558232931727,0.008032128514056224,,,cvar,/Users/yaniszaim/deephedging/.deephedging_real_runs/final_paper_asian_panel/panel_sweeps/TLT_full_paper_grid_800_asian_call_step_robust/model_artifacts/seed_3456/risk_cvar/proto_source_vanilla_k_25_weighted_1_learnw_0,196.0,0.030128023817330738,val_loss,0.011304952204227448,0.053197428584098816,0.00023474178403755868,0.004694835680751174,1992.0,20.0,2.0,vanilla,25.0,True,False,0.15191207826137543,0.6142014861106873
proto_source=vanilla_k=25_weighted=1_learnw=0,val,3456,proto,-0.007410334423184395,0.010899805463850498,-0.04749847948551178,-0.028294548857957125,-0.039269182831048965,-0.0013532305019907653,0.0005769935232819989,0.812206572769953,-0.007636187598109245,0.00036475120577961206,0.00013889781257603317,0.007841957733035088,0.5910383462905884,0.03801339864730835,1.0,0.00035211267605633805,0.0,0.00035211267605633805,0.007042253521126761,,,cvar,/Users/yaniszaim/deephedging/.deephedging_real_runs/final_paper_asian_panel/panel_sweeps/TLT_full_paper_grid_800_asian_call_step_robust/model_artifacts/seed_3456/risk_cvar/proto_source_vanilla_k_25_weighted_1_learnw_0,196.0,0.030128023817330738,val_loss,0.011304952204227448,0.053197428584098816,0.00023474178403755868,0.004694835680751174,426.0,20.0,2.0,vanilla,25.0,True,False,0.15191207826137543,0.6142014861106873
proto_source=vanilla_k=25_weighted=1_learnw=0,test,3456,proto,-0.00679538631811738,0.011837061494588852,-0.05565125524997711,-0.027713742200285198,-0.04284081235527992,-0.0008968690526671708,0.0005798072175821278,0.8177570093457944,-0.007073938846588135,0.0004224376752972603,0.00014388549607247114,0.007763503585010767,0.5946892499923706,0.03833308815956116,1.0,5.841121495327103e-05,0.0,5.841121495327103e-05,0.002336448598130841,,,cvar,/Users/yaniszaim/deephedging/.deephedging_real_runs/final_paper_asian_panel/panel_sweeps/TLT_full_paper_grid_800_asian_call_step_robust/model_artifacts/seed_3456/risk_cvar/proto_source_vanilla_k_25_weighted_1_learnw_0,196.0,0.030128023817330738,val_loss,0.011304952204227448,0.053197428584098816,0.00023474178403755868,0.004694835680751174,428.0,20.0,2.0,vanilla,25.0,True,False,0.15191207826137543,0.6142014861106873
proto_source=vanilla_k=50_weighted=0_learnw=0,train,3456,proto,-0.008387231267988682,0.01259545236825943,-0.053741730749607086,-0.032429241202771665,-0.04503491520881653,-0.0036508311750367284,0.0031007384532131237,0.7826305220883534,-0.0084234569221735,0.0004744282632600516,0.0004382020852062851,0.027935916557908058,0.5621652603149414,0.08496445417404175,1.0,0.005007530120481928,0.0,0.005007530120481928,0.010040160642570281,,,cvar,/Users/yaniszaim/deephedging/.deephedging_real_runs/final_paper_asian_panel/panel_sweeps/TLT_full_paper_grid_800_asian_call_step_robust/model_artifacts/seed_3456/risk_cvar/proto_source_vanilla_k_50_weighted_0_learnw_0,366.0,0.0304357931656247,val_loss,0.009677901864051819,0.04001608118414879,0.0009389671361502347,0.004694835680751174,1992.0,20.0,2.0,vanilla,50.0,False,False,0.11674367636442184,0.7403075098991394
proto_source=vanilla_k=50_weighted=0_learnw=0,val,3456,proto,-0.008163189515471458,0.011669982224702835,-0.052183182910084724,-0.03118544677272439,-0.042368825525045395,-0.003262168145738542,0.002610930474475026,0.8380281690140845,-0.007636187598109245,-0.00010207304148934782,0.00042492858483456075,0.027791639789938927,0.5621652603149414,0.08107265084981918,1.0,0.0009976525821596245,0.0,0.0009976525821596245,0.004694835680751174,,,cvar,/Users/yaniszaim/deephedging/.deephedging_real_runs/final_paper_asian_panel/panel_sweeps/TLT_full_paper_grid_800_asian_call_step_robust/model_artifacts/seed_3456/risk_cvar/proto_source_vanilla_k_50_weighted_0_learnw_0,366.0,0.0304357931656247,val_loss,0.009677901864051819,0.04001608118414879,0.0009389671361502347,0.004694835680751174,426.0,20.0,2.0,vanilla,50.0,False,False,0.11674367636442184,0.7403075098991394
proto_source=vanilla_k=50_weighted=0_learnw=0,test,3456,proto,-0.007343788165599108,0.011761841364204884,-0.0530942802503705,-0.02883700709789991,-0.04289339855313301,-0.0028558216290548444,0.0031753415474668123,0.7827102803738317,-0.007073938846588135,0.0001589835883351043,0.00042883295100182295,0.02775087021291256,0.5621652603149414,0.0829966589808464,1.0,0.0025116822429906544,0.0,0.0025116822429906544,0.007009345794392523,,,cvar,/Users/yaniszaim/deephedging/.deephedging_real_runs/final_paper_asian_panel/panel_sweeps/TLT_full_paper_grid_800_asian_call_step_robust/model_artifacts/seed_3456/risk_cvar/proto_source_vanilla_k_50_weighted_0_learnw_0,366.0,0.0304357931656247,val_loss,0.009677901864051819,0.04001608118414879,0.0009389671361502347,0.004694835680751174,428.0,20.0,2.0,vanilla,50.0,False,False,0.11674367636442184,0.7403075098991394
proto_source=vanilla_k=50_weighted=1_learnw=0,train,3456,proto,-0.008198904804885387,0.012276973575353622,-0.05061606872826815,-0.03211404308676719,-0.04447721317410469,-0.0014900116948410869,0.00028814170073019295,0.8805220883534136,-0.0084234569221735,0.00031526220845989883,9.070947271538898e-05,0.0055340006947517395,0.25186124444007874,0.08300742506980896,0.791972279548645,0.0,0.0,0.0,0.0,,,cvar,/Users/yaniszaim/deephedging/.deephedging_real_runs/final_paper_asian_panel/panel_sweeps/TLT_full_paper_grid_800_asian_call_step_robust/model_artifacts/seed_3456/risk_cvar/proto_source_vanilla_k_50_weighted_1_learnw_0,36.0,0.03064075720962137,val_loss,0.004913116805255413,0.05316784977912903,0.0,0.0,1992.0,20.0,2.0,vanilla,50.0,True,False,0.05276946723461151,0.2544691264629364
proto_source=vanilla_k=50_weighted=1_learnw=0,val,3456,proto,-0.007634246256202459,0.010928506031632423,-0.04599224030971527,-0.02883584424853325,-0.04005905240774155,-0.0014276152360253036,0.00025155715411528945,0.8943661971830986,-0.007636187598109245,8.344289381057024e-05,8.150128996931016e-05,0.005204461980611086,0.2517167329788208,0.081474669277668,0.5443600416183472,0.0,0.0,0.0,0.0,,,cvar,/Users/yaniszaim/deephedging/.deephedging_real_runs/final_paper_asian_panel/panel_sweeps/TLT_full_paper_grid_800_asian_call_step_robust/model_artifacts/seed_3456/risk_cvar/proto_source_vanilla_k_50_weighted_1_learnw_0,36.0,0.03064075720962137,val_loss,0.004913116805255413,0.05316784977912903,0.0,0.0,426.0,20.0,2.0,vanilla,50.0,True,False,0.05276946723461151,0.2544691264629364
proto_source=vanilla_k=50_weighted=1_learnw=0,test,3456,proto,-0.006994436960667372,0.011333553120493889,-0.051654575429856776,-0.028298057243227957,-0.04210254177451134,-0.0012904455652460456,0.0002260558190755541,0.8785046728971962,-0.007073938846588135,0.00016700904234312475,8.750698179937899e-05,0.0054509337060153484,0.2502749562263489,0.08252903074026108,0.7280447483062744,0.0,0.0,0.0,0.0,,,cvar,/Users/yaniszaim/deephedging/.deephedging_real_runs/final_paper_asian_panel/panel_sweeps/TLT_full_paper_grid_800_asian_call_step_robust/model_artifacts/seed_3456/risk_cvar/proto_source_vanilla_k_50_weighted_1_learnw_0,36.0,0.03064075720962137,val_loss,0.004913116805255413,0.05316784977912903,0.0,0.0,428.0,20.0,2.0,vanilla,50.0,True,False,0.05276946723461151,0.2544691264629364
proto_source=vanilla_k=100_weighted=0_learnw=0,train,3456,proto,-0.008251008577644825,0.012540931813418865,-0.05093314345926046,-0.032639034651219846,-0.04540680721402168,-0.000864387780893594,0.00022997874693828606,0.8594377510040161,-0.0084234569221735,0.000243077302002348,7.062872464302927e-05,0.0038821171037852764,0.15948814153671265,0.030811604112386703,0.5141979455947876,0.0,0.0,0.0,0.0,,,cvar,/Users/yaniszaim/deephedging/.deephedging_real_runs/final_paper_asian_panel/panel_sweeps/TLT_full_paper_grid_800_asian_call_step_robust/model_artifacts/seed_3456/risk_cvar/proto_source_vanilla_k_100_weighted_0_learnw_0,8.0,0.03062846511020325,val_loss,0.0032103012781590223,0.02112358994781971,0.0,0.0,1992.0,20.0,2.0,vanilla,100.0,False,False,0.058419980108737946,0.20689208805561066
proto_source=vanilla_k=100_weighted=0_learnw=0,val,3456,proto,-0.007598190568387508,0.011206278577446938,-0.04698019661009312,-0.028937556315213442,-0.04082554951310158,-0.0007274212257470936,0.0001428220457455609,0.8615023474178404,-0.007636187598109245,0.0001014337976812385,6.3437080825679e-05,0.0037122992798686028,0.1593775749206543,0.02948043681681156,0.5024863481521606,0.0,0.0,0.0,0.0,,,cvar,/Users/yaniszaim/deephedging/.deephedging_real_runs/final_paper_asian_panel/panel_sweeps/TLT_full_paper_grid_800_asian_call_step_robust/model_artifacts/seed_3456/risk_cvar/proto_source_vanilla_k_100_weighted_0_learnw_0,8.0,0.03062846511020325,val_loss,0.0032103012781590223,0.02112358994781971,0.0,0.0,426.0,20.0,2.0,vanilla,100.0,False,False,0.058419980108737946,0.20689208805561066
proto_source=vanilla_k=100_weighted=0_learnw=0,test,3456,proto,-0.007009547669440508,0.011424019001424313,-0.05198616415262222,-0.02877028863877058,-0.04265013709664345,-0.0006659546052105725,0.000274085055571049,0.8481308411214953,-0.007073938846588135,0.00012934370897710323,6.495240813819692e-05,0.0037196052726358175,0.15048956871032715,0.030166735872626305,0.30415716767311096,0.0,0.0,0.0,0.0,,,cvar,/Users/yaniszaim/deephedging/.deephedging_real_runs/final_paper_asian_panel/panel_sweeps/TLT_full_paper_grid_800_asian_call_step_robust/model_artifacts/seed_3456/risk_cvar/proto_source_vanilla_k_100_weighted_0_learnw_0,8.0,0.03062846511020325,val_loss,0.0032103012781590223,0.02112358994781971,0.0,0.0,428.0,20.0,2.0,vanilla,100.0,False,False,0.058419980108737946,0.20689208805561066
proto_source=vanilla_k=100_weighted=1_learnw=0,train,3456,proto,-0.00807937141507864,0.012295734137296677,-0.05119252398610115,-0.032315567135810845,-0.04495657980442047,-0.0026281022001057863,0.0018619325244799247,0.8042168674698795,-0.0084234569221735,0.0005807859124615788,0.0002367006818531081,0.022747334092855453,0.36924242973327637,0.11747179180383682,0.7755650281906128,0.0,0.0,0.0,0.0,,,cvar,/Users/yaniszaim/deephedging/.deephedging_real_runs/final_paper_asian_panel/panel_sweeps/TLT_full_paper_grid_800_asian_call_step_robust/model_artifacts/seed_3456/risk_cvar/proto_source_vanilla_k_100_weighted_1_learnw_0,91.0,0.030302520198747518,val_loss,0.019826343283057213,0.0779784694314003,0.0,0.0,1992.0,20.0,2.0,vanilla,100.0,True,False,0.09634815156459808,0.4164598286151886
proto_source=vanilla_k=100_weighted=1_learnw=0,val,3456,proto,-0.0074432468973100185,0.010826246812939644,-0.047559780068695545,-0.028946884907782078,-0.039659906178712845,-0.0028506648959591985,0.0016707018949091434,0.7746478873239436,-0.007636187598109245,0.0004240252310410142,0.00023108371533453465,0.02224520593881607,0.3692423701286316,0.11736667156219482,0.783215343952179,0.0,0.0,0.0,0.0,,,cvar,/Users/yaniszaim/deephedging/.deephedging_real_runs/final_paper_asian_panel/panel_sweeps/TLT_full_paper_grid_800_asian_call_step_robust/model_artifacts/seed_3456/risk_cvar/proto_source_vanilla_k_100_weighted_1_learnw_0,91.0,0.030302520198747518,val_loss,0.019826343283057213,0.0779784694314003,0.0,0.0,426.0,20.0,2.0,vanilla,100.0,True,False,0.09634815156459808,0.4164598286151886
proto_source=vanilla_k=100_weighted=1_learnw=0,test,3456,proto,-0.007068559527397156,0.011358413845300674,-0.05529321826994419,-0.02805898459628224,-0.04302999749779701,-0.0024148509837687016,0.0020838803611695736,0.8130841121495327,-0.007073938846588135,0.00021992588881403208,0.00021454619127325714,0.020955873653292656,0.36924219131469727,0.11803792417049408,0.6276397109031677,0.0,0.0,0.0,0.0,,,cvar,/Users/yaniszaim/deephedging/.deephedging_real_runs/final_paper_asian_panel/panel_sweeps/TLT_full_paper_grid_800_asian_call_step_robust/model_artifacts/seed_3456/risk_cvar/proto_source_vanilla_k_100_weighted_1_learnw_0,91.0,0.030302520198747518,val_loss,0.019826343283057213,0.0779784694314003,0.0,0.0,428.0,20.0,2.0,vanilla,100.0,True,False,0.09634815156459808,0.4164598286151886
