model,split,seed,model_family,gains_mean,gains_std,gains_p01,gains_p05,gains_cvar05,gains_p50,gains_p95,shortfall_prob,payoff_mean,pnl_mean,cost_mean,action_abs_mean,action_abs_max,delta_abs_mean,delta_abs_max,pct_at_any_position_bound,pct_at_upper_position_bound,pct_at_lower_position_bound,pct_paths_touch_any_position_bound,selected_band,baseline_selection_metric,risk_measure,artifact_dir,selected_epoch,selected_score,selection_metric,selected_val_action_abs_mean,selected_val_delta_abs_mean,selected_val_pct_at_any_position_bound,selected_val_pct_paths_touch_any_position_bound,n_paths,n_steps,n_inst,prototype_source,n_prototypes,weighted_similarity,learn_distance_feature_weights,proto_action_norm_mean,proto_action_norm_max
unhedged,train,1234,baseline,-0.02940552495419979,0.047686390578746796,-0.22138324975967408,-0.11728485822677612,-0.18334369361400604,-0.004232227802276611,0.0,0.5303571428571429,-0.02940552495419979,0.0,0.0,0.0,0.0,0.0,0.0,0.0,0.0,0.0,0.0,,,,,,,,,,,,,,,,,,,,
spot_delta,train,1234,baseline,-0.02941230684518814,0.046844176948070526,-0.21951129227876662,-0.11671210527420044,-0.17921946942806244,-0.011302093975245953,0.007765384693630032,0.7763392857142857,-0.02940552495419979,0.00016596524801570922,0.00017274591664317995,0.021575063467025757,0.5913040041923523,0.25697991251945496,0.5913040041923523,0.0,0.0,0.0,0.0,,,,,,,,,,,,,,,,,,,,
spot_delta_band,train,1234,baseline,-0.02937731146812439,0.046744439750909805,-0.2194124798476696,-0.11573958396911621,-0.17959411442279816,-0.010421050246804953,0.006715175160206853,0.7776785714285714,-0.02940552495419979,0.00012749021698255092,9.927577775670215e-05,0.01241198368370533,0.5413039922714233,0.24357973039150238,0.5413039922714233,0.0,0.0,0.0,0.0,0.05,gains_mean,,,,,,,,,,,,,,,,,,
unhedged,val,1234,baseline,-0.02951079048216343,0.04803629592061043,-0.18863200187683105,-0.10940631031990052,-0.17390954494476318,-0.002839028835296631,0.0,0.51875,-0.02951079048216343,0.0,0.0,0.0,0.0,0.0,0.0,0.0,0.0,0.0,0.0,,,,,,,,,,,,,,,,,,,,
spot_delta,val,1234,baseline,-0.029558531939983368,0.04528021812438965,-0.17313370257616043,-0.10398361980915069,-0.16178782284259796,-0.01038343459367752,0.00679451031610369,0.7979166666666667,-0.02951079048216343,0.00012674594472628087,0.00017448714061174542,0.021766971796751022,0.5890989899635315,0.2570447027683258,0.5913040041923523,0.0,0.0,0.0,0.0,,,,,,,,,,,,,,,,,,,,
spot_delta_band,val,1234,baseline,-0.029355419799685478,0.0453658364713192,-0.17374719709157943,-0.10313865654170512,-0.16246742010116577,-0.009110739920288324,0.00582549010869114,0.8041666666666667,-0.02951079048216343,0.00025511125568300486,9.974141721613705e-05,0.012466490268707275,0.5390989780426025,0.24384117126464844,0.5413039922714233,0.0,0.0,0.0,0.0,0.05,gains_mean,,,,,,,,,,,,,,,,,,
unhedged,test,1234,baseline,-0.028468066826462746,0.04726194590330124,-0.1986358642578125,-0.12067735195159912,-0.170217365026474,0.0,0.0,0.49064449064449067,-0.028468066826462746,0.0,0.0,0.0,0.0,0.0,0.0,0.0,0.0,0.0,0.0,,,,,,,,,,,,,,,,,,,,
spot_delta,test,1234,baseline,-0.028632821515202522,0.046653129160404205,-0.19413383305072784,-0.12129316478967667,-0.16872087121009827,-0.008267019875347614,0.008159715682268143,0.7525987525987526,-0.028468066826462746,6.244794803933473e-06,0.00017100120021495968,0.021377401426434517,0.5836640000343323,0.2576090097427368,0.5890989899635315,0.0,0.0,0.0,0.0,,,,,,,,,,,,,,,,,,,,
spot_delta_band,test,1234,baseline,-0.02861967124044895,0.0466429777443409,-0.19499638080596923,-0.11883947253227234,-0.16873279213905334,-0.007507440634071827,0.006975940894335508,0.7505197505197505,-0.028468066826462746,-5.211549432715401e-05,9.948820661520585e-05,0.012440772727131844,0.5336639881134033,0.24408908188343048,0.5390989780426025,0.0,0.0,0.0,0.0,0.05,gains_mean,,,,,,,,,,,,,,,,,,
vanilla,train,1234,vanilla,-0.02941524237394333,0.046097856014966965,-0.21591238766908646,-0.11438813731074333,-0.17881405353546143,-0.005563535261899233,-0.0002788020006846638,1.0,-0.02940552495419979,0.00010286679025739431,0.00011258387530688196,0.01279620174318552,0.026460543274879456,0.13547614216804504,0.5218999981880188,0.0,0.0,0.0,0.0,,,cvar,/Users/yaniszaim/deephedging/.deephedging_real_runs/final_paper_notebook/panel_sweeps/XLE_full_paper_grid_800_step_robust/model_artifacts/seed_1234/risk_cvar/vanilla,56.0,0.11799770407378674,val_loss,0.01219727098941803,0.12722037732601166,0.0,0.0,2240.0,20.0,2.0,,,,,,
vanilla,val,1234,vanilla,-0.029433846473693848,0.046480048447847366,-0.1839420934021473,-0.10672943368554115,-0.169600248336792,-0.00443331734277308,-0.00024766565766185525,1.0,-0.02951079048216343,0.0001897938345791772,0.00011284880747552961,0.012795045040547848,0.026053141802549362,0.13546839356422424,0.5140709280967712,0.0,0.0,0.0,0.0,,,cvar,/Users/yaniszaim/deephedging/.deephedging_real_runs/final_paper_notebook/panel_sweeps/XLE_full_paper_grid_800_step_robust/model_artifacts/seed_1234/risk_cvar/vanilla,56.0,0.11799770407378674,val_loss,0.01219727098941803,0.12722037732601166,0.0,0.0,480.0,20.0,2.0,,,,,,
vanilla,test,1234,vanilla,-0.02856593206524849,0.045656073838472366,-0.19362154006958007,-0.11771262437105179,-0.16602367162704468,-0.003367834957316518,-0.0003126753435935825,1.0,-0.028468066826462746,1.4395943253475707e-05,0.00011226294736843556,0.012798675335943699,0.026454046368598938,0.1354941874742508,0.5206246972084045,0.0,0.0,0.0,0.0,,,cvar,/Users/yaniszaim/deephedging/.deephedging_real_runs/final_paper_notebook/panel_sweeps/XLE_full_paper_grid_800_step_robust/model_artifacts/seed_1234/risk_cvar/vanilla,56.0,0.11799770407378674,val_loss,0.01219727098941803,0.12722037732601166,0.0,0.0,481.0,20.0,2.0,,,,,,
proto_source=spot_delta_k=10_weighted=0_learnw=0,train,1234,proto,-0.02877771109342575,0.045368846505880356,-0.2088970884680748,-0.11488211005926133,-0.17310523986816406,-0.00622523482888937,0.0008761781646171571,0.8794642857142857,-0.02940552495419979,0.0008572334772907197,0.00022941971838008612,0.016350755468010902,0.5654255151748657,0.1277889758348465,1.0,0.001015625,0.000546875,0.00046875,0.015625,,,cvar,/Users/yaniszaim/deephedging/.deephedging_real_runs/final_paper_notebook/panel_sweeps/XLE_full_paper_grid_800_step_robust/model_artifacts/seed_1234/risk_cvar/proto_source_spot_delta_k_10_weighted_0_learnw_0,308.0,0.11609993486696235,val_loss,0.014009145088493824,0.0710495188832283,5.208333333333334e-05,0.0020833333333333333,2240.0,20.0,2.0,spot_delta,10.0,False,False,0.17190608382225037,0.5654374361038208
proto_source=spot_delta_k=10_weighted=0_learnw=0,val,1234,proto,-0.028800703585147858,0.043169762939214706,-0.1800541625916958,-0.10727599933743477,-0.15674714744091034,-0.005914201959967613,0.0006475484813563508,0.8770833333333333,-0.02951079048216343,0.0009343459969386458,0.00022426070063374937,0.01611354388296604,0.5654255151748657,0.12662291526794434,1.0,0.00036458333333333335,0.00036458333333333335,0.0,0.010416666666666666,,,cvar,/Users/yaniszaim/deephedging/.deephedging_real_runs/final_paper_notebook/panel_sweeps/XLE_full_paper_grid_800_step_robust/model_artifacts/seed_1234/risk_cvar/proto_source_spot_delta_k_10_weighted_0_learnw_0,308.0,0.11609993486696235,val_loss,0.014009145088493824,0.0710495188832283,5.208333333333334e-05,0.0020833333333333333,480.0,20.0,2.0,spot_delta,10.0,False,False,0.17190608382225037,0.5654374361038208
proto_source=spot_delta_k=10_weighted=0_learnw=0,test,1234,proto,-0.02824547328054905,0.047085657715797424,-0.20468763411045074,-0.11859443783760071,-0.16855591535568237,-0.0043432340025901794,0.0006220152718015015,0.9002079002079002,-0.028468066826462746,0.0004554286424536258,0.0002328371483599767,0.01625576987862587,0.5654255151748657,0.12910096347332,1.0,0.0011954261954261955,0.0004677754677754678,0.0007276507276507277,0.016632016632016633,,,cvar,/Users/yaniszaim/deephedging/.deephedging_real_runs/final_paper_notebook/panel_sweeps/XLE_full_paper_grid_800_step_robust/model_artifacts/seed_1234/risk_cvar/proto_source_spot_delta_k_10_weighted_0_learnw_0,308.0,0.11609993486696235,val_loss,0.014009145088493824,0.0710495188832283,5.208333333333334e-05,0.0020833333333333333,481.0,20.0,2.0,spot_delta,10.0,False,False,0.17190608382225037,0.5654374361038208
proto_source=spot_delta_k=10_weighted=1_learnw=0,train,1234,proto,-0.02980645000934601,0.049737755209207535,-0.22892942503094674,-0.12162592075765133,-0.18936550617218018,-0.004738530842587352,0.0034236689447425268,0.5794642857142858,-0.02940552495419979,-0.00016520923236384988,0.00023571545898448676,0.018097255378961563,0.12666819989681244,0.19003383815288544,0.7560907006263733,0.0,0.0,0.0,0.0,,,cvar,/Users/yaniszaim/deephedging/.deephedging_real_runs/final_paper_notebook/panel_sweeps/XLE_full_paper_grid_800_step_robust/model_artifacts/seed_1234/risk_cvar/proto_source_spot_delta_k_10_weighted_1_learnw_0,10.0,0.11776805167086422,val_loss,0.022470423951745033,0.15625706315040588,0.0,0.0,2240.0,20.0,2.0,spot_delta,10.0,True,False,0.055637478828430176,0.15068696439266205
proto_source=spot_delta_k=10_weighted=1_learnw=0,val,1234,proto,-0.029976600781083107,0.050101205706596375,-0.19550903171300887,-0.11341398395597935,-0.17982077598571777,-0.003223316976800561,0.0030448399134911596,0.575,-0.02951079048216343,-0.00023006218543741852,0.00023574869555886835,0.018100054934620857,0.03645293414592743,0.19087614119052887,0.7149046659469604,0.0,0.0,0.0,0.0,,,cvar,/Users/yaniszaim/deephedging/.deephedging_real_runs/final_paper_notebook/panel_sweeps/XLE_full_paper_grid_800_step_robust/model_artifacts/seed_1234/risk_cvar/proto_source_spot_delta_k_10_weighted_1_learnw_0,10.0,0.11776805167086422,val_loss,0.022470423951745033,0.15625706315040588,0.0,0.0,480.0,20.0,2.0,spot_delta,10.0,True,False,0.055637478828430176,0.15068696439266205
proto_source=spot_delta_k=10_weighted=1_learnw=0,test,1234,proto,-0.028759898617863655,0.049373045563697815,-0.20412013530731202,-0.12519557774066925,-0.17606540024280548,-0.00024512229720130563,0.0034375472459942102,0.5322245322245323,-0.028468066826462746,-5.622544631478377e-05,0.0002356074401177466,0.018098905682563782,0.1208728551864624,0.19007648527622223,0.6961130499839783,0.0,0.0,0.0,0.0,,,cvar,/Users/yaniszaim/deephedging/.deephedging_real_runs/final_paper_notebook/panel_sweeps/XLE_full_paper_grid_800_step_robust/model_artifacts/seed_1234/risk_cvar/proto_source_spot_delta_k_10_weighted_1_learnw_0,10.0,0.11776805167086422,val_loss,0.022470423951745033,0.15625706315040588,0.0,0.0,481.0,20.0,2.0,spot_delta,10.0,True,False,0.055637478828430176,0.15068696439266205
proto_source=spot_delta_k=25_weighted=0_learnw=0,train,1234,proto,-0.029073722660541534,0.04627661406993866,-0.21540277034044267,-0.1133530955761671,-0.1776503324508667,-0.010000755079090595,0.006029577017761764,0.7879464285714286,-0.02940552495419979,0.0007760751177556813,0.0004442741337697953,0.04233454540371895,0.459201455116272,0.2283187359571457,1.0,0.0002455357142857143,0.0002455357142857143,0.0,0.003125,,,cvar,/Users/yaniszaim/deephedging/.deephedging_real_runs/final_paper_notebook/panel_sweeps/XLE_full_paper_grid_800_step_robust/model_artifacts/seed_1234/risk_cvar/proto_source_spot_delta_k_25_weighted_0_learnw_0,236.0,0.1174751749895513,val_loss,0.01688147708773613,0.1270209699869156,0.00046875,0.004166666666666667,2240.0,20.0,2.0,spot_delta,25.0,False,False,0.29507458209991455,0.9091253280639648
proto_source=spot_delta_k=25_weighted=0_learnw=0,val,1234,proto,-0.029140999540686607,0.04481051117181778,-0.17621113494038582,-0.10577188320457934,-0.16237153112888336,-0.009032982401549816,0.005587218469008798,0.81875,-0.02951079048216343,0.000792740669567138,0.0004229500191286206,0.04140010476112366,0.4770011007785797,0.228160098195076,1.0,0.0009895833333333334,0.0009895833333333334,0.0,0.008333333333333333,,,cvar,/Users/yaniszaim/deephedging/.deephedging_real_runs/final_paper_notebook/panel_sweeps/XLE_full_paper_grid_800_step_robust/model_artifacts/seed_1234/risk_cvar/proto_source_spot_delta_k_25_weighted_0_learnw_0,236.0,0.1174751749895513,val_loss,0.01688147708773613,0.1270209699869156,0.00046875,0.004166666666666667,480.0,20.0,2.0,spot_delta,25.0,False,False,0.29507458209991455,0.9091253280639648
proto_source=spot_delta_k=25_weighted=0_learnw=0,test,1234,proto,-0.028342805802822113,0.04607586935162544,-0.19540354013442993,-0.11672745645046234,-0.16236768662929535,-0.008354321122169495,0.006946640554815531,0.7837837837837838,-0.028468066826462746,0.0005584513419307768,0.00043319081305526197,0.04217536374926567,0.437757670879364,0.22813811898231506,0.728310227394104,0.0,0.0,0.0,0.0,,,cvar,/Users/yaniszaim/deephedging/.deephedging_real_runs/final_paper_notebook/panel_sweeps/XLE_full_paper_grid_800_step_robust/model_artifacts/seed_1234/risk_cvar/proto_source_spot_delta_k_25_weighted_0_learnw_0,236.0,0.1174751749895513,val_loss,0.01688147708773613,0.1270209699869156,0.00046875,0.004166666666666667,481.0,20.0,2.0,spot_delta,25.0,False,False,0.29507458209991455,0.9091253280639648
proto_source=spot_delta_k=25_weighted=1_learnw=0,train,1234,proto,-0.029343025758862495,0.045324720442295074,-0.2114758688211441,-0.11240261495113373,-0.17626674473285675,-0.006863822462037206,0.000981252972269427,0.896875,-0.02940552495419979,0.00024047329497989267,0.0001779709564289078,0.018975751474499702,0.08527487516403198,0.2660066485404968,0.7879452705383301,0.0,0.0,0.0,0.0,,,cvar,/Users/yaniszaim/deephedging/.deephedging_real_runs/final_paper_notebook/panel_sweeps/XLE_full_paper_grid_800_step_robust/model_artifacts/seed_1234/risk_cvar/proto_source_spot_delta_k_25_weighted_1_learnw_0,10.0,0.11763654236681759,val_loss,0.017438599839806557,0.1492445170879364,0.0,0.0,2240.0,20.0,2.0,spot_delta,25.0,True,False,0.10012098401784897,0.1588640958070755
proto_source=spot_delta_k=25_weighted=1_learnw=0,val,1234,proto,-0.029342181980609894,0.045505963265895844,-0.17808499574661255,-0.10414631254971027,-0.16628478467464447,-0.006890287855640054,0.0008444773528026394,0.9041666666666667,-0.02951079048216343,0.000346692482708022,0.00017808358825277537,0.01896139606833458,0.08341780304908752,0.2663387060165405,0.7744902968406677,0.0,0.0,0.0,0.0,,,cvar,/Users/yaniszaim/deephedging/.deephedging_real_runs/final_paper_notebook/panel_sweeps/XLE_full_paper_grid_800_step_robust/model_artifacts/seed_1234/risk_cvar/proto_source_spot_delta_k_25_weighted_1_learnw_0,10.0,0.11763654236681759,val_loss,0.017438599839806557,0.1492445170879364,0.0,0.0,480.0,20.0,2.0,spot_delta,25.0,True,False,0.10012098401784897,0.1588640958070755
proto_source=spot_delta_k=25_weighted=1_learnw=0,test,1234,proto,-0.028780478984117508,0.045061808079481125,-0.19069100320339202,-0.11576233804225922,-0.16486167907714844,-0.00549680320546031,0.0008067551534622908,0.9126819126819127,-0.028468066826462746,-0.00013434492575470358,0.00017806925461627543,0.019005531445145607,0.08342224359512329,0.2654963731765747,0.7861441969871521,0.0,0.0,0.0,0.0,,,cvar,/Users/yaniszaim/deephedging/.deephedging_real_runs/final_paper_notebook/panel_sweeps/XLE_full_paper_grid_800_step_robust/model_artifacts/seed_1234/risk_cvar/proto_source_spot_delta_k_25_weighted_1_learnw_0,10.0,0.11763654236681759,val_loss,0.017438599839806557,0.1492445170879364,0.0,0.0,481.0,20.0,2.0,spot_delta,25.0,True,False,0.10012098401784897,0.1588640958070755
proto_source=spot_delta_k=50_weighted=0_learnw=0,train,1234,proto,-0.029181422665715218,0.0478605218231678,-0.21380423113703728,-0.12128771655261517,-0.18021848797798157,-0.007338642608374357,0.006130150868557375,0.6446428571428572,-0.02940552495419979,0.0005192174576222897,0.0002951150818262249,0.02504420466721058,0.27764007449150085,0.3429156541824341,1.0,0.143515625,0.0006026785714285714,0.14291294642857144,0.8258928571428571,,,cvar,/Users/yaniszaim/deephedging/.deephedging_real_runs/final_paper_notebook/panel_sweeps/XLE_full_paper_grid_800_step_robust/model_artifacts/seed_1234/risk_cvar/proto_source_spot_delta_k_50_weighted_0_learnw_0,36.0,0.11758856127038599,val_loss,0.020295191556215286,0.1518843024969101,0.0,0.0,2240.0,20.0,2.0,spot_delta,50.0,False,False,0.0840412899851799,0.2794035077095032
proto_source=spot_delta_k=50_weighted=0_learnw=0,val,1234,proto,-0.029344020411372185,0.048051368445158005,-0.19939211651682853,-0.11443755142390727,-0.1699191927909851,-0.005367451347410679,0.005995794269256288,0.6125,-0.02951079048216343,0.000467106350697577,0.00030033590155653656,0.025229562073946,0.2779155373573303,0.3466116189956665,1.0,0.150625,0.00109375,0.14953125,0.8625,,,cvar,/Users/yaniszaim/deephedging/.deephedging_real_runs/final_paper_notebook/panel_sweeps/XLE_full_paper_grid_800_step_robust/model_artifacts/seed_1234/risk_cvar/proto_source_spot_delta_k_50_weighted_0_learnw_0,36.0,0.11758856127038599,val_loss,0.020295191556215286,0.1518843024969101,0.0,0.0,480.0,20.0,2.0,spot_delta,50.0,False,False,0.0840412899851799,0.2794035077095032
proto_source=spot_delta_k=50_weighted=0_learnw=0,test,1234,proto,-0.028277307748794556,0.047867465764284134,-0.19305868446826935,-0.11862573027610779,-0.16718153655529022,-0.002792980521917343,0.00622462946921587,0.5925155925155925,-0.028468066826462746,0.0004840113688260317,0.0002932534844148904,0.025041183456778526,0.27758359909057617,0.3424627482891083,1.0,0.14168399168399168,0.0010914760914760915,0.1405925155925156,0.814968814968815,,,cvar,/Users/yaniszaim/deephedging/.deephedging_real_runs/final_paper_notebook/panel_sweeps/XLE_full_paper_grid_800_step_robust/model_artifacts/seed_1234/risk_cvar/proto_source_spot_delta_k_50_weighted_0_learnw_0,36.0,0.11758856127038599,val_loss,0.020295191556215286,0.1518843024969101,0.0,0.0,481.0,20.0,2.0,spot_delta,50.0,False,False,0.0840412899851799,0.2794035077095032
proto_source=spot_delta_k=50_weighted=1_learnw=0,train,1234,proto,-0.029659148305654526,0.04868549481034279,-0.22383825719356537,-0.120361452922225,-0.1867610067129135,-0.00496900943107903,0.0018895818677265165,0.5607142857142857,-0.02940552495419979,-0.00016720639541745186,8.641808381071314e-05,0.009818184189498425,0.2396036982536316,0.09525680541992188,0.8590114116668701,0.0,0.0,0.0,0.0,,,cvar,/Users/yaniszaim/deephedging/.deephedging_real_runs/final_paper_notebook/panel_sweeps/XLE_full_paper_grid_800_step_robust/model_artifacts/seed_1234/risk_cvar/proto_source_spot_delta_k_50_weighted_1_learnw_0,135.0,0.11628269631415605,val_loss,0.031396664679050446,0.12114298343658447,0.0,0.0,2240.0,20.0,2.0,spot_delta,50.0,True,False,0.10636626929044724,0.31435921788215637
proto_source=spot_delta_k=50_weighted=1_learnw=0,val,1234,proto,-0.029605817049741745,0.04802189767360687,-0.19207215055823326,-0.11143184378743172,-0.17265872657299042,-0.003197124577127397,0.001629331451840698,0.5645833333333333,-0.02951079048216343,-7.13811414243537e-06,8.788785635260865e-05,0.00949840061366558,0.23831278085708618,0.09493034332990646,0.7367180585861206,0.0,0.0,0.0,0.0,,,cvar,/Users/yaniszaim/deephedging/.deephedging_real_runs/final_paper_notebook/panel_sweeps/XLE_full_paper_grid_800_step_robust/model_artifacts/seed_1234/risk_cvar/proto_source_spot_delta_k_50_weighted_1_learnw_0,135.0,0.11628269631415605,val_loss,0.031396664679050446,0.12114298343658447,0.0,0.0,480.0,20.0,2.0,spot_delta,50.0,True,False,0.10636626929044724,0.31435921788215637
proto_source=spot_delta_k=50_weighted=1_learnw=0,test,1234,proto,-0.028341099619865417,0.04697612300515175,-0.2006131410598755,-0.12062942981719971,-0.16711372137069702,-6.255035987123847e-05,0.001986714778468013,0.5197505197505198,-0.028468066826462746,0.00021174989524297416,8.478416566504166e-05,0.009720821864902973,0.25993412733078003,0.09544014185667038,0.7108379006385803,0.0,0.0,0.0,0.0,,,cvar,/Users/yaniszaim/deephedging/.deephedging_real_runs/final_paper_notebook/panel_sweeps/XLE_full_paper_grid_800_step_robust/model_artifacts/seed_1234/risk_cvar/proto_source_spot_delta_k_50_weighted_1_learnw_0,135.0,0.11628269631415605,val_loss,0.031396664679050446,0.12114298343658447,0.0,0.0,481.0,20.0,2.0,spot_delta,50.0,True,False,0.10636626929044724,0.31435921788215637
proto_source=spot_delta_k=100_weighted=0_learnw=0,train,1234,proto,-0.029319491237401962,0.04579278454184532,-0.2121039080619812,-0.11375088915228844,-0.17801257967948914,-0.007136497879400849,0.0018036745372228195,0.865625,-0.02940552495419979,0.0002449977910146117,0.00015896330296527594,0.018272778019309044,0.19402951002120972,0.1928279548883438,0.7352255582809448,0.0,0.0,0.0,0.0,,,cvar,/Users/yaniszaim/deephedging/.deephedging_real_runs/final_paper_notebook/panel_sweeps/XLE_full_paper_grid_800_step_robust/model_artifacts/seed_1234/risk_cvar/proto_source_spot_delta_k_100_weighted_0_learnw_0,45.0,0.11766553875990213,val_loss,0.02111923135817051,0.17742767930030823,0.0,0.0,2240.0,20.0,2.0,spot_delta,100.0,False,False,0.08238599449396133,0.21817170083522797
proto_source=spot_delta_k=100_weighted=0_learnw=0,val,1234,proto,-0.029418738558888435,0.046036217361688614,-0.179912950694561,-0.10405199304223059,-0.16774888336658478,-0.007219446823000908,0.0014119460363872349,0.8854166666666666,-0.02951079048216343,0.0002483146672602743,0.00015626406820956618,0.01816840097308159,0.19261127710342407,0.19225510954856873,0.7287873029708862,0.0,0.0,0.0,0.0,,,cvar,/Users/yaniszaim/deephedging/.deephedging_real_runs/final_paper_notebook/panel_sweeps/XLE_full_paper_grid_800_step_robust/model_artifacts/seed_1234/risk_cvar/proto_source_spot_delta_k_100_weighted_0_learnw_0,45.0,0.11766553875990213,val_loss,0.02111923135817051,0.17742767930030823,0.0,0.0,480.0,20.0,2.0,spot_delta,100.0,False,False,0.08238599449396133,0.21817170083522797
proto_source=spot_delta_k=100_weighted=0_learnw=0,test,1234,proto,-0.028532084077596664,0.04469446837902069,-0.19331237077713012,-0.11533822864294052,-0.1633388102054596,-0.0070299929939210415,0.001606744946911931,0.8690228690228691,-0.028468066826462746,9.369396866532043e-05,0.0001577108632773161,0.01825147308409214,0.18991738557815552,0.19283001124858856,0.7033018469810486,0.0,0.0,0.0,0.0,,,cvar,/Users/yaniszaim/deephedging/.deephedging_real_runs/final_paper_notebook/panel_sweeps/XLE_full_paper_grid_800_step_robust/model_artifacts/seed_1234/risk_cvar/proto_source_spot_delta_k_100_weighted_0_learnw_0,45.0,0.11766553875990213,val_loss,0.02111923135817051,0.17742767930030823,0.0,0.0,481.0,20.0,2.0,spot_delta,100.0,False,False,0.08238599449396133,0.21817170083522797
proto_source=spot_delta_k=100_weighted=1_learnw=0,train,1234,proto,-0.029286939650774002,0.04733765497803688,-0.22216149926185608,-0.11626607626676559,-0.18208706378936768,-0.0053633402567356825,0.001343035721220075,0.8214285714285714,-0.02940552495419979,0.00022172482567839324,0.00010313939128536731,0.00801039393991232,0.8020889759063721,0.03672298043966293,1.0,0.0015178571428571428,0.0015178571428571428,0.0,0.008928571428571428,,,cvar,/Users/yaniszaim/deephedging/.deephedging_real_runs/final_paper_notebook/panel_sweeps/XLE_full_paper_grid_800_step_robust/model_artifacts/seed_1234/risk_cvar/proto_source_spot_delta_k_100_weighted_1_learnw_0,664.0,0.11750311318567644,val_loss,0.013579159043729305,0.058426633477211,0.0011979166666666666,0.027083333333333334,2240.0,20.0,2.0,spot_delta,100.0,True,False,0.13916067779064178,0.8047224879264832
proto_source=spot_delta_k=100_weighted=1_learnw=0,val,1234,proto,-0.02932259440422058,0.04669620096683502,-0.20549632459878922,-0.10902323946356773,-0.1702205389738083,-0.004340742249041796,0.0012335642415564503,0.8083333333333333,-0.02951079048216343,0.0002854828489944339,9.728817531140521e-05,0.007729718461632729,0.7359033226966858,0.03552817180752754,1.0,0.0010416666666666667,0.0010416666666666667,0.0,0.00625,,,cvar,/Users/yaniszaim/deephedging/.deephedging_real_runs/final_paper_notebook/panel_sweeps/XLE_full_paper_grid_800_step_robust/model_artifacts/seed_1234/risk_cvar/proto_source_spot_delta_k_100_weighted_1_learnw_0,664.0,0.11750311318567644,val_loss,0.013579159043729305,0.058426633477211,0.0011979166666666666,0.027083333333333334,480.0,20.0,2.0,spot_delta,100.0,True,False,0.13916067779064178,0.8047224879264832
proto_source=spot_delta_k=100_weighted=1_learnw=0,test,1234,proto,-0.02852117270231247,0.04751919209957123,-0.20081402957439423,-0.11900076270103455,-0.17162960767745972,-0.0025345846079289913,0.0018804795108735561,0.7983367983367984,-0.028468066826462746,6.177164323162287e-05,0.00011488112795632333,0.008602127432823181,0.7685268521308899,0.04047522321343422,1.0,0.002754677754677755,0.002494802494802495,0.0002598752598752599,0.014553014553014554,,,cvar,/Users/yaniszaim/deephedging/.deephedging_real_runs/final_paper_notebook/panel_sweeps/XLE_full_paper_grid_800_step_robust/model_artifacts/seed_1234/risk_cvar/proto_source_spot_delta_k_100_weighted_1_learnw_0,664.0,0.11750311318567644,val_loss,0.013579159043729305,0.058426633477211,0.0011979166666666666,0.027083333333333334,481.0,20.0,2.0,spot_delta,100.0,True,False,0.13916067779064178,0.8047224879264832
proto_source=vanilla_k=10_weighted=0_learnw=0,train,1234,proto,-0.029478998854756355,0.044732075184583664,-0.20975572794675826,-0.11282158084213734,-0.17490756511688232,-0.007372434018179774,-0.0003306529077235618,0.96875,-0.02940552495419979,0.0001939617213793099,0.0002674365241546184,0.02560647949576378,0.057300955057144165,0.25110089778900146,0.9772942066192627,0.0,0.0,0.0,0.0,,,cvar,/Users/yaniszaim/deephedging/.deephedging_real_runs/final_paper_notebook/panel_sweeps/XLE_full_paper_grid_800_step_robust/model_artifacts/seed_1234/risk_cvar/proto_source_vanilla_k_10_weighted_0_learnw_0,7.0,0.11835557751419644,val_loss,0.025737477466464043,0.2597978115081787,0.0008854166666666666,0.035416666666666666,2240.0,20.0,2.0,vanilla,10.0,False,False,0.07711981981992722,0.16650240123271942
proto_source=vanilla_k=10_weighted=0_learnw=0,val,1234,proto,-0.029447397217154503,0.04541276395320892,-0.18148080080747606,-0.10584641247987747,-0.16713698208332062,-0.007167444564402103,-0.00013665864826180074,0.9604166666666667,-0.02951079048216343,0.00033070292556658387,0.00026731137768365443,0.02560519613325596,0.05996137857437134,0.25122329592704773,0.9766966700553894,0.0,0.0,0.0,0.0,,,cvar,/Users/yaniszaim/deephedging/.deephedging_real_runs/final_paper_notebook/panel_sweeps/XLE_full_paper_grid_800_step_robust/model_artifacts/seed_1234/risk_cvar/proto_source_vanilla_k_10_weighted_0_learnw_0,7.0,0.11835557751419644,val_loss,0.025737477466464043,0.2597978115081787,0.0008854166666666666,0.035416666666666666,480.0,20.0,2.0,vanilla,10.0,False,False,0.07711981981992722,0.16650240123271942
proto_source=vanilla_k=10_weighted=0_learnw=0,test,1234,proto,-0.028674600645899773,0.04424365982413292,-0.18907783627510072,-0.11458168178796768,-0.1623086780309677,-0.005769225303083658,-0.0004187626182101667,0.9792099792099792,-0.028468066826462746,6.0406197007978335e-05,0.00026694071129895747,0.025607479736208916,0.054928600788116455,0.25109872221946716,0.9770984649658203,0.0,0.0,0.0,0.0,,,cvar,/Users/yaniszaim/deephedging/.deephedging_real_runs/final_paper_notebook/panel_sweeps/XLE_full_paper_grid_800_step_robust/model_artifacts/seed_1234/risk_cvar/proto_source_vanilla_k_10_weighted_0_learnw_0,7.0,0.11835557751419644,val_loss,0.025737477466464043,0.2597978115081787,0.0008854166666666666,0.035416666666666666,481.0,20.0,2.0,vanilla,10.0,False,False,0.07711981981992722,0.16650240123271942
proto_source=vanilla_k=10_weighted=1_learnw=0,train,1234,proto,-0.029845550656318665,0.04452916979789734,-0.209170196801424,-0.1122363805770874,-0.17454007267951965,-0.00833198707550764,-0.0002393800939898966,0.9616071428571429,-0.02940552495419979,0.00016695373051334172,0.0006069777300581336,0.029324373230338097,0.08844194561243057,0.2790357172489166,1.0,0.06892857142857142,0.06892857142857142,0.0,0.9691964285714286,,,cvar,/Users/yaniszaim/deephedging/.deephedging_real_runs/final_paper_notebook/panel_sweeps/XLE_full_paper_grid_800_step_robust/model_artifacts/seed_1234/risk_cvar/proto_source_vanilla_k_10_weighted_1_learnw_0,238.0,0.1182410849755009,val_loss,0.02515660971403122,0.22921112179756165,0.0005208333333333333,0.020833333333333332,2240.0,20.0,2.0,vanilla,10.0,True,False,0.06677453219890594,0.12348831444978714
proto_source=vanilla_k=10_weighted=1_learnw=0,val,1234,proto,-0.029739854857325554,0.044977717101573944,-0.1812944783270359,-0.10427176207304001,-0.16614894568920135,-0.008108486887067556,-0.00015054274263093365,0.9604166666666667,-0.02951079048216343,0.0003752464835997671,0.0006043128669261932,0.029288126155734062,0.08844003081321716,0.2777354121208191,1.0,0.06833333333333333,0.06833333333333333,0.0,0.9645833333333333,,,cvar,/Users/yaniszaim/deephedging/.deephedging_real_runs/final_paper_notebook/panel_sweeps/XLE_full_paper_grid_800_step_robust/model_artifacts/seed_1234/risk_cvar/proto_source_vanilla_k_10_weighted_1_learnw_0,238.0,0.1182410849755009,val_loss,0.02515660971403122,0.22921112179756165,0.0005208333333333333,0.020833333333333332,480.0,20.0,2.0,vanilla,10.0,True,False,0.06677453219890594,0.12348831444978714
proto_source=vanilla_k=10_weighted=1_learnw=0,test,1234,proto,-0.029109010472893715,0.0442630909383297,-0.18832729756832123,-0.11629224568605423,-0.16275639832019806,-0.007318017538636923,-0.0004530022561084479,0.9625779625779626,-0.028468066826462746,-3.89042470487766e-05,0.0006020402652211487,0.02925974689424038,0.08844221383333206,0.27884846925735474,1.0,0.06855509355509355,0.06855509355509355,0.0,0.9625779625779626,,,cvar,/Users/yaniszaim/deephedging/.deephedging_real_runs/final_paper_notebook/panel_sweeps/XLE_full_paper_grid_800_step_robust/model_artifacts/seed_1234/risk_cvar/proto_source_vanilla_k_10_weighted_1_learnw_0,238.0,0.1182410849755009,val_loss,0.02515660971403122,0.22921112179756165,0.0005208333333333333,0.020833333333333332,481.0,20.0,2.0,vanilla,10.0,True,False,0.06677453219890594,0.12348831444978714
proto_source=vanilla_k=25_weighted=0_learnw=0,train,1234,proto,-0.02947024628520012,0.04520420730113983,-0.2125551089644432,-0.11376110054552555,-0.1760503053665161,-0.007393474690616131,0.0006787913356674745,0.9241071428571429,-0.02940552495419979,0.00020942017727065831,0.0002741427451837808,0.024533795192837715,0.07230473309755325,0.19218610227108002,1.0,2.232142857142857e-05,2.232142857142857e-05,0.0,0.0008928571428571428,,,cvar,/Users/yaniszaim/deephedging/.deephedging_real_runs/final_paper_notebook/panel_sweeps/XLE_full_paper_grid_800_step_robust/model_artifacts/seed_1234/risk_cvar/proto_source_vanilla_k_25_weighted_0_learnw_0,170.0,0.11814654935151339,val_loss,0.024738825857639313,0.20676663517951965,0.0,0.0,2240.0,20.0,2.0,vanilla,25.0,False,False,0.06493882834911346,0.12491435557603836
proto_source=vanilla_k=25_weighted=0_learnw=0,val,1234,proto,-0.029508313164114952,0.045935045927762985,-0.18475615695118905,-0.10755169354379177,-0.168362095952034,-0.007238893304020166,0.0010403820837382226,0.90625,-0.02951079048216343,0.000275646336376667,0.00027316733030602336,0.024519260972738266,0.07230472564697266,0.1923677772283554,0.891716718673706,0.0,0.0,0.0,0.0,,,cvar,/Users/yaniszaim/deephedging/.deephedging_real_runs/final_paper_notebook/panel_sweeps/XLE_full_paper_grid_800_step_robust/model_artifacts/seed_1234/risk_cvar/proto_source_vanilla_k_25_weighted_0_learnw_0,170.0,0.11814654935151339,val_loss,0.024738825857639313,0.20676663517951965,0.0,0.0,480.0,20.0,2.0,vanilla,25.0,False,False,0.06493882834911346,0.12491435557603836
proto_source=vanilla_k=25_weighted=0_learnw=0,test,1234,proto,-0.028565194457769394,0.04465803503990173,-0.1879754513502121,-0.11504553258419037,-0.16354505717754364,-0.0057215276174247265,0.0005236838478595018,0.920997920997921,-0.028468066826462746,0.00017627621127758175,0.0002734035369940102,0.02452944405376911,0.07230473309755325,0.1926172971725464,0.9963289499282837,0.0,0.0,0.0,0.0,,,cvar,/Users/yaniszaim/deephedging/.deephedging_real_runs/final_paper_notebook/panel_sweeps/XLE_full_paper_grid_800_step_robust/model_artifacts/seed_1234/risk_cvar/proto_source_vanilla_k_25_weighted_0_learnw_0,170.0,0.11814654935151339,val_loss,0.024738825857639313,0.20676663517951965,0.0,0.0,481.0,20.0,2.0,vanilla,25.0,False,False,0.06493882834911346,0.12491435557603836
proto_source=vanilla_k=25_weighted=1_learnw=0,train,1234,proto,-0.029532719403505325,0.046756062656641006,-0.2172984005510807,-0.11670845001935959,-0.1809377670288086,-0.005399253219366074,0.0003137945561320497,0.9191964285714286,-0.02940552495419979,7.0741749368608e-05,0.0001979347289307043,0.012193923816084862,0.11425214260816574,0.09875436127185822,0.4970185458660126,0.0,0.0,0.0,0.0,,,cvar,/Users/yaniszaim/deephedging/.deephedging_real_runs/final_paper_notebook/panel_sweeps/XLE_full_paper_grid_800_step_robust/model_artifacts/seed_1234/risk_cvar/proto_source_vanilla_k_25_weighted_1_learnw_0,14.0,0.11812816379358992,val_loss,0.0077646332792937756,0.05681440234184265,0.0,0.0,2240.0,20.0,2.0,vanilla,25.0,True,False,0.04477076232433319,0.12301892787218094
proto_source=vanilla_k=25_weighted=1_learnw=0,val,1234,proto,-0.029609210789203644,0.04739850386977196,-0.1874765446782112,-0.10953092165291309,-0.17298626899719238,-0.004315352067351341,0.000424356888106557,0.9041666666666667,-0.02951079048216343,9.867455082712695e-05,0.00019709659682121128,0.012153512798249722,0.05163973197340965,0.09882021695375443,0.48924413323402405,0.0,0.0,0.0,0.0,,,cvar,/Users/yaniszaim/deephedging/.deephedging_real_runs/final_paper_notebook/panel_sweeps/XLE_full_paper_grid_800_step_robust/model_artifacts/seed_1234/risk_cvar/proto_source_vanilla_k_25_weighted_1_learnw_0,14.0,0.11812816379358992,val_loss,0.0077646332792937756,0.05681440234184265,0.0,0.0,480.0,20.0,2.0,vanilla,25.0,True,False,0.04477076232433319,0.12301892787218094
proto_source=vanilla_k=25_weighted=1_learnw=0,test,1234,proto,-0.028644723817706108,0.04632047563791275,-0.19450786709785461,-0.11848893016576767,-0.16799013316631317,-0.0032390225678682327,0.00016499072080478072,0.9272349272349273,-0.028468066826462746,2.152265005861409e-05,0.00019818318833131343,0.012256311252713203,0.1096813902258873,0.09932109713554382,0.4914780557155609,0.0,0.0,0.0,0.0,,,cvar,/Users/yaniszaim/deephedging/.deephedging_real_runs/final_paper_notebook/panel_sweeps/XLE_full_paper_grid_800_step_robust/model_artifacts/seed_1234/risk_cvar/proto_source_vanilla_k_25_weighted_1_learnw_0,14.0,0.11812816379358992,val_loss,0.0077646332792937756,0.05681440234184265,0.0,0.0,481.0,20.0,2.0,vanilla,25.0,True,False,0.04477076232433319,0.12301892787218094
proto_source=vanilla_k=50_weighted=0_learnw=0,train,1234,proto,-0.029042918235063553,0.04521532356739044,-0.21006716936826705,-0.11401707604527474,-0.17411364614963531,-0.00582217494957149,-0.0002224686635599984,0.9616071428571429,-0.02940552495419979,0.0007094073225744069,0.00034679946838878095,0.018702717497944832,0.3834379315376282,0.1606593281030655,1.0,0.0003348214285714286,0.0003348214285714286,0.0,0.006696428571428571,,,cvar,/Users/yaniszaim/deephedging/.deephedging_real_runs/final_paper_notebook/panel_sweeps/XLE_full_paper_grid_800_step_robust/model_artifacts/seed_1234/risk_cvar/proto_source_vanilla_k_50_weighted_0_learnw_0,757.0,0.11765428079292177,val_loss,0.02060156688094139,0.2058735340833664,0.0,0.0,2240.0,20.0,2.0,vanilla,50.0,False,False,0.1494237333536148,0.6066933870315552
proto_source=vanilla_k=50_weighted=0_learnw=0,val,1234,proto,-0.02925311215221882,0.0447625070810318,-0.18354648768901824,-0.10473433546721934,-0.16242043673992157,-0.005497954087331891,-0.00017531009871163416,0.96875,-0.02951079048216343,0.000586208829190582,0.0003285300044808537,0.018174536526203156,0.38345733284950256,0.15797124803066254,0.9556289911270142,0.0,0.0,0.0,0.0,,,cvar,/Users/yaniszaim/deephedging/.deephedging_real_runs/final_paper_notebook/panel_sweeps/XLE_full_paper_grid_800_step_robust/model_artifacts/seed_1234/risk_cvar/proto_source_vanilla_k_50_weighted_0_learnw_0,757.0,0.11765428079292177,val_loss,0.02060156688094139,0.2058735340833664,0.0,0.0,480.0,20.0,2.0,vanilla,50.0,False,False,0.1494237333536148,0.6066933870315552
proto_source=vanilla_k=50_weighted=0_learnw=0,test,1234,proto,-0.028226729482412338,0.044303447008132935,-0.1894803911447525,-0.11662653088569641,-0.16027837991714478,-0.0042179180309176445,-0.0002493843203410506,0.9625779625779626,-0.028468066826462746,0.0005912643391638994,0.0003499288868624717,0.018686648458242416,0.38345634937286377,0.16075657308101654,1.0,0.00015592515592515593,0.00015592515592515593,0.0,0.006237006237006237,,,cvar,/Users/yaniszaim/deephedging/.deephedging_real_runs/final_paper_notebook/panel_sweeps/XLE_full_paper_grid_800_step_robust/model_artifacts/seed_1234/risk_cvar/proto_source_vanilla_k_50_weighted_0_learnw_0,757.0,0.11765428079292177,val_loss,0.02060156688094139,0.2058735340833664,0.0,0.0,481.0,20.0,2.0,vanilla,50.0,False,False,0.1494237333536148,0.6066933870315552
proto_source=vanilla_k=50_weighted=1_learnw=0,train,1234,proto,-0.029583999887108803,0.04601119086146355,-0.2135666735470295,-0.11524985767900944,-0.17882908880710602,-0.006259087705984712,-1.953129540197721e-05,0.9508928571428571,-0.02940552495419979,0.00010011092672357336,0.00027858398971147835,0.01830311305820942,0.10056856274604797,0.1641562134027481,1.0,0.00035714285714285714,0.0,0.00035714285714285714,0.002232142857142857,,,cvar,/Users/yaniszaim/deephedging/.deephedging_real_runs/final_paper_notebook/panel_sweeps/XLE_full_paper_grid_800_step_robust/model_artifacts/seed_1234/risk_cvar/proto_source_vanilla_k_50_weighted_1_learnw_0,43.0,0.11830443388782441,val_loss,0.017902208492159843,0.15980777144432068,0.0,0.0,2240.0,20.0,2.0,vanilla,50.0,True,False,0.05731977894902229,0.1191449761390686
proto_source=vanilla_k=50_weighted=1_learnw=0,val,1234,proto,-0.029684634879231453,0.04702641814947128,-0.1849561870098114,-0.10872771367430686,-0.17224948108196259,-0.005798879778012633,0.00013270929484860937,0.9395833333333333,-0.02951079048216343,0.00010646019654814154,0.0002803047245834023,0.018316781148314476,0.10056853294372559,0.1644376814365387,1.0,0.0005208333333333333,0.0,0.0005208333333333333,0.0020833333333333333,,,cvar,/Users/yaniszaim/deephedging/.deephedging_real_runs/final_paper_notebook/panel_sweeps/XLE_full_paper_grid_800_step_robust/model_artifacts/seed_1234/risk_cvar/proto_source_vanilla_k_50_weighted_1_learnw_0,43.0,0.11830443388782441,val_loss,0.017902208492159843,0.15980777144432068,0.0,0.0,480.0,20.0,2.0,vanilla,50.0,True,False,0.05731977894902229,0.1191449761390686
proto_source=vanilla_k=50_weighted=1_learnw=0,test,1234,proto,-0.028753964230418205,0.045609764754772186,-0.19619762301445007,-0.11691027134656906,-0.1665351241827011,-0.004464672412723303,-0.00020214133837725967,0.9646569646569647,-0.028468066826462746,-7.5785087574331556e-06,0.0002783204836305231,0.0183104295283556,0.10056853294372559,0.1642438769340515,1.0,0.0005197505197505198,0.0,0.0005197505197505198,0.002079002079002079,,,cvar,/Users/yaniszaim/deephedging/.deephedging_real_runs/final_paper_notebook/panel_sweeps/XLE_full_paper_grid_800_step_robust/model_artifacts/seed_1234/risk_cvar/proto_source_vanilla_k_50_weighted_1_learnw_0,43.0,0.11830443388782441,val_loss,0.017902208492159843,0.15980777144432068,0.0,0.0,481.0,20.0,2.0,vanilla,50.0,True,False,0.05731977894902229,0.1191449761390686
proto_source=vanilla_k=100_weighted=0_learnw=0,train,1234,proto,-0.02932565286755562,0.04671693220734596,-0.2152527830004692,-0.11649813652038574,-0.17952482402324677,-0.004735774826258421,0.0004230368533171662,0.8901785714285714,-0.02940552495419979,0.00021249306155368686,0.0001326213387073949,0.007678062655031681,0.09266072511672974,0.04483288526535034,1.0,0.0003125,0.0002455357142857143,6.696428571428572e-05,0.0040178571428571425,,,cvar,/Users/yaniszaim/deephedging/.deephedging_real_runs/final_paper_notebook/panel_sweeps/XLE_full_paper_grid_800_step_robust/model_artifacts/seed_1234/risk_cvar/proto_source_vanilla_k_100_weighted_0_learnw_0,24.0,0.11816505248720448,val_loss,0.009050685912370682,0.08854043483734131,0.00010416666666666667,0.0020833333333333333,2240.0,20.0,2.0,vanilla,100.0,False,False,0.06534665822982788,0.13618485629558563
proto_source=vanilla_k=100_weighted=0_learnw=0,val,1234,proto,-0.02951878122985363,0.04718495532870293,-0.1908372747898102,-0.10758337602019309,-0.17129720747470856,-0.0036507219774648547,0.0004214345506625248,0.86875,-0.02951079048216343,0.0001231498026754707,0.00013114108878653497,0.007521007210016251,0.09220537543296814,0.04180784523487091,1.0,0.00015625,0.00015625,0.0,0.0020833333333333333,,,cvar,/Users/yaniszaim/deephedging/.deephedging_real_runs/final_paper_notebook/panel_sweeps/XLE_full_paper_grid_800_step_robust/model_artifacts/seed_1234/risk_cvar/proto_source_vanilla_k_100_weighted_0_learnw_0,24.0,0.11816505248720448,val_loss,0.009050685912370682,0.08854043483734131,0.00010416666666666667,0.0020833333333333333,480.0,20.0,2.0,vanilla,100.0,False,False,0.06534665822982788,0.13618485629558563
proto_source=vanilla_k=100_weighted=0_learnw=0,test,1234,proto,-0.028349271044135094,0.04605037346482277,-0.19407552778720855,-0.11912447214126587,-0.16558004915714264,-0.0020869248546659946,0.0005833003669977188,0.8752598752598753,-0.028468066826462746,0.000251290068263188,0.00013249579933471978,0.00774690555408597,0.09113085269927979,0.045490242540836334,1.0,0.00031185031185031187,0.00031185031185031187,0.0,0.006237006237006237,,,cvar,/Users/yaniszaim/deephedging/.deephedging_real_runs/final_paper_notebook/panel_sweeps/XLE_full_paper_grid_800_step_robust/model_artifacts/seed_1234/risk_cvar/proto_source_vanilla_k_100_weighted_0_learnw_0,24.0,0.11816505248720448,val_loss,0.009050685912370682,0.08854043483734131,0.00010416666666666667,0.0020833333333333333,481.0,20.0,2.0,vanilla,100.0,False,False,0.06534665822982788,0.13618485629558563
proto_source=vanilla_k=100_weighted=1_learnw=0,train,1234,proto,-0.02970670908689499,0.04448249936103821,-0.2086232842504978,-0.11157035790383815,-0.17371733486652374,-0.008463759440928698,0.0003369269310496735,0.9375,-0.02940552495419979,0.0004159507807344198,0.0007171345641836524,0.031492941081523895,0.3092155456542969,0.3060466945171356,1.0,0.07886160714285714,0.07886160714285714,0.0,0.8633928571428572,,,cvar,/Users/yaniszaim/deephedging/.deephedging_real_runs/final_paper_notebook/panel_sweeps/XLE_full_paper_grid_800_step_robust/model_artifacts/seed_1234/risk_cvar/proto_source_vanilla_k_100_weighted_1_learnw_0,448.0,0.11854082350619136,val_loss,0.02566368319094181,0.16629722714424133,0.003125,0.0625,2240.0,20.0,2.0,vanilla,100.0,True,False,0.11188670992851257,0.3758556544780731
proto_source=vanilla_k=100_weighted=1_learnw=0,val,1234,proto,-0.029836121946573257,0.04458826407790184,-0.17929328203201295,-0.10435296520590782,-0.16305173933506012,-0.008711695671081543,0.0002938183199148614,0.9375,-0.02951079048216343,0.000365300162229687,0.000690633722115308,0.030952002853155136,0.29694023728370667,0.31171733140945435,1.0,0.08588541666666667,0.08588541666666667,0.0,0.8854166666666666,,,cvar,/Users/yaniszaim/deephedging/.deephedging_real_runs/final_paper_notebook/panel_sweeps/XLE_full_paper_grid_800_step_robust/model_artifacts/seed_1234/risk_cvar/proto_source_vanilla_k_100_weighted_1_learnw_0,448.0,0.11854082350619136,val_loss,0.02566368319094181,0.16629722714424133,0.003125,0.0625,480.0,20.0,2.0,vanilla,100.0,True,False,0.11188670992851257,0.3758556544780731
proto_source=vanilla_k=100_weighted=1_learnw=0,test,1234,proto,-0.02900654450058937,0.04415452480316162,-0.18689287602901458,-0.11827397346496582,-0.16215728223323822,-0.007062358316034079,0.000358373683411628,0.9251559251559252,-0.028468066826462746,0.00017135882808361202,0.000709837069734931,0.03148603066802025,0.3111623525619507,0.30978843569755554,1.0,0.08066528066528067,0.08066528066528067,0.0,0.8669438669438669,,,cvar,/Users/yaniszaim/deephedging/.deephedging_real_runs/final_paper_notebook/panel_sweeps/XLE_full_paper_grid_800_step_robust/model_artifacts/seed_1234/risk_cvar/proto_source_vanilla_k_100_weighted_1_learnw_0,448.0,0.11854082350619136,val_loss,0.02566368319094181,0.16629722714424133,0.003125,0.0625,481.0,20.0,2.0,vanilla,100.0,True,False,0.11188670992851257,0.3758556544780731
unhedged,train,2345,baseline,-0.02905680052936077,0.04698021709918976,-0.2141544270515442,-0.11724981665611267,-0.17729446291923523,-0.0035613179206848145,0.0,0.5227678571428571,-0.02905680052936077,0.0,0.0,0.0,0.0,0.0,0.0,0.0,0.0,0.0,0.0,,,,,,,,,,,,,,,,,,,,
spot_delta,train,2345,baseline,-0.02913045510649681,0.045614052563905716,-0.21326247230172157,-0.11315433606505394,-0.17094016075134277,-0.010570510290563107,0.007540932786650945,0.7776785714285714,-0.02905680052936077,9.891526133287698e-05,0.00017256925639230758,0.021551983430981636,0.5913040041923523,0.2570464015007019,0.5913040041923523,0.0,0.0,0.0,0.0,,,,,,,,,,,,,,,,,,,,
spot_delta_band,train,2345,baseline,-0.029082264751195908,0.04557103291153908,-0.2120364174246788,-0.11383704915642738,-0.17130215466022491,-0.009750712662935257,0.00646997564472258,0.7785714285714286,-0.02905680052936077,7.389800157397985e-05,9.936146670952439e-05,0.012422260828316212,0.5413039922714233,0.24364283680915833,0.5413039922714233,0.0,0.0,0.0,0.0,0.05,gains_mean,,,,,,,,,,,,,,,,,,
unhedged,val,2345,baseline,-0.032801005989313126,0.05321557819843292,-0.23902968645095826,-0.11850690245628356,-0.20064890384674072,-0.008181214332580566,0.0,0.55625,-0.032801005989313126,0.0,0.0,0.0,0.0,0.0,0.0,0.0,0.0,0.0,0.0,,,,,,,,,,,,,,,,,,,,
spot_delta,val,2345,baseline,-0.03254200145602226,0.05198610946536064,-0.2292122085392475,-0.11400375217199324,-0.19916540384292603,-0.013192384969443083,0.007447626534849396,0.7958333333333333,-0.032801005989313126,0.00043258655932731926,0.0001735843252390623,0.021655941382050514,0.5857629776000977,0.2571639120578766,0.5913040041923523,0.0,0.0,0.0,0.0,,,,,,,,,,,,,,,,,,,,
spot_delta_band,val,2345,baseline,-0.03244930878281593,0.051984887570142746,-0.23177628844976425,-0.11491992883384228,-0.19947314262390137,-0.012510588392615318,0.007023601979017253,0.7875,-0.032801005989313126,0.0004512458108365536,9.955033601727337e-05,0.012444580905139446,0.5357629656791687,0.2439834624528885,0.5413039922714233,0.0,0.0,0.0,0.0,0.05,gains_mean,,,,,,,,,,,,,,,,,,
unhedged,test,2345,baseline,-0.026808684691786766,0.0447634682059288,-0.20047924518585206,-0.11367130279541016,-0.17209623754024506,0.0,0.0,0.4885654885654886,-0.026808684691786766,0.0,0.0,0.0,0.0,0.0,0.0,0.0,0.0,0.0,0.0,,,,,,,,,,,,,,,,,,,,
spot_delta,test,2345,baseline,-0.02696811966598034,0.04516395181417465,-0.20012654066085817,-0.12098874151706696,-0.17107146978378296,-0.008143186569213867,0.008076329715549946,0.7484407484407485,-0.026808684691786766,1.3289667549543083e-05,0.00017272484546992928,0.021595671772956848,0.5881500244140625,0.2571803629398346,0.5913040041923523,0.0,0.0,0.0,0.0,,,,,,,,,,,,,,,,,,,,
spot_delta_band,test,2345,baseline,-0.026906229555606842,0.044962674379348755,-0.1987434834241867,-0.12004260718822479,-0.17154528200626373,-0.00773480162024498,0.0074452003464102745,0.762993762993763,-0.026808684691786766,1.7347925904687145e-06,9.927983774105087e-05,0.012414774857461452,0.5381500124931335,0.24365335702896118,0.5413039922714233,0.0,0.0,0.0,0.0,0.05,gains_mean,,,,,,,,,,,,,,,,,,
vanilla,train,2345,vanilla,-0.029078315943479538,0.04392147436738014,-0.2037014703452587,-0.11161562576889991,-0.16868022084236145,-0.00694506848230958,-0.0005341564537957318,1.0,-0.02905680052936077,0.00018336187349632382,0.0002048777387244627,0.024923205375671387,0.0503358393907547,0.2621411681175232,1.0,3.348214285714286e-05,3.348214285714286e-05,0.0,0.0013392857142857143,,,cvar,/Users/yaniszaim/deephedging/.deephedging_real_runs/final_paper_notebook/panel_sweeps/XLE_full_paper_grid_800_step_robust/model_artifacts/seed_2345/risk_cvar/vanilla,184.0,0.13020271920599044,val_loss,0.024354921653866768,0.25440070033073425,0.0,0.0,2240.0,20.0,2.0,,,,,,
vanilla,val,2345,vanilla,-0.032507337629795074,0.049914900213479996,-0.22733912736177445,-0.11282598339021205,-0.19087348878383636,-0.009578033350408077,-0.000596056235372089,1.0,-0.032801005989313126,0.0004992989706806839,0.00020562877762131393,0.02492590621113777,0.05023902654647827,0.2621604800224304,0.9992916584014893,0.0,0.0,0.0,0.0,,,cvar,/Users/yaniszaim/deephedging/.deephedging_real_runs/final_paper_notebook/panel_sweeps/XLE_full_paper_grid_800_step_robust/model_artifacts/seed_2345/risk_cvar/vanilla,184.0,0.13020271920599044,val_loss,0.024354921653866768,0.25440070033073425,0.0,0.0,480.0,20.0,2.0,,,,,,
vanilla,test,2345,vanilla,-0.02702357992529869,0.04180360585451126,-0.1907246619462967,-0.10821788758039474,-0.16375097632408142,-0.005178575869649649,-0.0005075907683931291,1.0,-0.026808684691786766,-1.0775676855701022e-05,0.00020411994773894548,0.02492133155465126,0.05022276192903519,0.2621048390865326,0.9987122416496277,0.0,0.0,0.0,0.0,,,cvar,/Users/yaniszaim/deephedging/.deephedging_real_runs/final_paper_notebook/panel_sweeps/XLE_full_paper_grid_800_step_robust/model_artifacts/seed_2345/risk_cvar/vanilla,184.0,0.13020271920599044,val_loss,0.024354921653866768,0.25440070033073425,0.0,0.0,481.0,20.0,2.0,,,,,,
proto_source=spot_delta_k=10_weighted=0_learnw=0,train,2345,proto,-0.029161568731069565,0.046451084315776825,-0.21398844301700592,-0.11516542062163353,-0.17657534778118134,-0.004535997053608298,-0.00019507036995491955,0.9879464285714286,-0.02905680052936077,3.0909679480828345e-05,0.00013567514542955905,0.009287159889936447,0.14628161489963531,0.09347417205572128,1.0,0.00014508928571428572,0.0,0.00014508928571428572,0.0008928571428571428,,,cvar,/Users/yaniszaim/deephedging/.deephedging_real_runs/final_paper_notebook/panel_sweeps/XLE_full_paper_grid_800_step_robust/model_artifacts/seed_2345/risk_cvar/proto_source_spot_delta_k_10_weighted_0_learnw_0,7.0,0.1304854048509151,val_loss,0.008848214522004128,0.08746582269668579,0.0,0.0,2240.0,20.0,2.0,spot_delta,10.0,False,False,0.07318665087223053,0.1810278743505478
proto_source=spot_delta_k=10_weighted=0_learnw=0,val,2345,proto,-0.03282599151134491,0.05307614803314209,-0.24124183252453804,-0.11696667447686195,-0.20094327628612518,-0.007908322149887681,-0.0002496528119081632,0.9875,-0.032801005989313126,0.00010912564175669104,0.00013411036343313754,0.009293405339121819,0.10513144731521606,0.0938657745718956,0.9832733869552612,0.0,0.0,0.0,0.0,,,cvar,/Users/yaniszaim/deephedging/.deephedging_real_runs/final_paper_notebook/panel_sweeps/XLE_full_paper_grid_800_step_robust/model_artifacts/seed_2345/risk_cvar/proto_source_spot_delta_k_10_weighted_0_learnw_0,7.0,0.1304854048509151,val_loss,0.008848214522004128,0.08746582269668579,0.0,0.0,480.0,20.0,2.0,spot_delta,10.0,False,False,0.07318665087223053,0.1810278743505478
proto_source=spot_delta_k=10_weighted=0_learnw=0,test,2345,proto,-0.026918701827526093,0.044123321771621704,-0.19931705594062804,-0.11242977529764175,-0.1713762879371643,-0.0024524277541786432,-0.0001884229714050889,0.9896049896049897,-0.026808684691786766,2.5159804863505997e-05,0.00013517880870494992,0.00932549498975277,0.14181280136108398,0.09420432150363922,0.6605609655380249,0.0,0.0,0.0,0.0,,,cvar,/Users/yaniszaim/deephedging/.deephedging_real_runs/final_paper_notebook/panel_sweeps/XLE_full_paper_grid_800_step_robust/model_artifacts/seed_2345/risk_cvar/proto_source_spot_delta_k_10_weighted_0_learnw_0,7.0,0.1304854048509151,val_loss,0.008848214522004128,0.08746582269668579,0.0,0.0,481.0,20.0,2.0,spot_delta,10.0,False,False,0.07318665087223053,0.1810278743505478
proto_source=spot_delta_k=10_weighted=1_learnw=0,train,2345,proto,-0.029283516108989716,0.0470745749771595,-0.21788495033979416,-0.11626234948635102,-0.17868304252624512,-0.007914509624242783,0.002496866742148987,0.9013392857142857,-0.02905680052936077,0.00028456098516471684,0.0005112747312523425,0.04779389128088951,0.6164531707763672,0.2649163007736206,1.0,0.06731026785714286,0.06631696428571429,0.0009933035714285714,0.5013392857142858,,,cvar,/Users/yaniszaim/deephedging/.deephedging_real_runs/final_paper_notebook/panel_sweeps/XLE_full_paper_grid_800_step_robust/model_artifacts/seed_2345/risk_cvar/proto_source_spot_delta_k_10_weighted_1_learnw_0,465.0,0.12926090471446516,val_loss,0.03657917678356171,0.1451946198940277,0.0125,0.23125,2240.0,20.0,2.0,spot_delta,10.0,True,False,0.12639790773391724,0.6164531707763672
proto_source=spot_delta_k=10_weighted=1_learnw=0,val,2345,proto,-0.03291427344083786,0.05285936966538429,-0.24523324400186539,-0.1175460398197174,-0.20254771411418915,-0.011478047352284193,0.002853893465362477,0.89375,-0.032801005989313126,0.0004153209156356752,0.0005285889492370188,0.04989640787243843,0.6164531707763672,0.2623666822910309,1.0,0.06640625,0.06515625,0.00125,0.5229166666666667,,,cvar,/Users/yaniszaim/deephedging/.deephedging_real_runs/final_paper_notebook/panel_sweeps/XLE_full_paper_grid_800_step_robust/model_artifacts/seed_2345/risk_cvar/proto_source_spot_delta_k_10_weighted_1_learnw_0,465.0,0.12926090471446516,val_loss,0.03657917678356171,0.1451946198940277,0.0125,0.23125,480.0,20.0,2.0,spot_delta,10.0,True,False,0.12639790773391724,0.6164531707763672
proto_source=spot_delta_k=10_weighted=1_learnw=0,test,2345,proto,-0.027444636449217796,0.04730568081140518,-0.22971933484077453,-0.11374881863594055,-0.18597917258739471,-0.006274084560573101,0.0034716471564024687,0.8918918918918919,-0.026808684691786766,-0.00013126246631145477,0.0005046904552727938,0.04655822366476059,0.6164531707763672,0.26384636759757996,1.0,0.06408523908523908,0.06356548856548856,0.0005197505197505198,0.5093555093555093,,,cvar,/Users/yaniszaim/deephedging/.deephedging_real_runs/final_paper_notebook/panel_sweeps/XLE_full_paper_grid_800_step_robust/model_artifacts/seed_2345/risk_cvar/proto_source_spot_delta_k_10_weighted_1_learnw_0,465.0,0.12926090471446516,val_loss,0.03657917678356171,0.1451946198940277,0.0125,0.23125,481.0,20.0,2.0,spot_delta,10.0,True,False,0.12639790773391724,0.6164531707763672
proto_source=spot_delta_k=25_weighted=0_learnw=0,train,2345,proto,-0.029264358803629875,0.044489629566669464,-0.20875600427389146,-0.1123063825070858,-0.17098763585090637,-0.00777993630617857,0.00042291353747714186,0.928125,-0.02905680052936077,0.00020347643294371665,0.0004110330482944846,0.025174016132950783,0.09951326251029968,0.3318020701408386,1.0,0.02072544642857143,0.02072544642857143,0.0,0.2674107142857143,,,cvar,/Users/yaniszaim/deephedging/.deephedging_real_runs/final_paper_notebook/panel_sweeps/XLE_full_paper_grid_800_step_robust/model_artifacts/seed_2345/risk_cvar/proto_source_spot_delta_k_25_weighted_0_learnw_0,9.0,0.12997523386528095,val_loss,0.021296970546245575,0.16169650852680206,5.208333333333334e-05,0.0020833333333333333,2240.0,20.0,2.0,spot_delta,25.0,False,False,0.06586069613695145,0.13087378442287445
proto_source=spot_delta_k=25_weighted=0_learnw=0,val,2345,proto,-0.03270198404788971,0.05087421461939812,-0.22632086172699928,-0.11099622882902621,-0.19395644962787628,-0.009853552095592022,0.00010981252999044529,0.9416666666666667,-0.032801005989313126,0.0005099867703393102,0.00041096482891589403,0.025190727785229683,0.09384460747241974,0.3304087221622467,1.0,0.020572916666666666,0.020572916666666666,0.0,0.25,,,cvar,/Users/yaniszaim/deephedging/.deephedging_real_runs/final_paper_notebook/panel_sweeps/XLE_full_paper_grid_800_step_robust/model_artifacts/seed_2345/risk_cvar/proto_source_spot_delta_k_25_weighted_0_learnw_0,9.0,0.12997523386528095,val_loss,0.021296970546245575,0.16169650852680206,5.208333333333334e-05,0.0020833333333333333,480.0,20.0,2.0,spot_delta,25.0,False,False,0.06586069613695145,0.13087378442287445
proto_source=spot_delta_k=25_weighted=0_learnw=0,test,2345,proto,-0.027322441339492798,0.04280921444296837,-0.19211046397686005,-0.10975450277328491,-0.1685042530298233,-0.006352173164486885,0.0002738157636485994,0.9313929313929314,-0.026808684691786766,-0.00010111413575941697,0.00041264452738687396,0.025404565036296844,0.0872531533241272,0.3330293595790863,1.0,0.020893970893970895,0.020893970893970895,0.0,0.2515592515592516,,,cvar,/Users/yaniszaim/deephedging/.deephedging_real_runs/final_paper_notebook/panel_sweeps/XLE_full_paper_grid_800_step_robust/model_artifacts/seed_2345/risk_cvar/proto_source_spot_delta_k_25_weighted_0_learnw_0,9.0,0.12997523386528095,val_loss,0.021296970546245575,0.16169650852680206,5.208333333333334e-05,0.0020833333333333333,481.0,20.0,2.0,spot_delta,25.0,False,False,0.06586069613695145,0.13087378442287445
proto_source=spot_delta_k=25_weighted=1_learnw=0,train,2345,proto,-0.029095636680722237,0.04593010991811752,-0.21092529579997063,-0.11584253907203675,-0.17340539395809174,-0.0047587507870048285,-0.00013131855885148986,0.9946428571428572,-0.02905680052936077,7.366673526121303e-05,0.00011250086390646175,0.006765172351151705,0.10493922233581543,0.06048767268657684,1.0,0.0006919642857142857,0.0,0.0006919642857142857,0.007589285714285714,,,cvar,/Users/yaniszaim/deephedging/.deephedging_real_runs/final_paper_notebook/panel_sweeps/XLE_full_paper_grid_800_step_robust/model_artifacts/seed_2345/risk_cvar/proto_source_spot_delta_k_25_weighted_1_learnw_0,10.0,0.12996334516940017,val_loss,0.02106654830276966,0.18879200518131256,5.208333333333334e-05,0.0020833333333333333,2240.0,20.0,2.0,spot_delta,25.0,True,False,0.06259410083293915,0.14893558621406555
proto_source=spot_delta_k=25_weighted=1_learnw=0,val,2345,proto,-0.032790910452604294,0.05217219144105911,-0.23359369814395906,-0.11656349450349807,-0.19649095833301544,-0.009380366187542677,-0.0001416344282915817,0.9958333333333333,-0.032801005989313126,0.00011035745410481468,0.00010025919618783519,0.0067617567256093025,0.10493922233581543,0.06078413501381874,1.0,0.0005729166666666667,0.0,0.0005729166666666667,0.00625,,,cvar,/Users/yaniszaim/deephedging/.deephedging_real_runs/final_paper_notebook/panel_sweeps/XLE_full_paper_grid_800_step_robust/model_artifacts/seed_2345/risk_cvar/proto_source_spot_delta_k_25_weighted_1_learnw_0,10.0,0.12996334516940017,val_loss,0.02106654830276966,0.18879200518131256,5.208333333333334e-05,0.0020833333333333333,480.0,20.0,2.0,spot_delta,25.0,True,False,0.06259410083293915,0.14893558621406555
proto_source=spot_delta_k=25_weighted=1_learnw=0,test,2345,proto,-0.026874756440520287,0.04376765340566635,-0.1951378881931305,-0.11204172670841217,-0.1682334840297699,-0.0023359907791018486,-0.00011806066322606057,0.9916839916839917,-0.026808684691786766,3.3472235372755677e-05,9.954362030839548e-05,0.006580171640962362,0.10493925213813782,0.06041070818901062,1.0,0.0010395010395010396,0.0,0.0010395010395010396,0.008316008316008316,,,cvar,/Users/yaniszaim/deephedging/.deephedging_real_runs/final_paper_notebook/panel_sweeps/XLE_full_paper_grid_800_step_robust/model_artifacts/seed_2345/risk_cvar/proto_source_spot_delta_k_25_weighted_1_learnw_0,10.0,0.12996334516940017,val_loss,0.02106654830276966,0.18879200518131256,5.208333333333334e-05,0.0020833333333333333,481.0,20.0,2.0,spot_delta,25.0,True,False,0.06259410083293915,0.14893558621406555
proto_source=spot_delta_k=50_weighted=0_learnw=0,train,2345,proto,-0.029050132259726524,0.04552392289042473,-0.21295179232954978,-0.11232242062687874,-0.17186665534973145,-0.00909025827422738,0.005551492189988493,0.8098214285714286,-0.02905680052936077,0.0004180727119091898,0.0004114035109523684,0.044187601655721664,0.19702255725860596,0.2661232650279999,1.0,2.232142857142857e-05,2.232142857142857e-05,0.0,0.0008928571428571428,,,cvar,/Users/yaniszaim/deephedging/.deephedging_real_runs/final_paper_notebook/panel_sweeps/XLE_full_paper_grid_800_step_robust/model_artifacts/seed_2345/risk_cvar/proto_source_spot_delta_k_50_weighted_0_learnw_0,68.0,0.1293132152594626,val_loss,0.03532643988728523,0.15451817214488983,0.0,0.0,2240.0,20.0,2.0,spot_delta,50.0,False,False,0.09053020179271698,0.2094724178314209
proto_source=spot_delta_k=50_weighted=0_learnw=0,val,2345,proto,-0.03265601769089699,0.05318320170044899,-0.22455297723412512,-0.11701158918440342,-0.20021867752075195,-0.012114995624870062,0.00678454774897543,0.8333333333333334,-0.032801005989313126,0.0005652873660437763,0.0004203003481961787,0.044861871749162674,0.19619446992874146,0.26518386602401733,0.9236205816268921,0.0,0.0,0.0,0.0,,,cvar,/Users/yaniszaim/deephedging/.deephedging_real_runs/final_paper_notebook/panel_sweeps/XLE_full_paper_grid_800_step_robust/model_artifacts/seed_2345/risk_cvar/proto_source_spot_delta_k_50_weighted_0_learnw_0,68.0,0.1293132152594626,val_loss,0.03532643988728523,0.15451817214488983,0.0,0.0,480.0,20.0,2.0,spot_delta,50.0,False,False,0.09053020179271698,0.2094724178314209
proto_source=spot_delta_k=50_weighted=0_learnw=0,test,2345,proto,-0.027505580335855484,0.0446799211204052,-0.204703426361084,-0.113236203789711,-0.17375285923480988,-0.008187185041606426,0.006654668599367142,0.8087318087318087,-0.026808684691786766,-0.00029470265144482255,0.00040219485526904464,0.043400440365076065,0.19600847363471985,0.26721882820129395,0.9696660041809082,0.0,0.0,0.0,0.0,,,cvar,/Users/yaniszaim/deephedging/.deephedging_real_runs/final_paper_notebook/panel_sweeps/XLE_full_paper_grid_800_step_robust/model_artifacts/seed_2345/risk_cvar/proto_source_spot_delta_k_50_weighted_0_learnw_0,68.0,0.1293132152594626,val_loss,0.03532643988728523,0.15451817214488983,0.0,0.0,481.0,20.0,2.0,spot_delta,50.0,False,False,0.09053020179271698,0.2094724178314209
proto_source=spot_delta_k=50_weighted=1_learnw=0,train,2345,proto,-0.0290821585804224,0.04385794699192047,-0.21284797430038452,-0.10922115705907345,-0.16677917540073395,-0.010386939626187086,0.004984423890709851,0.85,-0.02905680052936077,0.0002292828430654481,0.0002546402101870626,0.02857445925474167,0.38335931301116943,0.41297101974487305,1.0,0.07776785714285714,0.07776785714285714,0.0,0.6459821428571428,,,cvar,/Users/yaniszaim/deephedging/.deephedging_real_runs/final_paper_notebook/panel_sweeps/XLE_full_paper_grid_800_step_robust/model_artifacts/seed_2345/risk_cvar/proto_source_spot_delta_k_50_weighted_1_learnw_0,95.0,0.12952448618349932,val_loss,0.029886366799473763,0.16385473310947418,0.012083333333333333,0.3625,2240.0,20.0,2.0,spot_delta,50.0,True,False,0.0898001566529274,0.4000614285469055
proto_source=spot_delta_k=50_weighted=1_learnw=0,val,2345,proto,-0.032451365143060684,0.05000240355730057,-0.23914948031306266,-0.11037249863147734,-0.19070155918598175,-0.012965462636202574,0.004594068997539575,0.8375,-0.032801005989313126,0.0006084174965508282,0.00025877548614516854,0.029058663174510002,0.3826565742492676,0.41422832012176514,1.0,0.08359375,0.08359375,0.0,0.6854166666666667,,,cvar,/Users/yaniszaim/deephedging/.deephedging_real_runs/final_paper_notebook/panel_sweeps/XLE_full_paper_grid_800_step_robust/model_artifacts/seed_2345/risk_cvar/proto_source_spot_delta_k_50_weighted_1_learnw_0,95.0,0.12952448618349932,val_loss,0.029886366799473763,0.16385473310947418,0.012083333333333333,0.3625,480.0,20.0,2.0,spot_delta,50.0,True,False,0.0898001566529274,0.4000614285469055
proto_source=spot_delta_k=50_weighted=1_learnw=0,test,2345,proto,-0.027141686528921127,0.043411415070295334,-0.19580523669719696,-0.11100339889526367,-0.16802304983139038,-0.0085960254073143,0.005413290113210678,0.8253638253638254,-0.026808684691786766,-7.676120731048286e-05,0.0002562407753430307,0.028697321191430092,0.3750971555709839,0.41256946325302124,1.0,0.07749480249480249,0.07749480249480249,0.0,0.6528066528066528,,,cvar,/Users/yaniszaim/deephedging/.deephedging_real_runs/final_paper_notebook/panel_sweeps/XLE_full_paper_grid_800_step_robust/model_artifacts/seed_2345/risk_cvar/proto_source_spot_delta_k_50_weighted_1_learnw_0,95.0,0.12952448618349932,val_loss,0.029886366799473763,0.16385473310947418,0.012083333333333333,0.3625,481.0,20.0,2.0,spot_delta,50.0,True,False,0.0898001566529274,0.4000614285469055
proto_source=spot_delta_k=100_weighted=0_learnw=0,train,2345,proto,-0.02932223305106163,0.04463330656290054,-0.21339567840099335,-0.11060378551483155,-0.17057909071445465,-0.013375437818467617,0.009059610031545144,0.8075892857142857,-0.02905680052936077,0.0006211124127730727,0.0008865431882441044,0.050902482122182846,0.699281632900238,0.4651912450790405,1.0,0.17133928571428572,0.17066964285714287,0.0006696428571428571,0.9263392857142857,,,cvar,/Users/yaniszaim/deephedging/.deephedging_real_runs/final_paper_notebook/panel_sweeps/XLE_full_paper_grid_800_step_robust/model_artifacts/seed_2345/risk_cvar/proto_source_spot_delta_k_100_weighted_0_learnw_0,454.0,0.12832894514376916,val_loss,0.04668091610074043,0.21781378984451294,0.007916666666666667,0.23541666666666666,2240.0,20.0,2.0,spot_delta,100.0,False,False,0.17407682538032532,0.7093150019645691
proto_source=spot_delta_k=100_weighted=0_learnw=0,val,2345,proto,-0.03242471441626549,0.05067083612084389,-0.24270843774080275,-0.10601237975060937,-0.1956350952386856,-0.01550918584689498,0.010150595195591415,0.8041666666666667,-0.032801005989313126,0.001258486183360219,0.0008821943192742765,0.052278291434049606,0.69925856590271,0.4610787332057953,1.0,0.16161458333333334,0.16067708333333333,0.0009375,0.9125,,,cvar,/Users/yaniszaim/deephedging/.deephedging_real_runs/final_paper_notebook/panel_sweeps/XLE_full_paper_grid_800_step_robust/model_artifacts/seed_2345/risk_cvar/proto_source_spot_delta_k_100_weighted_0_learnw_0,454.0,0.12832894514376916,val_loss,0.04668091610074043,0.21781378984451294,0.007916666666666667,0.23541666666666666,480.0,20.0,2.0,spot_delta,100.0,False,False,0.17407682538032532,0.7093150019645691
proto_source=spot_delta_k=100_weighted=0_learnw=0,test,2345,proto,-0.026730772107839584,0.04394862800836563,-0.19898742735385894,-0.11181580275297165,-0.16570906341075897,-0.01129147782921791,0.010662681423127651,0.7920997920997921,-0.026808684691786766,0.0010115960612893105,0.0009336834191344678,0.05200381949543953,0.6992825865745544,0.4704497456550598,1.0,0.17920997920997922,0.17806652806652806,0.0011434511434511435,0.9501039501039501,,,cvar,/Users/yaniszaim/deephedging/.deephedging_real_runs/final_paper_notebook/panel_sweeps/XLE_full_paper_grid_800_step_robust/model_artifacts/seed_2345/risk_cvar/proto_source_spot_delta_k_100_weighted_0_learnw_0,454.0,0.12832894514376916,val_loss,0.04668091610074043,0.21781378984451294,0.007916666666666667,0.23541666666666666,481.0,20.0,2.0,spot_delta,100.0,False,False,0.17407682538032532,0.7093150019645691
proto_source=spot_delta_k=100_weighted=1_learnw=0,train,2345,proto,-0.029129866510629654,0.044057510793209076,-0.20593589350581168,-0.1124762911349535,-0.16950498521327972,-0.007059684721753001,0.000555522314971307,0.9294642857142857,-0.02905680052936077,0.00019827148935291916,0.00027133524417877197,0.02513825334608555,0.13779467344284058,0.2731475234031677,1.0,0.0008370535714285714,0.0008370535714285714,0.0,0.032589285714285716,,,cvar,/Users/yaniszaim/deephedging/.deephedging_real_runs/final_paper_notebook/panel_sweeps/XLE_full_paper_grid_800_step_robust/model_artifacts/seed_2345/risk_cvar/proto_source_spot_delta_k_100_weighted_1_learnw_0,33.0,0.12956232314929364,val_loss,0.024392317980527878,0.18093529343605042,0.0,0.0,2240.0,20.0,2.0,spot_delta,100.0,True,False,0.06717012077569962,0.15924830734729767
proto_source=spot_delta_k=100_weighted=1_learnw=0,val,2345,proto,-0.03260223567485809,0.050100307911634445,-0.2256651444733143,-0.11096424013376234,-0.19102859497070312,-0.009370011743158102,0.0005847238411661237,0.9291666666666667,-0.032801005989313126,0.00047082436503842473,0.00027205274091102183,0.02515226975083351,0.13740110397338867,0.27531248331069946,1.0,0.000625,0.000625,0.0,0.025,,,cvar,/Users/yaniszaim/deephedging/.deephedging_real_runs/final_paper_notebook/panel_sweeps/XLE_full_paper_grid_800_step_robust/model_artifacts/seed_2345/risk_cvar/proto_source_spot_delta_k_100_weighted_1_learnw_0,33.0,0.12956232314929364,val_loss,0.024392317980527878,0.18093529343605042,0.0,0.0,480.0,20.0,2.0,spot_delta,100.0,True,False,0.06717012077569962,0.15924830734729767
proto_source=spot_delta_k=100_weighted=1_learnw=0,test,2345,proto,-0.02728961408138275,0.042352233082056046,-0.1912459224462509,-0.10808680206537247,-0.1658099889755249,-0.005608012434095144,0.000932336610276252,0.9251559251559252,-0.026808684691786766,-0.00021305185509845614,0.0002678784658201039,0.024760330095887184,0.13752180337905884,0.2693330943584442,1.0,0.0007796257796257797,0.0007796257796257797,0.0,0.029106029106029108,,,cvar,/Users/yaniszaim/deephedging/.deephedging_real_runs/final_paper_notebook/panel_sweeps/XLE_full_paper_grid_800_step_robust/model_artifacts/seed_2345/risk_cvar/proto_source_spot_delta_k_100_weighted_1_learnw_0,33.0,0.12956232314929364,val_loss,0.024392317980527878,0.18093529343605042,0.0,0.0,481.0,20.0,2.0,spot_delta,100.0,True,False,0.06717012077569962,0.15924830734729767
proto_source=vanilla_k=10_weighted=0_learnw=0,train,2345,proto,-0.029157128185033798,0.04398232698440552,-0.20485136076807975,-0.1122941255569458,-0.16892637312412262,-0.007238766876980662,-0.0004971707210643222,0.9763392857142857,-0.02905680052936077,0.0002009806630667299,0.0003013050591107458,0.025644462555646896,0.12522047758102417,0.26282230019569397,1.0,0.0004910714285714286,0.0004910714285714286,0.0,0.010714285714285714,,,cvar,/Users/yaniszaim/deephedging/.deephedging_real_runs/final_paper_notebook/panel_sweeps/XLE_full_paper_grid_800_step_robust/model_artifacts/seed_2345/risk_cvar/proto_source_vanilla_k_10_weighted_0_learnw_0,398.0,0.13056215037591756,val_loss,0.025522807613015175,0.2622508406639099,0.0,0.0,2240.0,20.0,2.0,vanilla,10.0,False,False,0.07696118950843811,0.16830770671367645
proto_source=vanilla_k=10_weighted=0_learnw=0,val,2345,proto,-0.03269166499376297,0.05019547417759895,-0.22817304566502572,-0.1161454640328884,-0.19197577238082886,-0.010366971138864756,-0.0001526386709883816,0.9583333333333334,-0.032801005989313126,0.00041026127291843295,0.0003009214997291565,0.025629349052906036,0.12375017255544662,0.263129323720932,1.0,0.000625,0.000625,0.0,0.0125,,,cvar,/Users/yaniszaim/deephedging/.deephedging_real_runs/final_paper_notebook/panel_sweeps/XLE_full_paper_grid_800_step_robust/model_artifacts/seed_2345/risk_cvar/proto_source_vanilla_k_10_weighted_0_learnw_0,398.0,0.13056215037591756,val_loss,0.025522807613015175,0.2622508406639099,0.0,0.0,480.0,20.0,2.0,vanilla,10.0,False,False,0.07696118950843811,0.16830770671367645
proto_source=vanilla_k=10_weighted=0_learnw=0,test,2345,proto,-0.027171283960342407,0.042004141956567764,-0.19258197844028474,-0.10730552673339844,-0.16489118337631226,-0.005570293869823217,-0.00046338618267327547,0.9792099792099792,-0.026808684691786766,-6.257350469240919e-05,0.0003000244323629886,0.025644658133387566,0.12424971163272858,0.2625073492527008,1.0,0.00031185031185031187,0.00031185031185031187,0.0,0.008316008316008316,,,cvar,/Users/yaniszaim/deephedging/.deephedging_real_runs/final_paper_notebook/panel_sweeps/XLE_full_paper_grid_800_step_robust/model_artifacts/seed_2345/risk_cvar/proto_source_vanilla_k_10_weighted_0_learnw_0,398.0,0.13056215037591756,val_loss,0.025522807613015175,0.2622508406639099,0.0,0.0,481.0,20.0,2.0,vanilla,10.0,False,False,0.07696118950843811,0.16830770671367645
proto_source=vanilla_k=10_weighted=1_learnw=0,train,2345,proto,-0.02938537672162056,0.04382656142115593,-0.20472668707370759,-0.1122125118970871,-0.1688201129436493,-0.008020644541829824,-0.00011844022519653958,0.9580357142857143,-0.02905680052936077,0.00022601844102609903,0.0005545916501432657,0.02870807610452175,0.09959224611520767,0.3224829435348511,1.0,0.12498883928571429,0.12498883928571429,0.0,1.0,,,cvar,/Users/yaniszaim/deephedging/.deephedging_real_runs/final_paper_notebook/panel_sweeps/XLE_full_paper_grid_800_step_robust/model_artifacts/seed_2345/risk_cvar/proto_source_vanilla_k_10_weighted_1_learnw_0,168.0,0.13015198558568955,val_loss,0.03344458341598511,0.14349037408828735,0.0,0.0,2240.0,20.0,2.0,vanilla,10.0,True,False,0.08529491722583771,0.1491878181695938
proto_source=vanilla_k=10_weighted=1_learnw=0,val,2345,proto,-0.032832950353622437,0.05001778155565262,-0.22935658618807792,-0.11536042802035808,-0.1913772076368332,-0.009970152284950018,-0.00014971802011132243,0.9583333333333334,-0.032801005989313126,0.000525783805642277,0.0005577270057983696,0.02872905693948269,0.09963866323232651,0.32248085737228394,1.0,0.125,0.125,0.0,1.0,,,cvar,/Users/yaniszaim/deephedging/.deephedging_real_runs/final_paper_notebook/panel_sweeps/XLE_full_paper_grid_800_step_robust/model_artifacts/seed_2345/risk_cvar/proto_source_vanilla_k_10_weighted_1_learnw_0,168.0,0.13015198558568955,val_loss,0.03344458341598511,0.14349037408828735,0.0,0.0,480.0,20.0,2.0,vanilla,10.0,True,False,0.08529491722583771,0.1491878181695938
proto_source=vanilla_k=10_weighted=1_learnw=0,test,2345,proto,-0.027451107278466225,0.041672565042972565,-0.19084339439868928,-0.10949213057756424,-0.1636720597743988,-0.006432112772017717,0.00014462508261203766,0.9397089397089398,-0.026808684691786766,-8.549170888727531e-05,0.0005569325294345617,0.02874544821679592,0.09935421496629715,0.3223651945590973,1.0,0.125,0.125,0.0,1.0,,,cvar,/Users/yaniszaim/deephedging/.deephedging_real_runs/final_paper_notebook/panel_sweeps/XLE_full_paper_grid_800_step_robust/model_artifacts/seed_2345/risk_cvar/proto_source_vanilla_k_10_weighted_1_learnw_0,168.0,0.13015198558568955,val_loss,0.03344458341598511,0.14349037408828735,0.0,0.0,481.0,20.0,2.0,vanilla,10.0,True,False,0.08529491722583771,0.1491878181695938
proto_source=vanilla_k=25_weighted=0_learnw=0,train,2345,proto,-0.029132481664419174,0.04412966966629028,-0.2049393118917942,-0.11266661286354065,-0.1693088710308075,-0.006878818850964308,-0.0004872444827924491,0.9857142857142858,-0.02905680052936077,0.00017915305215865374,0.00025483305216766894,0.023836400359869003,0.1054607629776001,0.2460787147283554,0.9999157190322876,1.1160714285714286e-05,1.1160714285714286e-05,0.0,0.0004464285714285714,,,cvar,/Users/yaniszaim/deephedging/.deephedging_real_runs/final_paper_notebook/panel_sweeps/XLE_full_paper_grid_800_step_robust/model_artifacts/seed_2345/risk_cvar/proto_source_vanilla_k_25_weighted_0_learnw_0,640.0,0.13034575056284664,val_loss,0.024124644696712494,0.2531876564025879,0.0,0.0,2240.0,20.0,2.0,vanilla,25.0,False,False,0.08451520651578903,0.1932036578655243
proto_source=vanilla_k=25_weighted=0_learnw=0,val,2345,proto,-0.03259437531232834,0.050113629549741745,-0.2276441240310669,-0.11400646679103374,-0.19139117002487183,-0.009538462851196527,-0.00037859341682633434,0.9708333333333333,-0.032801005989313126,0.0004626141453627497,0.0002559830609243363,0.023835312575101852,0.0631081759929657,0.2460910826921463,0.9742312431335449,0.0,0.0,0.0,0.0,,,cvar,/Users/yaniszaim/deephedging/.deephedging_real_runs/final_paper_notebook/panel_sweeps/XLE_full_paper_grid_800_step_robust/model_artifacts/seed_2345/risk_cvar/proto_source_vanilla_k_25_weighted_0_learnw_0,640.0,0.13034575056284664,val_loss,0.024124644696712494,0.2531876564025879,0.0,0.0,480.0,20.0,2.0,vanilla,25.0,False,False,0.08451520651578903,0.1932036578655243
proto_source=vanilla_k=25_weighted=0_learnw=0,test,2345,proto,-0.027067240327596664,0.041993025690317154,-0.19206649363040923,-0.10873454064130783,-0.16447195410728455,-0.005240296479314566,-0.00047986829304136336,0.9875259875259875,-0.026808684691786766,-4.194196662865579e-06,0.0002543624141253531,0.023815924301743507,0.06596323847770691,0.24573244154453278,0.9770863056182861,0.0,0.0,0.0,0.0,,,cvar,/Users/yaniszaim/deephedging/.deephedging_real_runs/final_paper_notebook/panel_sweeps/XLE_full_paper_grid_800_step_robust/model_artifacts/seed_2345/risk_cvar/proto_source_vanilla_k_25_weighted_0_learnw_0,640.0,0.13034575056284664,val_loss,0.024124644696712494,0.2531876564025879,0.0,0.0,481.0,20.0,2.0,vanilla,25.0,False,False,0.08451520651578903,0.1932036578655243
proto_source=vanilla_k=25_weighted=1_learnw=0,train,2345,proto,-0.029311051592230797,0.04378177598118782,-0.20382189273834228,-0.11169225424528122,-0.16866172850131989,-0.008144567720592022,-0.00035015963221667604,0.965625,-0.02905680052936077,0.00021582732733804733,0.000470078201033175,0.027875889092683792,0.06979382038116455,0.2986181676387787,1.0,0.08936383928571429,0.08936383928571429,0.0,0.9941964285714285,,,cvar,/Users/yaniszaim/deephedging/.deephedging_real_runs/final_paper_notebook/panel_sweeps/XLE_full_paper_grid_800_step_robust/model_artifacts/seed_2345/risk_cvar/proto_source_vanilla_k_25_weighted_1_learnw_0,29.0,0.1303668331460406,val_loss,0.015498874709010124,0.10630103200674057,0.00020833333333333335,0.00625,2240.0,20.0,2.0,vanilla,25.0,True,False,0.043636634945869446,0.07560461014509201
proto_source=vanilla_k=25_weighted=1_learnw=0,val,2345,proto,-0.032667409628629684,0.049889303743839264,-0.22722743675112725,-0.11155963242053984,-0.19088144600391388,-0.010079847648739815,-0.0005088603473268453,0.9729166666666667,-0.032801005989313126,0.0006023096502758563,0.00046871232916601,0.02783762663602829,0.06979089975357056,0.2987477779388428,1.0,0.09005208333333334,0.09005208333333334,0.0,0.9958333333333333,,,cvar,/Users/yaniszaim/deephedging/.deephedging_real_runs/final_paper_notebook/panel_sweeps/XLE_full_paper_grid_800_step_robust/model_artifacts/seed_2345/risk_cvar/proto_source_vanilla_k_25_weighted_1_learnw_0,29.0,0.1303668331460406,val_loss,0.015498874709010124,0.10630103200674057,0.00020833333333333335,0.00625,480.0,20.0,2.0,vanilla,25.0,True,False,0.043636634945869446,0.07560461014509201
proto_source=vanilla_k=25_weighted=1_learnw=0,test,2345,proto,-0.02734476327896118,0.04162247106432915,-0.1882734477519989,-0.10871847718954086,-0.1636909544467926,-0.006234365049749613,-0.0003418603155296296,0.9708939708939709,-0.026808684691786766,-6.365515582729131e-05,0.00047242449363693595,0.02791496179997921,0.06979161500930786,0.29784470796585083,1.0,0.08887733887733888,0.08887733887733888,0.0,0.9916839916839917,,,cvar,/Users/yaniszaim/deephedging/.deephedging_real_runs/final_paper_notebook/panel_sweeps/XLE_full_paper_grid_800_step_robust/model_artifacts/seed_2345/risk_cvar/proto_source_vanilla_k_25_weighted_1_learnw_0,29.0,0.1303668331460406,val_loss,0.015498874709010124,0.10630103200674057,0.00020833333333333335,0.00625,481.0,20.0,2.0,vanilla,25.0,True,False,0.043636634945869446,0.07560461014509201
proto_source=vanilla_k=50_weighted=0_learnw=0,train,2345,proto,-0.02928093820810318,0.04425963759422302,-0.2051790963113308,-0.11290605030953883,-0.16999462246894836,-0.007228439208120108,-0.0003255140312831021,0.9651785714285714,-0.02905680052936077,0.00017673468391876668,0.00040087089291773736,0.026670491322875023,0.050021976232528687,0.25621312856674194,0.947578489780426,0.0,0.0,0.0,0.0,,,cvar,/Users/yaniszaim/deephedging/.deephedging_real_runs/final_paper_notebook/panel_sweeps/XLE_full_paper_grid_800_step_robust/model_artifacts/seed_2345/risk_cvar/proto_source_vanilla_k_50_weighted_0_learnw_0,16.0,0.13074024884030225,val_loss,0.025768931955099106,0.26689910888671875,0.0,0.0,2240.0,20.0,2.0,vanilla,50.0,False,False,0.05353161320090294,0.12606050074100494
proto_source=vanilla_k=50_weighted=0_learnw=0,val,2345,proto,-0.03276505693793297,0.0502023845911026,-0.22816823795437813,-0.11568375863134861,-0.1915145069360733,-0.009712717030197382,0.00022983672533882644,0.94375,-0.032801005989313126,0.0004376143915578723,0.0004016679886262864,0.026668606325984,0.050021976232528687,0.2562274932861328,0.9356712698936462,0.0,0.0,0.0,0.0,,,cvar,/Users/yaniszaim/deephedging/.deephedging_real_runs/final_paper_notebook/panel_sweeps/XLE_full_paper_grid_800_step_robust/model_artifacts/seed_2345/risk_cvar/proto_source_vanilla_k_50_weighted_0_learnw_0,16.0,0.13074024884030225,val_loss,0.025768931955099106,0.26689910888671875,0.0,0.0,480.0,20.0,2.0,vanilla,50.0,False,False,0.05353161320090294,0.12606050074100494
proto_source=vanilla_k=50_weighted=0_learnw=0,test,2345,proto,-0.027214575558900833,0.04189407825469971,-0.19149014055728913,-0.10749857127666473,-0.1642817258834839,-0.005704861134290695,-0.00027060677530243993,0.9646569646569647,-0.026808684691786766,-6.02779846303747e-06,0.00039986363844946027,0.026669546961784363,0.050021976232528687,0.25619447231292725,0.9364607930183411,0.0,0.0,0.0,0.0,,,cvar,/Users/yaniszaim/deephedging/.deephedging_real_runs/final_paper_notebook/panel_sweeps/XLE_full_paper_grid_800_step_robust/model_artifacts/seed_2345/risk_cvar/proto_source_vanilla_k_50_weighted_0_learnw_0,16.0,0.13074024884030225,val_loss,0.025768931955099106,0.26689910888671875,0.0,0.0,481.0,20.0,2.0,vanilla,50.0,False,False,0.05353161320090294,0.12606050074100494
proto_source=vanilla_k=50_weighted=1_learnw=0,train,2345,proto,-0.029316622763872147,0.04527509585022926,-0.2106447121500969,-0.11353636905550957,-0.17251738905906677,-0.006879516411572695,0.0013166995951905812,0.8785714285714286,-0.02905680052936077,9.878612036118284e-05,0.00035860633943229914,0.023905234411358833,0.1376323699951172,0.14082281291484833,0.905867338180542,0.0,0.0,0.0,0.0,,,cvar,/Users/yaniszaim/deephedging/.deephedging_real_runs/final_paper_notebook/panel_sweeps/XLE_full_paper_grid_800_step_robust/model_artifacts/seed_2345/risk_cvar/proto_source_vanilla_k_50_weighted_1_learnw_0,299.0,0.1310895881894976,val_loss,0.024844424799084663,0.25521060824394226,0.0,0.0,2240.0,20.0,2.0,vanilla,50.0,True,False,0.06594392657279968,0.15971732139587402
proto_source=vanilla_k=50_weighted=1_learnw=0,val,2345,proto,-0.032769788056612015,0.051173172891139984,-0.22355781093239785,-0.11299691125750541,-0.19446377456188202,-0.010160958860069513,0.0012732589966617522,0.8833333333333333,-0.032801005989313126,0.00038988428423181176,0.00035866518737748265,0.023838607594370842,0.13768813014030457,0.14162282645702362,0.8711822628974915,0.0,0.0,0.0,0.0,,,cvar,/Users/yaniszaim/deephedging/.deephedging_real_runs/final_paper_notebook/panel_sweeps/XLE_full_paper_grid_800_step_robust/model_artifacts/seed_2345/risk_cvar/proto_source_vanilla_k_50_weighted_1_learnw_0,299.0,0.1310895881894976,val_loss,0.024844424799084663,0.25521060824394226,0.0,0.0,480.0,20.0,2.0,vanilla,50.0,True,False,0.06594392657279968,0.15971732139587402
proto_source=vanilla_k=50_weighted=1_learnw=0,test,2345,proto,-0.027109896764159203,0.04298388212919235,-0.19626103341579437,-0.11459711939096451,-0.16676360368728638,-0.004894723650068045,0.0016183957923203707,0.8503118503118503,-0.026808684691786766,5.538870027521625e-05,0.0003566034429240972,0.023890476673841476,0.134586364030838,0.1410389542579651,0.8853405714035034,0.0,0.0,0.0,0.0,,,cvar,/Users/yaniszaim/deephedging/.deephedging_real_runs/final_paper_notebook/panel_sweeps/XLE_full_paper_grid_800_step_robust/model_artifacts/seed_2345/risk_cvar/proto_source_vanilla_k_50_weighted_1_learnw_0,299.0,0.1310895881894976,val_loss,0.024844424799084663,0.25521060824394226,0.0,0.0,481.0,20.0,2.0,vanilla,50.0,True,False,0.06594392657279968,0.15971732139587402
proto_source=vanilla_k=100_weighted=0_learnw=0,train,2345,proto,-0.029149184003472328,0.04395940527319908,-0.2040105840563774,-0.1117508940398693,-0.16881915926933289,-0.007114291423931718,-0.0005806213506730282,0.9982142857142857,-0.02905680052936077,0.00017313823627773672,0.00026552213239483535,0.02520555816590786,0.10556748509407043,0.2536868751049042,1.0,0.0005803571428571429,0.0005803571428571429,0.0,0.023214285714285715,,,cvar,/Users/yaniszaim/deephedging/.deephedging_real_runs/final_paper_notebook/panel_sweeps/XLE_full_paper_grid_800_step_robust/model_artifacts/seed_2345/risk_cvar/proto_source_vanilla_k_100_weighted_0_learnw_0,39.0,0.1305642236676067,val_loss,0.024194596335291862,0.24340654909610748,0.0,0.0,2240.0,20.0,2.0,vanilla,100.0,False,False,0.06164242699742317,0.15253780782222748
proto_source=vanilla_k=100_weighted=0_learnw=0,val,2345,proto,-0.032591477036476135,0.04992235451936722,-0.22715552866458893,-0.11285365596413612,-0.19089627265930176,-0.009526422712951899,-0.0006482298689661565,1.0,-0.032801005989313126,0.0004755462286993861,0.00026601707213558257,0.025188613682985306,0.10491783916950226,0.25376254320144653,1.0,0.00046875,0.00046875,0.0,0.01875,,,cvar,/Users/yaniszaim/deephedging/.deephedging_real_runs/final_paper_notebook/panel_sweeps/XLE_full_paper_grid_800_step_robust/model_artifacts/seed_2345/risk_cvar/proto_source_vanilla_k_100_weighted_0_learnw_0,39.0,0.1305642236676067,val_loss,0.024194596335291862,0.24340654909610748,0.0,0.0,480.0,20.0,2.0,vanilla,100.0,False,False,0.06164242699742317,0.15253780782222748
proto_source=vanilla_k=100_weighted=0_learnw=0,test,2345,proto,-0.02707190252840519,0.041856709867715836,-0.19050321877002716,-0.10830109566450119,-0.16395530104637146,-0.005265291780233383,-0.0005438165972009301,0.9958419958419958,-0.026808684691786766,2.4125010895659216e-06,0.0002656326105352491,0.02528124488890171,0.10553653538227081,0.25367942452430725,1.0,0.0006756756756756757,0.0006756756756756757,0.0,0.02702702702702703,,,cvar,/Users/yaniszaim/deephedging/.deephedging_real_runs/final_paper_notebook/panel_sweeps/XLE_full_paper_grid_800_step_robust/model_artifacts/seed_2345/risk_cvar/proto_source_vanilla_k_100_weighted_0_learnw_0,39.0,0.1305642236676067,val_loss,0.024194596335291862,0.24340654909610748,0.0,0.0,481.0,20.0,2.0,vanilla,100.0,False,False,0.06164242699742317,0.15253780782222748
proto_source=vanilla_k=100_weighted=1_learnw=0,train,2345,proto,-0.02927887812256813,0.04506852105259895,-0.20913084611296653,-0.11512556821107864,-0.17219968140125275,-0.0073725758120417595,0.0011549780145287394,0.8977678571428571,-0.02905680052936077,0.0001334948610747233,0.00035557165392674506,0.02644146792590618,0.11786127090454102,0.1566581130027771,0.8797546625137329,0.0,0.0,0.0,0.0,,,cvar,/Users/yaniszaim/deephedging/.deephedging_real_runs/final_paper_notebook/panel_sweeps/XLE_full_paper_grid_800_step_robust/model_artifacts/seed_2345/risk_cvar/proto_source_vanilla_k_100_weighted_1_learnw_0,6.0,0.13052514540962873,val_loss,0.02532363496720791,0.2235100120306015,0.0,0.0,2240.0,20.0,2.0,vanilla,100.0,True,False,0.08690186589956284,0.15112276375293732
proto_source=vanilla_k=100_weighted=1_learnw=0,val,2345,proto,-0.0328034944832325,0.05063817650079727,-0.22815089866518976,-0.11693882793188096,-0.1923382431268692,-0.010217487346380949,0.0014371256402228025,0.8916666666666667,-0.032801005989313126,0.00035330510581843555,0.00035579685936681926,0.026447398588061333,0.11825011670589447,0.15694859623908997,0.8783808350563049,0.0,0.0,0.0,0.0,,,cvar,/Users/yaniszaim/deephedging/.deephedging_real_runs/final_paper_notebook/panel_sweeps/XLE_full_paper_grid_800_step_robust/model_artifacts/seed_2345/risk_cvar/proto_source_vanilla_k_100_weighted_1_learnw_0,6.0,0.13052514540962873,val_loss,0.02532363496720791,0.2235100120306015,0.0,0.0,480.0,20.0,2.0,vanilla,100.0,True,False,0.08690186589956284,0.15112276375293732
proto_source=vanilla_k=100_weighted=1_learnw=0,test,2345,proto,-0.027021374553442,0.04246585816144943,-0.19171339869499207,-0.1103534996509552,-0.16498546302318573,-0.005551454611122608,0.0014245942002162337,0.8898128898128899,-0.026808684691786766,0.00014318872126750648,0.0003558793105185032,0.026470553129911423,0.11771419644355774,0.1568601429462433,1.0,0.00010395010395010396,0.0,0.00010395010395010396,0.004158004158004158,,,cvar,/Users/yaniszaim/deephedging/.deephedging_real_runs/final_paper_notebook/panel_sweeps/XLE_full_paper_grid_800_step_robust/model_artifacts/seed_2345/risk_cvar/proto_source_vanilla_k_100_weighted_1_learnw_0,6.0,0.13052514540962873,val_loss,0.02532363496720791,0.2235100120306015,0.0,0.0,481.0,20.0,2.0,vanilla,100.0,True,False,0.08690186589956284,0.15112276375293732
unhedged,train,3456,baseline,-0.029871709644794464,0.04806192219257355,-0.2141544270515442,-0.11829043030738831,-0.1817425936460495,-0.003786742687225342,0.0,0.5267857142857143,-0.029871709644794464,0.0,0.0,0.0,0.0,0.0,0.0,0.0,0.0,0.0,0.0,,,,,,,,,,,,,,,,,,,,
spot_delta,train,3456,baseline,-0.02974073216319084,0.04680437967181206,-0.21225549921393394,-0.11483719572424889,-0.17618434131145477,-0.010697456076741219,0.007627877150662243,0.7745535714285714,-0.029871709644794464,0.0003035044646821916,0.00017252670659217983,0.021542280912399292,0.5913040041923523,0.2571295499801636,0.5913040041923523,0.0,0.0,0.0,0.0,,,,,,,,,,,,,,,,,,,,
spot_delta_band,train,3456,baseline,-0.029741818085312843,0.04686497896909714,-0.21222571179270744,-0.11561688743531703,-0.1773618459701538,-0.008510841988027096,0.005266180122271179,0.7816964285714286,-0.029871709644794464,0.00020886094716843218,7.89726254879497e-05,0.009874864481389523,0.4413039982318878,0.19389531016349792,0.4413039982318878,0.0,0.0,0.0,0.0,0.15,gains_mean,,,,,,,,,,,,,,,,,,
unhedged,val,3456,baseline,-0.025646889582276344,0.04331650212407112,-0.19474704384803773,-0.10742463469505309,-0.16290158033370972,-0.0,0.0,0.48541666666666666,-0.025646889582276344,0.0,0.0,0.0,0.0,0.0,0.0,0.0,0.0,0.0,0.0,,,,,,,,,,,,,,,,,,,,
spot_delta,val,3456,baseline,-0.026059508323669434,0.04239354655146599,-0.19087910279631615,-0.11084528341889381,-0.15834754705429077,-0.008915509562939405,0.007215254171751434,0.76875,-0.025646889582276344,-0.000239828324993141,0.00017279101302847266,0.021601980552077293,0.5672500133514404,0.25696486234664917,0.5913040041923523,0.0,0.0,0.0,0.0,,,,,,,,,,,,,,,,,,,,
spot_delta_band,val,3456,baseline,-0.02587183378636837,0.04241931810975075,-0.19224339738488197,-0.10930884405970573,-0.1590622067451477,-0.0068348972126841545,0.004871527478098867,0.7770833333333333,-0.025646889582276344,-0.0001460900530219078,7.885163358878344e-05,0.009859895333647728,0.41725000739097595,0.1937509924173355,0.4413039982318878,0.0,0.0,0.0,0.0,0.15,gains_mean,,,,,,,,,,,,,,,,,,
unhedged,test,3456,baseline,-0.030152933672070503,0.04981702193617821,-0.24384729862213134,-0.11813986301422119,-0.18804125487804413,-0.004190325736999512,0.0,0.5405405405405406,-0.030152933672070503,0.0,0.0,0.0,0.0,0.0,0.0,0.0,0.0,0.0,0.0,,,,,,,,,,,,,,,,,,,,
spot_delta,test,3456,baseline,-0.03059510886669159,0.049334969371557236,-0.2411724805831909,-0.11490122228860855,-0.186934694647789,-0.011637788265943527,0.008457821793854237,0.7900207900207901,-0.030152933672070503,-0.0002684583596419543,0.00017371460853610188,0.021694710478186607,0.5881500244140625,0.25699201226234436,0.5913040041923523,0.0,0.0,0.0,0.0,,,,,,,,,,,,,,,,,,,,
spot_delta_band,test,3456,baseline,-0.030393412336707115,0.04924008250236511,-0.23735077679157257,-0.11584026366472244,-0.18663744628429413,-0.009753621183335781,0.005528816021978855,0.7837837837837838,-0.030152933672070503,-0.00016147425048984587,7.900208584032953e-05,0.00987959187477827,0.438150018453598,0.19379960000514984,0.4413039982318878,0.0,0.0,0.0,0.0,0.15,gains_mean,,,,,,,,,,,,,,,,,,
vanilla,train,3456,vanilla,-0.029845843091607094,0.04592704027891159,-0.20701374992728233,-0.11442505493760109,-0.17570045590400696,-0.005909416824579239,-0.00036825398856308336,1.0,-0.029871709644794464,0.00017074264178518206,0.00014487978478427976,0.01709257997572422,0.03457888960838318,0.17958758771419525,0.6885801553726196,0.0,0.0,0.0,0.0,,,cvar,/Users/yaniszaim/deephedging/.deephedging_real_runs/final_paper_notebook/panel_sweeps/XLE_full_paper_grid_800_step_robust/model_artifacts/seed_3456/risk_cvar/vanilla,182.0,0.10337800414301455,val_loss,0.01655486412346363,0.17227087914943695,0.0,0.0,2240.0,20.0,2.0,,,,,,
vanilla,val,3456,vanilla,-0.02586672455072403,0.041311487555503845,-0.18825963735580445,-0.1039306405931711,-0.15749521553516388,-0.004273839294910431,-0.00041121160465991136,1.0,-0.025646889582276344,-7.576054485980421e-05,0.00014407718845177442,0.017087183892726898,0.03444260358810425,0.17952173948287964,0.6844717264175415,0.0,0.0,0.0,0.0,,,cvar,/Users/yaniszaim/deephedging/.deephedging_real_runs/final_paper_notebook/panel_sweeps/XLE_full_paper_grid_800_step_robust/model_artifacts/seed_3456/risk_cvar/vanilla,182.0,0.10337800414301455,val_loss,0.01655486412346363,0.17227087914943695,0.0,0.0,480.0,20.0,2.0,,,,,,
vanilla,test,3456,vanilla,-0.030090726912021637,0.04764682054519653,-0.23569801449775696,-0.11426934599876404,-0.1817874312400818,-0.006213078740984201,-0.00034376338589936495,1.0,-0.030152933672070503,0.00020703063637483865,0.00014482268306892365,0.017093375325202942,0.03441727161407471,0.17959626019001007,0.6857837438583374,0.0,0.0,0.0,0.0,,,cvar,/Users/yaniszaim/deephedging/.deephedging_real_runs/final_paper_notebook/panel_sweeps/XLE_full_paper_grid_800_step_robust/model_artifacts/seed_3456/risk_cvar/vanilla,182.0,0.10337800414301455,val_loss,0.01655486412346363,0.17227087914943695,0.0,0.0,481.0,20.0,2.0,,,,,,
proto_source=spot_delta_k=10_weighted=0_learnw=0,train,3456,proto,-0.029791483655571938,0.0460718497633934,-0.21154781341552734,-0.11418188475072384,-0.17379002273082733,-0.013252511154860258,0.010378560516983262,0.7915178571428572,-0.029871709644794464,0.0005294015281833708,0.000449176412075758,0.03128068149089813,0.7485096454620361,0.5117934346199036,1.0,0.26746651785714287,0.26728794642857145,0.00017857142857142857,0.953125,,,cvar,/Users/yaniszaim/deephedging/.deephedging_real_runs/final_paper_notebook/panel_sweeps/XLE_full_paper_grid_800_step_robust/model_artifacts/seed_3456/risk_cvar/proto_source_spot_delta_k_10_weighted_0_learnw_0,547.0,0.10326092487946152,val_loss,0.04803751781582832,0.2727111577987671,0.029375,0.5416666666666666,2240.0,20.0,2.0,spot_delta,10.0,False,False,0.272565633058548,0.749626874923706
proto_source=spot_delta_k=10_weighted=0_learnw=0,val,3456,proto,-0.026197640225291252,0.04146265611052513,-0.18203299060463907,-0.1070772275328636,-0.15437455475330353,-0.011952936183661222,0.010978646902367469,0.76875,-0.025646889582276344,-0.00012336498184595257,0.00042738523916341364,0.031234022229909897,0.7189733982086182,0.5093624591827393,1.0,0.24932291666666667,0.24927083333333333,5.208333333333334e-05,0.93125,,,cvar,/Users/yaniszaim/deephedging/.deephedging_real_runs/final_paper_notebook/panel_sweeps/XLE_full_paper_grid_800_step_robust/model_artifacts/seed_3456/risk_cvar/proto_source_spot_delta_k_10_weighted_0_learnw_0,547.0,0.10326092487946152,val_loss,0.04803751781582832,0.2727111577987671,0.029375,0.5416666666666666,480.0,20.0,2.0,spot_delta,10.0,False,False,0.272565633058548,0.749626874923706
proto_source=spot_delta_k=10_weighted=0_learnw=0,test,3456,proto,-0.03105662390589714,0.048834849148988724,-0.24253925085067748,-0.11379216611385345,-0.1850513517856598,-0.01476702094078064,0.010575337335467339,0.7920997920997921,-0.030152933672070503,-0.0004354726697783917,0.0004682158469222486,0.03144797310233116,0.7189733982086182,0.5144726037979126,1.0,0.2701143451143451,0.2698024948024948,0.00031185031185031187,0.9521829521829522,,,cvar,/Users/yaniszaim/deephedging/.deephedging_real_runs/final_paper_notebook/panel_sweeps/XLE_full_paper_grid_800_step_robust/model_artifacts/seed_3456/risk_cvar/proto_source_spot_delta_k_10_weighted_0_learnw_0,547.0,0.10326092487946152,val_loss,0.04803751781582832,0.2727111577987671,0.029375,0.5416666666666666,481.0,20.0,2.0,spot_delta,10.0,False,False,0.272565633058548,0.749626874923706
proto_source=spot_delta_k=10_weighted=1_learnw=0,train,3456,proto,-0.029851045459508896,0.04571455717086792,-0.20644321531057358,-0.1135240275412798,-0.1749459058046341,-0.006407929118722677,0.0004914411634672432,0.9236607142857143,-0.029871709644794464,0.000210166719625704,0.000189503887668252,0.01829308643937111,0.06587561219930649,0.2589704692363739,1.0,0.00011160714285714285,0.00011160714285714285,0.0,0.003125,,,cvar,/Users/yaniszaim/deephedging/.deephedging_real_runs/final_paper_notebook/panel_sweeps/XLE_full_paper_grid_800_step_robust/model_artifacts/seed_3456/risk_cvar/proto_source_spot_delta_k_10_weighted_1_learnw_0,9.0,0.10313140323385596,val_loss,0.015753965824842453,0.11880570650100708,0.0,0.0,2240.0,20.0,2.0,spot_delta,10.0,True,False,0.07654254138469696,0.12420858442783356
proto_source=spot_delta_k=10_weighted=1_learnw=0,val,3456,proto,-0.02590196579694748,0.04130195826292038,-0.18796856060624123,-0.10358845628798007,-0.1572122722864151,-0.005058471579104662,0.0003011383189004838,0.9270833333333334,-0.025646889582276344,-6.574146391358227e-05,0.00018933526007458568,0.01834556832909584,0.0658753290772438,0.2594496011734009,1.0,0.00010416666666666667,0.00010416666666666667,0.0,0.0020833333333333333,,,cvar,/Users/yaniszaim/deephedging/.deephedging_real_runs/final_paper_notebook/panel_sweeps/XLE_full_paper_grid_800_step_robust/model_artifacts/seed_3456/risk_cvar/proto_source_spot_delta_k_10_weighted_1_learnw_0,9.0,0.10313140323385596,val_loss,0.015753965824842453,0.11880570650100708,0.0,0.0,480.0,20.0,2.0,spot_delta,10.0,True,False,0.07654254138469696,0.12420858442783356
proto_source=spot_delta_k=10_weighted=1_learnw=0,test,3456,proto,-0.030199868604540825,0.04756825789809227,-0.23419742286205292,-0.1118716225028038,-0.18182101845741272,-0.007524394430220127,0.0004618509847205132,0.9106029106029107,-0.030152933672070503,0.00014271384861785918,0.0001896477915579453,0.01832355000078678,0.06587504595518112,0.2592984139919281,0.9566559195518494,0.0,0.0,0.0,0.0,,,cvar,/Users/yaniszaim/deephedging/.deephedging_real_runs/final_paper_notebook/panel_sweeps/XLE_full_paper_grid_800_step_robust/model_artifacts/seed_3456/risk_cvar/proto_source_spot_delta_k_10_weighted_1_learnw_0,9.0,0.10313140323385596,val_loss,0.015753965824842453,0.11880570650100708,0.0,0.0,481.0,20.0,2.0,spot_delta,10.0,True,False,0.07654254138469696,0.12420858442783356
proto_source=spot_delta_k=25_weighted=0_learnw=0,train,3456,proto,-0.029452957212924957,0.045102424919605255,-0.21487368360161782,-0.11133455820381641,-0.17226126790046692,-0.007581605575978756,0.0017359400459099551,0.8825892857142857,-0.029871709644794464,0.0006978132878430188,0.0002790630387607962,0.03064984641969204,0.5143224000930786,0.2794632017612457,1.0,0.0003013392857142857,1.1160714285714286e-05,0.00029017857142857144,0.005357142857142857,,,cvar,/Users/yaniszaim/deephedging/.deephedging_real_runs/final_paper_notebook/panel_sweeps/XLE_full_paper_grid_800_step_robust/model_artifacts/seed_3456/risk_cvar/proto_source_spot_delta_k_25_weighted_0_learnw_0,147.0,0.10234558009232084,val_loss,0.03420930728316307,0.15891529619693756,0.00026041666666666666,0.0020833333333333333,2240.0,20.0,2.0,spot_delta,25.0,False,False,0.16358214616775513,0.5192007422447205
proto_source=spot_delta_k=25_weighted=0_learnw=0,val,3456,proto,-0.025596747174859047,0.04074036329984665,-0.18092673718929292,-0.1048420250415802,-0.15145336091518402,-0.006244885502383113,0.0015037458972074083,0.8916666666666667,-0.025646889582276344,0.00030843165586702526,0.00025829163496382535,0.029700089246034622,0.5125062465667725,0.2806609272956848,1.0,0.00015625,0.0,0.00015625,0.0020833333333333333,,,cvar,/Users/yaniszaim/deephedging/.deephedging_real_runs/final_paper_notebook/panel_sweeps/XLE_full_paper_grid_800_step_robust/model_artifacts/seed_3456/risk_cvar/proto_source_spot_delta_k_25_weighted_0_learnw_0,147.0,0.10234558009232084,val_loss,0.03420930728316307,0.15891529619693756,0.00026041666666666666,0.0020833333333333333,480.0,20.0,2.0,spot_delta,25.0,False,False,0.16358214616775513,0.5192007422447205
proto_source=spot_delta_k=25_weighted=0_learnw=0,test,3456,proto,-0.030490458011627197,0.04831816256046295,-0.23281216919422149,-0.11023154109716415,-0.1850954294204712,-0.008037409745156765,0.0020797746255993843,0.8586278586278586,-0.030152933672070503,-5.279459583107382e-05,0.00028472949634306133,0.031031684949994087,0.5068775415420532,0.2808314561843872,1.0,5.197505197505198e-05,0.0,5.197505197505198e-05,0.002079002079002079,,,cvar,/Users/yaniszaim/deephedging/.deephedging_real_runs/final_paper_notebook/panel_sweeps/XLE_full_paper_grid_800_step_robust/model_artifacts/seed_3456/risk_cvar/proto_source_spot_delta_k_25_weighted_0_learnw_0,147.0,0.10234558009232084,val_loss,0.03420930728316307,0.15891529619693756,0.00026041666666666666,0.0020833333333333333,481.0,20.0,2.0,spot_delta,25.0,False,False,0.16358214616775513,0.5192007422447205
proto_source=spot_delta_k=25_weighted=1_learnw=0,train,3456,proto,-0.02949995920062065,0.04558683559298515,-0.21044325545430184,-0.11293229572474957,-0.1728726625442505,-0.011389299295842648,0.007064542965963476,0.7986607142857143,-0.029871709644794464,0.0006627318216487765,0.000290983502054587,0.03578421473503113,0.45086848735809326,0.38515597581863403,1.0,0.004263392857142857,0.004263392857142857,0.0,0.10357142857142858,,,cvar,/Users/yaniszaim/deephedging/.deephedging_real_runs/final_paper_notebook/panel_sweeps/XLE_full_paper_grid_800_step_robust/model_artifacts/seed_3456/risk_cvar/proto_source_spot_delta_k_25_weighted_1_learnw_0,75.0,0.10189890315197407,val_loss,0.024914709851145744,0.1542215645313263,0.000625,0.022916666666666665,2240.0,20.0,2.0,spot_delta,25.0,True,False,0.1405375450849533,0.4508686363697052
proto_source=spot_delta_k=25_weighted=1_learnw=0,val,3456,proto,-0.026336336508393288,0.0415908582508564,-0.18805766567587853,-0.10903608165681361,-0.15838508307933807,-0.010133042931556702,0.006867489591240854,0.7979166666666667,-0.025646889582276344,-0.0004068031266797334,0.0002826445852406323,0.03486248478293419,0.45086848735809326,0.38556578755378723,1.0,0.0030208333333333333,0.0030208333333333333,0.0,0.08541666666666667,,,cvar,/Users/yaniszaim/deephedging/.deephedging_real_runs/final_paper_notebook/panel_sweeps/XLE_full_paper_grid_800_step_robust/model_artifacts/seed_3456/risk_cvar/proto_source_spot_delta_k_25_weighted_1_learnw_0,75.0,0.10189890315197407,val_loss,0.024914709851145744,0.1542215645313263,0.000625,0.022916666666666665,480.0,20.0,2.0,spot_delta,25.0,True,False,0.1405375450849533,0.4508686363697052
proto_source=spot_delta_k=25_weighted=1_learnw=0,test,3456,proto,-0.030370308086276054,0.048807427287101746,-0.22944985926151276,-0.11432201415300369,-0.18189558386802673,-0.012913664802908897,0.007807868532836437,0.814968814968815,-0.030152933672070503,7.688210462220013e-05,0.0002942567225545645,0.036206427961587906,0.45086848735809326,0.3856027126312256,1.0,0.00446985446985447,0.00446985446985447,0.0,0.11226611226611227,,,cvar,/Users/yaniszaim/deephedging/.deephedging_real_runs/final_paper_notebook/panel_sweeps/XLE_full_paper_grid_800_step_robust/model_artifacts/seed_3456/risk_cvar/proto_source_spot_delta_k_25_weighted_1_learnw_0,75.0,0.10189890315197407,val_loss,0.024914709851145744,0.1542215645313263,0.000625,0.022916666666666665,481.0,20.0,2.0,spot_delta,25.0,True,False,0.1405375450849533,0.4508686363697052
proto_source=spot_delta_k=50_weighted=0_learnw=0,train,3456,proto,-0.029385801404714584,0.04582035914063454,-0.2045705346763134,-0.11516719870269299,-0.1734401136636734,-0.00830552913248539,0.004080841806717212,0.8120535714285714,-0.029871709644794464,0.0006222082301974297,0.00013630333705805242,0.016318002715706825,0.22501003742218018,0.259115070104599,0.899983286857605,0.0,0.0,0.0,0.0,,,cvar,/Users/yaniszaim/deephedging/.deephedging_real_runs/final_paper_notebook/panel_sweeps/XLE_full_paper_grid_800_step_robust/model_artifacts/seed_3456/risk_cvar/proto_source_spot_delta_k_50_weighted_0_learnw_0,86.0,0.10269085207022727,val_loss,0.015299396589398384,0.12601658701896667,0.0,0.0,2240.0,20.0,2.0,spot_delta,50.0,False,False,0.06941723823547363,0.22501003742218018
proto_source=spot_delta_k=50_weighted=0_learnw=0,val,3456,proto,-0.025724470615386963,0.04160340875387192,-0.18816629141569138,-0.1067231461405754,-0.15601351857185364,-0.0074556805193424225,0.003967139357700935,0.7958333333333333,-0.025646889582276344,5.440570748760365e-05,0.0001319896982749924,0.01594432257115841,0.22501003742218018,0.25963374972343445,0.84694904088974,0.0,0.0,0.0,0.0,,,cvar,/Users/yaniszaim/deephedging/.deephedging_real_runs/final_paper_notebook/panel_sweeps/XLE_full_paper_grid_800_step_robust/model_artifacts/seed_3456/risk_cvar/proto_source_spot_delta_k_50_weighted_0_learnw_0,86.0,0.10269085207022727,val_loss,0.015299396589398384,0.12601658701896667,0.0,0.0,480.0,20.0,2.0,spot_delta,50.0,False,False,0.06941723823547363,0.22501003742218018
proto_source=spot_delta_k=50_weighted=0_learnw=0,test,3456,proto,-0.0299571193754673,0.047291483730077744,-0.2429140955209732,-0.11329737305641174,-0.1798110455274582,-0.008959025144577026,0.003990927245467901,0.8212058212058212,-0.030152933672070503,0.00033357992651872337,0.00013776076957583427,0.01641939952969551,0.22501003742218018,0.2601207196712494,0.8683713674545288,0.0,0.0,0.0,0.0,,,cvar,/Users/yaniszaim/deephedging/.deephedging_real_runs/final_paper_notebook/panel_sweeps/XLE_full_paper_grid_800_step_robust/model_artifacts/seed_3456/risk_cvar/proto_source_spot_delta_k_50_weighted_0_learnw_0,86.0,0.10269085207022727,val_loss,0.015299396589398384,0.12601658701896667,0.0,0.0,481.0,20.0,2.0,spot_delta,50.0,False,False,0.06941723823547363,0.22501003742218018
proto_source=spot_delta_k=50_weighted=1_learnw=0,train,3456,proto,-0.029837382957339287,0.04720686003565788,-0.21127862319350244,-0.1160610482096672,-0.17924676835536957,-0.004925113404169679,0.0008244216704042619,0.865625,-0.029871709644794464,0.00012142847117502242,8.710154361324385e-05,0.008500661700963974,0.09958720207214355,0.11544161289930344,0.4923142194747925,0.0,0.0,0.0,0.0,,,cvar,/Users/yaniszaim/deephedging/.deephedging_real_runs/final_paper_notebook/panel_sweeps/XLE_full_paper_grid_800_step_robust/model_artifacts/seed_3456/risk_cvar/proto_source_spot_delta_k_50_weighted_1_learnw_0,4.0,0.103232042202726,val_loss,0.012613179162144661,0.08350953459739685,0.0,0.0,2240.0,20.0,2.0,spot_delta,50.0,True,False,0.08044759929180145,0.15233992040157318
proto_source=spot_delta_k=50_weighted=1_learnw=0,val,3456,proto,-0.0257136020809412,0.04258585348725319,-0.1926523831486702,-0.10612903758883475,-0.16053827106952667,-0.0029880082001909614,0.0008161531906807754,0.8645833333333334,-0.025646889582276344,1.9382738173590042e-05,8.609576616436243e-05,0.008395496755838394,0.0964672863483429,0.11577284336090088,0.31093889474868774,0.0,0.0,0.0,0.0,,,cvar,/Users/yaniszaim/deephedging/.deephedging_real_runs/final_paper_notebook/panel_sweeps/XLE_full_paper_grid_800_step_robust/model_artifacts/seed_3456/risk_cvar/proto_source_spot_delta_k_50_weighted_1_learnw_0,4.0,0.103232042202726,val_loss,0.012613179162144661,0.08350953459739685,0.0,0.0,480.0,20.0,2.0,spot_delta,50.0,True,False,0.08044759929180145,0.15233992040157318
proto_source=spot_delta_k=50_weighted=1_learnw=0,test,3456,proto,-0.030210494995117188,0.04910797253251076,-0.24191204309463502,-0.11394354701042175,-0.18630391359329224,-0.005985917057842016,0.0007075580069795251,0.8565488565488566,-0.030152933672070503,2.940627200587187e-05,8.696632721694186e-05,0.008492009714245796,0.09263663738965988,0.1153414249420166,0.31104201078414917,0.0,0.0,0.0,0.0,,,cvar,/Users/yaniszaim/deephedging/.deephedging_real_runs/final_paper_notebook/panel_sweeps/XLE_full_paper_grid_800_step_robust/model_artifacts/seed_3456/risk_cvar/proto_source_spot_delta_k_50_weighted_1_learnw_0,4.0,0.103232042202726,val_loss,0.012613179162144661,0.08350953459739685,0.0,0.0,481.0,20.0,2.0,spot_delta,50.0,True,False,0.08044759929180145,0.15233992040157318
proto_source=spot_delta_k=100_weighted=0_learnw=0,train,3456,proto,-0.03015190176665783,0.04587405547499657,-0.21244506776332855,-0.11506855003535747,-0.17536064982414246,-0.009659010451287031,0.004900277033448213,0.821875,-0.029871709644794464,0.0004783789918292314,0.0007585717830806971,0.046496447175741196,0.22129333019256592,0.2951037883758545,1.0,3.348214285714286e-05,3.348214285714286e-05,0.0,0.0004464285714285714,,,cvar,/Users/yaniszaim/deephedging/.deephedging_real_runs/final_paper_notebook/panel_sweeps/XLE_full_paper_grid_800_step_robust/model_artifacts/seed_3456/risk_cvar/proto_source_spot_delta_k_100_weighted_0_learnw_0,103.0,0.10247805761173368,val_loss,0.03228477016091347,0.12821564078330994,0.0,0.0,2240.0,20.0,2.0,spot_delta,100.0,False,False,0.0952167958021164,0.3905058801174164
proto_source=spot_delta_k=100_weighted=0_learnw=0,val,3456,proto,-0.026009155437350273,0.0417749285697937,-0.19457342475652695,-0.10381183847784994,-0.1571015864610672,-0.007842034567147493,0.005301706679165363,0.8020833333333334,-0.025646889582276344,0.0003816642565652728,0.0007439302862621844,0.046079371124506,0.21089482307434082,0.298322856426239,1.0,0.00010416666666666667,0.00010416666666666667,0.0,0.0020833333333333333,,,cvar,/Users/yaniszaim/deephedging/.deephedging_real_runs/final_paper_notebook/panel_sweeps/XLE_full_paper_grid_800_step_robust/model_artifacts/seed_3456/risk_cvar/proto_source_spot_delta_k_100_weighted_0_learnw_0,103.0,0.10247805761173368,val_loss,0.03228477016091347,0.12821564078330994,0.0,0.0,480.0,20.0,2.0,spot_delta,100.0,False,False,0.0952167958021164,0.3905058801174164
proto_source=spot_delta_k=100_weighted=0_learnw=0,test,3456,proto,-0.030652938410639763,0.04785357043147087,-0.23746507465839387,-0.1129242479801178,-0.18231262266635895,-0.00948955025523901,0.005463586654514074,0.8274428274428275,-0.030152933672070503,0.00025637797079980373,0.0007563818362541497,0.046122755855321884,0.22146360576152802,0.296602725982666,0.7727721333503723,0.0,0.0,0.0,0.0,,,cvar,/Users/yaniszaim/deephedging/.deephedging_real_runs/final_paper_notebook/panel_sweeps/XLE_full_paper_grid_800_step_robust/model_artifacts/seed_3456/risk_cvar/proto_source_spot_delta_k_100_weighted_0_learnw_0,103.0,0.10247805761173368,val_loss,0.03228477016091347,0.12821564078330994,0.0,0.0,481.0,20.0,2.0,spot_delta,100.0,False,False,0.0952167958021164,0.3905058801174164
proto_source=spot_delta_k=100_weighted=1_learnw=0,train,3456,proto,-0.029597030952572823,0.04524734616279602,-0.2111588427424431,-0.11341420859098435,-0.1737269163131714,-0.008768107276409864,0.0023281416739337137,0.8691964285714285,-0.029871709644794464,0.0005292925634421408,0.0002546117757447064,0.026576319709420204,0.1686105728149414,0.35545605421066284,0.9815579056739807,0.0,0.0,0.0,0.0,,,cvar,/Users/yaniszaim/deephedging/.deephedging_real_runs/final_paper_notebook/panel_sweeps/XLE_full_paper_grid_800_step_robust/model_artifacts/seed_3456/risk_cvar/proto_source_spot_delta_k_100_weighted_1_learnw_0,15.0,0.10240051667205989,val_loss,0.02109559439122677,0.13016736507415771,0.0,0.0,2240.0,20.0,2.0,spot_delta,100.0,True,False,0.10299435257911682,0.2263406366109848
proto_source=spot_delta_k=100_weighted=1_learnw=0,val,3456,proto,-0.025757746770977974,0.040849458426237106,-0.1872975066304207,-0.10522214770317077,-0.15423476696014404,-0.0073285833932459354,0.0020091091049835082,0.8666666666666667,-0.025646889582276344,0.00013999191287439317,0.0002508488541934639,0.026293735951185226,0.16846930980682373,0.359300434589386,0.9807830452919006,0.0,0.0,0.0,0.0,,,cvar,/Users/yaniszaim/deephedging/.deephedging_real_runs/final_paper_notebook/panel_sweeps/XLE_full_paper_grid_800_step_robust/model_artifacts/seed_3456/risk_cvar/proto_source_spot_delta_k_100_weighted_1_learnw_0,15.0,0.10240051667205989,val_loss,0.02109559439122677,0.13016736507415771,0.0,0.0,480.0,20.0,2.0,spot_delta,100.0,True,False,0.10299435257911682,0.2263406366109848
proto_source=spot_delta_k=100_weighted=1_learnw=0,test,3456,proto,-0.030327731743454933,0.04714585840702057,-0.2428770273923874,-0.11055733263492584,-0.18159525096416473,-0.00904503557831049,0.001767373294569552,0.8752598752598753,-0.030152933672070503,7.626663864357397e-05,0.0002510638441890478,0.026517406105995178,0.1685773730278015,0.35606300830841064,0.9807523488998413,0.0,0.0,0.0,0.0,,,cvar,/Users/yaniszaim/deephedging/.deephedging_real_runs/final_paper_notebook/panel_sweeps/XLE_full_paper_grid_800_step_robust/model_artifacts/seed_3456/risk_cvar/proto_source_spot_delta_k_100_weighted_1_learnw_0,15.0,0.10240051667205989,val_loss,0.02109559439122677,0.13016736507415771,0.0,0.0,481.0,20.0,2.0,spot_delta,100.0,True,False,0.10299435257911682,0.2263406366109848
proto_source=vanilla_k=10_weighted=0_learnw=0,train,3456,proto,-0.0302004124969244,0.04499514028429985,-0.20578438386321068,-0.11332653053104877,-0.1734018325805664,-0.008205657359212637,-0.0004147653671680035,0.9647321428571428,-0.029871709644794464,0.00022172971512190998,0.000550437078345567,0.029626499861478806,0.0932922512292862,0.299465149641037,1.0,0.04547991071428571,0.04547991071428571,0.0,0.9785714285714285,,,cvar,/Users/yaniszaim/deephedging/.deephedging_real_runs/final_paper_notebook/panel_sweeps/XLE_full_paper_grid_800_step_robust/model_artifacts/seed_3456/risk_cvar/proto_source_vanilla_k_10_weighted_0_learnw_0,280.0,0.10372687548864633,val_loss,0.012684487737715244,0.05221973732113838,0.0,0.0,2240.0,20.0,2.0,vanilla,10.0,False,False,0.07332576811313629,0.11649720370769501
proto_source=vanilla_k=10_weighted=0_learnw=0,val,3456,proto,-0.02630031295120716,0.04040348529815674,-0.18498392686247825,-0.10046615488827226,-0.15566547214984894,-0.0063422126695513725,-0.00035668545751832534,0.9625,-0.025646889582276344,-0.00010897913307417184,0.000544444948900491,0.029580848291516304,0.09190110117197037,0.29905518889427185,1.0,0.045572916666666664,0.045572916666666664,0.0,0.9791666666666666,,,cvar,/Users/yaniszaim/deephedging/.deephedging_real_runs/final_paper_notebook/panel_sweeps/XLE_full_paper_grid_800_step_robust/model_artifacts/seed_3456/risk_cvar/proto_source_vanilla_k_10_weighted_0_learnw_0,280.0,0.10372687548864633,val_loss,0.012684487737715244,0.05221973732113838,0.0,0.0,480.0,20.0,2.0,vanilla,10.0,False,False,0.07332576811313629,0.11649720370769501
proto_source=vanilla_k=10_weighted=0_learnw=0,test,3456,proto,-0.030333731323480606,0.04680491238832474,-0.22759126722812653,-0.11261396110057831,-0.1792415827512741,-0.008493938483297825,-0.0002540122077334672,0.9646569646569647,-0.030152933672070503,0.0003669886791612953,0.0005477837985381484,0.029510922729969025,0.09222140163183212,0.29750943183898926,1.0,0.04490644490644491,0.04490644490644491,0.0,0.9667359667359667,,,cvar,/Users/yaniszaim/deephedging/.deephedging_real_runs/final_paper_notebook/panel_sweeps/XLE_full_paper_grid_800_step_robust/model_artifacts/seed_3456/risk_cvar/proto_source_vanilla_k_10_weighted_0_learnw_0,280.0,0.10372687548864633,val_loss,0.012684487737715244,0.05221973732113838,0.0,0.0,481.0,20.0,2.0,vanilla,10.0,False,False,0.07332576811313629,0.11649720370769501
proto_source=vanilla_k=10_weighted=1_learnw=0,train,3456,proto,-0.03146602213382721,0.04688448831439018,-0.21047317773103713,-0.11765432506799697,-0.1798277348279953,-0.0079428032040596,-0.0004042096101329666,0.984375,-0.029871709644794464,0.00012562883784994483,0.0017199403373524547,0.027904780581593513,0.08984273672103882,0.14347684383392334,0.6705789566040039,0.0,0.0,0.0,0.0,,,cvar,/Users/yaniszaim/deephedging/.deephedging_real_runs/final_paper_notebook/panel_sweeps/XLE_full_paper_grid_800_step_robust/model_artifacts/seed_3456/risk_cvar/proto_source_vanilla_k_10_weighted_1_learnw_0,28.0,0.10336772815790028,val_loss,0.007486316375434399,0.07782849669456482,0.0,0.0,2240.0,20.0,2.0,vanilla,10.0,True,False,0.08214317262172699,0.1337641328573227
proto_source=vanilla_k=10_weighted=1_learnw=0,val,3456,proto,-0.027428805828094482,0.042177632451057434,-0.1919476196169853,-0.10698019117116926,-0.16132421791553497,-0.006763593293726444,-0.0004970275767846035,0.98125,-0.025646889582276344,-8.808911661617458e-05,0.0016938266344368458,0.0276933740824461,0.08976124972105026,0.14238344132900238,0.6707501411437988,0.0,0.0,0.0,0.0,,,cvar,/Users/yaniszaim/deephedging/.deephedging_real_runs/final_paper_notebook/panel_sweeps/XLE_full_paper_grid_800_step_robust/model_artifacts/seed_3456/risk_cvar/proto_source_vanilla_k_10_weighted_1_learnw_0,28.0,0.10336772815790028,val_loss,0.007486316375434399,0.07782849669456482,0.0,0.0,480.0,20.0,2.0,vanilla,10.0,True,False,0.08214317262172699,0.1337641328573227
proto_source=vanilla_k=10_weighted=1_learnw=0,test,3456,proto,-0.03176373615860939,0.04868931695818901,-0.2400933563709259,-0.11635295301675797,-0.18613724410533905,-0.008428806439042091,-0.00048584959586150944,0.9812889812889813,-0.030152933672070503,-7.697549335716758e-06,0.0016031020786613226,0.026518316939473152,0.08984474837779999,0.1417979598045349,0.6655557155609131,0.0,0.0,0.0,0.0,,,cvar,/Users/yaniszaim/deephedging/.deephedging_real_runs/final_paper_notebook/panel_sweeps/XLE_full_paper_grid_800_step_robust/model_artifacts/seed_3456/risk_cvar/proto_source_vanilla_k_10_weighted_1_learnw_0,28.0,0.10336772815790028,val_loss,0.007486316375434399,0.07782849669456482,0.0,0.0,481.0,20.0,2.0,vanilla,10.0,True,False,0.08214317262172699,0.1337641328573227
proto_source=vanilla_k=25_weighted=0_learnw=0,train,3456,proto,-0.03000105358660221,0.04710468277335167,-0.21151231333613396,-0.11676381602883339,-0.17904870212078094,-0.005292619112879038,0.0002325368848687491,0.9183035714285714,-0.029871709644794464,8.775918831815943e-05,0.00021710642613470554,0.010525869205594063,0.08856315910816193,0.08537813276052475,0.33432668447494507,0.0,0.0,0.0,0.0,,,cvar,/Users/yaniszaim/deephedging/.deephedging_real_runs/final_paper_notebook/panel_sweeps/XLE_full_paper_grid_800_step_robust/model_artifacts/seed_3456/risk_cvar/proto_source_vanilla_k_25_weighted_0_learnw_0,5.0,0.1031237557483837,val_loss,0.00923906173557043,0.09839532524347305,0.0,0.0,2240.0,20.0,2.0,vanilla,25.0,False,False,0.08073453605175018,0.1579260528087616
proto_source=vanilla_k=25_weighted=0_learnw=0,val,3456,proto,-0.025892045348882675,0.04244931414723396,-0.19167952373623848,-0.10541787482798098,-0.16063708066940308,-0.0028277653036639094,0.0002908178794314149,0.9125,-0.025646889582276344,-2.6816904210136272e-05,0.00021833986102137715,0.010592049919068813,0.08076171576976776,0.0848870500922203,0.3337509036064148,0.0,0.0,0.0,0.0,,,cvar,/Users/yaniszaim/deephedging/.deephedging_real_runs/final_paper_notebook/panel_sweeps/XLE_full_paper_grid_800_step_robust/model_artifacts/seed_3456/risk_cvar/proto_source_vanilla_k_25_weighted_0_learnw_0,5.0,0.1031237557483837,val_loss,0.00923906173557043,0.09839532524347305,0.0,0.0,480.0,20.0,2.0,vanilla,25.0,False,False,0.08073453605175018,0.1579260528087616
proto_source=vanilla_k=25_weighted=0_learnw=0,test,3456,proto,-0.030261117964982986,0.048852622509002686,-0.24067252576351167,-0.11590615659952164,-0.18533387780189514,-0.005075227934867144,0.000242890979279764,0.9168399168399168,-0.030152933672070503,0.00010830308019649237,0.00021648530673701316,0.010524704121053219,0.08946921676397324,0.08549738675355911,0.33414894342422485,0.0,0.0,0.0,0.0,,,cvar,/Users/yaniszaim/deephedging/.deephedging_real_runs/final_paper_notebook/panel_sweeps/XLE_full_paper_grid_800_step_robust/model_artifacts/seed_3456/risk_cvar/proto_source_vanilla_k_25_weighted_0_learnw_0,5.0,0.1031237557483837,val_loss,0.00923906173557043,0.09839532524347305,0.0,0.0,481.0,20.0,2.0,vanilla,25.0,False,False,0.08073453605175018,0.1579260528087616
proto_source=vanilla_k=25_weighted=1_learnw=0,train,3456,proto,-0.030178871005773544,0.04723407328128815,-0.21258570969104768,-0.11763318143785,-0.17963562905788422,-0.005704111885279417,0.0008345090958755446,0.8879464285714286,-0.029871709644794464,6.166328239487484e-05,0.00036882402491755784,0.013583834283053875,0.11118126660585403,0.10576921701431274,0.3578583300113678,0.0,0.0,0.0,0.0,,,cvar,/Users/yaniszaim/deephedging/.deephedging_real_runs/final_paper_notebook/panel_sweeps/XLE_full_paper_grid_800_step_robust/model_artifacts/seed_3456/risk_cvar/proto_source_vanilla_k_25_weighted_1_learnw_0,5.0,0.10318754205014558,val_loss,0.009996416978538036,0.1046217754483223,0.0,0.0,2240.0,20.0,2.0,vanilla,25.0,True,False,0.09224564582109451,0.16434115171432495
proto_source=vanilla_k=25_weighted=1_learnw=0,val,3456,proto,-0.025990920141339302,0.04247214272618294,-0.1919697816669941,-0.10462655499577521,-0.16070948541164398,-0.0037097041495144367,0.0008770636544795608,0.8770833333333333,-0.025646889582276344,2.5796132831601426e-05,0.000369824847439304,0.01362309418618679,0.11118116229772568,0.10586922615766525,0.3594801723957062,0.0,0.0,0.0,0.0,,,cvar,/Users/yaniszaim/deephedging/.deephedging_real_runs/final_paper_notebook/panel_sweeps/XLE_full_paper_grid_800_step_robust/model_artifacts/seed_3456/risk_cvar/proto_source_vanilla_k_25_weighted_1_learnw_0,5.0,0.10318754205014558,val_loss,0.009996416978538036,0.1046217754483223,0.0,0.0,480.0,20.0,2.0,vanilla,25.0,True,False,0.09224564582109451,0.16434115171432495
proto_source=vanilla_k=25_weighted=1_learnw=0,test,3456,proto,-0.030418721958994865,0.04894454404711723,-0.24141057431697846,-0.11587746441364288,-0.18584544956684113,-0.005649049766361713,0.0007992566097527742,0.8877338877338877,-0.030152933672070503,0.00010056169412564486,0.00036634638672694564,0.013556213118135929,0.11118129640817642,0.10586652159690857,0.35514533519744873,0.0,0.0,0.0,0.0,,,cvar,/Users/yaniszaim/deephedging/.deephedging_real_runs/final_paper_notebook/panel_sweeps/XLE_full_paper_grid_800_step_robust/model_artifacts/seed_3456/risk_cvar/proto_source_vanilla_k_25_weighted_1_learnw_0,5.0,0.10318754205014558,val_loss,0.009996416978538036,0.1046217754483223,0.0,0.0,481.0,20.0,2.0,vanilla,25.0,True,False,0.09224564582109451,0.16434115171432495
proto_source=vanilla_k=50_weighted=0_learnw=0,train,3456,proto,-0.030481675639748573,0.04617678001523018,-0.20874930620193483,-0.11671519875526429,-0.17587244510650635,-0.006696946220472455,0.00013566856505349266,0.9415178571428572,-0.029871709644794464,0.0002816497581079602,0.0008916174410842359,0.0221357773989439,0.5734620094299316,0.1396244317293167,1.0,0.002332589285714286,0.002332589285714286,0.0,0.011160714285714286,,,cvar,/Users/yaniszaim/deephedging/.deephedging_real_runs/final_paper_notebook/panel_sweeps/XLE_full_paper_grid_800_step_robust/model_artifacts/seed_3456/risk_cvar/proto_source_vanilla_k_50_weighted_0_learnw_0,671.0,0.10377354576159269,val_loss,0.013976202346384525,0.14573906362056732,0.000625,0.0020833333333333333,2240.0,20.0,2.0,vanilla,50.0,False,False,0.09869620203971863,0.6888444423675537
proto_source=vanilla_k=50_weighted=0_learnw=0,val,3456,proto,-0.026348046958446503,0.04157203435897827,-0.19104317292571069,-0.1041952658444643,-0.1566305011510849,-0.0049121573101729155,0.00014767856337129972,0.9354166666666667,-0.025646889582276344,0.0001580146054038778,0.0008591736550442874,0.021700985729694366,0.5604426860809326,0.13606692850589752,1.0,0.0013020833333333333,0.0013020833333333333,0.0,0.00625,,,cvar,/Users/yaniszaim/deephedging/.deephedging_real_runs/final_paper_notebook/panel_sweeps/XLE_full_paper_grid_800_step_robust/model_artifacts/seed_3456/risk_cvar/proto_source_vanilla_k_50_weighted_0_learnw_0,671.0,0.10377354576159269,val_loss,0.013976202346384525,0.14573906362056732,0.000625,0.0020833333333333333,480.0,20.0,2.0,vanilla,50.0,False,False,0.09869620203971863,0.6888444423675537
proto_source=vanilla_k=50_weighted=0_learnw=0,test,3456,proto,-0.031067105010151863,0.04870111867785454,-0.23658230900764465,-0.11834748834371567,-0.1866891086101532,-0.006668892689049244,2.663809573277831e-05,0.9480249480249481,-0.030152933672070503,-1.3208965356170665e-05,0.0009009609930217266,0.02235381118953228,0.5563589930534363,0.14274217188358307,1.0,0.005457380457380458,0.005457380457380458,0.0,0.02286902286902287,,,cvar,/Users/yaniszaim/deephedging/.deephedging_real_runs/final_paper_notebook/panel_sweeps/XLE_full_paper_grid_800_step_robust/model_artifacts/seed_3456/risk_cvar/proto_source_vanilla_k_50_weighted_0_learnw_0,671.0,0.10377354576159269,val_loss,0.013976202346384525,0.14573906362056732,0.000625,0.0020833333333333333,481.0,20.0,2.0,vanilla,50.0,False,False,0.09869620203971863,0.6888444423675537
proto_source=vanilla_k=50_weighted=1_learnw=0,train,3456,proto,-0.030309895053505898,0.04823155328631401,-0.215073394626379,-0.11922482326626778,-0.1827240288257599,-0.004818582441657782,0.0012316579057369368,0.8294642857142858,-0.029871709644794464,-1.6254361980827525e-05,0.00042193560511805117,0.008276254869997501,0.10509711503982544,0.09331481903791428,0.16565579175949097,0.0,0.0,0.0,0.0,,,cvar,/Users/yaniszaim/deephedging/.deephedging_real_runs/final_paper_notebook/panel_sweeps/XLE_full_paper_grid_800_step_robust/model_artifacts/seed_3456/risk_cvar/proto_source_vanilla_k_50_weighted_1_learnw_0,4.0,0.10329370250692592,val_loss,0.004772092681378126,0.048678793013095856,0.0,0.0,2240.0,20.0,2.0,vanilla,50.0,True,False,0.10446441918611526,0.17135150730609894
proto_source=vanilla_k=50_weighted=1_learnw=0,val,3456,proto,-0.02604016847908497,0.043403953313827515,-0.19478787928819657,-0.10589836202561854,-0.16364000737667084,-0.002863342291675508,0.0014691099931951575,0.8145833333333333,-0.025646889582276344,2.7852085622726008e-05,0.0004211322811897844,0.008283291012048721,0.10495215654373169,0.09345553070306778,0.16551083326339722,0.0,0.0,0.0,0.0,,,cvar,/Users/yaniszaim/deephedging/.deephedging_real_runs/final_paper_notebook/panel_sweeps/XLE_full_paper_grid_800_step_robust/model_artifacts/seed_3456/risk_cvar/proto_source_vanilla_k_50_weighted_1_learnw_0,4.0,0.10329370250692592,val_loss,0.004772092681378126,0.048678793013095856,0.0,0.0,480.0,20.0,2.0,vanilla,50.0,True,False,0.10446441918611526,0.17135150730609894
proto_source=vanilla_k=50_weighted=1_learnw=0,test,3456,proto,-0.030508823692798615,0.04986222833395004,-0.2414289355278015,-0.11765801161527634,-0.18827500939369202,-0.005266617517918348,0.0014562745345756412,0.817047817047817,-0.030152933672070503,6.45608379272744e-05,0.00042045029113069177,0.008272431790828705,0.10505085438489914,0.09323834627866745,0.16560953855514526,0.0,0.0,0.0,0.0,,,cvar,/Users/yaniszaim/deephedging/.deephedging_real_runs/final_paper_notebook/panel_sweeps/XLE_full_paper_grid_800_step_robust/model_artifacts/seed_3456/risk_cvar/proto_source_vanilla_k_50_weighted_1_learnw_0,4.0,0.10329370250692592,val_loss,0.004772092681378126,0.048678793013095856,0.0,0.0,481.0,20.0,2.0,vanilla,50.0,True,False,0.10446441918611526,0.17135150730609894
proto_source=vanilla_k=100_weighted=0_learnw=0,train,3456,proto,-0.029969248920679092,0.04522126540541649,-0.20438093081116676,-0.11341675482690335,-0.17384955286979675,-0.007451624842360616,-9.08082402020258e-05,0.9513392857142857,-0.029871709644794464,0.0002107516338583082,0.0003082937910221517,0.026993639767169952,0.05347895622253418,0.2458079308271408,0.969382643699646,0.0,0.0,0.0,0.0,,,cvar,/Users/yaniszaim/deephedging/.deephedging_real_runs/final_paper_notebook/panel_sweeps/XLE_full_paper_grid_800_step_robust/model_artifacts/seed_3456/risk_cvar/proto_source_vanilla_k_100_weighted_0_learnw_0,6.0,0.10388142288662493,val_loss,0.02705872245132923,0.24921578168869019,0.0,0.0,2240.0,20.0,2.0,vanilla,100.0,False,False,0.051037974655628204,0.12304206192493439
proto_source=vanilla_k=100_weighted=0_learnw=0,val,3456,proto,-0.026047682389616966,0.04057956114411354,-0.1854487603902817,-0.1006429024040699,-0.15573854744434357,-0.0062411564867943525,-0.00024816095392452697,0.9625,-0.025646889582276344,-9.367500751977786e-05,0.00030712029547430575,0.02700316347181797,0.053478896617889404,0.24601900577545166,0.9689918160438538,0.0,0.0,0.0,0.0,,,cvar,/Users/yaniszaim/deephedging/.deephedging_real_runs/final_paper_notebook/panel_sweeps/XLE_full_paper_grid_800_step_robust/model_artifacts/seed_3456/risk_cvar/proto_source_vanilla_k_100_weighted_0_learnw_0,6.0,0.10388142288662493,val_loss,0.02705872245132923,0.24921578168869019,0.0,0.0,480.0,20.0,2.0,vanilla,100.0,False,False,0.051037974655628204,0.12304206192493439
proto_source=vanilla_k=100_weighted=0_learnw=0,test,3456,proto,-0.030093202367424965,0.04681640863418579,-0.23129747211933135,-0.11173730343580246,-0.17920368909835815,-0.0077893477864563465,0.00012433284427970648,0.9417879417879418,-0.030152933672070503,0.0003675815532915294,0.00030784786213189363,0.02698933333158493,0.053478777408599854,0.24570535123348236,0.9687353372573853,0.0,0.0,0.0,0.0,,,cvar,/Users/yaniszaim/deephedging/.deephedging_real_runs/final_paper_notebook/panel_sweeps/XLE_full_paper_grid_800_step_robust/model_artifacts/seed_3456/risk_cvar/proto_source_vanilla_k_100_weighted_0_learnw_0,6.0,0.10388142288662493,val_loss,0.02705872245132923,0.24921578168869019,0.0,0.0,481.0,20.0,2.0,vanilla,100.0,False,False,0.051037974655628204,0.12304206192493439
proto_source=vanilla_k=100_weighted=1_learnw=0,train,3456,proto,-0.030233949422836304,0.04699283093214035,-0.21153864920139312,-0.11683064065873623,-0.17928782105445862,-0.005743695888668299,0.0007029317726846781,0.9013392857142857,-0.029871709644794464,7.198253297246993e-05,0.0004342209722381085,0.017528111115098,0.09258663654327393,0.1286056935787201,0.5335601568222046,0.0,0.0,0.0,0.0,,,cvar,/Users/yaniszaim/deephedging/.deephedging_real_runs/final_paper_notebook/panel_sweeps/XLE_full_paper_grid_800_step_robust/model_artifacts/seed_3456/risk_cvar/proto_source_vanilla_k_100_weighted_1_learnw_0,311.0,0.10347117344848812,val_loss,0.015843918547034264,0.11155690252780914,0.0,0.0,2240.0,20.0,2.0,vanilla,100.0,True,False,0.09108462929725647,0.2365691214799881
proto_source=vanilla_k=100_weighted=1_learnw=0,val,3456,proto,-0.026241859421133995,0.042262718081474304,-0.19218220844864844,-0.10668501742184161,-0.1606879085302353,-0.004485683050006628,0.000623968170839354,0.9083333333333333,-0.025646889582276344,-0.0001640470145503059,0.0004309249925427139,0.017529882490634918,0.08835230767726898,0.1286056488752365,0.45290639996528625,0.0,0.0,0.0,0.0,,,cvar,/Users/yaniszaim/deephedging/.deephedging_real_runs/final_paper_notebook/panel_sweeps/XLE_full_paper_grid_800_step_robust/model_artifacts/seed_3456/risk_cvar/proto_source_vanilla_k_100_weighted_1_learnw_0,311.0,0.10347117344848812,val_loss,0.015843918547034264,0.11155690252780914,0.0,0.0,480.0,20.0,2.0,vanilla,100.0,True,False,0.09108462929725647,0.2365691214799881
proto_source=vanilla_k=100_weighted=1_learnw=0,test,3456,proto,-0.030499722808599472,0.04872606694698334,-0.23930811882019043,-0.1162455677986145,-0.18557056784629822,-0.006621494889259338,0.0003447628696449101,0.9251559251559252,-0.030152933672070503,8.968881593318656e-05,0.000436474772868678,0.017531396821141243,0.09290404617786407,0.128118097782135,0.46155068278312683,0.0,0.0,0.0,0.0,,,cvar,/Users/yaniszaim/deephedging/.deephedging_real_runs/final_paper_notebook/panel_sweeps/XLE_full_paper_grid_800_step_robust/model_artifacts/seed_3456/risk_cvar/proto_source_vanilla_k_100_weighted_1_learnw_0,311.0,0.10347117344848812,val_loss,0.015843918547034264,0.11155690252780914,0.0,0.0,481.0,20.0,2.0,vanilla,100.0,True,False,0.09108462929725647,0.2365691214799881
