model,split,seed,model_family,gains_mean,gains_std,gains_p01,gains_p05,gains_cvar05,gains_p50,gains_p95,shortfall_prob,payoff_mean,pnl_mean,cost_mean,action_abs_mean,action_abs_max,delta_abs_mean,delta_abs_max,pct_at_any_position_bound,pct_at_upper_position_bound,pct_at_lower_position_bound,pct_paths_touch_any_position_bound,selected_band,baseline_selection_metric,risk_measure,artifact_dir,selected_epoch,selected_score,selection_metric,selected_val_action_abs_mean,selected_val_delta_abs_mean,selected_val_pct_at_any_position_bound,selected_val_pct_paths_touch_any_position_bound,n_paths,n_steps,n_inst,prototype_source,n_prototypes,weighted_similarity,learn_distance_feature_weights,proto_action_norm_mean,proto_action_norm_max
unhedged,train,1234,baseline,-0.01536688394844532,0.018470291048288345,-0.0777346694469452,-0.051332831382751465,-0.067013218998909,-0.009255170822143555,0.0,0.6495983935742972,-0.01536688394844532,0.0,0.0,0.0,0.0,0.0,0.0,0.0,0.0,0.0,0.0,,,,,,,,,,,,,,,,,,,,
spot_delta,train,1234,baseline,-0.015105845406651497,0.01719759590923786,-0.06837734706699848,-0.04774350766092539,-0.06140489876270294,-0.011360757984220982,0.004488926241174322,0.839859437751004,-0.01536688394844532,0.0004624662396963686,0.00020142871653661132,0.02506070025265217,0.6374130249023438,0.2577696144580841,0.6374130249023438,0.0,0.0,0.0,0.0,,,,,,,,,,,,,,,,,,,,
spot_delta_band,train,1234,baseline,-0.015105845406651497,0.01719759590923786,-0.06837734706699848,-0.04774350766092539,-0.06140489876270294,-0.011360757984220982,0.004488926241174322,0.839859437751004,-0.01536688394844532,0.0004624662396963686,0.00020142871653661132,0.02506070025265217,0.6374130249023438,0.2577696144580841,0.6374130249023438,0.0,0.0,0.0,0.0,0.0,gains_mean,,,,,,,,,,,,,,,,,,
unhedged,val,1234,baseline,-0.01593608222901821,0.018924172967672348,-0.0729745626449585,-0.049447447061538696,-0.0686776340007782,-0.011078357696533203,-0.0,0.6854460093896714,-0.01593608222901821,0.0,0.0,0.0,0.0,0.0,0.0,0.0,0.0,0.0,0.0,,,,,,,,,,,,,,,,,,,,
spot_delta,val,1234,baseline,-0.015338147059082985,0.017854053527116776,-0.06838659569621086,-0.0494843702763319,-0.06364033371210098,-0.011327831074595451,0.004434894188307226,0.8615023474178404,-0.01593608222901821,0.0008001625537872314,0.00020222700550220907,0.02515173889696598,0.6312080025672913,0.2578669488430023,0.6312080025672913,0.0,0.0,0.0,0.0,,,,,,,,,,,,,,,,,,,,
spot_delta_band,val,1234,baseline,-0.015338147059082985,0.017854053527116776,-0.06838659569621086,-0.0494843702763319,-0.06364033371210098,-0.011327831074595451,0.004434894188307226,0.8615023474178404,-0.01593608222901821,0.0008001625537872314,0.00020222700550220907,0.02515173889696598,0.6312080025672913,0.2578669488430023,0.6312080025672913,0.0,0.0,0.0,0.0,0.0,gains_mean,,,,,,,,,,,,,,,,,,
unhedged,test,1234,baseline,-0.015225479379296303,0.019033409655094147,-0.08826068401336669,-0.05119036436080932,-0.07039803266525269,-0.008971035480499268,-0.0,0.6355140186915887,-0.015225479379296303,0.0,0.0,0.0,0.0,0.0,0.0,0.0,0.0,0.0,0.0,,,,,,,,,,,,,,,,,,,,
spot_delta,test,1234,baseline,-0.015304431319236755,0.01788533478975296,-0.07681870348751545,-0.0482866957783699,-0.06585375219583511,-0.011419462971389294,0.00535583004821091,0.8364485981308412,-0.015225479379296303,0.00011368362174835056,0.00019263653666712344,0.02399340458214283,0.6284639835357666,0.2577458918094635,0.6312080025672913,0.0,0.0,0.0,0.0,,,,,,,,,,,,,,,,,,,,
spot_delta_band,test,1234,baseline,-0.015304431319236755,0.01788533478975296,-0.07681870348751545,-0.0482866957783699,-0.06585375219583511,-0.011419462971389294,0.00535583004821091,0.8364485981308412,-0.015225479379296303,0.00011368362174835056,0.00019263653666712344,0.02399340458214283,0.6284639835357666,0.2577458918094635,0.6312080025672913,0.0,0.0,0.0,0.0,0.0,gains_mean,,,,,,,,,,,,,,,,,,
vanilla,train,1234,vanilla,-0.015163046307861805,0.017552006989717484,-0.07495481878519059,-0.049333726242184635,-0.0645839273929596,-0.008907586801797152,4.487837868509759e-05,0.9407630522088354,-0.01536688394844532,0.000347425346262753,0.0001435882004443556,0.012526076287031174,0.026727858930826187,0.1363908350467682,0.49247267842292786,0.0,0.0,0.0,0.0,,,cvar,/Users/yaniszaim/deephedging/.deephedging_real_runs/final_paper_asian_panel/panel_sweeps/XLK_full_paper_grid_800_asian_call_step_robust/model_artifacts/seed_1234/risk_cvar/vanilla,36.0,0.06026595238596201,val_loss,0.012838281691074371,0.1411464661359787,0.0,0.0,1992.0,20.0,2.0,,,,,,
vanilla,val,1234,vanilla,-0.01566017046570778,0.01803785376250744,-0.07037288509309292,-0.047612207010388374,-0.06623850762844086,-0.010698176920413971,0.0001225756532221567,0.9295774647887324,-0.01593608222901821,0.0004199134709779173,0.0001440011983504519,0.012528874911367893,0.02657907083630562,0.13643668591976166,0.49184873700141907,0.0,0.0,0.0,0.0,,,cvar,/Users/yaniszaim/deephedging/.deephedging_real_runs/final_paper_asian_panel/panel_sweeps/XLK_full_paper_grid_800_asian_call_step_robust/model_artifacts/seed_1234/risk_cvar/vanilla,36.0,0.06026595238596201,val_loss,0.012838281691074371,0.1411464661359787,0.0,0.0,426.0,20.0,2.0,,,,,,
vanilla,test,1234,vanilla,-0.01499047689139843,0.0181350689381361,-0.08611642032861709,-0.04893363639712334,-0.06804855912923813,-0.008857290726155043,0.00011778704574680833,0.9369158878504673,-0.015225479379296303,0.00037873972905799747,0.00014373677549883723,0.01253066398203373,0.026609905064105988,0.13645386695861816,0.4903492033481598,0.0,0.0,0.0,0.0,,,cvar,/Users/yaniszaim/deephedging/.deephedging_real_runs/final_paper_asian_panel/panel_sweeps/XLK_full_paper_grid_800_asian_call_step_robust/model_artifacts/seed_1234/risk_cvar/vanilla,36.0,0.06026595238596201,val_loss,0.012838281691074371,0.1411464661359787,0.0,0.0,428.0,20.0,2.0,,,,,,
proto_source=spot_delta_k=10_weighted=0_learnw=0,train,1234,proto,-0.014959679916501045,0.01748519018292427,-0.07245267599821091,-0.049323647283017635,-0.06261848658323288,-0.01041826931759715,0.004260356677696106,0.8433734939759037,-0.01536688394844532,0.0007900258060544729,0.00038282209425233305,0.04684730991721153,0.45775073766708374,0.1734609603881836,0.9568547010421753,0.0,0.0,0.0,0.0,,,cvar,/Users/yaniszaim/deephedging/.deephedging_real_runs/final_paper_asian_panel/panel_sweeps/XLK_full_paper_grid_800_asian_call_step_robust/model_artifacts/seed_1234/risk_cvar/proto_source_spot_delta_k_10_weighted_0_learnw_0,230.0,0.05950173567381509,val_loss,0.028393058106303215,0.10650283843278885,0.00011737089201877934,0.002347417840375587,1992.0,20.0,2.0,spot_delta,10.0,False,False,0.1711324155330658,0.4577887952327728
proto_source=spot_delta_k=10_weighted=0_learnw=0,val,1234,proto,-0.015442932955920696,0.01828552968800068,-0.07114136032760143,-0.04807764291763306,-0.0635598823428154,-0.012361608445644379,0.003984524228144437,0.8755868544600939,-0.01593608222901821,0.0008782228687778115,0.00038507531280629337,0.047003574669361115,0.4577547609806061,0.1735830008983612,1.0,5.868544600938967e-05,0.0,5.868544600938967e-05,0.002347417840375587,,,cvar,/Users/yaniszaim/deephedging/.deephedging_real_runs/final_paper_asian_panel/panel_sweeps/XLK_full_paper_grid_800_asian_call_step_robust/model_artifacts/seed_1234/risk_cvar/proto_source_spot_delta_k_10_weighted_0_learnw_0,230.0,0.05950173567381509,val_loss,0.028393058106303215,0.10650283843278885,0.00011737089201877934,0.002347417840375587,426.0,20.0,2.0,spot_delta,10.0,False,False,0.1711324155330658,0.4577887952327728
proto_source=spot_delta_k=10_weighted=0_learnw=0,test,1234,proto,-0.014859967865049839,0.017310261726379395,-0.07434498272836208,-0.048587065748870374,-0.06354542076587677,-0.009363206569105387,0.003542506776284419,0.8785046728971962,-0.015225479379296303,0.0007471023709513247,0.0003815914096776396,0.04669259861111641,0.45656123757362366,0.17383979260921478,0.9203274250030518,0.0,0.0,0.0,0.0,,,cvar,/Users/yaniszaim/deephedging/.deephedging_real_runs/final_paper_asian_panel/panel_sweeps/XLK_full_paper_grid_800_asian_call_step_robust/model_artifacts/seed_1234/risk_cvar/proto_source_spot_delta_k_10_weighted_0_learnw_0,230.0,0.05950173567381509,val_loss,0.028393058106303215,0.10650283843278885,0.00011737089201877934,0.002347417840375587,428.0,20.0,2.0,spot_delta,10.0,False,False,0.1711324155330658,0.4577887952327728
proto_source=spot_delta_k=10_weighted=1_learnw=0,train,1234,proto,-0.014942571520805359,0.0169452466070652,-0.06961954645812511,-0.047778118215501306,-0.06180454418063164,-0.009370882529765368,0.0012337539170403033,0.8865461847389559,-0.01536688394844532,0.0005995980463922024,0.0001752856478560716,0.021528778597712517,0.24746620655059814,0.1640280783176422,0.5705748200416565,0.0,0.0,0.0,0.0,,,cvar,/Users/yaniszaim/deephedging/.deephedging_real_runs/final_paper_asian_panel/panel_sweeps/XLK_full_paper_grid_800_asian_call_step_robust/model_artifacts/seed_1234/risk_cvar/proto_source_spot_delta_k_10_weighted_1_learnw_0,35.0,0.05959857358597219,val_loss,0.019915936514735222,0.1529259830713272,0.0,0.0,1992.0,20.0,2.0,spot_delta,10.0,True,False,0.09039723128080368,0.2556665241718292
proto_source=spot_delta_k=10_weighted=1_learnw=0,val,1234,proto,-0.015361486934125423,0.017230939120054245,-0.06773600727319717,-0.046192881651222706,-0.06302012503147125,-0.010883389040827751,0.0012394846125971526,0.892018779342723,-0.01593608222901821,0.0007499106577597558,0.0001753152464516461,0.02150305174291134,0.24994248151779175,0.16416272521018982,0.5412447452545166,0.0,0.0,0.0,0.0,,,cvar,/Users/yaniszaim/deephedging/.deephedging_real_runs/final_paper_asian_panel/panel_sweeps/XLK_full_paper_grid_800_asian_call_step_robust/model_artifacts/seed_1234/risk_cvar/proto_source_spot_delta_k_10_weighted_1_learnw_0,35.0,0.05959857358597219,val_loss,0.019915936514735222,0.1529259830713272,0.0,0.0,426.0,20.0,2.0,spot_delta,10.0,True,False,0.09039723128080368,0.2556665241718292
proto_source=spot_delta_k=10_weighted=1_learnw=0,test,1234,proto,-0.015081200748682022,0.017413686960935593,-0.08166512086987496,-0.046694094128906724,-0.06555724889039993,-0.009001241996884346,0.0007770857104333113,0.9018691588785047,-0.015225479379296303,0.00031820902950130403,0.00017393015150446445,0.021366145461797714,0.22462758421897888,0.16359376907348633,0.5348449349403381,0.0,0.0,0.0,0.0,,,cvar,/Users/yaniszaim/deephedging/.deephedging_real_runs/final_paper_asian_panel/panel_sweeps/XLK_full_paper_grid_800_asian_call_step_robust/model_artifacts/seed_1234/risk_cvar/proto_source_spot_delta_k_10_weighted_1_learnw_0,35.0,0.05959857358597219,val_loss,0.019915936514735222,0.1529259830713272,0.0,0.0,428.0,20.0,2.0,spot_delta,10.0,True,False,0.09039723128080368,0.2556665241718292
proto_source=spot_delta_k=25_weighted=0_learnw=0,train,1234,proto,-0.015025381930172443,0.017030343413352966,-0.07109064854681492,-0.048270621709525584,-0.062010105699300766,-0.00918217608705163,0.0014391053991857884,0.8775100401606426,-0.01536688394844532,0.0004907139227725565,0.00014921301044523716,0.014803320169448853,0.26685309410095215,0.17984986305236816,1.0,1.2550200803212852e-05,0.0,1.2550200803212852e-05,0.000502008032128514,,,cvar,/Users/yaniszaim/deephedging/.deephedging_real_runs/final_paper_asian_panel/panel_sweeps/XLK_full_paper_grid_800_asian_call_step_robust/model_artifacts/seed_1234/risk_cvar/proto_source_spot_delta_k_25_weighted_0_learnw_0,230.0,0.05934867388103158,val_loss,0.009453576989471912,0.11283381283283234,0.0,0.0,1992.0,20.0,2.0,spot_delta,25.0,False,False,0.11150158196687698,0.3392524719238281
proto_source=spot_delta_k=25_weighted=0_learnw=0,val,1234,proto,-0.014920801855623722,0.017496423795819283,-0.0695444792509079,-0.048746248707175255,-0.0630415678024292,-0.010254113003611565,0.0014950812619645149,0.8849765258215962,-0.01593608222901821,0.0011754424776881933,0.00016016240988392383,0.015575001947581768,0.2668032944202423,0.1797410249710083,0.806771457195282,0.0,0.0,0.0,0.0,,,cvar,/Users/yaniszaim/deephedging/.deephedging_real_runs/final_paper_asian_panel/panel_sweeps/XLK_full_paper_grid_800_asian_call_step_robust/model_artifacts/seed_1234/risk_cvar/proto_source_spot_delta_k_25_weighted_0_learnw_0,230.0,0.05934867388103158,val_loss,0.009453576989471912,0.11283381283283234,0.0,0.0,426.0,20.0,2.0,spot_delta,25.0,False,False,0.11150158196687698,0.3392524719238281
proto_source=spot_delta_k=25_weighted=0_learnw=0,test,1234,proto,-0.014992616139352322,0.017240485176444054,-0.07349563650786876,-0.049737030640244484,-0.0647410973906517,-0.009158632718026638,0.0009323675330961122,0.9018691588785047,-0.015225479379296303,0.0003942189796362072,0.0001613557105883956,0.015325458720326424,0.26681268215179443,0.1803358644247055,1.0,5.841121495327103e-05,0.0,5.841121495327103e-05,0.002336448598130841,,,cvar,/Users/yaniszaim/deephedging/.deephedging_real_runs/final_paper_asian_panel/panel_sweeps/XLK_full_paper_grid_800_asian_call_step_robust/model_artifacts/seed_1234/risk_cvar/proto_source_spot_delta_k_25_weighted_0_learnw_0,230.0,0.05934867388103158,val_loss,0.009453576989471912,0.11283381283283234,0.0,0.0,428.0,20.0,2.0,spot_delta,25.0,False,False,0.11150158196687698,0.3392524719238281
proto_source=spot_delta_k=25_weighted=1_learnw=0,train,1234,proto,-0.015500178560614586,0.017894001677632332,-0.07490712031722069,-0.05019980780780315,-0.06513576209545135,-0.009351739659905434,-0.00023413388407789198,0.9909638554216867,-0.01536688394844532,0.00019189197337254882,0.00032518774969503284,0.009147215634584427,0.07801485061645508,0.09419034421443939,0.4774985611438751,0.0,0.0,0.0,0.0,,,cvar,/Users/yaniszaim/deephedging/.deephedging_real_runs/final_paper_asian_panel/panel_sweeps/XLK_full_paper_grid_800_asian_call_step_robust/model_artifacts/seed_1234/risk_cvar/proto_source_spot_delta_k_25_weighted_1_learnw_0,10.0,0.06001143553759903,val_loss,0.01547913532704115,0.16898338496685028,0.0,0.0,1992.0,20.0,2.0,spot_delta,25.0,True,False,0.07893390953540802,0.1710614264011383
proto_source=spot_delta_k=25_weighted=1_learnw=0,val,1234,proto,-0.01605846919119358,0.018493521958589554,-0.07272539287805557,-0.04957997798919678,-0.06765919178724289,-0.01124895317479968,-0.00020576781025738455,0.9859154929577465,-0.01593608222901821,0.00020438310457393527,0.00032677131821401417,0.009266212582588196,0.09678266942501068,0.09465803951025009,0.4669063985347748,0.0,0.0,0.0,0.0,,,cvar,/Users/yaniszaim/deephedging/.deephedging_real_runs/final_paper_asian_panel/panel_sweeps/XLK_full_paper_grid_800_asian_call_step_robust/model_artifacts/seed_1234/risk_cvar/proto_source_spot_delta_k_25_weighted_1_learnw_0,10.0,0.06001143553759903,val_loss,0.01547913532704115,0.16898338496685028,0.0,0.0,426.0,20.0,2.0,spot_delta,25.0,True,False,0.07893390953540802,0.1710614264011383
proto_source=spot_delta_k=25_weighted=1_learnw=0,test,1234,proto,-0.015257472172379494,0.01824071630835533,-0.0861755558848381,-0.04863060303032398,-0.06762319803237915,-0.009178777690976858,-0.0001945589261595162,0.9813084112149533,-0.015225479379296303,0.0002937048557214439,0.00032569890026934445,0.00921225268393755,0.07314750552177429,0.09399350732564926,0.46860751509666443,0.0,0.0,0.0,0.0,,,cvar,/Users/yaniszaim/deephedging/.deephedging_real_runs/final_paper_asian_panel/panel_sweeps/XLK_full_paper_grid_800_asian_call_step_robust/model_artifacts/seed_1234/risk_cvar/proto_source_spot_delta_k_25_weighted_1_learnw_0,10.0,0.06001143553759903,val_loss,0.01547913532704115,0.16898338496685028,0.0,0.0,428.0,20.0,2.0,spot_delta,25.0,True,False,0.07893390953540802,0.1710614264011383
proto_source=spot_delta_k=50_weighted=0_learnw=0,train,1234,proto,-0.014955409802496433,0.016520367935299873,-0.07011049032211304,-0.04733269065618515,-0.06125851720571518,-0.0090980832464993,0.000618444295832886,0.9146586345381527,-0.01536688394844532,0.0005912113701924682,0.00017973750072997063,0.017672015354037285,0.1664125621318817,0.23264630138874054,1.0,3.765060240963856e-05,0.0,3.765060240963856e-05,0.000502008032128514,,,cvar,/Users/yaniszaim/deephedging/.deephedging_real_runs/final_paper_asian_panel/panel_sweeps/XLK_full_paper_grid_800_asian_call_step_robust/model_artifacts/seed_1234/risk_cvar/proto_source_spot_delta_k_50_weighted_0_learnw_0,19.0,0.059527166708298204,val_loss,0.016970211640000343,0.19320416450500488,0.00029342723004694836,0.004694835680751174,1992.0,20.0,2.0,spot_delta,50.0,False,False,0.07240871340036392,0.17223630845546722
proto_source=spot_delta_k=50_weighted=0_learnw=0,val,1234,proto,-0.015391192398965359,0.016585711389780045,-0.06549621559679508,-0.0454994747415185,-0.061547573655843735,-0.01076329592615366,0.0004757456554216333,0.9178403755868545,-0.01593608222901821,0.0007350264932028949,0.00019013667770195752,0.01789833977818489,0.17212143540382385,0.23351334035396576,0.9535188674926758,0.0,0.0,0.0,0.0,,,cvar,/Users/yaniszaim/deephedging/.deephedging_real_runs/final_paper_asian_panel/panel_sweeps/XLK_full_paper_grid_800_asian_call_step_robust/model_artifacts/seed_1234/risk_cvar/proto_source_spot_delta_k_50_weighted_0_learnw_0,19.0,0.059527166708298204,val_loss,0.016970211640000343,0.19320416450500488,0.00029342723004694836,0.004694835680751174,426.0,20.0,2.0,spot_delta,50.0,False,False,0.07240871340036392,0.17223630845546722
proto_source=spot_delta_k=50_weighted=0_learnw=0,test,1234,proto,-0.014937304891645908,0.016841396689414978,-0.0752297593653202,-0.046354797668755054,-0.06364753097295761,-0.008647621143609285,0.000367942961747758,0.9322429906542056,-0.015225479379296303,0.00046777495299465954,0.00017960052355192602,0.01770305633544922,0.14116325974464417,0.23235033452510834,0.980065643787384,0.0,0.0,0.0,0.0,,,cvar,/Users/yaniszaim/deephedging/.deephedging_real_runs/final_paper_asian_panel/panel_sweeps/XLK_full_paper_grid_800_asian_call_step_robust/model_artifacts/seed_1234/risk_cvar/proto_source_spot_delta_k_50_weighted_0_learnw_0,19.0,0.059527166708298204,val_loss,0.016970211640000343,0.19320416450500488,0.00029342723004694836,0.004694835680751174,428.0,20.0,2.0,spot_delta,50.0,False,False,0.07240871340036392,0.17223630845546722
proto_source=spot_delta_k=50_weighted=1_learnw=0,train,1234,proto,-0.01500164158642292,0.01621084474027157,-0.0684417226165533,-0.046594285592436786,-0.060438670217990875,-0.009339865762740374,0.00046870344376656543,0.929718875502008,-0.01536688394844532,0.0006392123177647591,0.00027397103258408606,0.019315604120492935,0.23427321016788483,0.2594093382358551,0.657884418964386,0.0,0.0,0.0,0.0,,,cvar,/Users/yaniszaim/deephedging/.deephedging_real_runs/final_paper_asian_panel/panel_sweeps/XLK_full_paper_grid_800_asian_call_step_robust/model_artifacts/seed_1234/risk_cvar/proto_source_spot_delta_k_50_weighted_1_learnw_0,22.0,0.05965538265183568,val_loss,0.017491493374109268,0.20088522136211395,0.0,0.0,1992.0,20.0,2.0,spot_delta,50.0,True,False,0.07578995078802109,0.23427407443523407
proto_source=spot_delta_k=50_weighted=1_learnw=0,val,1234,proto,-0.01536849606782198,0.016441339626908302,-0.06687221489846706,-0.04518019314855337,-0.06110424920916557,-0.011148303281515837,0.00035650488280225545,0.92018779342723,-0.01593608222901821,0.000835096463561058,0.0002675106225069612,0.019395850598812103,0.23427242040634155,0.25879624485969543,0.7612572908401489,0.0,0.0,0.0,0.0,,,cvar,/Users/yaniszaim/deephedging/.deephedging_real_runs/final_paper_asian_panel/panel_sweeps/XLK_full_paper_grid_800_asian_call_step_robust/model_artifacts/seed_1234/risk_cvar/proto_source_spot_delta_k_50_weighted_1_learnw_0,22.0,0.05965538265183568,val_loss,0.017491493374109268,0.20088522136211395,0.0,0.0,426.0,20.0,2.0,spot_delta,50.0,True,False,0.07578995078802109,0.23427407443523407
proto_source=spot_delta_k=50_weighted=1_learnw=0,test,1234,proto,-0.015057587064802647,0.016437621787190437,-0.074556705057621,-0.047858520224690435,-0.06287519633769989,-0.008868010714650154,2.20326357521116e-05,0.9439252336448598,-0.015225479379296303,0.0004432070127222687,0.0002753152512013912,0.019254639744758606,0.23426589369773865,0.25838127732276917,0.64955073595047,0.0,0.0,0.0,0.0,,,cvar,/Users/yaniszaim/deephedging/.deephedging_real_runs/final_paper_asian_panel/panel_sweeps/XLK_full_paper_grid_800_asian_call_step_robust/model_artifacts/seed_1234/risk_cvar/proto_source_spot_delta_k_50_weighted_1_learnw_0,22.0,0.05965538265183568,val_loss,0.017491493374109268,0.20088522136211395,0.0,0.0,428.0,20.0,2.0,spot_delta,50.0,True,False,0.07578995078802109,0.23427407443523407
proto_source=spot_delta_k=100_weighted=0_learnw=0,train,1234,proto,-0.014788996428251266,0.01613970845937729,-0.06764326497912407,-0.046176789328455925,-0.059991851449012756,-0.009158622473478317,0.0005590639659203568,0.929718875502008,-0.01536688394844532,0.0007705032476224005,0.0001926152763189748,0.021853065118193626,0.20673170685768127,0.29225027561187744,1.0,0.00010040160642570282,0.0,0.00010040160642570282,0.0015060240963855422,,,cvar,/Users/yaniszaim/deephedging/.deephedging_real_runs/final_paper_asian_panel/panel_sweeps/XLK_full_paper_grid_800_asian_call_step_robust/model_artifacts/seed_1234/risk_cvar/proto_source_spot_delta_k_100_weighted_0_learnw_0,46.0,0.05968622821182048,val_loss,0.022940540686249733,0.24660392105579376,0.0005868544600938967,0.002347417840375587,1992.0,20.0,2.0,spot_delta,100.0,False,False,0.08577824383974075,0.226854145526886
proto_source=spot_delta_k=100_weighted=0_learnw=0,val,1234,proto,-0.01511988416314125,0.016626374796032906,-0.06587694585323334,-0.044893997721374035,-0.06102331727743149,-0.010566242970526218,0.00034504447830840945,0.9295774647887324,-0.01593608222901821,0.0010133320465683937,0.00019713466463144869,0.022304929792881012,0.20673169195652008,0.29129379987716675,1.0,0.00046948356807511736,0.0,0.00046948356807511736,0.002347417840375587,,,cvar,/Users/yaniszaim/deephedging/.deephedging_real_runs/final_paper_asian_panel/panel_sweeps/XLK_full_paper_grid_800_asian_call_step_robust/model_artifacts/seed_1234/risk_cvar/proto_source_spot_delta_k_100_weighted_0_learnw_0,46.0,0.05968622821182048,val_loss,0.022940540686249733,0.24660392105579376,0.0005868544600938967,0.002347417840375587,426.0,20.0,2.0,spot_delta,100.0,False,False,0.08577824383974075,0.226854145526886
proto_source=spot_delta_k=100_weighted=0_learnw=0,test,1234,proto,-0.014864468015730381,0.016083864495158195,-0.06777350045740604,-0.04611530732363463,-0.062123868614435196,-0.00878050597384572,0.00023524745265603926,0.9345794392523364,-0.015225479379296303,0.0005564663442783058,0.00019545620307326317,0.022117702290415764,0.2067316770553589,0.2921725809574127,1.0,5.841121495327103e-05,0.0,5.841121495327103e-05,0.002336448598130841,,,cvar,/Users/yaniszaim/deephedging/.deephedging_real_runs/final_paper_asian_panel/panel_sweeps/XLK_full_paper_grid_800_asian_call_step_robust/model_artifacts/seed_1234/risk_cvar/proto_source_spot_delta_k_100_weighted_0_learnw_0,46.0,0.05968622821182048,val_loss,0.022940540686249733,0.24660392105579376,0.0005868544600938967,0.002347417840375587,428.0,20.0,2.0,spot_delta,100.0,False,False,0.08577824383974075,0.226854145526886
proto_source=spot_delta_k=100_weighted=1_learnw=0,train,1234,proto,-0.014704934321343899,0.01602586917579174,-0.06772469192743301,-0.04596103820949792,-0.05935243144631386,-0.008956246078014374,0.0004826750635402275,0.9262048192771084,-0.01536688394844532,0.0008601957815699279,0.00019824650371447206,0.022461967542767525,0.3527582287788391,0.26660701632499695,0.6933665871620178,0.0,0.0,0.0,0.0,,,cvar,/Users/yaniszaim/deephedging/.deephedging_real_runs/final_paper_asian_panel/panel_sweeps/XLK_full_paper_grid_800_asian_call_step_robust/model_artifacts/seed_1234/risk_cvar/proto_source_spot_delta_k_100_weighted_1_learnw_0,76.0,0.059737209370359784,val_loss,0.024678615853190422,0.2122640460729599,0.0,0.0,1992.0,20.0,2.0,spot_delta,100.0,True,False,0.14163032174110413,0.35843437910079956
proto_source=spot_delta_k=100_weighted=1_learnw=0,val,1234,proto,-0.01506887562572956,0.015980688855051994,-0.06504425778985023,-0.044964056462049484,-0.05925649404525757,-0.010311861522495747,0.00021984970589983277,0.9389671361502347,-0.01593608222901821,0.0010701203718781471,0.00020291439432185143,0.022910868749022484,0.35259920358657837,0.2645108997821808,0.6858699917793274,0.0,0.0,0.0,0.0,,,cvar,/Users/yaniszaim/deephedging/.deephedging_real_runs/final_paper_asian_panel/panel_sweeps/XLK_full_paper_grid_800_asian_call_step_robust/model_artifacts/seed_1234/risk_cvar/proto_source_spot_delta_k_100_weighted_1_learnw_0,76.0,0.059737209370359784,val_loss,0.024678615853190422,0.2122640460729599,0.0,0.0,426.0,20.0,2.0,spot_delta,100.0,True,False,0.14163032174110413,0.35843437910079956
proto_source=spot_delta_k=100_weighted=1_learnw=0,test,1234,proto,-0.015018997713923454,0.01625392772257328,-0.07484006293118,-0.046639463678002355,-0.06265970319509506,-0.00928792916238308,0.00014260697935241856,0.9439252336448598,-0.015225479379296303,0.00040361221181228757,0.000197130415472202,0.022394821047782898,0.3493097722530365,0.2645706236362457,0.688409149646759,0.0,0.0,0.0,0.0,,,cvar,/Users/yaniszaim/deephedging/.deephedging_real_runs/final_paper_asian_panel/panel_sweeps/XLK_full_paper_grid_800_asian_call_step_robust/model_artifacts/seed_1234/risk_cvar/proto_source_spot_delta_k_100_weighted_1_learnw_0,76.0,0.059737209370359784,val_loss,0.024678615853190422,0.2122640460729599,0.0,0.0,428.0,20.0,2.0,spot_delta,100.0,True,False,0.14163032174110413,0.35843437910079956
proto_source=vanilla_k=10_weighted=0_learnw=0,train,1234,proto,-0.015051833353936672,0.015927862375974655,-0.06986896783113479,-0.046533551812171926,-0.06046079099178314,-0.009527208283543587,2.2702378919347492e-05,0.9492971887550201,-0.01536688394844532,0.0008086168672889471,0.0004935667384415865,0.029564684256911278,0.20437324047088623,0.39473843574523926,1.0,0.20717871485943776,0.20717871485943776,0.0,1.0,,,cvar,/Users/yaniszaim/deephedging/.deephedging_real_runs/final_paper_asian_panel/panel_sweeps/XLK_full_paper_grid_800_asian_call_step_robust/model_artifacts/seed_1234/risk_cvar/proto_source_vanilla_k_10_weighted_0_learnw_0,34.0,0.08360059875264729,val_loss,0.02604888565838337,0.39610978960990906,0.2244131455399061,1.0,1992.0,20.0,2.0,vanilla,10.0,False,False,0.12143267691135406,0.20563317835330963
proto_source=vanilla_k=10_weighted=0_learnw=0,val,1234,proto,-0.015722885727882385,0.01657618209719658,-0.0650516226887703,-0.04751370847225189,-0.062217459082603455,-0.010562894400209188,-0.0005791197472717613,0.9624413145539906,-0.01593608222901821,0.0007025595405139029,0.0004893634468317032,0.029475579038262367,0.20421209931373596,0.3945726454257965,1.0,0.2078638497652582,0.2078638497652582,0.0,1.0,,,cvar,/Users/yaniszaim/deephedging/.deephedging_real_runs/final_paper_asian_panel/panel_sweeps/XLK_full_paper_grid_800_asian_call_step_robust/model_artifacts/seed_1234/risk_cvar/proto_source_vanilla_k_10_weighted_0_learnw_0,34.0,0.08360059875264729,val_loss,0.02604888565838337,0.39610978960990906,0.2244131455399061,1.0,426.0,20.0,2.0,vanilla,10.0,False,False,0.12143267691135406,0.20563317835330963
proto_source=vanilla_k=10_weighted=0_learnw=0,test,1234,proto,-0.01496138982474804,0.016576718538999557,-0.07665325313806534,-0.04548465460538864,-0.0636187419295311,-0.00923096900805831,0.0007626970676938065,0.9322429906542056,-0.015225479379296303,0.0007601449033245444,0.00049605529056862,0.029643146321177483,0.20429855585098267,0.39484304189682007,1.0,0.20630841121495327,0.20630841121495327,0.0,1.0,,,cvar,/Users/yaniszaim/deephedging/.deephedging_real_runs/final_paper_asian_panel/panel_sweeps/XLK_full_paper_grid_800_asian_call_step_robust/model_artifacts/seed_1234/risk_cvar/proto_source_vanilla_k_10_weighted_0_learnw_0,34.0,0.08360059875264729,val_loss,0.02604888565838337,0.39610978960990906,0.2244131455399061,1.0,428.0,20.0,2.0,vanilla,10.0,False,False,0.12143267691135406,0.20563317835330963
proto_source=vanilla_k=10_weighted=1_learnw=0,train,1234,proto,-0.015392009168863297,0.018237436190247536,-0.07731678828597069,-0.05026526153087616,-0.066548191010952,-0.009141323156654835,0.000610560609493404,0.8940763052208835,-0.01536688394844532,0.00018623731739353389,0.0002113636292051524,0.010848868638277054,0.13044169545173645,0.0859200730919838,0.29379889369010925,0.0,0.0,0.0,0.0,,,cvar,/Users/yaniszaim/deephedging/.deephedging_real_runs/final_paper_asian_panel/panel_sweeps/XLK_full_paper_grid_800_asian_call_step_robust/model_artifacts/seed_1234/risk_cvar/proto_source_vanilla_k_10_weighted_1_learnw_0,47.0,0.0609454093594104,val_loss,0.0167726818472147,0.2017657607793808,0.0,0.0,1992.0,20.0,2.0,vanilla,10.0,True,False,0.11840168386697769,0.225331112742424
proto_source=vanilla_k=10_weighted=1_learnw=0,val,1234,proto,-0.015934113413095474,0.018828874453902245,-0.07252166420221329,-0.047688004560768604,-0.06850776076316833,-0.01120140589773655,0.0007633675122633576,0.8802816901408451,-0.01593608222901821,0.0002141745644621551,0.0002122059668181464,0.010831712745130062,0.08941812813282013,0.08572416007518768,0.2930285930633545,0.0,0.0,0.0,0.0,,,cvar,/Users/yaniszaim/deephedging/.deephedging_real_runs/final_paper_asian_panel/panel_sweeps/XLK_full_paper_grid_800_asian_call_step_robust/model_artifacts/seed_1234/risk_cvar/proto_source_vanilla_k_10_weighted_1_learnw_0,47.0,0.0609454093594104,val_loss,0.0167726818472147,0.2017657607793808,0.0,0.0,426.0,20.0,2.0,vanilla,10.0,True,False,0.11840168386697769,0.225331112742424
proto_source=vanilla_k=10_weighted=1_learnw=0,test,1234,proto,-0.015141627751290798,0.018775010481476784,-0.09212817654013633,-0.05098235160112381,-0.06968848407268524,-0.009104673750698566,0.0009087375132367014,0.8434579439252337,-0.015225479379296303,0.0002954130759462714,0.00021156153525225818,0.010823761112987995,0.0963037759065628,0.0856654942035675,0.29292264580726624,0.0,0.0,0.0,0.0,,,cvar,/Users/yaniszaim/deephedging/.deephedging_real_runs/final_paper_asian_panel/panel_sweeps/XLK_full_paper_grid_800_asian_call_step_robust/model_artifacts/seed_1234/risk_cvar/proto_source_vanilla_k_10_weighted_1_learnw_0,47.0,0.0609454093594104,val_loss,0.0167726818472147,0.2017657607793808,0.0,0.0,428.0,20.0,2.0,vanilla,10.0,True,False,0.11840168386697769,0.225331112742424
proto_source=vanilla_k=25_weighted=0_learnw=0,train,1234,proto,-0.015982815995812416,0.016184823587536812,-0.07046712055802345,-0.04656840246170759,-0.06135285273194313,-0.010872895829379559,0.00020309555402491135,0.9432730923694779,-0.01536688394844532,0.000684237340465188,0.0013001705519855022,0.03301417827606201,0.22804096341133118,0.43905961513519287,1.0,0.2143699799196787,0.20328815261044178,0.011081827309236948,0.9171686746987951,,,cvar,/Users/yaniszaim/deephedging/.deephedging_real_runs/final_paper_asian_panel/panel_sweeps/XLK_full_paper_grid_800_asian_call_step_robust/model_artifacts/seed_1234/risk_cvar/proto_source_vanilla_k_25_weighted_0_learnw_0,127.0,0.07015252839319162,val_loss,0.03842873126268387,0.4590940773487091,0.04589201877934272,0.971830985915493,1992.0,20.0,2.0,vanilla,25.0,False,False,0.11545822024345398,0.22810107469558716
proto_source=vanilla_k=25_weighted=0_learnw=0,val,1234,proto,-0.016603339463472366,0.01681915670633316,-0.06835887767374516,-0.04708827938884497,-0.06324360519647598,-0.012127348221838474,-8.318180334754288e-05,0.9507042253521126,-0.01593608222901821,0.0005824964609928429,0.0012497554998844862,0.03287363797426224,0.22804096341133118,0.43811312317848206,1.0,0.21625586854460094,0.20715962441314553,0.009096244131455399,0.8990610328638498,,,cvar,/Users/yaniszaim/deephedging/.deephedging_real_runs/final_paper_asian_panel/panel_sweeps/XLK_full_paper_grid_800_asian_call_step_robust/model_artifacts/seed_1234/risk_cvar/proto_source_vanilla_k_25_weighted_0_learnw_0,127.0,0.07015252839319162,val_loss,0.03842873126268387,0.4590940773487091,0.04589201877934272,0.971830985915493,426.0,20.0,2.0,vanilla,25.0,False,False,0.11545822024345398,0.22810107469558716
proto_source=vanilla_k=25_weighted=0_learnw=0,test,1234,proto,-0.01604040525853634,0.016750600188970566,-0.08081080965697765,-0.046968871541321275,-0.06492727249860764,-0.011556213721632957,-0.0002633523690747098,0.955607476635514,-0.015225479379296303,0.00044388187234289944,0.0012588083045557141,0.032817013561725616,0.22804096341133118,0.43968385457992554,1.0,0.22149532710280373,0.21068925233644858,0.01080607476635514,0.9228971962616822,,,cvar,/Users/yaniszaim/deephedging/.deephedging_real_runs/final_paper_asian_panel/panel_sweeps/XLK_full_paper_grid_800_asian_call_step_robust/model_artifacts/seed_1234/risk_cvar/proto_source_vanilla_k_25_weighted_0_learnw_0,127.0,0.07015252839319162,val_loss,0.03842873126268387,0.4590940773487091,0.04589201877934272,0.971830985915493,428.0,20.0,2.0,vanilla,25.0,False,False,0.11545822024345398,0.22810107469558716
proto_source=vanilla_k=25_weighted=1_learnw=0,train,1234,proto,-0.015420039184391499,0.01632295548915863,-0.07079581320285797,-0.04709047861397266,-0.06161356344819069,-0.009655562229454517,0.00026002042868639614,0.9392570281124498,-0.01536688394844532,0.0008466065628454089,0.0008997621480375528,0.03544624522328377,0.23035503923892975,0.3986767530441284,1.0,0.1554718875502008,0.1554718875502008,0.0,1.0,,,cvar,/Users/yaniszaim/deephedging/.deephedging_real_runs/final_paper_asian_panel/panel_sweeps/XLK_full_paper_grid_800_asian_call_step_robust/model_artifacts/seed_1234/risk_cvar/proto_source_vanilla_k_25_weighted_1_learnw_0,60.0,0.0837240503436313,val_loss,0.036703892052173615,0.4363000690937042,0.2101525821596244,1.0,1992.0,20.0,2.0,vanilla,25.0,True,False,0.15068113803863525,0.3181358873844147
proto_source=vanilla_k=25_weighted=1_learnw=0,val,1234,proto,-0.0158378928899765,0.01686524786055088,-0.0689717922359705,-0.04621266946196556,-0.06377428770065308,-0.010947322007268667,0.00017319258768111467,0.9460093896713615,-0.01593608222901821,0.0009983329800888896,0.0009001443977467716,0.03545970842242241,0.21505188941955566,0.3993632197380066,1.0,0.15604460093896713,0.15604460093896713,0.0,1.0,,,cvar,/Users/yaniszaim/deephedging/.deephedging_real_runs/final_paper_asian_panel/panel_sweeps/XLK_full_paper_grid_800_asian_call_step_robust/model_artifacts/seed_1234/risk_cvar/proto_source_vanilla_k_25_weighted_1_learnw_0,60.0,0.0837240503436313,val_loss,0.036703892052173615,0.4363000690937042,0.2101525821596244,1.0,426.0,20.0,2.0,vanilla,25.0,True,False,0.15068113803863525,0.3181358873844147
proto_source=vanilla_k=25_weighted=1_learnw=0,test,1234,proto,-0.01535625196993351,0.01700269803404808,-0.08083209782838821,-0.04729344118386507,-0.06559804826974869,-0.009338847361505032,0.0011426366399973592,0.9322429906542056,-0.015225479379296303,0.0007681391434744,0.0008989122579805553,0.035410188138484955,0.17921151220798492,0.3993743062019348,1.0,0.15683411214953272,0.15683411214953272,0.0,1.0,,,cvar,/Users/yaniszaim/deephedging/.deephedging_real_runs/final_paper_asian_panel/panel_sweeps/XLK_full_paper_grid_800_asian_call_step_robust/model_artifacts/seed_1234/risk_cvar/proto_source_vanilla_k_25_weighted_1_learnw_0,60.0,0.0837240503436313,val_loss,0.036703892052173615,0.4363000690937042,0.2101525821596244,1.0,428.0,20.0,2.0,vanilla,25.0,True,False,0.15068113803863525,0.3181358873844147
proto_source=vanilla_k=50_weighted=0_learnw=0,train,1234,proto,-0.015204186551272869,0.01558029092848301,-0.0700648245215416,-0.045186286233365534,-0.05968766659498215,-0.010063277557492256,-0.00012139274476794558,0.9513052208835341,-0.01536688394844532,0.0007677332032471895,0.0006050362717360258,0.02914617210626602,0.16910162568092346,0.4388269782066345,1.0,0.268925702811245,0.268925702811245,0.0,0.9367469879518072,,,cvar,/Users/yaniszaim/deephedging/.deephedging_real_runs/final_paper_asian_panel/panel_sweeps/XLK_full_paper_grid_800_asian_call_step_robust/model_artifacts/seed_1234/risk_cvar/proto_source_vanilla_k_50_weighted_0_learnw_0,116.0,0.06964242368639215,val_loss,0.02633955329656601,0.38241684436798096,0.08673708920187793,0.9061032863849765,1992.0,20.0,2.0,vanilla,50.0,False,False,0.11289661377668381,0.27026742696762085
proto_source=vanilla_k=50_weighted=0_learnw=0,val,1234,proto,-0.01566782221198082,0.015891414135694504,-0.0642076600342989,-0.046098132617771626,-0.06104981526732445,-0.011237316764891148,-0.0004850905097555369,0.971830985915493,-0.01593608222901821,0.0008674004347994924,0.0005991391954012215,0.02908717282116413,0.16908738017082214,0.43690043687820435,1.0,0.26455399061032864,0.26455399061032864,0.0,0.9342723004694836,,,cvar,/Users/yaniszaim/deephedging/.deephedging_real_runs/final_paper_asian_panel/panel_sweeps/XLK_full_paper_grid_800_asian_call_step_robust/model_artifacts/seed_1234/risk_cvar/proto_source_vanilla_k_50_weighted_0_learnw_0,116.0,0.06964242368639215,val_loss,0.02633955329656601,0.38241684436798096,0.08673708920187793,0.9061032863849765,426.0,20.0,2.0,vanilla,50.0,False,False,0.11289661377668381,0.27026742696762085
proto_source=vanilla_k=50_weighted=0_learnw=0,test,1234,proto,-0.015211054123938084,0.016152875497937202,-0.07570733614265919,-0.045976917073130605,-0.06301984935998917,-0.009853745810687542,0.0001975232473341734,0.9439252336448598,-0.015225479379296303,0.0006155576556921005,0.0006011322257108986,0.029099009931087494,0.1691066324710846,0.4380592405796051,1.0,0.26711448598130844,0.26711448598130844,0.0,0.9392523364485982,,,cvar,/Users/yaniszaim/deephedging/.deephedging_real_runs/final_paper_asian_panel/panel_sweeps/XLK_full_paper_grid_800_asian_call_step_robust/model_artifacts/seed_1234/risk_cvar/proto_source_vanilla_k_50_weighted_0_learnw_0,116.0,0.06964242368639215,val_loss,0.02633955329656601,0.38241684436798096,0.08673708920187793,0.9061032863849765,428.0,20.0,2.0,vanilla,50.0,False,False,0.11289661377668381,0.27026742696762085
proto_source=vanilla_k=50_weighted=1_learnw=0,train,1234,proto,-0.01836172677576542,0.016058748587965965,-0.07460751265287399,-0.05022220835089683,-0.06379308551549911,-0.013139754999428988,-0.0022567709675058744,0.9904618473895582,-0.01536688394844532,0.0008057348895817995,0.0038005788810551167,0.06566905230283737,0.2327715903520584,0.4098523259162903,1.0,0.22289156626506024,0.22289156626506024,0.0,1.0,,,cvar,/Users/yaniszaim/deephedging/.deephedging_real_runs/final_paper_asian_panel/panel_sweeps/XLK_full_paper_grid_800_asian_call_step_robust/model_artifacts/seed_1234/risk_cvar/proto_source_vanilla_k_50_weighted_1_learnw_0,720.0,0.06754471000441363,val_loss,0.07883027195930481,0.2198847532272339,0.02834507042253521,0.44366197183098594,1992.0,20.0,2.0,vanilla,50.0,True,False,0.13158762454986572,0.2561749815940857
proto_source=vanilla_k=50_weighted=1_learnw=0,val,1234,proto,-0.019187049940228462,0.017135178670287132,-0.07095927372574806,-0.0501953586935997,-0.06758721172809601,-0.014915664680302143,-0.0033527749474160373,0.9906103286384976,-0.01593608222901821,0.0005467872251756489,0.0037977579049766064,0.06561584025621414,0.2262669801712036,0.4102340340614319,1.0,0.2233568075117371,0.2233568075117371,0.0,1.0,,,cvar,/Users/yaniszaim/deephedging/.deephedging_real_runs/final_paper_asian_panel/panel_sweeps/XLK_full_paper_grid_800_asian_call_step_robust/model_artifacts/seed_1234/risk_cvar/proto_source_vanilla_k_50_weighted_1_learnw_0,720.0,0.06754471000441363,val_loss,0.07883027195930481,0.2198847532272339,0.02834507042253521,0.44366197183098594,426.0,20.0,2.0,vanilla,50.0,True,False,0.13158762454986572,0.2561749815940857
proto_source=vanilla_k=50_weighted=1_learnw=0,test,1234,proto,-0.018276985734701157,0.016434211283922195,-0.08318402722477912,-0.04816002827137708,-0.06612586975097656,-0.012507900595664978,-0.0025118348537944285,0.985981308411215,-0.015225479379296303,0.0007168078445829451,0.003768314840272069,0.06555896997451782,0.22500693798065186,0.40889060497283936,1.0,0.22172897196261682,0.22172897196261682,0.0,1.0,,,cvar,/Users/yaniszaim/deephedging/.deephedging_real_runs/final_paper_asian_panel/panel_sweeps/XLK_full_paper_grid_800_asian_call_step_robust/model_artifacts/seed_1234/risk_cvar/proto_source_vanilla_k_50_weighted_1_learnw_0,720.0,0.06754471000441363,val_loss,0.07883027195930481,0.2198847532272339,0.02834507042253521,0.44366197183098594,428.0,20.0,2.0,vanilla,50.0,True,False,0.13158762454986572,0.2561749815940857
proto_source=vanilla_k=100_weighted=0_learnw=0,train,1234,proto,-0.01549143809825182,0.01693555898964405,-0.07074539721012116,-0.047971873544156544,-0.06205272302031517,-0.010382736567407846,0.001580850046593693,0.8930722891566265,-0.01536688394844532,0.0003022982273250818,0.0004268533375579864,0.02495647966861725,0.17861008644104004,0.207909494638443,1.0,0.0003890562248995984,0.0003890562248995984,0.0,0.004518072289156626,,,cvar,/Users/yaniszaim/deephedging/.deephedging_real_runs/final_paper_asian_panel/panel_sweeps/XLK_full_paper_grid_800_asian_call_step_robust/model_artifacts/seed_1234/risk_cvar/proto_source_vanilla_k_100_weighted_0_learnw_0,109.0,0.06161238578375551,val_loss,0.025833191350102425,0.3265797197818756,0.0020539906103286387,0.02112676056338028,1992.0,20.0,2.0,vanilla,100.0,False,False,0.14834186434745789,0.3194252550601959
proto_source=vanilla_k=100_weighted=0_learnw=0,val,1234,proto,-0.015900056809186935,0.017249353229999542,-0.0666870716959238,-0.04690633062273264,-0.06296960264444351,-0.011629942804574966,0.0013632980408146977,0.9061032863849765,-0.01593608222901821,0.00046462580212391913,0.00042860006215050817,0.025045521557331085,0.17684972286224365,0.20638300478458405,1.0,0.0009976525821596245,0.0009976525821596245,0.0,0.009389671361502348,,,cvar,/Users/yaniszaim/deephedging/.deephedging_real_runs/final_paper_asian_panel/panel_sweeps/XLK_full_paper_grid_800_asian_call_step_robust/model_artifacts/seed_1234/risk_cvar/proto_source_vanilla_k_100_weighted_0_learnw_0,109.0,0.06161238578375551,val_loss,0.025833191350102425,0.3265797197818756,0.0020539906103286387,0.02112676056338028,426.0,20.0,2.0,vanilla,100.0,False,False,0.14834186434745789,0.3194252550601959
proto_source=vanilla_k=100_weighted=0_learnw=0,test,1234,proto,-0.015356119722127914,0.017519747838377953,-0.081573426425457,-0.04883301351219416,-0.06531235575675964,-0.009616108145564795,0.0018626837350893743,0.883177570093458,-0.015225479379296303,0.0002940627164207399,0.00042470369953662157,0.024841560050845146,0.16913187503814697,0.20507889986038208,1.0,0.0004088785046728972,0.0004088785046728972,0.0,0.004672897196261682,,,cvar,/Users/yaniszaim/deephedging/.deephedging_real_runs/final_paper_asian_panel/panel_sweeps/XLK_full_paper_grid_800_asian_call_step_robust/model_artifacts/seed_1234/risk_cvar/proto_source_vanilla_k_100_weighted_0_learnw_0,109.0,0.06161238578375551,val_loss,0.025833191350102425,0.3265797197818756,0.0020539906103286387,0.02112676056338028,428.0,20.0,2.0,vanilla,100.0,False,False,0.14834186434745789,0.3194252550601959
proto_source=vanilla_k=100_weighted=1_learnw=0,train,1234,proto,-0.015249628573656082,0.01656722091138363,-0.07312784306704997,-0.04665043950080871,-0.06269818544387817,-0.009870206471532583,0.0013125011231750233,0.9126506024096386,-0.01536688394844532,0.0007400197791866958,0.0006227655685506761,0.03487223759293556,0.2725186049938202,0.353895902633667,1.0,0.13765060240963856,0.1370105421686747,0.0006400602409638554,0.6882530120481928,,,cvar,/Users/yaniszaim/deephedging/.deephedging_real_runs/final_paper_asian_panel/panel_sweeps/XLK_full_paper_grid_800_asian_call_step_robust/model_artifacts/seed_1234/risk_cvar/proto_source_vanilla_k_100_weighted_1_learnw_0,44.0,0.061887996172348796,val_loss,0.03341223672032356,0.3170042932033539,0.0044014084507042256,0.06807511737089202,1992.0,20.0,2.0,vanilla,100.0,True,False,0.11948619037866592,0.27575671672821045
proto_source=vanilla_k=100_weighted=1_learnw=0,val,1234,proto,-0.01558587234467268,0.016892289742827415,-0.071156345307827,-0.04773746896535158,-0.06478235125541687,-0.010369627270847559,0.001463312713894993,0.92018779342723,-0.01593608222901821,0.0009694380569271743,0.0006192278233356774,0.035014763474464417,0.27198976278305054,0.34635695815086365,1.0,0.13110328638497654,0.13080985915492957,0.00029342723004694836,0.6807511737089202,,,cvar,/Users/yaniszaim/deephedging/.deephedging_real_runs/final_paper_asian_panel/panel_sweeps/XLK_full_paper_grid_800_asian_call_step_robust/model_artifacts/seed_1234/risk_cvar/proto_source_vanilla_k_100_weighted_1_learnw_0,44.0,0.061887996172348796,val_loss,0.03341223672032356,0.3170042932033539,0.0044014084507042256,0.06807511737089202,426.0,20.0,2.0,vanilla,100.0,True,False,0.11948619037866592,0.27575671672821045
proto_source=vanilla_k=100_weighted=1_learnw=0,test,1234,proto,-0.015261534601449966,0.017056230455636978,-0.08372753992676735,-0.04865870270878076,-0.06575669348239899,-0.009834099560976028,0.0011508444265928102,0.9042056074766355,-0.015225479379296303,0.0005826603155583143,0.0006187156541272998,0.03523213416337967,0.272267609834671,0.3423338830471039,1.0,0.12575934579439252,0.12570093457943926,5.841121495327103e-05,0.6261682242990654,,,cvar,/Users/yaniszaim/deephedging/.deephedging_real_runs/final_paper_asian_panel/panel_sweeps/XLK_full_paper_grid_800_asian_call_step_robust/model_artifacts/seed_1234/risk_cvar/proto_source_vanilla_k_100_weighted_1_learnw_0,44.0,0.061887996172348796,val_loss,0.03341223672032356,0.3170042932033539,0.0044014084507042256,0.06807511737089202,428.0,20.0,2.0,vanilla,100.0,True,False,0.11948619037866592,0.27575671672821045
unhedged,train,2345,baseline,-0.015477478504180908,0.018725600093603134,-0.08052250981330872,-0.05057112574577331,-0.06916356831789017,-0.009566068649291992,0.0,0.6636546184738956,-0.015477478504180908,0.0,0.0,0.0,0.0,0.0,0.0,0.0,0.0,0.0,0.0,,,,,,,,,,,,,,,,,,,,
spot_delta,train,2345,baseline,-0.015299259684979916,0.01739482395350933,-0.07271817021071911,-0.048550885543227194,-0.06336960196495056,-0.011431881226599216,0.0047195193590596285,0.8433734939759037,-0.015477478504180908,0.0003784277359955013,0.00020020946976728737,0.024911241605877876,0.6374130249023438,0.257713258266449,0.6374130249023438,0.0,0.0,0.0,0.0,,,,,,,,,,,,,,,,,,,,
spot_delta_band,train,2345,baseline,-0.015231259167194366,0.017311176285147667,-0.07322946600615979,-0.04893586896359921,-0.06364921480417252,-0.011126626282930374,0.0036897744517773315,0.8483935742971888,-0.015477478504180908,0.0003521629550959915,0.00010594351624604315,0.013231616467237473,0.5874130129814148,0.24579641222953796,0.5874130129814148,0.0,0.0,0.0,0.0,0.05,gains_mean,,,,,,,,,,,,,,,,,,
unhedged,val,2345,baseline,-0.015063119120895863,0.018012283369898796,-0.06930035352706909,-0.052748024463653564,-0.06402484327554703,-0.009009480476379395,-0.0,0.6244131455399061,-0.015063119120895863,0.0,0.0,0.0,0.0,0.0,0.0,0.0,0.0,0.0,0.0,,,,,,,,,,,,,,,,,,,,
spot_delta,val,2345,baseline,-0.014580566436052322,0.01734229177236557,-0.06711803562939167,-0.04892064072191715,-0.06095851957798004,-0.009890650399029255,0.004788096761330962,0.8356807511737089,-0.015063119120895863,0.0006826024036854506,0.00020004931138828397,0.024896936491131783,0.6284639835357666,0.25822827219963074,0.6312080025672913,0.0,0.0,0.0,0.0,,,,,,,,,,,,,,,,,,,,
spot_delta_band,val,2345,baseline,-0.014572644606232643,0.01716889999806881,-0.06433994695544243,-0.05038898438215256,-0.060673974454402924,-0.009938338305801153,0.004240405512973666,0.8333333333333334,-0.015063119120895863,0.0005964593146927655,0.00010598507651593536,0.013237787410616875,0.5784639716148376,0.24671897292137146,0.5812079906463623,0.0,0.0,0.0,0.0,0.05,gains_mean,,,,,,,,,,,,,,,,,,
unhedged,test,2345,baseline,-0.015579630620777607,0.018754879012703896,-0.06685888767242432,-0.051753073930740356,-0.0653160959482193,-0.010271549224853516,-0.0,0.6308411214953271,-0.015579630620777607,0.0,0.0,0.0,0.0,0.0,0.0,0.0,0.0,0.0,0.0,,,,,,,,,,,,,,,,,,,,
spot_delta,test,2345,baseline,-0.015158283524215221,0.017484307289123535,-0.06224805813282728,-0.046016007848083976,-0.059597376734018326,-0.011819373350590467,0.004310035333037377,0.8457943925233645,-0.015579630620777607,0.0006218271446414292,0.00020047860743943602,0.024942630901932716,0.6222379803657532,0.2576484680175781,0.6312080025672913,0.0,0.0,0.0,0.0,,,,,,,,,,,,,,,,,,,,
spot_delta_band,test,2345,baseline,-0.015198901295661926,0.017467878758907318,-0.06245251484215259,-0.047006861120462415,-0.059939075261354446,-0.01126001961529255,0.003435384284239245,0.8481308411214953,-0.015579630620777607,0.00048726683598943055,0.0001065362012013793,0.013302872888743877,0.5722379684448242,0.24566562473773956,0.5812079906463623,0.0,0.0,0.0,0.0,0.05,gains_mean,,,,,,,,,,,,,,,,,,
vanilla,train,2345,vanilla,-0.014943496324121952,0.016492944210767746,-0.07301182806491852,-0.04606118742376566,-0.0630030557513237,-0.009042367339134216,-0.00047365431819344187,0.9929718875502008,-0.015477478504180908,0.000724727928172797,0.00019074697047472,0.022718150168657303,0.09475208818912506,0.30487948656082153,0.920261800289154,0.0,0.0,0.0,0.0,,,cvar,/Users/yaniszaim/deephedging/.deephedging_real_runs/final_paper_asian_panel/panel_sweeps/XLK_full_paper_grid_800_asian_call_step_robust/model_artifacts/seed_2345/risk_cvar/vanilla,261.0,0.058867739252746104,val_loss,0.022768251597881317,0.30593737959861755,0.0,0.0,1992.0,20.0,2.0,,,,,,
vanilla,val,2345,vanilla,-0.014604256488382816,0.015805048868060112,-0.06320218276232481,-0.04792778566479683,-0.05821578577160835,-0.009401606395840645,-0.0003796127639361657,0.9976525821596244,-0.015063119120895863,0.0006495097186416388,0.00019064557272940874,0.02272072806954384,0.09461189061403275,0.304896742105484,0.9179821014404297,0.0,0.0,0.0,0.0,,,cvar,/Users/yaniszaim/deephedging/.deephedging_real_runs/final_paper_asian_panel/panel_sweeps/XLK_full_paper_grid_800_asian_call_step_robust/model_artifacts/seed_2345/risk_cvar/vanilla,261.0,0.058867739252746104,val_loss,0.022768251597881317,0.30593737959861755,0.0,0.0,426.0,20.0,2.0,,,,,,
vanilla,test,2345,vanilla,-0.01510688941925764,0.016430480405688286,-0.06086877781897783,-0.04698317404836416,-0.059355441480875015,-0.00968503300100565,-0.0005379811656894166,0.9929906542056075,-0.015579630620777607,0.0006634604069404304,0.00019071908900514245,0.02272024191915989,0.09481581300497055,0.30489715933799744,0.9192010164260864,0.0,0.0,0.0,0.0,,,cvar,/Users/yaniszaim/deephedging/.deephedging_real_runs/final_paper_asian_panel/panel_sweeps/XLK_full_paper_grid_800_asian_call_step_robust/model_artifacts/seed_2345/risk_cvar/vanilla,261.0,0.058867739252746104,val_loss,0.022768251597881317,0.30593737959861755,0.0,0.0,428.0,20.0,2.0,,,,,,
proto_source=spot_delta_k=10_weighted=0_learnw=0,train,2345,proto,-0.014995408244431019,0.01734377071261406,-0.0770112232118845,-0.04800377823412418,-0.06452467292547226,-0.008791256230324507,0.0007133216131478509,0.9076305220883534,-0.015477478504180908,0.0006353750941343606,0.0001533047907287255,0.01824869215488434,0.20639675855636597,0.14157292246818542,0.8994256258010864,0.0,0.0,0.0,0.0,,,cvar,/Users/yaniszaim/deephedging/.deephedging_real_runs/final_paper_asian_panel/panel_sweeps/XLK_full_paper_grid_800_asian_call_step_robust/model_artifacts/seed_2345/risk_cvar/proto_source_spot_delta_k_10_weighted_0_learnw_0,18.0,0.05807252378202975,val_loss,0.0161422211676836,0.12738730013370514,0.0,0.0,1992.0,20.0,2.0,spot_delta,10.0,False,False,0.10228192806243896,0.20697060227394104
proto_source=spot_delta_k=10_weighted=0_learnw=0,val,2345,proto,-0.014791593886911869,0.01699191890656948,-0.061030929908156395,-0.05013658571988344,-0.06188683584332466,-0.009247525595128536,0.00046008446952328086,0.9154929577464789,-0.015063119120895863,0.00042310517164878547,0.00015158030146267265,0.018085148185491562,0.19609016180038452,0.14205999672412872,0.4948660135269165,0.0,0.0,0.0,0.0,,,cvar,/Users/yaniszaim/deephedging/.deephedging_real_runs/final_paper_asian_panel/panel_sweeps/XLK_full_paper_grid_800_asian_call_step_robust/model_artifacts/seed_2345/risk_cvar/proto_source_spot_delta_k_10_weighted_0_learnw_0,18.0,0.05807252378202975,val_loss,0.0161422211676836,0.12738730013370514,0.0,0.0,426.0,20.0,2.0,spot_delta,10.0,False,False,0.10228192806243896,0.20697060227394104
proto_source=spot_delta_k=10_weighted=0_learnw=0,test,2345,proto,-0.014933818951249123,0.017458399757742882,-0.06910670831799506,-0.048746855929493904,-0.06205131858587265,-0.009145698975771666,0.0008766511309659107,0.8855140186915887,-0.015579630620777607,0.0007984492694959044,0.00015263757086358964,0.018174879252910614,0.20585677027702332,0.1417573094367981,0.6977421045303345,0.0,0.0,0.0,0.0,,,cvar,/Users/yaniszaim/deephedging/.deephedging_real_runs/final_paper_asian_panel/panel_sweeps/XLK_full_paper_grid_800_asian_call_step_robust/model_artifacts/seed_2345/risk_cvar/proto_source_spot_delta_k_10_weighted_0_learnw_0,18.0,0.05807252378202975,val_loss,0.0161422211676836,0.12738730013370514,0.0,0.0,428.0,20.0,2.0,spot_delta,10.0,False,False,0.10228192806243896,0.20697060227394104
proto_source=spot_delta_k=10_weighted=1_learnw=0,train,2345,proto,-0.01483902521431446,0.01638658531010151,-0.06940418101847172,-0.04776673503220081,-0.061142925173044205,-0.009512797929346561,0.001401888736290849,0.9026104417670683,-0.015477478504180908,0.0009367864695377648,0.00029833236476406455,0.036308951675891876,0.36904242634773254,0.25014692544937134,0.7598487734794617,0.0,0.0,0.0,0.0,,,cvar,/Users/yaniszaim/deephedging/.deephedging_real_runs/final_paper_asian_panel/panel_sweeps/XLK_full_paper_grid_800_asian_call_step_robust/model_artifacts/seed_2345/risk_cvar/proto_source_spot_delta_k_10_weighted_1_learnw_0,117.0,0.058003572570160034,val_loss,0.02463720180094242,0.166741743683815,0.0,0.0,1992.0,20.0,2.0,spot_delta,10.0,True,False,0.14163218438625336,0.37677812576293945
proto_source=spot_delta_k=10_weighted=1_learnw=0,val,2345,proto,-0.01437639631330967,0.01700119487941265,-0.06486544292420149,-0.04824016522616148,-0.06038449704647064,-0.008765263017266989,0.002461909723933786,0.8450704225352113,-0.015063119120895863,0.000982204102911055,0.00029548085876740515,0.03597700595855713,0.3654111325740814,0.25108522176742554,0.7580851316452026,0.0,0.0,0.0,0.0,,,cvar,/Users/yaniszaim/deephedging/.deephedging_real_runs/final_paper_asian_panel/panel_sweeps/XLK_full_paper_grid_800_asian_call_step_robust/model_artifacts/seed_2345/risk_cvar/proto_source_spot_delta_k_10_weighted_1_learnw_0,117.0,0.058003572570160034,val_loss,0.02463720180094242,0.166741743683815,0.0,0.0,426.0,20.0,2.0,spot_delta,10.0,True,False,0.14163218438625336,0.37677812576293945
proto_source=spot_delta_k=10_weighted=1_learnw=0,test,2345,proto,-0.014840138144791126,0.016713527962565422,-0.06326602928340434,-0.047672522626817225,-0.05913146585226059,-0.008654303383082151,0.0014481582271400827,0.8878504672897196,-0.015579630620777607,0.0010340793523937464,0.00029458728386089206,0.03584865853190422,0.3643646240234375,0.2507755160331726,0.7478645443916321,0.0,0.0,0.0,0.0,,,cvar,/Users/yaniszaim/deephedging/.deephedging_real_runs/final_paper_asian_panel/panel_sweeps/XLK_full_paper_grid_800_asian_call_step_robust/model_artifacts/seed_2345/risk_cvar/proto_source_spot_delta_k_10_weighted_1_learnw_0,117.0,0.058003572570160034,val_loss,0.02463720180094242,0.166741743683815,0.0,0.0,428.0,20.0,2.0,spot_delta,10.0,True,False,0.14163218438625336,0.37677812576293945
proto_source=spot_delta_k=25_weighted=0_learnw=0,train,2345,proto,-0.014915553852915764,0.017086397856473923,-0.07500448733568192,-0.04861396513879299,-0.0643477812409401,-0.008907589130103588,0.00021297622588462776,0.9362449799196787,-0.015477478504180908,0.0008040197426453233,0.0002420956880087033,0.02895982377231121,0.3249548077583313,0.1689678579568863,1.0,2.5100401606425704e-05,0.0,2.5100401606425704e-05,0.000502008032128514,,,cvar,/Users/yaniszaim/deephedging/.deephedging_real_runs/final_paper_asian_panel/panel_sweeps/XLK_full_paper_grid_800_asian_call_step_robust/model_artifacts/seed_2345/risk_cvar/proto_source_spot_delta_k_25_weighted_0_learnw_0,71.0,0.057748464858159425,val_loss,0.02502472512423992,0.1424025297164917,0.0,0.0,1992.0,20.0,2.0,spot_delta,25.0,False,False,0.14756831526756287,0.3330404460430145
proto_source=spot_delta_k=25_weighted=0_learnw=0,val,2345,proto,-0.014696864411234856,0.017025882378220558,-0.07126923464238644,-0.05229619238525629,-0.062152765691280365,-0.008153598289936781,0.0008872395410435274,0.9178403755868545,-0.015063119120895863,0.0006052203243598342,0.00023896498896647245,0.028576575219631195,0.3246355652809143,0.16943146288394928,0.7253366708755493,0.0,0.0,0.0,0.0,,,cvar,/Users/yaniszaim/deephedging/.deephedging_real_runs/final_paper_asian_panel/panel_sweeps/XLK_full_paper_grid_800_asian_call_step_robust/model_artifacts/seed_2345/risk_cvar/proto_source_spot_delta_k_25_weighted_0_learnw_0,71.0,0.057748464858159425,val_loss,0.02502472512423992,0.1424025297164917,0.0,0.0,426.0,20.0,2.0,spot_delta,25.0,False,False,0.14756831526756287,0.3330404460430145
proto_source=spot_delta_k=25_weighted=0_learnw=0,test,2345,proto,-0.014850043691694736,0.017366651445627213,-0.06975087366998195,-0.04902003109455109,-0.06178612634539604,-0.008397580590099096,0.0003154246878693795,0.9369158878504673,-0.015579630620777607,0.0009698928915895522,0.00024030596250668168,0.028716808184981346,0.32499057054519653,0.1685638427734375,0.9932569265365601,0.0,0.0,0.0,0.0,,,cvar,/Users/yaniszaim/deephedging/.deephedging_real_runs/final_paper_asian_panel/panel_sweeps/XLK_full_paper_grid_800_asian_call_step_robust/model_artifacts/seed_2345/risk_cvar/proto_source_spot_delta_k_25_weighted_0_learnw_0,71.0,0.057748464858159425,val_loss,0.02502472512423992,0.1424025297164917,0.0,0.0,428.0,20.0,2.0,spot_delta,25.0,False,False,0.14756831526756287,0.3330404460430145
proto_source=spot_delta_k=25_weighted=1_learnw=0,train,2345,proto,-0.015159405767917633,0.01716415211558342,-0.0772318397462368,-0.04718651305884123,-0.06433743238449097,-0.00914621539413929,0.00018720354564720707,0.9372489959839357,-0.015477478504180908,0.0004795423010364175,0.0001614703651284799,0.017555786296725273,0.1960143893957138,0.18021011352539062,0.498138964176178,0.0,0.0,0.0,0.0,,,cvar,/Users/yaniszaim/deephedging/.deephedging_real_runs/final_paper_asian_panel/panel_sweeps/XLK_full_paper_grid_800_asian_call_step_robust/model_artifacts/seed_2345/risk_cvar/proto_source_spot_delta_k_25_weighted_1_learnw_0,54.0,0.05825037660077215,val_loss,0.01764664426445961,0.16982945799827576,0.0,0.0,1992.0,20.0,2.0,spot_delta,25.0,True,False,0.12530061602592468,0.25865042209625244
proto_source=spot_delta_k=25_weighted=1_learnw=0,val,2345,proto,-0.01480111014097929,0.016528207808732986,-0.06453343760222197,-0.04852295573800802,-0.05952765792608261,-0.009555455297231674,0.00024731220764806494,0.9272300469483568,-0.015063119120895863,0.00042311748256906867,0.000161108560860157,0.01740974374115467,0.16580383479595184,0.18059200048446655,0.49379420280456543,0.0,0.0,0.0,0.0,,,cvar,/Users/yaniszaim/deephedging/.deephedging_real_runs/final_paper_asian_panel/panel_sweeps/XLK_full_paper_grid_800_asian_call_step_robust/model_artifacts/seed_2345/risk_cvar/proto_source_spot_delta_k_25_weighted_1_learnw_0,54.0,0.05825037660077215,val_loss,0.01764664426445961,0.16982945799827576,0.0,0.0,426.0,20.0,2.0,spot_delta,25.0,True,False,0.12530061602592468,0.25865042209625244
proto_source=spot_delta_k=25_weighted=1_learnw=0,test,2345,proto,-0.01531550008803606,0.017157282680273056,-0.06607330486178398,-0.04827151298522949,-0.06202559545636177,-0.009844337590038776,0.0001655216656217815,0.9322429906542056,-0.015579630620777607,0.0004271469952072948,0.00016301660798490047,0.017633939161896706,0.1935117244720459,0.18040449917316437,0.49702149629592896,0.0,0.0,0.0,0.0,,,cvar,/Users/yaniszaim/deephedging/.deephedging_real_runs/final_paper_asian_panel/panel_sweeps/XLK_full_paper_grid_800_asian_call_step_robust/model_artifacts/seed_2345/risk_cvar/proto_source_spot_delta_k_25_weighted_1_learnw_0,54.0,0.05825037660077215,val_loss,0.01764664426445961,0.16982945799827576,0.0,0.0,428.0,20.0,2.0,spot_delta,25.0,True,False,0.12530061602592468,0.25865042209625244
proto_source=spot_delta_k=50_weighted=0_learnw=0,train,2345,proto,-0.015115166082978249,0.01713293418288231,-0.07531513161957264,-0.047834476642310615,-0.06367586553096771,-0.009321827907115221,0.002288916660472748,0.8780120481927711,-0.015477478504180908,0.0007150250021368265,0.0003527125809341669,0.029544532299041748,0.3969498872756958,0.19372126460075378,1.0,0.00037650602409638556,0.00037650602409638556,0.0,0.0050200803212851405,,,cvar,/Users/yaniszaim/deephedging/.deephedging_real_runs/final_paper_asian_panel/panel_sweeps/XLK_full_paper_grid_800_asian_call_step_robust/model_artifacts/seed_2345/risk_cvar/proto_source_spot_delta_k_50_weighted_0_learnw_0,604.0,0.0580135231744498,val_loss,0.01940195821225643,0.14760631322860718,0.0,0.0,1992.0,20.0,2.0,spot_delta,50.0,False,False,0.195653036236763,0.6226646900177002
proto_source=spot_delta_k=50_weighted=0_learnw=0,val,2345,proto,-0.014818494208157063,0.017305996268987656,-0.06731910351663828,-0.05051339324563742,-0.06247122585773468,-0.009950242005288601,0.00244324334198609,0.8356807511737089,-0.015063119120895863,0.0006017648847773671,0.0003571388660930097,0.02979881688952446,0.42587557435035706,0.19415035843849182,1.0,0.00017605633802816902,0.00017605633802816902,0.0,0.002347417840375587,,,cvar,/Users/yaniszaim/deephedging/.deephedging_real_runs/final_paper_asian_panel/panel_sweeps/XLK_full_paper_grid_800_asian_call_step_robust/model_artifacts/seed_2345/risk_cvar/proto_source_spot_delta_k_50_weighted_0_learnw_0,604.0,0.0580135231744498,val_loss,0.01940195821225643,0.14760631322860718,0.0,0.0,426.0,20.0,2.0,spot_delta,50.0,False,False,0.195653036236763,0.6226646900177002
proto_source=spot_delta_k=50_weighted=0_learnw=0,test,2345,proto,-0.015101945027709007,0.01741357333958149,-0.07027542248368263,-0.04959713313728571,-0.06216372549533844,-0.00913497805595398,0.0018370366364251758,0.8925233644859814,-0.015579630620777607,0.0008359159692190588,0.00035822970676235855,0.030026402324438095,0.3523842692375183,0.19409728050231934,1.0,0.0002920560747663551,0.0002920560747663551,0.0,0.004672897196261682,,,cvar,/Users/yaniszaim/deephedging/.deephedging_real_runs/final_paper_asian_panel/panel_sweeps/XLK_full_paper_grid_800_asian_call_step_robust/model_artifacts/seed_2345/risk_cvar/proto_source_spot_delta_k_50_weighted_0_learnw_0,604.0,0.0580135231744498,val_loss,0.01940195821225643,0.14760631322860718,0.0,0.0,428.0,20.0,2.0,spot_delta,50.0,False,False,0.195653036236763,0.6226646900177002
proto_source=spot_delta_k=50_weighted=1_learnw=0,train,2345,proto,-0.015048164874315262,0.017405932769179344,-0.07471806541085244,-0.04778184834867716,-0.06469333916902542,-0.009294321294873953,0.0017235363600775564,0.891566265060241,-0.015477478504180908,0.000633585499599576,0.00020427143317647278,0.024705080315470695,0.18271711468696594,0.1759258657693863,0.5415328741073608,0.0,0.0,0.0,0.0,,,cvar,/Users/yaniszaim/deephedging/.deephedging_real_runs/final_paper_asian_panel/panel_sweeps/XLK_full_paper_grid_800_asian_call_step_robust/model_artifacts/seed_2345/risk_cvar/proto_source_spot_delta_k_50_weighted_1_learnw_0,52.0,0.05821990134194493,val_loss,0.018733862787485123,0.11902064085006714,0.0,0.0,1992.0,20.0,2.0,spot_delta,50.0,True,False,0.15414978563785553,0.3173256814479828
proto_source=spot_delta_k=50_weighted=1_learnw=0,val,2345,proto,-0.014800915494561195,0.017016228288412094,-0.06073587853461504,-0.04922296479344368,-0.06029794365167618,-0.009017695672810078,0.0013648223539348692,0.8685446009389671,-0.015063119120895863,0.00046523523633368313,0.00020303126075305045,0.02456654980778694,0.17758125066757202,0.17646439373493195,0.5193240642547607,0.0,0.0,0.0,0.0,,,cvar,/Users/yaniszaim/deephedging/.deephedging_real_runs/final_paper_asian_panel/panel_sweeps/XLK_full_paper_grid_800_asian_call_step_robust/model_artifacts/seed_2345/risk_cvar/proto_source_spot_delta_k_50_weighted_1_learnw_0,52.0,0.05821990134194493,val_loss,0.018733862787485123,0.11902064085006714,0.0,0.0,426.0,20.0,2.0,spot_delta,50.0,True,False,0.15414978563785553,0.3173256814479828
proto_source=spot_delta_k=50_weighted=1_learnw=0,test,2345,proto,-0.015219944529235363,0.017555875703692436,-0.06596719995141029,-0.04749493096023798,-0.061959944665431976,-0.009932281449437141,0.0023337744758464393,0.8738317757009346,-0.015579630620777607,0.0005649597733281553,0.00020527411834336817,0.02481922134757042,0.17880970239639282,0.17615871131420135,0.5263172388076782,0.0,0.0,0.0,0.0,,,cvar,/Users/yaniszaim/deephedging/.deephedging_real_runs/final_paper_asian_panel/panel_sweeps/XLK_full_paper_grid_800_asian_call_step_robust/model_artifacts/seed_2345/risk_cvar/proto_source_spot_delta_k_50_weighted_1_learnw_0,52.0,0.05821990134194493,val_loss,0.018733862787485123,0.11902064085006714,0.0,0.0,428.0,20.0,2.0,spot_delta,50.0,True,False,0.15414978563785553,0.3173256814479828
proto_source=spot_delta_k=100_weighted=0_learnw=0,train,2345,proto,-0.01525960210710764,0.01643918640911579,-0.06826492838561535,-0.046388340555131434,-0.06224538013339043,-0.009899274911731482,0.00023143307043937622,0.9387550200803213,-0.015477478504180908,0.0004875425365753472,0.0002696662559174001,0.01994193345308304,0.20479118824005127,0.23763251304626465,1.0,0.00010040160642570282,0.0,0.00010040160642570282,0.000502008032128514,,,cvar,/Users/yaniszaim/deephedging/.deephedging_real_runs/final_paper_asian_panel/panel_sweeps/XLK_full_paper_grid_800_asian_call_step_robust/model_artifacts/seed_2345/risk_cvar/proto_source_spot_delta_k_100_weighted_0_learnw_0,21.0,0.05801241336390376,val_loss,0.019210901111364365,0.17173074185848236,0.0,0.0,1992.0,20.0,2.0,spot_delta,100.0,False,False,0.08204187452793121,0.20479191839694977
proto_source=spot_delta_k=100_weighted=0_learnw=0,val,2345,proto,-0.014989763498306274,0.016309477388858795,-0.06798670813441277,-0.04890917241573334,-0.05942933261394501,-0.010231221560388803,0.0008316568855661899,0.903755868544601,-0.015063119120895863,0.0003441877197474241,0.0002708325919229537,0.019900396466255188,0.20401060581207275,0.23777583241462708,0.6797701716423035,0.0,0.0,0.0,0.0,,,cvar,/Users/yaniszaim/deephedging/.deephedging_real_runs/final_paper_asian_panel/panel_sweeps/XLK_full_paper_grid_800_asian_call_step_robust/model_artifacts/seed_2345/risk_cvar/proto_source_spot_delta_k_100_weighted_0_learnw_0,21.0,0.05801241336390376,val_loss,0.019210901111364365,0.17173074185848236,0.0,0.0,426.0,20.0,2.0,spot_delta,100.0,False,False,0.08204187452793121,0.20479191839694977
proto_source=spot_delta_k=100_weighted=0_learnw=0,test,2345,proto,-0.015300323255360126,0.016849519684910774,-0.06115240473300219,-0.04763202257454395,-0.060025859624147415,-0.0099632041528821,0.00023607173134223427,0.9392523364485982,-0.015579630620777607,0.0005528381443582475,0.0002735295856837183,0.01998576708137989,0.20479103922843933,0.23780304193496704,1.0,0.00035046728971962614,0.0,0.00035046728971962614,0.002336448598130841,,,cvar,/Users/yaniszaim/deephedging/.deephedging_real_runs/final_paper_asian_panel/panel_sweeps/XLK_full_paper_grid_800_asian_call_step_robust/model_artifacts/seed_2345/risk_cvar/proto_source_spot_delta_k_100_weighted_0_learnw_0,21.0,0.05801241336390376,val_loss,0.019210901111364365,0.17173074185848236,0.0,0.0,428.0,20.0,2.0,spot_delta,100.0,False,False,0.08204187452793121,0.20479191839694977
proto_source=spot_delta_k=100_weighted=1_learnw=0,train,2345,proto,-0.015018204227089882,0.017318854108452797,-0.07208861388266087,-0.04701986126601696,-0.06371677666902542,-0.009642298799008131,0.0015620236517861462,0.8795180722891566,-0.015477478504180908,0.0006980424514040351,0.00023876852355897427,0.024048201739788055,0.21750223636627197,0.19793912768363953,0.9073883295059204,0.0,0.0,0.0,0.0,,,cvar,/Users/yaniszaim/deephedging/.deephedging_real_runs/final_paper_asian_panel/panel_sweeps/XLK_full_paper_grid_800_asian_call_step_robust/model_artifacts/seed_2345/risk_cvar/proto_source_spot_delta_k_100_weighted_1_learnw_0,146.0,0.058062832560390236,val_loss,0.019326072186231613,0.16263534128665924,0.0,0.0,1992.0,20.0,2.0,spot_delta,100.0,True,False,0.17198774218559265,0.37814411520957947
proto_source=spot_delta_k=100_weighted=1_learnw=0,val,2345,proto,-0.01460018940269947,0.01744149625301361,-0.06564113683998585,-0.05061648227274418,-0.06060311943292618,-0.009203420486301184,0.001972629252122715,0.8708920187793427,-0.015063119120895863,0.0006992437993176281,0.00023631319345440716,0.02377663180232048,0.21551936864852905,0.19871358573436737,0.9028415679931641,0.0,0.0,0.0,0.0,,,cvar,/Users/yaniszaim/deephedging/.deephedging_real_runs/final_paper_asian_panel/panel_sweeps/XLK_full_paper_grid_800_asian_call_step_robust/model_artifacts/seed_2345/risk_cvar/proto_source_spot_delta_k_100_weighted_1_learnw_0,146.0,0.058062832560390236,val_loss,0.019326072186231613,0.16263534128665924,0.0,0.0,426.0,20.0,2.0,spot_delta,100.0,True,False,0.17198774218559265,0.37814411520957947
proto_source=spot_delta_k=100_weighted=1_learnw=0,test,2345,proto,-0.014912878163158894,0.017548250034451485,-0.06407043866813182,-0.04918710738420486,-0.060053810477256775,-0.010051998775452375,0.002163832169026136,0.8574766355140186,-0.015579630620777607,0.0009051347733475268,0.00023838241759222,0.023898743093013763,0.2073686718940735,0.1983717828989029,0.8438392877578735,0.0,0.0,0.0,0.0,,,cvar,/Users/yaniszaim/deephedging/.deephedging_real_runs/final_paper_asian_panel/panel_sweeps/XLK_full_paper_grid_800_asian_call_step_robust/model_artifacts/seed_2345/risk_cvar/proto_source_spot_delta_k_100_weighted_1_learnw_0,146.0,0.058062832560390236,val_loss,0.019326072186231613,0.16263534128665924,0.0,0.0,428.0,20.0,2.0,spot_delta,100.0,True,False,0.17198774218559265,0.37814411520957947
proto_source=vanilla_k=10_weighted=0_learnw=0,train,2345,proto,-0.01856124773621559,0.0165230892598629,-0.07611003197729588,-0.04906559605151415,-0.06601478159427643,-0.01342074666172266,-0.0020773680647835136,0.9839357429718876,-0.015477478504180908,0.0007930869469419122,0.00387685839086771,0.06729545444250107,0.2711748480796814,0.3692447543144226,1.0,0.07508785140562249,0.07508785140562249,0.0,1.0,,,cvar,/Users/yaniszaim/deephedging/.deephedging_real_runs/final_paper_asian_panel/panel_sweeps/XLK_full_paper_grid_800_asian_call_step_robust/model_artifacts/seed_2345/risk_cvar/proto_source_vanilla_k_10_weighted_0_learnw_0,630.0,0.07616616377913056,val_loss,0.06673367321491241,0.41931021213531494,0.12247652582159624,1.0,1992.0,20.0,2.0,vanilla,10.0,False,False,0.15409986674785614,0.3206120431423187
proto_source=vanilla_k=10_weighted=0_learnw=0,val,2345,proto,-0.018350793048739433,0.015982162207365036,-0.0671028308570385,-0.053402867168188095,-0.06219284608960152,-0.012992709875106812,-0.00209061149507761,0.9788732394366197,-0.015063119120895863,0.0005848438013345003,0.00387251703068614,0.06729371100664139,0.2715590298175812,0.36922016739845276,1.0,0.07511737089201878,0.07511737089201878,0.0,1.0,,,cvar,/Users/yaniszaim/deephedging/.deephedging_real_runs/final_paper_asian_panel/panel_sweeps/XLK_full_paper_grid_800_asian_call_step_robust/model_artifacts/seed_2345/risk_cvar/proto_source_vanilla_k_10_weighted_0_learnw_0,630.0,0.07616616377913056,val_loss,0.06673367321491241,0.41931021213531494,0.12247652582159624,1.0,426.0,20.0,2.0,vanilla,10.0,False,False,0.15409986674785614,0.3206120431423187
proto_source=vanilla_k=10_weighted=0_learnw=0,test,2345,proto,-0.018587302416563034,0.016287367790937424,-0.06768659181892872,-0.04970350321382284,-0.0620410218834877,-0.014591555576771498,-0.0015141582349315309,0.9813084112149533,-0.015579630620777607,0.0008666666690260172,0.003874339861795306,0.06730726361274719,0.26474153995513916,0.36940768361091614,1.0,0.07517523364485981,0.07517523364485981,0.0,1.0,,,cvar,/Users/yaniszaim/deephedging/.deephedging_real_runs/final_paper_asian_panel/panel_sweeps/XLK_full_paper_grid_800_asian_call_step_robust/model_artifacts/seed_2345/risk_cvar/proto_source_vanilla_k_10_weighted_0_learnw_0,630.0,0.07616616377913056,val_loss,0.06673367321491241,0.41931021213531494,0.12247652582159624,1.0,428.0,20.0,2.0,vanilla,10.0,False,False,0.15409986674785614,0.3206120431423187
proto_source=vanilla_k=10_weighted=1_learnw=0,train,2345,proto,-0.015217099338769913,0.016674285754561424,-0.07482298918068409,-0.04628038499504328,-0.06375549733638763,-0.009311802219599485,0.0004134609072934797,0.9372489959839357,-0.015477478504180908,0.0008275769650936127,0.0005671976250596344,0.03034757450222969,0.0934632271528244,0.3529665470123291,1.0,0.175,0.175,0.0,1.0,,,cvar,/Users/yaniszaim/deephedging/.deephedging_real_runs/final_paper_asian_panel/panel_sweeps/XLK_full_paper_grid_800_asian_call_step_robust/model_artifacts/seed_2345/risk_cvar/proto_source_vanilla_k_10_weighted_1_learnw_0,6.0,0.07653498919680715,val_loss,0.025773797184228897,0.35955020785331726,0.175,1.0,1992.0,20.0,2.0,vanilla,10.0,True,False,0.11668600887060165,0.15522728860378265
proto_source=vanilla_k=10_weighted=1_learnw=0,val,2345,proto,-0.015026447363197803,0.015892675146460533,-0.0636482760310173,-0.047657063230872154,-0.05875968560576439,-0.010236116591840982,0.0003078641457250342,0.9413145539906104,-0.015063119120895863,0.0006045796326361597,0.0005679065943695605,0.03037792444229126,0.09345638751983643,0.3529345989227295,1.0,0.175,0.175,0.0,1.0,,,cvar,/Users/yaniszaim/deephedging/.deephedging_real_runs/final_paper_asian_panel/panel_sweeps/XLK_full_paper_grid_800_asian_call_step_robust/model_artifacts/seed_2345/risk_cvar/proto_source_vanilla_k_10_weighted_1_learnw_0,6.0,0.07653498919680715,val_loss,0.025773797184228897,0.35955020785331726,0.175,1.0,426.0,20.0,2.0,vanilla,10.0,True,False,0.11668600887060165,0.15522728860378265
proto_source=vanilla_k=10_weighted=1_learnw=0,test,2345,proto,-0.015371273271739483,0.016701633110642433,-0.06292068537324667,-0.04749713260680437,-0.06088382005691528,-0.010259963106364012,0.0009274778509279687,0.9182242990654206,-0.015579630620777607,0.0007748465868644416,0.0005664891796186566,0.03034249134361744,0.09345538169145584,0.3529702126979828,1.0,0.175,0.175,0.0,1.0,,,cvar,/Users/yaniszaim/deephedging/.deephedging_real_runs/final_paper_asian_panel/panel_sweeps/XLK_full_paper_grid_800_asian_call_step_robust/model_artifacts/seed_2345/risk_cvar/proto_source_vanilla_k_10_weighted_1_learnw_0,6.0,0.07653498919680715,val_loss,0.025773797184228897,0.35955020785331726,0.175,1.0,428.0,20.0,2.0,vanilla,10.0,True,False,0.11668600887060165,0.15522728860378265
proto_source=vanilla_k=25_weighted=0_learnw=0,train,2345,proto,-0.015586580149829388,0.01628343015909195,-0.06869489118456841,-0.046546895615756506,-0.06133780628442764,-0.010564085561782122,-0.0003458352191955793,0.9693775100401606,-0.015477478504180908,0.0006847839686088264,0.0007938856142573059,0.02694626711308956,0.3498336374759674,0.3233761191368103,1.0,0.054405120481927714,0.054405120481927714,0.0,0.19026104417670683,,,cvar,/Users/yaniszaim/deephedging/.deephedging_real_runs/final_paper_asian_panel/panel_sweeps/XLK_full_paper_grid_800_asian_call_step_robust/model_artifacts/seed_2345/risk_cvar/proto_source_vanilla_k_25_weighted_0_learnw_0,638.0,0.06518410368590778,val_loss,0.026644226163625717,0.32135558128356934,0.04958920187793427,0.17370892018779344,1992.0,20.0,2.0,vanilla,25.0,False,False,0.2511652112007141,0.4165228605270386
proto_source=vanilla_k=25_weighted=0_learnw=0,val,2345,proto,-0.015254775062203407,0.016196195036172867,-0.0666598528623581,-0.04926506616175175,-0.0593336783349514,-0.010590303223580122,0.0001241318677784875,0.9366197183098591,-0.015063119120895863,0.0005929848994128406,0.0007846403168514371,0.02688327245414257,0.3498385548591614,0.323834627866745,1.0,0.0517018779342723,0.0517018779342723,0.0,0.19014084507042253,,,cvar,/Users/yaniszaim/deephedging/.deephedging_real_runs/final_paper_asian_panel/panel_sweeps/XLK_full_paper_grid_800_asian_call_step_robust/model_artifacts/seed_2345/risk_cvar/proto_source_vanilla_k_25_weighted_0_learnw_0,638.0,0.06518410368590778,val_loss,0.026644226163625717,0.32135558128356934,0.04958920187793427,0.17370892018779344,426.0,20.0,2.0,vanilla,25.0,False,False,0.2511652112007141,0.4165228605270386
proto_source=vanilla_k=25_weighted=0_learnw=0,test,2345,proto,-0.015793943777680397,0.01630816049873829,-0.06093045745044946,-0.04695094265043735,-0.058906104415655136,-0.01187970582395792,-0.0002772139065200481,0.9579439252336449,-0.015579630620777607,0.0005790636641904712,0.0007933769375085831,0.027041444554924965,0.34853875637054443,0.3255869150161743,1.0,0.05625,0.05625,0.0,0.19626168224299065,,,cvar,/Users/yaniszaim/deephedging/.deephedging_real_runs/final_paper_asian_panel/panel_sweeps/XLK_full_paper_grid_800_asian_call_step_robust/model_artifacts/seed_2345/risk_cvar/proto_source_vanilla_k_25_weighted_0_learnw_0,638.0,0.06518410368590778,val_loss,0.026644226163625717,0.32135558128356934,0.04958920187793427,0.17370892018779344,428.0,20.0,2.0,vanilla,25.0,False,False,0.2511652112007141,0.4165228605270386
proto_source=vanilla_k=25_weighted=1_learnw=0,train,2345,proto,-0.01547166332602501,0.017702993005514145,-0.0777068366855383,-0.04813815038651227,-0.0665978193283081,-0.00929166516289115,0.0005961619492154563,0.9201807228915663,-0.015477478504180908,0.0006242982344701886,0.0006184840458445251,0.027145937085151672,0.07457681000232697,0.2086653709411621,0.8114154934883118,0.0,0.0,0.0,0.0,,,cvar,/Users/yaniszaim/deephedging/.deephedging_real_runs/final_paper_asian_panel/panel_sweeps/XLK_full_paper_grid_800_asian_call_step_robust/model_artifacts/seed_2345/risk_cvar/proto_source_vanilla_k_25_weighted_1_learnw_0,9.0,0.059229248110204934,val_loss,0.029354829341173172,0.28474175930023193,0.0,0.0,1992.0,20.0,2.0,vanilla,25.0,True,False,0.11151677370071411,0.14809899032115936
proto_source=vanilla_k=25_weighted=1_learnw=0,val,2345,proto,-0.015161939896643162,0.017008336260914803,-0.06853816844522953,-0.048358638770878315,-0.060817696154117584,-0.010376223362982273,0.0005532777431653813,0.92018779342723,-0.015063119120895863,0.0005159217398613691,0.0006147425156086683,0.027122562751173973,0.07390182465314865,0.2086494117975235,0.8121160268783569,0.0,0.0,0.0,0.0,,,cvar,/Users/yaniszaim/deephedging/.deephedging_real_runs/final_paper_asian_panel/panel_sweeps/XLK_full_paper_grid_800_asian_call_step_robust/model_artifacts/seed_2345/risk_cvar/proto_source_vanilla_k_25_weighted_1_learnw_0,9.0,0.059229248110204934,val_loss,0.029354829341173172,0.28474175930023193,0.0,0.0,426.0,20.0,2.0,vanilla,25.0,True,False,0.11151677370071411,0.14809899032115936
proto_source=vanilla_k=25_weighted=1_learnw=0,test,2345,proto,-0.01564672216773033,0.017603427171707153,-0.06622766718268394,-0.048915622383356096,-0.06309786438941956,-0.010468889959156513,0.0009828152891714118,0.8925233644859814,-0.015579630620777607,0.000546119234059006,0.0006132113048806787,0.027101948857307434,0.0745890662074089,0.20869790017604828,0.8050000071525574,0.0,0.0,0.0,0.0,,,cvar,/Users/yaniszaim/deephedging/.deephedging_real_runs/final_paper_asian_panel/panel_sweeps/XLK_full_paper_grid_800_asian_call_step_robust/model_artifacts/seed_2345/risk_cvar/proto_source_vanilla_k_25_weighted_1_learnw_0,9.0,0.059229248110204934,val_loss,0.029354829341173172,0.28474175930023193,0.0,0.0,428.0,20.0,2.0,vanilla,25.0,True,False,0.11151677370071411,0.14809899032115936
proto_source=vanilla_k=50_weighted=0_learnw=0,train,2345,proto,-0.015244514681398869,0.017612827941775322,-0.07698476791381836,-0.04781944844871759,-0.06639178842306137,-0.008964457083493471,5.215673591010214e-05,0.9457831325301205,-0.015477478504180908,0.0004781725874636322,0.0002452086773701012,0.01760752871632576,0.08184919506311417,0.20080235600471497,0.6715205907821655,0.0,0.0,0.0,0.0,,,cvar,/Users/yaniszaim/deephedging/.deephedging_real_runs/final_paper_asian_panel/panel_sweeps/XLK_full_paper_grid_800_asian_call_step_robust/model_artifacts/seed_2345/risk_cvar/proto_source_vanilla_k_50_weighted_0_learnw_0,4.0,0.058674298226833344,val_loss,0.01780480146408081,0.2054247260093689,0.0,0.0,1992.0,20.0,2.0,vanilla,50.0,False,False,0.11448900401592255,0.1671164333820343
proto_source=vanilla_k=50_weighted=0_learnw=0,val,2345,proto,-0.014791005291044712,0.016823241487145424,-0.06733078602701426,-0.049846602603793144,-0.060809049755334854,-0.008811199571937323,0.00020026545826112852,0.9225352112676056,-0.015063119120895863,0.0005172952078282833,0.0002451800974085927,0.017604190856218338,0.08128490298986435,0.20078550279140472,0.6709058880805969,0.0,0.0,0.0,0.0,,,cvar,/Users/yaniszaim/deephedging/.deephedging_real_runs/final_paper_asian_panel/panel_sweeps/XLK_full_paper_grid_800_asian_call_step_robust/model_artifacts/seed_2345/risk_cvar/proto_source_vanilla_k_50_weighted_0_learnw_0,4.0,0.058674298226833344,val_loss,0.01780480146408081,0.2054247260093689,0.0,0.0,426.0,20.0,2.0,vanilla,50.0,False,False,0.11448900401592255,0.1671164333820343
proto_source=vanilla_k=50_weighted=0_learnw=0,test,2345,proto,-0.01537400297820568,0.017391974106431007,-0.06457278311252594,-0.04831137731671333,-0.06200818717479706,-0.010039375629276037,5.2914059051544736e-05,0.9392523364485982,-0.015579630620777607,0.00045078533003106713,0.00024515725090168417,0.01761106215417385,0.08212471753358841,0.20077134668827057,0.6712989211082458,0.0,0.0,0.0,0.0,,,cvar,/Users/yaniszaim/deephedging/.deephedging_real_runs/final_paper_asian_panel/panel_sweeps/XLK_full_paper_grid_800_asian_call_step_robust/model_artifacts/seed_2345/risk_cvar/proto_source_vanilla_k_50_weighted_0_learnw_0,4.0,0.058674298226833344,val_loss,0.01780480146408081,0.2054247260093689,0.0,0.0,428.0,20.0,2.0,vanilla,50.0,False,False,0.11448900401592255,0.1671164333820343
proto_source=vanilla_k=50_weighted=1_learnw=0,train,2345,proto,-0.015263698063790798,0.01777399703860283,-0.07782980091869832,-0.04816260896623135,-0.06662951409816742,-0.00911236135289073,0.001188141445163637,0.8940763052208835,-0.015477478504180908,0.0006220437353476882,0.00040826338226906955,0.026594815775752068,0.09108565747737885,0.22712793946266174,0.8298478126525879,0.0,0.0,0.0,0.0,,,cvar,/Users/yaniszaim/deephedging/.deephedging_real_runs/final_paper_asian_panel/panel_sweeps/XLK_full_paper_grid_800_asian_call_step_robust/model_artifacts/seed_2345/risk_cvar/proto_source_vanilla_k_50_weighted_1_learnw_0,5.0,0.05899498537182808,val_loss,0.024788320064544678,0.27392300963401794,0.0,0.0,1992.0,20.0,2.0,vanilla,50.0,True,False,0.11868864297866821,0.16112260520458221
proto_source=vanilla_k=50_weighted=1_learnw=0,val,2345,proto,-0.014970947988331318,0.017050623893737793,-0.06688761711120605,-0.04874881636351347,-0.060670193284749985,-0.010028079617768526,0.0012421011342667043,0.8802816901408451,-0.015063119120895863,0.0005001912941224873,0.0004080207727383822,0.026600420475006104,0.09108565747737885,0.2270919531583786,0.8216661214828491,0.0,0.0,0.0,0.0,,,cvar,/Users/yaniszaim/deephedging/.deephedging_real_runs/final_paper_asian_panel/panel_sweeps/XLK_full_paper_grid_800_asian_call_step_robust/model_artifacts/seed_2345/risk_cvar/proto_source_vanilla_k_50_weighted_1_learnw_0,5.0,0.05899498537182808,val_loss,0.024788320064544678,0.27392300963401794,0.0,0.0,426.0,20.0,2.0,vanilla,50.0,True,False,0.11868864297866821,0.16112260520458221
proto_source=vanilla_k=50_weighted=1_learnw=0,test,2345,proto,-0.015465077944099903,0.01767140068113804,-0.06520821191370488,-0.04894617702811956,-0.06305558979511261,-0.010036646854132414,0.001923991355579346,0.8644859813084113,-0.015579630620777607,0.0005222230101935565,0.0004076696641277522,0.026591110974550247,0.09108564257621765,0.2271556705236435,0.8334235548973083,0.0,0.0,0.0,0.0,,,cvar,/Users/yaniszaim/deephedging/.deephedging_real_runs/final_paper_asian_panel/panel_sweeps/XLK_full_paper_grid_800_asian_call_step_robust/model_artifacts/seed_2345/risk_cvar/proto_source_vanilla_k_50_weighted_1_learnw_0,5.0,0.05899498537182808,val_loss,0.024788320064544678,0.27392300963401794,0.0,0.0,428.0,20.0,2.0,vanilla,50.0,True,False,0.11868864297866821,0.16112260520458221
proto_source=vanilla_k=100_weighted=0_learnw=0,train,2345,proto,-0.015374257229268551,0.01825731247663498,-0.07907242491841317,-0.04934658836573362,-0.06795062869787216,-0.009341315366327763,5.7747049140743755e-05,0.9387550200803213,-0.015477478504180908,0.0001994236808968708,9.620252239983529e-05,0.006991920992732048,0.01786028780043125,0.07645556330680847,0.2631269693374634,0.0,0.0,0.0,0.0,,,cvar,/Users/yaniszaim/deephedging/.deephedging_real_runs/final_paper_asian_panel/panel_sweeps/XLK_full_paper_grid_800_asian_call_step_robust/model_artifacts/seed_2345/risk_cvar/proto_source_vanilla_k_100_weighted_0_learnw_0,2.0,0.05834757570410148,val_loss,0.006981723476201296,0.0762493833899498,0.0,0.0,1992.0,20.0,2.0,vanilla,100.0,False,False,0.09431121498346329,0.15571340918540955
proto_source=vanilla_k=100_weighted=0_learnw=0,val,2345,proto,-0.014973235316574574,0.017532050609588623,-0.06769885309040546,-0.05160030070692301,-0.0626818835735321,-0.009023318067193031,8.837960922392085e-05,0.931924882629108,-0.015063119120895863,0.0001859631884144619,9.607910760678351e-05,0.006992510985583067,0.017839543521404266,0.07645854353904724,0.26286470890045166,0.0,0.0,0.0,0.0,,,cvar,/Users/yaniszaim/deephedging/.deephedging_real_runs/final_paper_asian_panel/panel_sweeps/XLK_full_paper_grid_800_asian_call_step_robust/model_artifacts/seed_2345/risk_cvar/proto_source_vanilla_k_100_weighted_0_learnw_0,2.0,0.05834757570410148,val_loss,0.006981723476201296,0.0762493833899498,0.0,0.0,426.0,20.0,2.0,vanilla,100.0,False,False,0.09431121498346329,0.15571340918540955
proto_source=vanilla_k=100_weighted=0_learnw=0,test,2345,proto,-0.015494788996875286,0.01822793297469616,-0.06592218771576881,-0.050230768509209156,-0.06406580656766891,-0.010286995209753513,0.00010747299165814165,0.9252336448598131,-0.015579630620777607,0.00018096649728249758,9.612384747015312e-05,0.006992564536631107,0.01785135641694069,0.07645876705646515,0.26288414001464844,0.0,0.0,0.0,0.0,,,cvar,/Users/yaniszaim/deephedging/.deephedging_real_runs/final_paper_asian_panel/panel_sweeps/XLK_full_paper_grid_800_asian_call_step_robust/model_artifacts/seed_2345/risk_cvar/proto_source_vanilla_k_100_weighted_0_learnw_0,2.0,0.05834757570410148,val_loss,0.006981723476201296,0.0762493833899498,0.0,0.0,428.0,20.0,2.0,vanilla,100.0,False,False,0.09431121498346329,0.15571340918540955
proto_source=vanilla_k=100_weighted=1_learnw=0,train,2345,proto,-0.015577597543597221,0.018608728423714638,-0.08060804896056652,-0.05007226914167404,-0.06905684620141983,-0.009431047830730677,0.0008174480637535383,0.8830321285140562,-0.015477478504180908,0.0001707619958324358,0.00027088169008493423,0.0113523555919528,0.08041716367006302,0.08362197875976562,0.2279769480228424,0.0,0.0,0.0,0.0,,,cvar,/Users/yaniszaim/deephedging/.deephedging_real_runs/final_paper_asian_panel/panel_sweeps/XLK_full_paper_grid_800_asian_call_step_robust/model_artifacts/seed_2345/risk_cvar/proto_source_vanilla_k_100_weighted_1_learnw_0,2.0,0.0584404781088233,val_loss,0.00803520530462265,0.08768801391124725,0.0,0.0,1992.0,20.0,2.0,vanilla,100.0,True,False,0.09056183695793152,0.14516779780387878
proto_source=vanilla_k=100_weighted=1_learnw=0,val,2345,proto,-0.015221850015223026,0.01789850927889347,-0.06966717354953289,-0.05086603108793497,-0.06342444568872452,-0.009811189956963062,0.0007510051946155727,0.8708920187793427,-0.015063119120895863,0.0001119081862270832,0.0002706373343244195,0.011352013796567917,0.08020821958780289,0.08362749963998795,0.22630172967910767,0.0,0.0,0.0,0.0,,,cvar,/Users/yaniszaim/deephedging/.deephedging_real_runs/final_paper_asian_panel/panel_sweeps/XLK_full_paper_grid_800_asian_call_step_robust/model_artifacts/seed_2345/risk_cvar/proto_source_vanilla_k_100_weighted_1_learnw_0,2.0,0.0584404781088233,val_loss,0.00803520530462265,0.08768801391124725,0.0,0.0,426.0,20.0,2.0,vanilla,100.0,True,False,0.09056183695793152,0.14516779780387878
proto_source=vanilla_k=100_weighted=1_learnw=0,test,2345,proto,-0.015722595155239105,0.018621118739247322,-0.06698996983468533,-0.05113954972475767,-0.06543317437171936,-0.010583908297121525,0.0012999551778193558,0.8411214953271028,-0.015579630620777607,0.0001273241505259648,0.00027028867043554783,0.011349231004714966,0.08032912760972977,0.0835878923535347,0.22866091132164001,0.0,0.0,0.0,0.0,,,cvar,/Users/yaniszaim/deephedging/.deephedging_real_runs/final_paper_asian_panel/panel_sweeps/XLK_full_paper_grid_800_asian_call_step_robust/model_artifacts/seed_2345/risk_cvar/proto_source_vanilla_k_100_weighted_1_learnw_0,2.0,0.0584404781088233,val_loss,0.00803520530462265,0.08768801391124725,0.0,0.0,428.0,20.0,2.0,vanilla,100.0,True,False,0.09056183695793152,0.14516779780387878
unhedged,train,3456,baseline,-0.015468449331820011,0.0186734851449728,-0.07782655715942383,-0.05152592658996582,-0.06810221076011658,-0.009607374668121338,0.0,0.6536144578313253,-0.015468449331820011,0.0,0.0,0.0,0.0,0.0,0.0,0.0,0.0,0.0,0.0,,,,,,,,,,,,,,,,,,,,
spot_delta,train,3456,baseline,-0.01525090541690588,0.01753670908510685,-0.06882740676403046,-0.04932304173707962,-0.06334061920642853,-0.011353120673447847,0.00477368033025412,0.8383534136546185,-0.015468449331820011,0.00041640279232524335,0.00019885854271706194,0.02474602684378624,0.6374130249023438,0.2577859163284302,0.6374130249023438,0.0,0.0,0.0,0.0,,,,,,,,,,,,,,,,,,,,
spot_delta_band,train,3456,baseline,-0.015209728851914406,0.017440322786569595,-0.0696196560561657,-0.049407304823398585,-0.06349852681159973,-0.011160170193761587,0.0037061671377159634,0.8443775100401606,-0.015468449331820011,0.00036443545832298696,0.00010571585880825296,0.013202978298068047,0.5874130129814148,0.2457655817270279,0.5874130129814148,0.0,0.0,0.0,0.0,0.05,gains_mean,,,,,,,,,,,,,,,,,,
unhedged,val,3456,baseline,-0.015489207580685616,0.019434109330177307,-0.08176359534263611,-0.052810609340667725,-0.07196539640426636,-0.009817719459533691,-0.0,0.6338028169014085,-0.015489207580685616,0.0,0.0,0.0,0.0,0.0,0.0,0.0,0.0,0.0,0.0,,,,,,,,,,,,,,,,,,,,
spot_delta,val,3456,baseline,-0.014911611564457417,0.01744098775088787,-0.07443593814969063,-0.0475113270804286,-0.06299573928117752,-0.01159799238666892,0.005280745914205909,0.8497652582159625,-0.015489207580685616,0.0007798515143804252,0.00020225498883519322,0.02516791969537735,0.6312080025672913,0.2579001188278198,0.6312080025672913,0.0,0.0,0.0,0.0,,,,,,,,,,,,,,,,,,,,
spot_delta_band,val,3456,baseline,-0.014889128506183624,0.017499858513474464,-0.0728832446038723,-0.04859952721744776,-0.0635283812880516,-0.010912532452493906,0.0044539798982441425,0.8403755868544601,-0.015489207580685616,0.0007062581717036664,0.00010617895168252289,0.013260927982628345,0.5812079906463623,0.246261328458786,0.5812079906463623,0.0,0.0,0.0,0.0,0.05,gains_mean,,,,,,,,,,,,,,,,,,
unhedged,test,3456,baseline,-0.015197559259831905,0.01754780486226082,-0.06766751646995545,-0.04688819646835327,-0.06182052195072174,-0.009525179862976074,-0.0,0.6682242990654206,-0.015197559259831905,0.0,0.0,0.0,0.0,0.0,0.0,0.0,0.0,0.0,0.0,,,,,,,,,,,,,,,,,,,,
spot_delta,test,3456,baseline,-0.015053840354084969,0.01671915501356125,-0.0630172511562705,-0.045566937886178493,-0.0573914609849453,-0.011214981321245432,0.003748450777493415,0.8551401869158879,-0.015197559259831905,0.00034828856587409973,0.00020457079517655075,0.025441855192184448,0.6284639835357666,0.2576369345188141,0.6312080025672913,0.0,0.0,0.0,0.0,,,,,,,,,,,,,,,,,,,,
spot_delta_band,test,3456,baseline,-0.014984100125730038,0.016524866223335266,-0.06270622599869967,-0.046056683734059335,-0.05777871981263161,-0.010594280436635017,0.0035611643339507107,0.8598130841121495,-0.015197559259831905,0.00032086233841255307,0.00010740278958110139,0.013413128443062305,0.5784639716148376,0.24626462161540985,0.5812079906463623,0.0,0.0,0.0,0.0,0.05,gains_mean,,,,,,,,,,,,,,,,,,
vanilla,train,3456,vanilla,-0.015017070807516575,0.01710672117769718,-0.07352176040410996,-0.048249186389148234,-0.06376832723617554,-0.008933987934142351,0.0002004289890464855,0.9282128514056225,-0.015468449331820011,0.0006246684351935983,0.00017329066758975387,0.02071920409798622,0.04653135687112808,0.22515256702899933,0.8283810019493103,0.0,0.0,0.0,0.0,,,cvar,/Users/yaniszaim/deephedging/.deephedging_real_runs/final_paper_asian_panel/panel_sweeps/XLK_full_paper_grid_800_asian_call_step_robust/model_artifacts/seed_3456/risk_cvar/vanilla,187.0,0.060186202600598336,val_loss,0.020853683352470398,0.22709645330905914,0.0,0.0,1992.0,20.0,2.0,,,,,,
vanilla,val,3456,vanilla,-0.015056069009006023,0.017920056357979774,-0.07632134296000004,-0.049538327381014824,-0.06781984865665436,-0.008906164206564426,0.00017774762454791926,0.9248826291079812,-0.015489207580685616,0.0006064558401703835,0.00017331719573121518,0.020718732848763466,0.04642332345247269,0.22516456246376038,0.827664852142334,0.0,0.0,0.0,0.0,,,cvar,/Users/yaniszaim/deephedging/.deephedging_real_runs/final_paper_asian_panel/panel_sweeps/XLK_full_paper_grid_800_asian_call_step_robust/model_artifacts/seed_3456/risk_cvar/vanilla,187.0,0.060186202600598336,val_loss,0.020853683352470398,0.22709645330905914,0.0,0.0,426.0,20.0,2.0,,,,,,
vanilla,test,3456,vanilla,-0.01473853550851345,0.01599075458943844,-0.06341472461819649,-0.04444291833788157,-0.05784858390688896,-0.008978829253464937,8.346066897502057e-06,0.9462616822429907,-0.015197559259831905,0.0006322733825072646,0.00017325115913990885,0.020719198510050774,0.04648486524820328,0.2251460999250412,0.8281092643737793,0.0,0.0,0.0,0.0,,,cvar,/Users/yaniszaim/deephedging/.deephedging_real_runs/final_paper_asian_panel/panel_sweeps/XLK_full_paper_grid_800_asian_call_step_robust/model_artifacts/seed_3456/risk_cvar/vanilla,187.0,0.060186202600598336,val_loss,0.020853683352470398,0.22709645330905914,0.0,0.0,428.0,20.0,2.0,,,,,,
proto_source=spot_delta_k=10_weighted=0_learnw=0,train,3456,proto,-0.014559753239154816,0.016637258231639862,-0.07108595706522465,-0.0473906697705388,-0.061377014964818954,-0.009454334154725075,0.0014504528720863151,0.8970883534136547,-0.015468449331820011,0.0011133166262879968,0.000204621406737715,0.023844337090849876,0.5969200134277344,0.27122482657432556,1.0,0.00023845381526104418,0.0,0.00023845381526104418,0.0025100401606425703,,,cvar,/Users/yaniszaim/deephedging/.deephedging_real_runs/final_paper_asian_panel/panel_sweeps/XLK_full_paper_grid_800_asian_call_step_robust/model_artifacts/seed_3456/risk_cvar/proto_source_spot_delta_k_10_weighted_0_learnw_0,287.0,0.05871298982495083,val_loss,0.023242484778165817,0.2301422357559204,0.00023474178403755868,0.004694835680751174,1992.0,20.0,2.0,spot_delta,10.0,False,False,0.15080812573432922,0.5969200730323792
proto_source=spot_delta_k=10_weighted=0_learnw=0,val,3456,proto,-0.01480480469763279,0.01684092916548252,-0.07281561940908432,-0.047154919244349,-0.06318012624979019,-0.0085316295735538,0.001258497650269419,0.9131455399061033,-0.015489207580685616,0.0008842277457006276,0.0001998244260903448,0.02411247417330742,0.5969200134277344,0.2702708840370178,1.0,0.00011737089201877934,0.0,0.00011737089201877934,0.004694835680751174,,,cvar,/Users/yaniszaim/deephedging/.deephedging_real_runs/final_paper_asian_panel/panel_sweeps/XLK_full_paper_grid_800_asian_call_step_robust/model_artifacts/seed_3456/risk_cvar/proto_source_spot_delta_k_10_weighted_0_learnw_0,287.0,0.05871298982495083,val_loss,0.023242484778165817,0.2301422357559204,0.00023474178403755868,0.004694835680751174,426.0,20.0,2.0,spot_delta,10.0,False,False,0.15080812573432922,0.5969200730323792
proto_source=spot_delta_k=10_weighted=0_learnw=0,test,3456,proto,-0.014962390065193176,0.01597752422094345,-0.06355920866131783,-0.04615545384585858,-0.05918445810675621,-0.010344092268496752,0.0010439789388328774,0.9065420560747663,-0.015197559259831905,0.0004324765468481928,0.00019730805070139468,0.022928714752197266,0.5969200134277344,0.27390384674072266,0.9999999403953552,5.841121495327103e-05,0.0,5.841121495327103e-05,0.002336448598130841,,,cvar,/Users/yaniszaim/deephedging/.deephedging_real_runs/final_paper_asian_panel/panel_sweeps/XLK_full_paper_grid_800_asian_call_step_robust/model_artifacts/seed_3456/risk_cvar/proto_source_spot_delta_k_10_weighted_0_learnw_0,287.0,0.05871298982495083,val_loss,0.023242484778165817,0.2301422357559204,0.00023474178403755868,0.004694835680751174,428.0,20.0,2.0,spot_delta,10.0,False,False,0.15080812573432922,0.5969200730323792
proto_source=spot_delta_k=10_weighted=1_learnw=0,train,3456,proto,-0.01455793995410204,0.01725000888109207,-0.06978070378303527,-0.046788045763969416,-0.0610949844121933,-0.009481244720518589,0.002054240053985268,0.8815261044176707,-0.015468449331820011,0.0012215188471600413,0.0003110095567535609,0.03163156285881996,0.3002394735813141,0.2874351143836975,1.0,0.0022464859437751005,0.0009538152610441767,0.0012926706827309238,0.008032128514056224,,,cvar,/Users/yaniszaim/deephedging/.deephedging_real_runs/final_paper_asian_panel/panel_sweeps/XLK_full_paper_grid_800_asian_call_step_robust/model_artifacts/seed_3456/risk_cvar/proto_source_spot_delta_k_10_weighted_1_learnw_0,245.0,0.059482946436100165,val_loss,0.020879432559013367,0.18961679935455322,0.0007629107981220657,0.004694835680751174,1992.0,20.0,2.0,spot_delta,10.0,True,False,0.15831607580184937,0.35576316714286804
proto_source=spot_delta_k=10_weighted=1_learnw=0,val,3456,proto,-0.014801817014813423,0.016658537089824677,-0.06778832152485847,-0.04747539386153221,-0.06067103520035744,-0.009332016110420227,0.0018897177651524544,0.8685446009389671,-0.015489207580685616,0.0009866749169304967,0.0002992830122821033,0.03135710209608078,0.3002392649650574,0.28459906578063965,1.0,0.000528169014084507,0.00017605633802816902,0.00035211267605633805,0.004694835680751174,,,cvar,/Users/yaniszaim/deephedging/.deephedging_real_runs/final_paper_asian_panel/panel_sweeps/XLK_full_paper_grid_800_asian_call_step_robust/model_artifacts/seed_3456/risk_cvar/proto_source_spot_delta_k_10_weighted_1_learnw_0,245.0,0.059482946436100165,val_loss,0.020879432559013367,0.18961679935455322,0.0007629107981220657,0.004694835680751174,426.0,20.0,2.0,spot_delta,10.0,True,False,0.15831607580184937,0.35576316714286804
proto_source=spot_delta_k=10_weighted=1_learnw=0,test,3456,proto,-0.014360727742314339,0.016054300591349602,-0.05568409655243158,-0.044907542318105696,-0.05259142071008682,-0.01025685342028737,0.0019617634592577803,0.883177570093458,-0.015197559259831905,0.0011530243791639805,0.0003161935310345143,0.03209781274199486,0.3002394437789917,0.2890765070915222,1.0,0.0022196261682242992,0.0008761682242990654,0.0013434579439252337,0.007009345794392523,,,cvar,/Users/yaniszaim/deephedging/.deephedging_real_runs/final_paper_asian_panel/panel_sweeps/XLK_full_paper_grid_800_asian_call_step_robust/model_artifacts/seed_3456/risk_cvar/proto_source_spot_delta_k_10_weighted_1_learnw_0,245.0,0.059482946436100165,val_loss,0.020879432559013367,0.18961679935455322,0.0007629107981220657,0.004694835680751174,428.0,20.0,2.0,spot_delta,10.0,True,False,0.15831607580184937,0.35576316714286804
proto_source=spot_delta_k=25_weighted=0_learnw=0,train,3456,proto,-0.014898980036377907,0.01693780906498432,-0.07227604791522026,-0.048041030950844284,-0.06226873770356178,-0.009272762574255466,0.0016638743923977001,0.8895582329317269,-0.015468449331820011,0.000883057015016675,0.0003135879524052143,0.02821337804198265,0.16891393065452576,0.19961903989315033,0.7351040244102478,0.0,0.0,0.0,0.0,,,cvar,/Users/yaniszaim/deephedging/.deephedging_real_runs/final_paper_asian_panel/panel_sweeps/XLK_full_paper_grid_800_asian_call_step_robust/model_artifacts/seed_3456/risk_cvar/proto_source_spot_delta_k_25_weighted_0_learnw_0,20.0,0.05926666709594428,val_loss,0.021928584203124046,0.1318066418170929,0.0,0.0,1992.0,20.0,2.0,spot_delta,25.0,False,False,0.09690600633621216,0.1689283400774002
proto_source=spot_delta_k=25_weighted=0_learnw=0,val,3456,proto,-0.01516035944223404,0.017715049907565117,-0.07141022570431232,-0.04961363971233368,-0.06666845828294754,-0.008930656127631664,0.0018040667346213013,0.8779342723004695,-0.015489207580685616,0.0006413255468942225,0.00031247720471583307,0.028197549283504486,0.16890892386436462,0.19860926270484924,0.6980459094047546,0.0,0.0,0.0,0.0,,,cvar,/Users/yaniszaim/deephedging/.deephedging_real_runs/final_paper_asian_panel/panel_sweeps/XLK_full_paper_grid_800_asian_call_step_robust/model_artifacts/seed_3456/risk_cvar/proto_source_spot_delta_k_25_weighted_0_learnw_0,20.0,0.05926666709594428,val_loss,0.021928584203124046,0.1318066418170929,0.0,0.0,426.0,20.0,2.0,spot_delta,25.0,False,False,0.09690600633621216,0.1689283400774002
proto_source=spot_delta_k=25_weighted=0_learnw=0,test,3456,proto,-0.014885596930980682,0.016216829419136047,-0.06352289713919163,-0.04797503892332315,-0.05805286020040512,-0.009090309962630272,0.0017204226576723156,0.8925233644859814,-0.015197559259831905,0.0006208259728737175,0.0003088642260991037,0.027857134118676186,0.1689143031835556,0.20115746557712555,0.701275646686554,0.0,0.0,0.0,0.0,,,cvar,/Users/yaniszaim/deephedging/.deephedging_real_runs/final_paper_asian_panel/panel_sweeps/XLK_full_paper_grid_800_asian_call_step_robust/model_artifacts/seed_3456/risk_cvar/proto_source_spot_delta_k_25_weighted_0_learnw_0,20.0,0.05926666709594428,val_loss,0.021928584203124046,0.1318066418170929,0.0,0.0,428.0,20.0,2.0,spot_delta,25.0,False,False,0.09690600633621216,0.1689283400774002
proto_source=spot_delta_k=25_weighted=1_learnw=0,train,3456,proto,-0.015243597328662872,0.017252856865525246,-0.07452990129590034,-0.0488663587719202,-0.06373811513185501,-0.009743060916662216,0.0014128155424259596,0.8744979919678715,-0.015468449331820011,0.0003281849203631282,0.0001033339649438858,0.012295614928007126,0.29630783200263977,0.1468546837568283,1.0,0.0035140562248995983,0.0035140562248995983,0.0,0.0818273092369478,,,cvar,/Users/yaniszaim/deephedging/.deephedging_real_runs/final_paper_asian_panel/panel_sweeps/XLK_full_paper_grid_800_asian_call_step_robust/model_artifacts/seed_3456/risk_cvar/proto_source_spot_delta_k_25_weighted_1_learnw_0,108.0,0.05937849554233253,val_loss,0.00955759547650814,0.11474473029375076,0.0,0.0,1992.0,20.0,2.0,spot_delta,25.0,True,False,0.13392873108386993,0.341216117143631
proto_source=spot_delta_k=25_weighted=1_learnw=0,val,3456,proto,-0.015183604322373867,0.017858142033219337,-0.0762598104774952,-0.049936640076339245,-0.06586284190416336,-0.009122625458985567,0.0016831803950481117,0.8661971830985915,-0.015489207580685616,0.0004111519956495613,0.00010554811888141558,0.012622563168406487,0.2779551148414612,0.147096186876297,1.0,0.00357981220657277,0.00357981220657277,0.0,0.08215962441314555,,,cvar,/Users/yaniszaim/deephedging/.deephedging_real_runs/final_paper_asian_panel/panel_sweeps/XLK_full_paper_grid_800_asian_call_step_robust/model_artifacts/seed_3456/risk_cvar/proto_source_spot_delta_k_25_weighted_1_learnw_0,108.0,0.05937849554233253,val_loss,0.00955759547650814,0.11474473029375076,0.0,0.0,426.0,20.0,2.0,spot_delta,25.0,True,False,0.13392873108386993,0.341216117143631
proto_source=spot_delta_k=25_weighted=1_learnw=0,test,3456,proto,-0.01502306666225195,0.016522400081157684,-0.06303061239421368,-0.04660460017621517,-0.058489348739385605,-0.009949754923582077,0.0015811931982170784,0.8714953271028038,-0.015197559259831905,0.0002790358557831496,0.00010454301082063466,0.012507139705121517,0.2782186269760132,0.14808553457260132,1.0,0.004322429906542056,0.004322429906542056,0.0,0.10514018691588785,,,cvar,/Users/yaniszaim/deephedging/.deephedging_real_runs/final_paper_asian_panel/panel_sweeps/XLK_full_paper_grid_800_asian_call_step_robust/model_artifacts/seed_3456/risk_cvar/proto_source_spot_delta_k_25_weighted_1_learnw_0,108.0,0.05937849554233253,val_loss,0.00955759547650814,0.11474473029375076,0.0,0.0,428.0,20.0,2.0,spot_delta,25.0,True,False,0.13392873108386993,0.341216117143631
proto_source=spot_delta_k=50_weighted=0_learnw=0,train,3456,proto,-0.014895095489919186,0.016214286908507347,-0.06821373395621777,-0.04615066107362509,-0.059813834726810455,-0.010096877347677946,0.0018333576328586703,0.8895582329317269,-0.015468449331820011,0.0008091290947049856,0.00023577568936161697,0.020349962636828423,0.20549757778644562,0.2924022376537323,1.0,5.020080321285141e-05,0.0,5.020080321285141e-05,0.001004016064257028,,,cvar,/Users/yaniszaim/deephedging/.deephedging_real_runs/final_paper_asian_panel/panel_sweeps/XLK_full_paper_grid_800_asian_call_step_robust/model_artifacts/seed_3456/risk_cvar/proto_source_spot_delta_k_50_weighted_0_learnw_0,25.0,0.05917504225857556,val_loss,0.018701443448662758,0.2098846435546875,0.0,0.0,1992.0,20.0,2.0,spot_delta,50.0,False,False,0.07197478413581848,0.20945385098457336
proto_source=spot_delta_k=50_weighted=0_learnw=0,val,3456,proto,-0.014907044358551502,0.016872959211468697,-0.07172681018710136,-0.04528129938989878,-0.06270253658294678,-0.009881533682346344,0.0021807653247378767,0.8708920187793427,-0.015489207580685616,0.0008173176320269704,0.00023515311477240175,0.020476585254073143,0.20549756288528442,0.2914714813232422,0.7312086820602417,0.0,0.0,0.0,0.0,,,cvar,/Users/yaniszaim/deephedging/.deephedging_real_runs/final_paper_asian_panel/panel_sweeps/XLK_full_paper_grid_800_asian_call_step_robust/model_artifacts/seed_3456/risk_cvar/proto_source_spot_delta_k_50_weighted_0_learnw_0,25.0,0.05917504225857556,val_loss,0.018701443448662758,0.2098846435546875,0.0,0.0,426.0,20.0,2.0,spot_delta,50.0,False,False,0.07197478413581848,0.20945385098457336
proto_source=spot_delta_k=50_weighted=0_learnw=0,test,3456,proto,-0.014985838904976845,0.015442628413438797,-0.0569728646799922,-0.04433385580778122,-0.05472216382622719,-0.01081676920875907,0.0014448580448515682,0.8948598130841121,-0.015197559259831905,0.00044469800195656717,0.00023297820007428527,0.02008175291121006,0.20549756288528442,0.2938189208507538,0.7021602392196655,0.0,0.0,0.0,0.0,,,cvar,/Users/yaniszaim/deephedging/.deephedging_real_runs/final_paper_asian_panel/panel_sweeps/XLK_full_paper_grid_800_asian_call_step_robust/model_artifacts/seed_3456/risk_cvar/proto_source_spot_delta_k_50_weighted_0_learnw_0,25.0,0.05917504225857556,val_loss,0.018701443448662758,0.2098846435546875,0.0,0.0,428.0,20.0,2.0,spot_delta,50.0,False,False,0.07197478413581848,0.20945385098457336
proto_source=spot_delta_k=50_weighted=1_learnw=0,train,3456,proto,-0.01574809104204178,0.016607698053121567,-0.07180417098104953,-0.04803010150790214,-0.06306860595941544,-0.010126719251275063,-0.0012082397355698054,0.9879518072289156,-0.015468449331820011,0.0004320212174206972,0.0007116646156646311,0.020398791879415512,0.1031331717967987,0.2619491517543793,0.6744983196258545,0.0,0.0,0.0,0.0,,,cvar,/Users/yaniszaim/deephedging/.deephedging_real_runs/final_paper_asian_panel/panel_sweeps/XLK_full_paper_grid_800_asian_call_step_robust/model_artifacts/seed_3456/risk_cvar/proto_source_spot_delta_k_50_weighted_1_learnw_0,11.0,0.05996371726505458,val_loss,0.016337266191840172,0.19360828399658203,0.0,0.0,1992.0,20.0,2.0,spot_delta,50.0,True,False,0.0709904283285141,0.16153597831726074
proto_source=spot_delta_k=50_weighted=1_learnw=0,val,3456,proto,-0.015723513439297676,0.017351284623146057,-0.073929812759161,-0.04887273348867893,-0.06668353825807571,-0.009922470431774855,-0.0011948178871534765,0.9835680751173709,-0.015489207580685616,0.0004919281345792115,0.0007262320723384619,0.02052958682179451,0.10313259065151215,0.2607065439224243,0.6546111702919006,0.0,0.0,0.0,0.0,,,cvar,/Users/yaniszaim/deephedging/.deephedging_real_runs/final_paper_asian_panel/panel_sweeps/XLK_full_paper_grid_800_asian_call_step_robust/model_artifacts/seed_3456/risk_cvar/proto_source_spot_delta_k_50_weighted_1_learnw_0,11.0,0.05996371726505458,val_loss,0.016337266191840172,0.19360828399658203,0.0,0.0,426.0,20.0,2.0,spot_delta,50.0,True,False,0.0709904283285141,0.16153597831726074
proto_source=spot_delta_k=50_weighted=1_learnw=0,test,3456,proto,-0.015566055662930012,0.015742242336273193,-0.06371679101139306,-0.04520086627453566,-0.057812560349702835,-0.009934164583683014,-0.0013369587424676866,0.9976635514018691,-0.015197559259831905,0.0003520812897477299,0.0007205785368569195,0.020429259166121483,0.1031174510717392,0.2622234523296356,0.6791372895240784,0.0,0.0,0.0,0.0,,,cvar,/Users/yaniszaim/deephedging/.deephedging_real_runs/final_paper_asian_panel/panel_sweeps/XLK_full_paper_grid_800_asian_call_step_robust/model_artifacts/seed_3456/risk_cvar/proto_source_spot_delta_k_50_weighted_1_learnw_0,11.0,0.05996371726505458,val_loss,0.016337266191840172,0.19360828399658203,0.0,0.0,428.0,20.0,2.0,spot_delta,50.0,True,False,0.0709904283285141,0.16153597831726074
proto_source=spot_delta_k=100_weighted=0_learnw=0,train,3456,proto,-0.014607987366616726,0.015921520069241524,-0.06776410788297653,-0.0451749050989747,-0.05951647460460663,-0.009764345362782478,0.001244225917616854,0.9011044176706827,-0.015468449331820011,0.0011406273115426302,0.000280165986623615,0.023931654170155525,0.22847586870193481,0.31241574883461,1.0,1.2550200803212852e-05,0.0,1.2550200803212852e-05,0.000502008032128514,,,cvar,/Users/yaniszaim/deephedging/.deephedging_real_runs/final_paper_asian_panel/panel_sweeps/XLK_full_paper_grid_800_asian_call_step_robust/model_artifacts/seed_3456/risk_cvar/proto_source_spot_delta_k_100_weighted_0_learnw_0,30.0,0.058904601160235735,val_loss,0.022999664768576622,0.22353921830654144,5.868544600938967e-05,0.002347417840375587,1992.0,20.0,2.0,spot_delta,100.0,False,False,0.0922405794262886,0.22917380928993225
proto_source=spot_delta_k=100_weighted=0_learnw=0,val,3456,proto,-0.014818108640611172,0.0162104070186615,-0.06974485889077187,-0.04595721606165171,-0.060374513268470764,-0.009618835523724556,0.0012258885544724762,0.8990610328638498,-0.015489207580685616,0.0009721687529236078,0.00030106844496913254,0.02459610626101494,0.22595766186714172,0.31301233172416687,0.8635691404342651,0.0,0.0,0.0,0.0,,,cvar,/Users/yaniszaim/deephedging/.deephedging_real_runs/final_paper_asian_panel/panel_sweeps/XLK_full_paper_grid_800_asian_call_step_robust/model_artifacts/seed_3456/risk_cvar/proto_source_spot_delta_k_100_weighted_0_learnw_0,30.0,0.058904601160235735,val_loss,0.022999664768576622,0.22353921830654144,5.868544600938967e-05,0.002347417840375587,426.0,20.0,2.0,spot_delta,100.0,False,False,0.0922405794262886,0.22917380928993225
proto_source=spot_delta_k=100_weighted=0_learnw=0,test,3456,proto,-0.014888744801282883,0.015756260603666306,-0.0614452600851655,-0.042796277068555356,-0.05677845701575279,-0.010280702263116837,0.0009177213971270211,0.927570093457944,-0.015197559259831905,0.0005811612354591489,0.0002723470679484308,0.02321159839630127,0.22530823945999146,0.3153592646121979,1.0,5.841121495327103e-05,0.0,5.841121495327103e-05,0.002336448598130841,,,cvar,/Users/yaniszaim/deephedging/.deephedging_real_runs/final_paper_asian_panel/panel_sweeps/XLK_full_paper_grid_800_asian_call_step_robust/model_artifacts/seed_3456/risk_cvar/proto_source_spot_delta_k_100_weighted_0_learnw_0,30.0,0.058904601160235735,val_loss,0.022999664768576622,0.22353921830654144,5.868544600938967e-05,0.002347417840375587,428.0,20.0,2.0,spot_delta,100.0,False,False,0.0922405794262886,0.22917380928993225
proto_source=spot_delta_k=100_weighted=1_learnw=0,train,3456,proto,-0.014907153323292732,0.01647387258708477,-0.07047633990645409,-0.047044477052986616,-0.061036769300699234,-0.009327140636742115,0.0009109372505918102,0.9051204819277109,-0.015468449331820011,0.0007412584382109344,0.00017996277892962098,0.020084988325834274,0.2437630593776703,0.2213544100522995,1.0,3.765060240963856e-05,0.0,3.765060240963856e-05,0.001004016064257028,,,cvar,/Users/yaniszaim/deephedging/.deephedging_real_runs/final_paper_asian_panel/panel_sweeps/XLK_full_paper_grid_800_asian_call_step_robust/model_artifacts/seed_3456/risk_cvar/proto_source_spot_delta_k_100_weighted_1_learnw_0,38.0,0.05914039450697601,val_loss,0.018774664029479027,0.17386631667613983,0.0,0.0,1992.0,20.0,2.0,spot_delta,100.0,True,False,0.08253955841064453,0.2559036910533905
proto_source=spot_delta_k=100_weighted=1_learnw=0,val,3456,proto,-0.015110969543457031,0.0173819437623024,-0.07234262302517891,-0.048623605631291866,-0.0651990994811058,-0.008429340552538633,0.0010205800062976778,0.9061032863849765,-0.015489207580685616,0.0005524329608306289,0.00017419442883692682,0.020092112943530083,0.22254523634910583,0.22015978395938873,0.5533113479614258,0.0,0.0,0.0,0.0,,,cvar,/Users/yaniszaim/deephedging/.deephedging_real_runs/final_paper_asian_panel/panel_sweeps/XLK_full_paper_grid_800_asian_call_step_robust/model_artifacts/seed_3456/risk_cvar/proto_source_spot_delta_k_100_weighted_1_learnw_0,38.0,0.05914039450697601,val_loss,0.018774664029479027,0.17386631667613983,0.0,0.0,426.0,20.0,2.0,spot_delta,100.0,True,False,0.08253955841064453,0.2559036910533905
proto_source=spot_delta_k=100_weighted=1_learnw=0,test,3456,proto,-0.014863894321024418,0.015827076509594917,-0.060683943443000314,-0.045675821788609024,-0.05662357434630394,-0.010002735070884228,0.0007679254194954402,0.9135514018691588,-0.015197559259831905,0.0005118706030771136,0.00017820732318796217,0.02003544569015503,0.2399272620677948,0.22234798967838287,1.0,0.00011682242990654206,0.0,0.00011682242990654206,0.002336448598130841,,,cvar,/Users/yaniszaim/deephedging/.deephedging_real_runs/final_paper_asian_panel/panel_sweeps/XLK_full_paper_grid_800_asian_call_step_robust/model_artifacts/seed_3456/risk_cvar/proto_source_spot_delta_k_100_weighted_1_learnw_0,38.0,0.05914039450697601,val_loss,0.018774664029479027,0.17386631667613983,0.0,0.0,428.0,20.0,2.0,spot_delta,100.0,True,False,0.08253955841064453,0.2559036910533905
proto_source=vanilla_k=10_weighted=0_learnw=0,train,3456,proto,-0.01789684034883976,0.01729670725762844,-0.07709547162055969,-0.05070462748408317,-0.06574459373950958,-0.012684639543294907,-0.0003398718545213454,0.9553212851405622,-0.015468449331820011,0.0008510115440003574,0.0032794035505503416,0.05892990157008171,0.2441517412662506,0.27271994948387146,1.0,0.03421184738955823,0.03421184738955823,0.0,0.5401606425702812,,,cvar,/Users/yaniszaim/deephedging/.deephedging_real_runs/final_paper_asian_panel/panel_sweeps/XLK_full_paper_grid_800_asian_call_step_robust/model_artifacts/seed_3456/risk_cvar/proto_source_vanilla_k_10_weighted_0_learnw_0,366.0,0.06823755953775745,val_loss,0.05886044353246689,0.2877657115459442,0.04419014084507042,0.6596244131455399,1992.0,20.0,2.0,vanilla,10.0,False,False,0.13255958259105682,0.2457505464553833
proto_source=vanilla_k=10_weighted=0_learnw=0,val,3456,proto,-0.018153248354792595,0.018128935247659683,-0.08475481159985065,-0.053906132467091084,-0.07135124504566193,-0.012240509502589703,-0.0004911500727757812,0.9624413145539906,-0.015489207580685616,0.0006190109997987747,0.003283050376921892,0.05882837250828743,0.24379700422286987,0.2747361958026886,1.0,0.03556338028169014,0.03556338028169014,0.0,0.5657276995305164,,,cvar,/Users/yaniszaim/deephedging/.deephedging_real_runs/final_paper_asian_panel/panel_sweeps/XLK_full_paper_grid_800_asian_call_step_robust/model_artifacts/seed_3456/risk_cvar/proto_source_vanilla_k_10_weighted_0_learnw_0,366.0,0.06823755953775745,val_loss,0.05886044353246689,0.2877657115459442,0.04419014084507042,0.6596244131455399,426.0,20.0,2.0,vanilla,10.0,False,False,0.13255958259105682,0.2457505464553833
proto_source=vanilla_k=10_weighted=0_learnw=0,test,3456,proto,-0.017966143786907196,0.016181018203496933,-0.06515513449907302,-0.04742205273360014,-0.06129840388894081,-0.013290374539792538,-0.0006030029966495965,0.9579439252336449,-0.015197559259831905,0.0005165221518836915,0.0032851085998117924,0.05910130590200424,0.24421532452106476,0.2713369131088257,1.0,0.03271028037383177,0.03271028037383177,0.0,0.5163551401869159,,,cvar,/Users/yaniszaim/deephedging/.deephedging_real_runs/final_paper_asian_panel/panel_sweeps/XLK_full_paper_grid_800_asian_call_step_robust/model_artifacts/seed_3456/risk_cvar/proto_source_vanilla_k_10_weighted_0_learnw_0,366.0,0.06823755953775745,val_loss,0.05886044353246689,0.2877657115459442,0.04419014084507042,0.6596244131455399,428.0,20.0,2.0,vanilla,10.0,False,False,0.13255958259105682,0.2457505464553833
proto_source=vanilla_k=10_weighted=1_learnw=0,train,3456,proto,-0.01506781205534935,0.016146326437592506,-0.07074103988707066,-0.04652749318629503,-0.06193036958575249,-0.009941134601831436,0.00045125026081222906,0.9307228915662651,-0.015468449331820011,0.0006818759138695896,0.00028123983065597713,0.025846241042017937,0.1375173032283783,0.4136035740375519,1.0,0.30509538152610444,0.30509538152610444,0.0,1.0,,,cvar,/Users/yaniszaim/deephedging/.deephedging_real_runs/final_paper_asian_panel/panel_sweeps/XLK_full_paper_grid_800_asian_call_step_robust/model_artifacts/seed_3456/risk_cvar/proto_source_vanilla_k_10_weighted_1_learnw_0,156.0,0.06751059056570133,val_loss,0.025535903871059418,0.2944255769252777,0.07083333333333333,0.9906103286384976,1992.0,20.0,2.0,vanilla,10.0,True,False,0.08570683002471924,0.1847652792930603
proto_source=vanilla_k=10_weighted=1_learnw=0,val,3456,proto,-0.015130444429814816,0.01666952483355999,-0.07480736821889877,-0.04870797321200371,-0.06459292769432068,-0.009852244518697262,4.796197754330933e-05,0.9460093896713615,-0.015489207580685616,0.0006404921878129244,0.0002817290951497853,0.025854064151644707,0.1375173032283783,0.4135315716266632,1.0,0.3050469483568075,0.3050469483568075,0.0,1.0,,,cvar,/Users/yaniszaim/deephedging/.deephedging_real_runs/final_paper_asian_panel/panel_sweeps/XLK_full_paper_grid_800_asian_call_step_robust/model_artifacts/seed_3456/risk_cvar/proto_source_vanilla_k_10_weighted_1_learnw_0,156.0,0.06751059056570133,val_loss,0.025535903871059418,0.2944255769252777,0.07083333333333333,0.9906103286384976,426.0,20.0,2.0,vanilla,10.0,True,False,0.08570683002471924,0.1847652792930603
proto_source=vanilla_k=10_weighted=1_learnw=0,test,3456,proto,-0.014515350572764874,0.014992205426096916,-0.061335083469748496,-0.042463993094861506,-0.05563557147979736,-0.009566230699419975,0.0005939606809988578,0.9252336448598131,-0.015197559259831905,0.0009635892929509282,0.00028138107154518366,0.02585015818476677,0.1375173032283783,0.4147229492664337,1.0,0.3064252336448598,0.3064252336448598,0.0,1.0,,,cvar,/Users/yaniszaim/deephedging/.deephedging_real_runs/final_paper_asian_panel/panel_sweeps/XLK_full_paper_grid_800_asian_call_step_robust/model_artifacts/seed_3456/risk_cvar/proto_source_vanilla_k_10_weighted_1_learnw_0,156.0,0.06751059056570133,val_loss,0.025535903871059418,0.2944255769252777,0.07083333333333333,0.9906103286384976,428.0,20.0,2.0,vanilla,10.0,True,False,0.08570683002471924,0.1847652792930603
proto_source=vanilla_k=25_weighted=0_learnw=0,train,3456,proto,-0.016491694375872612,0.02050451561808586,-0.08527145624160766,-0.055668667890131474,-0.07345237582921982,-0.010823447722941637,0.003291978850029407,0.7756024096385542,-0.015468449331820011,-0.00073713663732633,0.00028610933804884553,0.025362687185406685,0.06170831248164177,0.25925007462501526,1.0,0.004743975903614458,0.0,0.004743975903614458,0.1857429718875502,,,cvar,/Users/yaniszaim/deephedging/.deephedging_real_runs/final_paper_asian_panel/panel_sweeps/XLK_full_paper_grid_800_asian_call_step_robust/model_artifacts/seed_3456/risk_cvar/proto_source_vanilla_k_25_weighted_0_learnw_0,3.0,0.06527305934302718,val_loss,0.02543690986931324,0.2600953280925751,0.0035211267605633804,0.13849765258215962,1992.0,20.0,2.0,vanilla,25.0,False,False,0.056485891342163086,0.15335743129253387
proto_source=vanilla_k=25_weighted=0_learnw=0,val,3456,proto,-0.01647206023335457,0.021189363673329353,-0.08792600780725479,-0.05693022534251213,-0.07677186280488968,-0.010322768706828356,0.0035109667805954814,0.7652582159624414,-0.015489207580685616,-0.0006967904628254473,0.00028606117120943964,0.025356000289320946,0.05969345569610596,0.25928857922554016,1.0,0.005046948356807511,0.0,0.005046948356807511,0.19718309859154928,,,cvar,/Users/yaniszaim/deephedging/.deephedging_real_runs/final_paper_asian_panel/panel_sweeps/XLK_full_paper_grid_800_asian_call_step_robust/model_artifacts/seed_3456/risk_cvar/proto_source_vanilla_k_25_weighted_0_learnw_0,3.0,0.06527305934302718,val_loss,0.02543690986931324,0.2600953280925751,0.0035211267605633804,0.13849765258215962,426.0,20.0,2.0,vanilla,25.0,False,False,0.056485891342163086,0.15335743129253387
proto_source=vanilla_k=25_weighted=0_learnw=0,test,3456,proto,-0.016222355887293816,0.01935148797929287,-0.07242199473083019,-0.051222356781363484,-0.06675681471824646,-0.010959071572870016,0.0033703178516589064,0.7686915887850467,-0.015197559259831905,-0.0007390733808279037,0.0002857237996067852,0.025341002270579338,0.06142248213291168,0.25882628560066223,1.0,0.004614485981308411,0.0,0.004614485981308411,0.17990654205607476,,,cvar,/Users/yaniszaim/deephedging/.deephedging_real_runs/final_paper_asian_panel/panel_sweeps/XLK_full_paper_grid_800_asian_call_step_robust/model_artifacts/seed_3456/risk_cvar/proto_source_vanilla_k_25_weighted_0_learnw_0,3.0,0.06527305934302718,val_loss,0.02543690986931324,0.2600953280925751,0.0035211267605633804,0.13849765258215962,428.0,20.0,2.0,vanilla,25.0,False,False,0.056485891342163086,0.15335743129253387
proto_source=vanilla_k=25_weighted=1_learnw=0,train,3456,proto,-0.018227675929665565,0.01863202266395092,-0.07911107629537582,-0.05461135171353817,-0.07075206935405731,-0.012550201267004013,-3.4771545324477126e-05,0.9508032128514057,-0.015468449331820011,-0.0002040405961452052,0.0025551870930939913,0.05078696087002754,0.08772996068000793,0.25773537158966064,1.0,0.006375502008032129,0.0,0.006375502008032129,0.25502008032128515,,,cvar,/Users/yaniszaim/deephedging/.deephedging_real_runs/final_paper_asian_panel/panel_sweeps/XLK_full_paper_grid_800_asian_call_step_robust/model_artifacts/seed_3456/risk_cvar/proto_source_vanilla_k_25_weighted_1_learnw_0,3.0,0.06037425163434818,val_loss,0.004551856312900782,0.031870368868112564,0.0,0.0,1992.0,20.0,2.0,vanilla,25.0,True,False,0.06479110568761826,0.148096963763237
proto_source=vanilla_k=25_weighted=1_learnw=0,val,3456,proto,-0.018197551369667053,0.01933944597840309,-0.08351132832467556,-0.05540887173265219,-0.07345995306968689,-0.010800891555845737,-0.00027011596830561757,0.9530516431924883,-0.015489207580685616,-0.00015544577036052942,0.0025528976693749428,0.050738658756017685,0.08772996068000793,0.25713911652565,1.0,0.0058098591549295775,0.0,0.0058098591549295775,0.2323943661971831,,,cvar,/Users/yaniszaim/deephedging/.deephedging_real_runs/final_paper_asian_panel/panel_sweeps/XLK_full_paper_grid_800_asian_call_step_robust/model_artifacts/seed_3456/risk_cvar/proto_source_vanilla_k_25_weighted_1_learnw_0,3.0,0.06037425163434818,val_loss,0.004551856312900782,0.031870368868112564,0.0,0.0,426.0,20.0,2.0,vanilla,25.0,True,False,0.06479110568761826,0.148096963763237
proto_source=vanilla_k=25_weighted=1_learnw=0,test,3456,proto,-0.017871219664812088,0.017709817737340927,-0.07060938186943531,-0.05040030628442764,-0.06459465622901917,-0.01212995033711195,0.0003440552973188409,0.9415887850467289,-0.015197559259831905,-0.00011777132749557495,0.0025558883789926767,0.05079548433423042,0.08772996068000793,0.2580816149711609,1.0,0.006366822429906542,0.0,0.006366822429906542,0.2546728971962617,,,cvar,/Users/yaniszaim/deephedging/.deephedging_real_runs/final_paper_asian_panel/panel_sweeps/XLK_full_paper_grid_800_asian_call_step_robust/model_artifacts/seed_3456/risk_cvar/proto_source_vanilla_k_25_weighted_1_learnw_0,3.0,0.06037425163434818,val_loss,0.004551856312900782,0.031870368868112564,0.0,0.0,428.0,20.0,2.0,vanilla,25.0,True,False,0.06479110568761826,0.148096963763237
proto_source=vanilla_k=50_weighted=0_learnw=0,train,3456,proto,-0.01565411500632763,0.018193744122982025,-0.07591368675231934,-0.05071328599005938,-0.06663631647825241,-0.009741681162267923,0.0011907244974281629,0.8579317269076305,-0.015468449331820011,1.4751184608030599e-05,0.0002004188863793388,0.008553913794457912,0.23501265048980713,0.0789397805929184,0.6235463619232178,0.0,0.0,0.0,0.0,,,cvar,/Users/yaniszaim/deephedging/.deephedging_real_runs/final_paper_asian_panel/panel_sweeps/XLK_full_paper_grid_800_asian_call_step_robust/model_artifacts/seed_3456/risk_cvar/proto_source_vanilla_k_50_weighted_0_learnw_0,240.0,0.060051787253469234,val_loss,0.010688301175832748,0.11290285736322403,0.0,0.0,1992.0,20.0,2.0,vanilla,50.0,False,False,0.1431247740983963,0.2710569202899933
proto_source=vanilla_k=50_weighted=0_learnw=0,val,3456,proto,-0.015487703494727612,0.018837425857782364,-0.07825781218707561,-0.053093040362000465,-0.06964293122291565,-0.009665767662227154,0.0017695918795652688,0.8708920187793427,-0.015489207580685616,0.000198735564481467,0.00019723041623365134,0.008432275615632534,0.23362509906291962,0.07694300264120102,0.481106698513031,0.0,0.0,0.0,0.0,,,cvar,/Users/yaniszaim/deephedging/.deephedging_real_runs/final_paper_asian_panel/panel_sweeps/XLK_full_paper_grid_800_asian_call_step_robust/model_artifacts/seed_3456/risk_cvar/proto_source_vanilla_k_50_weighted_0_learnw_0,240.0,0.060051787253469234,val_loss,0.010688301175832748,0.11290285736322403,0.0,0.0,426.0,20.0,2.0,vanilla,50.0,False,False,0.1431247740983963,0.2710569202899933
proto_source=vanilla_k=50_weighted=0_learnw=0,test,3456,proto,-0.01541617326438427,0.017201494425535202,-0.0663201653957367,-0.047938327118754384,-0.06143426522612572,-0.010206721723079681,0.0011978368565905833,0.8714953271028038,-0.015197559259831905,-2.0164849047432654e-05,0.00019845005590468645,0.008457832038402557,0.2336234301328659,0.0772634968161583,0.8194046020507812,0.0,0.0,0.0,0.0,,,cvar,/Users/yaniszaim/deephedging/.deephedging_real_runs/final_paper_asian_panel/panel_sweeps/XLK_full_paper_grid_800_asian_call_step_robust/model_artifacts/seed_3456/risk_cvar/proto_source_vanilla_k_50_weighted_0_learnw_0,240.0,0.060051787253469234,val_loss,0.010688301175832748,0.11290285736322403,0.0,0.0,428.0,20.0,2.0,vanilla,50.0,False,False,0.1431247740983963,0.2710569202899933
proto_source=vanilla_k=50_weighted=1_learnw=0,train,3456,proto,-0.015804219990968704,0.018562959507107735,-0.0775867710262537,-0.051443003863096234,-0.06818734854459763,-0.00966693740338087,0.00020293542183935526,0.9226907630522089,-0.015468449331820011,8.686594810569659e-05,0.00042263869545422494,0.009058386087417603,0.06523913890123367,0.08056759089231491,0.1728569120168686,0.0,0.0,0.0,0.0,,,cvar,/Users/yaniszaim/deephedging/.deephedging_real_runs/final_paper_asian_panel/panel_sweeps/XLK_full_paper_grid_800_asian_call_step_robust/model_artifacts/seed_3456/risk_cvar/proto_source_vanilla_k_50_weighted_1_learnw_0,50.0,0.0606145412620909,val_loss,0.01596912369132042,0.2187274843454361,0.0011737089201877935,0.004694835680751174,1992.0,20.0,2.0,vanilla,50.0,True,False,0.0742461234331131,0.21673613786697388
proto_source=vanilla_k=50_weighted=1_learnw=0,val,3456,proto,-0.015858443453907967,0.01936187595129013,-0.0820055641233921,-0.05319476034492254,-0.07216871529817581,-0.009954025037586689,0.00021993387053953484,0.9154929577464789,-0.015489207580685616,5.267954111332074e-05,0.0004219147376716137,0.009049749933183193,0.0652068704366684,0.08057732880115509,0.16123734414577484,0.0,0.0,0.0,0.0,,,cvar,/Users/yaniszaim/deephedging/.deephedging_real_runs/final_paper_asian_panel/panel_sweeps/XLK_full_paper_grid_800_asian_call_step_robust/model_artifacts/seed_3456/risk_cvar/proto_source_vanilla_k_50_weighted_1_learnw_0,50.0,0.0606145412620909,val_loss,0.01596912369132042,0.2187274843454361,0.0011737089201877935,0.004694835680751174,426.0,20.0,2.0,vanilla,50.0,True,False,0.0742461234331131,0.21673613786697388
proto_source=vanilla_k=50_weighted=1_learnw=0,test,3456,proto,-0.01550681795924902,0.017428027465939522,-0.0681185931712389,-0.0475546995177865,-0.06177907809615135,-0.010082209948450327,0.00023769897670717906,0.9158878504672897,-0.015197559259831905,0.00011325423110974953,0.00042251337436027825,0.009061407297849655,0.06518296152353287,0.0805836096405983,0.1667790412902832,0.0,0.0,0.0,0.0,,,cvar,/Users/yaniszaim/deephedging/.deephedging_real_runs/final_paper_asian_panel/panel_sweeps/XLK_full_paper_grid_800_asian_call_step_robust/model_artifacts/seed_3456/risk_cvar/proto_source_vanilla_k_50_weighted_1_learnw_0,50.0,0.0606145412620909,val_loss,0.01596912369132042,0.2187274843454361,0.0011737089201877935,0.004694835680751174,428.0,20.0,2.0,vanilla,50.0,True,False,0.0742461234331131,0.21673613786697388
proto_source=vanilla_k=100_weighted=0_learnw=0,train,3456,proto,-0.016993384808301926,0.017126936465501785,-0.076719478815794,-0.05016772635281086,-0.06518231332302094,-0.011065843515098095,-0.0010745496314484631,0.9804216867469879,-0.015468449331820011,0.0005975242238491774,0.002122461097314954,0.04279299080371857,0.5035186409950256,0.40939709544181824,1.0,0.0017068273092369479,0.001016566265060241,0.0006902610441767068,0.025100401606425703,,,cvar,/Users/yaniszaim/deephedging/.deephedging_real_runs/final_paper_asian_panel/panel_sweeps/XLK_full_paper_grid_800_asian_call_step_robust/model_artifacts/seed_3456/risk_cvar/proto_source_vanilla_k_100_weighted_0_learnw_0,78.0,0.06454402469859366,val_loss,0.04733368381857872,0.47844675183296204,0.0015845070422535212,0.03990610328638498,1992.0,20.0,2.0,vanilla,100.0,False,False,0.14870494604110718,0.5221534967422485
proto_source=vanilla_k=100_weighted=0_learnw=0,val,3456,proto,-0.016935212537646294,0.01784982532262802,-0.07722142711281776,-0.0520864250138402,-0.06878954917192459,-0.011046400759369135,-0.0006792779022362083,0.9882629107981221,-0.015489207580685616,0.0006843459559604526,0.002130349865183234,0.042880453169345856,0.4860137403011322,0.41139060258865356,1.0,0.0012323943661971832,0.0007629107981220657,0.00046948356807511736,0.025821596244131457,,,cvar,/Users/yaniszaim/deephedging/.deephedging_real_runs/final_paper_asian_panel/panel_sweeps/XLK_full_paper_grid_800_asian_call_step_robust/model_artifacts/seed_3456/risk_cvar/proto_source_vanilla_k_100_weighted_0_learnw_0,78.0,0.06454402469859366,val_loss,0.04733368381857872,0.47844675183296204,0.0015845070422535212,0.03990610328638498,426.0,20.0,2.0,vanilla,100.0,False,False,0.14870494604110718,0.5221534967422485
proto_source=vanilla_k=100_weighted=0_learnw=0,test,3456,proto,-0.016654759645462036,0.016043538227677345,-0.0648245494067669,-0.04720108490437269,-0.05946393311023712,-0.011573470197618008,-0.0010267326142638922,0.9719626168224299,-0.015197559259831905,0.000669639790430665,0.002126839943230152,0.04280075058341026,0.5004825592041016,0.4088635742664337,1.0,0.0015771028037383178,0.0008761682242990654,0.0007009345794392523,0.02102803738317757,,,cvar,/Users/yaniszaim/deephedging/.deephedging_real_runs/final_paper_asian_panel/panel_sweeps/XLK_full_paper_grid_800_asian_call_step_robust/model_artifacts/seed_3456/risk_cvar/proto_source_vanilla_k_100_weighted_0_learnw_0,78.0,0.06454402469859366,val_loss,0.04733368381857872,0.47844675183296204,0.0015845070422535212,0.03990610328638498,428.0,20.0,2.0,vanilla,100.0,False,False,0.14870494604110718,0.5221534967422485
proto_source=vanilla_k=100_weighted=1_learnw=0,train,3456,proto,-0.017995966598391533,0.019485361874103546,-0.0833502160012722,-0.05559318978339434,-0.0721597820520401,-0.012145807035267353,-0.00011396000045351864,0.9538152610441767,-0.015468449331820011,-0.00038745568599551916,0.0021400635596364737,0.03581925109028816,0.29532328248023987,0.3082965612411499,1.0,2.5100401606425704e-05,0.0,2.5100401606425704e-05,0.000502008032128514,,,cvar,/Users/yaniszaim/deephedging/.deephedging_real_runs/final_paper_asian_panel/panel_sweeps/XLK_full_paper_grid_800_asian_call_step_robust/model_artifacts/seed_3456/risk_cvar/proto_source_vanilla_k_100_weighted_1_learnw_0,288.0,0.06579832866647993,val_loss,0.04197448492050171,0.31547242403030396,0.0025821596244131454,0.04929577464788732,1992.0,20.0,2.0,vanilla,100.0,True,False,0.1299213171005249,0.5353255867958069
proto_source=vanilla_k=100_weighted=1_learnw=0,val,3456,proto,-0.017948050051927567,0.02038133330643177,-0.08632348664104939,-0.057233658619225025,-0.0763031616806984,-0.011456576641649008,0.00019903428619727492,0.9389671361502347,-0.015489207580685616,-0.00032121301046572626,0.0021376293152570724,0.035811152309179306,0.09502411633729935,0.3101033866405487,0.8824059367179871,0.0,0.0,0.0,0.0,,,cvar,/Users/yaniszaim/deephedging/.deephedging_real_runs/final_paper_asian_panel/panel_sweeps/XLK_full_paper_grid_800_asian_call_step_robust/model_artifacts/seed_3456/risk_cvar/proto_source_vanilla_k_100_weighted_1_learnw_0,288.0,0.06579832866647993,val_loss,0.04197448492050171,0.31547242403030396,0.0025821596244131454,0.04929577464788732,426.0,20.0,2.0,vanilla,100.0,True,False,0.1299213171005249,0.5353255867958069
proto_source=vanilla_k=100_weighted=1_learnw=0,test,3456,proto,-0.017826691269874573,0.018534671515226364,-0.0721100377291441,-0.051309891045093536,-0.06660913676023483,-0.012329905293881893,-0.000108130573062228,0.9532710280373832,-0.015197559259831905,-0.0004913113662041724,0.0021378216333687305,0.03583800047636032,0.10515743494033813,0.3081262409687042,0.8795245885848999,0.0,0.0,0.0,0.0,,,cvar,/Users/yaniszaim/deephedging/.deephedging_real_runs/final_paper_asian_panel/panel_sweeps/XLK_full_paper_grid_800_asian_call_step_robust/model_artifacts/seed_3456/risk_cvar/proto_source_vanilla_k_100_weighted_1_learnw_0,288.0,0.06579832866647993,val_loss,0.04197448492050171,0.31547242403030396,0.0025821596244131454,0.04929577464788732,428.0,20.0,2.0,vanilla,100.0,True,False,0.1299213171005249,0.5353255867958069
