model,split,seed,model_family,gains_mean,gains_std,gains_p01,gains_p05,gains_cvar05,gains_p50,gains_p95,shortfall_prob,payoff_mean,pnl_mean,cost_mean,action_abs_mean,action_abs_max,delta_abs_mean,delta_abs_max,pct_at_any_position_bound,pct_at_upper_position_bound,pct_at_lower_position_bound,pct_paths_touch_any_position_bound,selected_band,baseline_selection_metric,risk_measure,artifact_dir,selected_epoch,selected_score,selection_metric,selected_val_action_abs_mean,selected_val_delta_abs_mean,selected_val_pct_at_any_position_bound,selected_val_pct_paths_touch_any_position_bound,n_paths,n_steps,n_inst,prototype_source,n_prototypes,weighted_similarity,learn_distance_feature_weights,proto_action_norm_mean,proto_action_norm_max
unhedged,train,1234,baseline,-0.03981764614582062,0.04742777720093727,-0.1755901074409485,-0.12928154468536376,-0.16110147535800934,-0.022247314453125,-0.0,0.6179934055581724,-0.03981764614582062,0.0,0.0,0.0,0.0,0.0,0.0,0.0,0.0,0.0,0.0,,,,,,,,,,,,,,,,,,,,
spot_delta,train,1234,baseline,-0.03997943922877312,0.047697607427835464,-0.17291615188121795,-0.12665072977542877,-0.16181938350200653,-0.024323951452970505,0.007774844858795396,0.813942534149788,-0.03981764614582062,3.173109143972397e-05,0.00019352843810338527,0.024074390530586243,0.6422320008277893,0.2587827444076538,0.6422320008277893,0.0,0.0,0.0,0.0,,,,,,,,,,,,,,,,,,,,
spot_delta_band,train,1234,baseline,-0.03985866159200668,0.04715156555175781,-0.17196758717298508,-0.12585076689720154,-0.16082772612571716,-0.022887099534273148,0.005998138291761278,0.8219500706547339,-0.03981764614582062,5.000581222702749e-05,9.102429612539709e-05,0.011371316388249397,0.5422319769859314,0.22293518483638763,0.5422319769859314,0.0,0.0,0.0,0.0,0.1,gains_mean,,,,,,,,,,,,,,,,,,
unhedged,val,1234,baseline,-0.03774882107973099,0.04741348326206207,-0.15885204315185547,-0.12892284393310546,-0.1527821123600006,-0.0142439603805542,0.0,0.5947136563876652,-0.03774882107973099,0.0,0.0,0.0,0.0,0.0,0.0,0.0,0.0,0.0,0.0,,,,,,,,,,,,,,,,,,,,
spot_delta,val,1234,baseline,-0.03769013285636902,0.04618982970714569,-0.15165042996406555,-0.12915950194001197,-0.14918729662895203,-0.017971966415643692,0.00801204270683229,0.8061674008810573,-0.03774882107973099,0.00025690137408673763,0.00019821322348434478,0.024655617773532867,0.624904990196228,0.2586418688297272,0.6422320008277893,0.0,0.0,0.0,0.0,,,,,,,,,,,,,,,,,,,,
spot_delta_band,val,1234,baseline,-0.037519313395023346,0.04626942425966263,-0.15168430909514427,-0.1273702174425125,-0.14857015013694763,-0.016098566353321075,0.0070702753728255595,0.8061674008810573,-0.03774882107973099,0.0003209271817468107,9.142085036728531e-05,0.011418267153203487,0.5249049663543701,0.22347618639469147,0.5422319769859314,0.0,0.0,0.0,0.0,0.1,gains_mean,,,,,,,,,,,,,,,,,,
unhedged,test,1234,baseline,-0.038672734051942825,0.04695376753807068,-0.1694118857383728,-0.13342523574829102,-0.1555228978395462,-0.017098665237426758,0.0,0.6074561403508771,-0.038672734051942825,0.0,0.0,0.0,0.0,0.0,0.0,0.0,0.0,0.0,0.0,,,,,,,,,,,,,,,,,,,,
spot_delta,test,1234,baseline,-0.03797856718301773,0.04551828280091286,-0.1714553005993366,-0.13041050732135773,-0.15193116664886475,-0.018431808799505234,0.008698820369318128,0.8092105263157895,-0.038672734051942825,0.0008920204127207398,0.00019784925098065287,0.024645715951919556,0.6269159913063049,0.25942397117614746,0.6422320008277893,0.0,0.0,0.0,0.0,,,,,,,,,,,,,,,,,,,,
spot_delta_band,test,1234,baseline,-0.038092173635959625,0.04559896141290665,-0.1727607414126396,-0.13030771538615227,-0.1520642638206482,-0.01703037228435278,0.00608439277857542,0.8179824561403509,-0.038672734051942825,0.0006718745571561158,9.131508704740554e-05,0.011409723199903965,0.526915967464447,0.2238941192626953,0.5422319769859314,0.0,0.0,0.0,0.0,0.1,gains_mean,,,,,,,,,,,,,,,,,,
vanilla,train,1234,vanilla,-0.041936032474040985,0.0444505549967289,-0.16907681941986083,-0.1255343332886696,-0.15648920834064484,-0.025966618210077286,-0.00263616843149066,0.9995289684408856,-0.03981764614582062,0.00043893270776607096,0.0025573200546205044,0.04638203978538513,0.18246197700500488,0.6587973833084106,1.0,0.375,0.0,0.375,1.0,,,cvar,/Users/yaniszaim/deephedging/.deephedging_real_runs/final_paper_notebook/panel_sweeps/AAPL_full_paper_grid_800_step_robust/model_artifacts/seed_1234/risk_cvar/vanilla,9.0,0.19340307399630546,val_loss,0.046484917402267456,0.6604633331298828,0.375,1.0,2123.0,20.0,2.0,,,,,,
vanilla,val,1234,vanilla,-0.040144018828868866,0.044398024678230286,-0.15471716731786728,-0.1254859149456024,-0.14889217913150787,-0.01905850227922201,-0.0029705238761380316,1.0,-0.03774882107973099,0.00016005263023544103,0.0025552453007549047,0.04638513922691345,0.1822197437286377,0.6587989330291748,1.0,0.375,0.0,0.375,1.0,,,cvar,/Users/yaniszaim/deephedging/.deephedging_real_runs/final_paper_notebook/panel_sweeps/AAPL_full_paper_grid_800_step_robust/model_artifacts/seed_1234/risk_cvar/vanilla,9.0,0.19340307399630546,val_loss,0.046484917402267456,0.6604633331298828,0.375,1.0,454.0,20.0,2.0,,,,,,
vanilla,test,1234,vanilla,-0.04092880338430405,0.04386754706501961,-0.16393173187971116,-0.12997222691774368,-0.15069521963596344,-0.021756662987172604,-0.0030836850055493414,1.0,-0.038672734051942825,0.00029313028790056705,0.002549195196479559,0.046393606811761856,0.18215066194534302,0.6589020490646362,1.0,0.375,0.0,0.375,1.0,,,cvar,/Users/yaniszaim/deephedging/.deephedging_real_runs/final_paper_notebook/panel_sweeps/AAPL_full_paper_grid_800_step_robust/model_artifacts/seed_1234/risk_cvar/vanilla,9.0,0.19340307399630546,val_loss,0.046484917402267456,0.6604633331298828,0.375,1.0,456.0,20.0,2.0,,,,,,
proto_source=spot_delta_k=10_weighted=0_learnw=0,train,1234,proto,-0.03919563814997673,0.04611554369330406,-0.17070979595184327,-0.12445109114050865,-0.1575358510017395,-0.02468031644821167,0.007809062674641607,0.8294865756005653,-0.03981764614582062,0.0008686078945174813,0.0002466058940626681,0.027300706133246422,0.3437298536300659,0.36091235280036926,1.0,0.018134715025906734,0.018134715025906734,0.0,0.13235986811116346,,,cvar,/Users/yaniszaim/deephedging/.deephedging_real_runs/final_paper_notebook/panel_sweeps/AAPL_full_paper_grid_800_step_robust/model_artifacts/seed_1234/risk_cvar/proto_source_spot_delta_k_10_weighted_0_learnw_0,79.0,0.14806062288426422,val_loss,0.025729816406965256,0.1925422102212906,0.0030286343612334803,0.07048458149779736,2123.0,20.0,2.0,spot_delta,10.0,False,False,0.08254311978816986,0.34373024106025696
proto_source=spot_delta_k=10_weighted=0_learnw=0,val,1234,proto,-0.036648351699113846,0.045043326914310455,-0.14772055819630622,-0.12052085064351559,-0.14524368941783905,-0.018996133469045162,0.0069575825240463015,0.7995594713656388,-0.03774882107973099,0.00135007593780756,0.00024960775044746697,0.027517035603523254,0.3437298536300659,0.3616083562374115,1.0,0.021255506607929516,0.021255506607929516,0.0,0.16079295154185022,,,cvar,/Users/yaniszaim/deephedging/.deephedging_real_runs/final_paper_notebook/panel_sweeps/AAPL_full_paper_grid_800_step_robust/model_artifacts/seed_1234/risk_cvar/proto_source_spot_delta_k_10_weighted_0_learnw_0,79.0,0.14806062288426422,val_loss,0.025729816406965256,0.1925422102212906,0.0030286343612334803,0.07048458149779736,454.0,20.0,2.0,spot_delta,10.0,False,False,0.08254311978816986,0.34373024106025696
proto_source=spot_delta_k=10_weighted=0_learnw=0,test,1234,proto,-0.03919965401291847,0.04639517888426781,-0.1789734899997711,-0.1309536136686802,-0.1592915654182434,-0.02112927194684744,0.006218578666448593,0.8355263157894737,-0.038672734051942825,-0.0002726347593124956,0.0002542816800996661,0.028002893552184105,0.3437298536300659,0.35668033361434937,1.0,0.014089912280701755,0.014089912280701755,0.0,0.1118421052631579,,,cvar,/Users/yaniszaim/deephedging/.deephedging_real_runs/final_paper_notebook/panel_sweeps/AAPL_full_paper_grid_800_step_robust/model_artifacts/seed_1234/risk_cvar/proto_source_spot_delta_k_10_weighted_0_learnw_0,79.0,0.14806062288426422,val_loss,0.025729816406965256,0.1925422102212906,0.0030286343612334803,0.07048458149779736,456.0,20.0,2.0,spot_delta,10.0,False,False,0.08254311978816986,0.34373024106025696
proto_source=spot_delta_k=10_weighted=1_learnw=0,train,1234,proto,-0.03941609337925911,0.04526365548372269,-0.16764730781316758,-0.1249916799366474,-0.15441013872623444,-0.023024842143058777,0.002135657076723865,0.8831841733396137,-0.03981764614582062,0.0005885958671569824,0.00018704752437770367,0.021447157487273216,0.11289548873901367,0.26702287793159485,1.0,0.0004828073480923222,2.3551577955723033e-05,0.0004592557701365991,0.004239284032030146,,,cvar,/Users/yaniszaim/deephedging/.deephedging_real_runs/final_paper_notebook/panel_sweeps/AAPL_full_paper_grid_800_step_robust/model_artifacts/seed_1234/risk_cvar/proto_source_spot_delta_k_10_weighted_1_learnw_0,18.0,0.14804751102459754,val_loss,0.018156712874770164,0.13827411830425262,0.00027533039647577095,0.0022026431718061676,2123.0,20.0,2.0,spot_delta,10.0,True,False,0.10036011785268784,0.1471346765756607
proto_source=spot_delta_k=10_weighted=1_learnw=0,val,1234,proto,-0.03739306703209877,0.045046743005514145,-0.1528958013653755,-0.12427148967981339,-0.1469714343547821,-0.013761893846094608,0.0019391480018384746,0.8854625550660793,-0.03774882107973099,0.0005427710129879415,0.00018701386579778045,0.021482106298208237,0.10925740003585815,0.2661244571208954,1.0,5.506607929515419e-05,0.0,5.506607929515419e-05,0.0022026431718061676,,,cvar,/Users/yaniszaim/deephedging/.deephedging_real_runs/final_paper_notebook/panel_sweeps/AAPL_full_paper_grid_800_step_robust/model_artifacts/seed_1234/risk_cvar/proto_source_spot_delta_k_10_weighted_1_learnw_0,18.0,0.14804751102459754,val_loss,0.018156712874770164,0.13827411830425262,0.00027533039647577095,0.0022026431718061676,454.0,20.0,2.0,spot_delta,10.0,True,False,0.10036011785268784,0.1471346765756607
proto_source=spot_delta_k=10_weighted=1_learnw=0,test,1234,proto,-0.038770243525505066,0.04489344730973244,-0.16791945025324823,-0.12903505563735962,-0.15143319964408875,-0.017751487903296947,0.0011523131688591093,0.9122807017543859,-0.038672734051942825,9.175040031550452e-05,0.00018925870244856924,0.021813787519931793,0.10955125093460083,0.2665589451789856,1.0,0.0005482456140350877,0.0,0.0005482456140350877,0.0043859649122807015,,,cvar,/Users/yaniszaim/deephedging/.deephedging_real_runs/final_paper_notebook/panel_sweeps/AAPL_full_paper_grid_800_step_robust/model_artifacts/seed_1234/risk_cvar/proto_source_spot_delta_k_10_weighted_1_learnw_0,18.0,0.14804751102459754,val_loss,0.018156712874770164,0.13827411830425262,0.00027533039647577095,0.0022026431718061676,456.0,20.0,2.0,spot_delta,10.0,True,False,0.10036011785268784,0.1471346765756607
proto_source=spot_delta_k=25_weighted=0_learnw=0,train,1234,proto,-0.03971361741423607,0.04451325908303261,-0.16961896270513535,-0.12344924956560134,-0.15535171329975128,-0.023437872529029846,0.0009123183321207756,0.9203956665096561,-0.03981764614582062,0.00043649511644616723,0.0003324725548736751,0.024880025535821915,0.10079032182693481,0.26142027974128723,1.0,0.000341497880357984,0.0,0.000341497880357984,0.002826189354686764,,,cvar,/Users/yaniszaim/deephedging/.deephedging_real_runs/final_paper_notebook/panel_sweeps/AAPL_full_paper_grid_800_step_robust/model_artifacts/seed_1234/risk_cvar/proto_source_spot_delta_k_25_weighted_0_learnw_0,32.0,0.14850335753613073,val_loss,0.0195245910435915,0.16437186300754547,0.00022026431718061675,0.0022026431718061676,2123.0,20.0,2.0,spot_delta,25.0,False,False,0.09731170535087585,0.1882510781288147
proto_source=spot_delta_k=25_weighted=0_learnw=0,val,1234,proto,-0.037827447056770325,0.04441436752676964,-0.15602751344442367,-0.1233862105756998,-0.1467989832162857,-0.015700848307460546,0.0010971612762659723,0.9052863436123348,-0.03774882107973099,0.0002502871793694794,0.0003289091109763831,0.02489221654832363,0.09696519374847412,0.25966060161590576,0.9974256753921509,0.0,0.0,0.0,0.0,,,cvar,/Users/yaniszaim/deephedging/.deephedging_real_runs/final_paper_notebook/panel_sweeps/AAPL_full_paper_grid_800_step_robust/model_artifacts/seed_1234/risk_cvar/proto_source_spot_delta_k_25_weighted_0_learnw_0,32.0,0.14850335753613073,val_loss,0.0195245910435915,0.16437186300754547,0.00022026431718061675,0.0022026431718061676,454.0,20.0,2.0,spot_delta,25.0,False,False,0.09731170535087585,0.1882510781288147
proto_source=spot_delta_k=25_weighted=0_learnw=0,test,1234,proto,-0.03884514048695564,0.043879784643650055,-0.16297629252076148,-0.12732288986444473,-0.14977923035621643,-0.017678700387477875,0.0003985201256000437,0.9429824561403509,-0.038672734051942825,0.00016908941324800253,0.0003414953243918717,0.02509060502052307,0.09591960906982422,0.25938695669174194,1.0,0.0003837719298245614,0.0,0.0003837719298245614,0.0043859649122807015,,,cvar,/Users/yaniszaim/deephedging/.deephedging_real_runs/final_paper_notebook/panel_sweeps/AAPL_full_paper_grid_800_step_robust/model_artifacts/seed_1234/risk_cvar/proto_source_spot_delta_k_25_weighted_0_learnw_0,32.0,0.14850335753613073,val_loss,0.0195245910435915,0.16437186300754547,0.00022026431718061675,0.0022026431718061676,456.0,20.0,2.0,spot_delta,25.0,False,False,0.09731170535087585,0.1882510781288147
proto_source=spot_delta_k=25_weighted=1_learnw=0,train,1234,proto,-0.03987493738532066,0.044298600405454636,-0.16927073150873184,-0.12324634343385696,-0.1547861397266388,-0.022823229432106018,-0.00011567814799491457,0.9533678756476683,-0.03981764614582062,0.0004930765135213733,0.0005503740976564586,0.027496840804815292,0.17299118638038635,0.27374789118766785,1.0,0.002319830428638719,0.001048045219029675,0.0012717852096090438,0.04239284032030146,,,cvar,/Users/yaniszaim/deephedging/.deephedging_real_runs/final_paper_notebook/panel_sweeps/AAPL_full_paper_grid_800_step_robust/model_artifacts/seed_1234/risk_cvar/proto_source_spot_delta_k_25_weighted_1_learnw_0,36.0,0.14807505363516413,val_loss,0.019310202449560165,0.1485586017370224,0.0009361233480176211,0.006607929515418502,2123.0,20.0,2.0,spot_delta,25.0,True,False,0.10178316384553909,0.17965391278266907
proto_source=spot_delta_k=25_weighted=1_learnw=0,val,1234,proto,-0.03784062713384628,0.04423550143837929,-0.15461869016289712,-0.1223584096878767,-0.14629189670085907,-0.01644346211105585,-0.00016880462499102691,0.9559471365638766,-0.03774882107973099,0.0004242729628458619,0.0005160844302736223,0.027115102857351303,0.17299118638038635,0.27171388268470764,1.0,0.001817180616740088,0.0011013215859030838,0.0007158590308370044,0.04405286343612335,,,cvar,/Users/yaniszaim/deephedging/.deephedging_real_runs/final_paper_notebook/panel_sweeps/AAPL_full_paper_grid_800_step_robust/model_artifacts/seed_1234/risk_cvar/proto_source_spot_delta_k_25_weighted_1_learnw_0,36.0,0.14807505363516413,val_loss,0.019310202449560165,0.1485586017370224,0.0009361233480176211,0.006607929515418502,454.0,20.0,2.0,spot_delta,25.0,True,False,0.10178316384553909,0.17965391278266907
proto_source=spot_delta_k=25_weighted=1_learnw=0,test,1234,proto,-0.03881392627954483,0.04368982091546059,-0.16093347147107123,-0.12709007784724236,-0.14880773425102234,-0.01766766794025898,-0.0005420562738436274,0.9605263157894737,-0.038672734051942825,0.0004047588736284524,0.0005459460662677884,0.0274286437779665,0.17299115657806396,0.2727210521697998,1.0,0.002631578947368421,0.0007675438596491228,0.0018640350877192982,0.041666666666666664,,,cvar,/Users/yaniszaim/deephedging/.deephedging_real_runs/final_paper_notebook/panel_sweeps/AAPL_full_paper_grid_800_step_robust/model_artifacts/seed_1234/risk_cvar/proto_source_spot_delta_k_25_weighted_1_learnw_0,36.0,0.14807505363516413,val_loss,0.019310202449560165,0.1485586017370224,0.0009361233480176211,0.006607929515418502,456.0,20.0,2.0,spot_delta,25.0,True,False,0.10178316384553909,0.17965391278266907
proto_source=spot_delta_k=50_weighted=0_learnw=0,train,1234,proto,-0.03985965624451637,0.043996114283800125,-0.16652029603719712,-0.12207277864217758,-0.1524006873369217,-0.022986529394984245,0.0015717348898760968,0.9142722562411681,-0.03981764614582062,0.00046141777420416474,0.0005034312489442527,0.02929256297647953,0.14784517884254456,0.3864111006259918,1.0,0.041297691945360336,0.03973151201130476,0.0015661799340555818,0.567593028732925,,,cvar,/Users/yaniszaim/deephedging/.deephedging_real_runs/final_paper_notebook/panel_sweeps/AAPL_full_paper_grid_800_step_robust/model_artifacts/seed_1234/risk_cvar/proto_source_spot_delta_k_50_weighted_0_learnw_0,40.0,0.14813279659585774,val_loss,0.021370695903897285,0.18344123661518097,0.0013766519823788547,0.013215859030837005,2123.0,20.0,2.0,spot_delta,50.0,False,False,0.08483405411243439,0.16784028708934784
proto_source=spot_delta_k=50_weighted=0_learnw=0,val,1234,proto,-0.03751986846327782,0.04379606246948242,-0.15265188992023468,-0.12164601013064384,-0.1440403312444687,-0.015374126844108105,0.0018897225963882928,0.9074889867841409,-0.03774882107973099,0.0007271826616488397,0.0004982270183973014,0.029319601133465767,0.14521050453186035,0.38607531785964966,1.0,0.039977973568281935,0.03904185022026432,0.0009361233480176211,0.5572687224669604,,,cvar,/Users/yaniszaim/deephedging/.deephedging_real_runs/final_paper_notebook/panel_sweeps/AAPL_full_paper_grid_800_step_robust/model_artifacts/seed_1234/risk_cvar/proto_source_spot_delta_k_50_weighted_0_learnw_0,40.0,0.14813279659585774,val_loss,0.021370695903897285,0.18344123661518097,0.0013766519823788547,0.013215859030837005,454.0,20.0,2.0,spot_delta,50.0,False,False,0.08483405411243439,0.16784028708934784
proto_source=spot_delta_k=50_weighted=0_learnw=0,test,1234,proto,-0.039241716265678406,0.04381108283996582,-0.1652087725698948,-0.1272660195827484,-0.14971564710140228,-0.01888143178075552,0.0008836640045046806,0.9364035087719298,-0.038672734051942825,-7.20675743650645e-05,0.0004969104193150997,0.029436007142066956,0.14550399780273438,0.3839011788368225,1.0,0.03585526315789474,0.033662280701754387,0.0021929824561403508,0.5416666666666666,,,cvar,/Users/yaniszaim/deephedging/.deephedging_real_runs/final_paper_notebook/panel_sweeps/AAPL_full_paper_grid_800_step_robust/model_artifacts/seed_1234/risk_cvar/proto_source_spot_delta_k_50_weighted_0_learnw_0,40.0,0.14813279659585774,val_loss,0.021370695903897285,0.18344123661518097,0.0013766519823788547,0.013215859030837005,456.0,20.0,2.0,spot_delta,50.0,False,False,0.08483405411243439,0.16784028708934784
proto_source=spot_delta_k=50_weighted=1_learnw=0,train,1234,proto,-0.039857398718595505,0.04486929252743721,-0.17200432986021041,-0.1235432393848896,-0.15529495477676392,-0.02434423379600048,0.005402440251782531,0.8553933113518606,-0.03981764614582062,0.0002959988487418741,0.0003357532841619104,0.03500265255570412,0.29528191685676575,0.3518081605434418,1.0,0.03689354686764013,0.03563353744700895,0.0012600094206311823,0.3283089967027791,,,cvar,/Users/yaniszaim/deephedging/.deephedging_real_runs/final_paper_notebook/panel_sweeps/AAPL_full_paper_grid_800_step_robust/model_artifacts/seed_1234/risk_cvar/proto_source_spot_delta_k_50_weighted_1_learnw_0,101.0,0.14768465228920336,val_loss,0.01947646588087082,0.12176784127950668,0.0013215859030837004,0.006607929515418502,2123.0,20.0,2.0,spot_delta,50.0,True,False,0.09974668174982071,0.29589787125587463
proto_source=spot_delta_k=50_weighted=1_learnw=0,val,1234,proto,-0.03752219304442406,0.04465433955192566,-0.1467664834856987,-0.1223662082105875,-0.1453145444393158,-0.01830944512039423,0.005316350003704418,0.8259911894273128,-0.03774882107973099,0.0005603955360129476,0.0003337697417009622,0.03516902029514313,0.29528170824050903,0.3502067029476166,1.0,0.034691629955947136,0.03381057268722467,0.000881057268722467,0.28854625550660795,,,cvar,/Users/yaniszaim/deephedging/.deephedging_real_runs/final_paper_notebook/panel_sweeps/AAPL_full_paper_grid_800_step_robust/model_artifacts/seed_1234/risk_cvar/proto_source_spot_delta_k_50_weighted_1_learnw_0,101.0,0.14768465228920336,val_loss,0.01947646588087082,0.12176784127950668,0.0013215859030837004,0.006607929515418502,454.0,20.0,2.0,spot_delta,50.0,True,False,0.09974668174982071,0.29589787125587463
proto_source=spot_delta_k=50_weighted=1_learnw=0,test,1234,proto,-0.039594948291778564,0.04514400660991669,-0.16714227497577666,-0.12813187018036842,-0.15510718524456024,-0.02067217230796814,0.004262958304025233,0.8486842105263158,-0.038672734051942825,-0.0005881472025066614,0.00033406284637749195,0.034847043454647064,0.29528188705444336,0.3485812246799469,1.0,0.033278508771929824,0.03179824561403509,0.0014802631578947369,0.30043859649122806,,,cvar,/Users/yaniszaim/deephedging/.deephedging_real_runs/final_paper_notebook/panel_sweeps/AAPL_full_paper_grid_800_step_robust/model_artifacts/seed_1234/risk_cvar/proto_source_spot_delta_k_50_weighted_1_learnw_0,101.0,0.14768465228920336,val_loss,0.01947646588087082,0.12176784127950668,0.0013215859030837004,0.006607929515418502,456.0,20.0,2.0,spot_delta,50.0,True,False,0.09974668174982071,0.29589787125587463
proto_source=spot_delta_k=100_weighted=0_learnw=0,train,1234,proto,-0.039759401232004166,0.045630231499671936,-0.16859618782997132,-0.12518911808729172,-0.15604989230632782,-0.022984210401773453,0.003388773254118855,0.8643429109750354,-0.03981764614582062,0.0003062125470023602,0.00024797176592983305,0.020811989903450012,0.18710511922836304,0.27326998114585876,1.0,4.7103155911446066e-05,0.0,4.7103155911446066e-05,0.0009420631182289214,,,cvar,/Users/yaniszaim/deephedging/.deephedging_real_runs/final_paper_notebook/panel_sweeps/AAPL_full_paper_grid_800_step_robust/model_artifacts/seed_1234/risk_cvar/proto_source_spot_delta_k_100_weighted_0_learnw_0,27.0,0.14792791713029146,val_loss,0.015096254646778107,0.12577922642230988,0.0,0.0,2123.0,20.0,2.0,spot_delta,100.0,False,False,0.07521960884332657,0.18964515626430511
proto_source=spot_delta_k=100_weighted=0_learnw=0,val,1234,proto,-0.03730744123458862,0.045560501515865326,-0.15395453050732613,-0.12401641607284546,-0.14747777581214905,-0.01480143517255783,0.00406880010850727,0.8480176211453745,-0.03774882107973099,0.0006882260786369443,0.00024684504023753107,0.020878244191408157,0.18523962795734406,0.27396994829177856,0.7782910466194153,0.0,0.0,0.0,0.0,,,cvar,/Users/yaniszaim/deephedging/.deephedging_real_runs/final_paper_notebook/panel_sweeps/AAPL_full_paper_grid_800_step_robust/model_artifacts/seed_1234/risk_cvar/proto_source_spot_delta_k_100_weighted_0_learnw_0,27.0,0.14792791713029146,val_loss,0.015096254646778107,0.12577922642230988,0.0,0.0,454.0,20.0,2.0,spot_delta,100.0,False,False,0.07521960884332657,0.18964515626430511
proto_source=spot_delta_k=100_weighted=0_learnw=0,test,1234,proto,-0.03913600742816925,0.045528944581747055,-0.17332906723022462,-0.13158687576651573,-0.1545233279466629,-0.01766969356685877,0.0027474405360408127,0.8706140350877193,-0.038672734051942825,-0.00021849210315849632,0.0002447771548759192,0.020750749856233597,0.18736715614795685,0.2716684639453888,0.8653512597084045,0.0,0.0,0.0,0.0,,,cvar,/Users/yaniszaim/deephedging/.deephedging_real_runs/final_paper_notebook/panel_sweeps/AAPL_full_paper_grid_800_step_robust/model_artifacts/seed_1234/risk_cvar/proto_source_spot_delta_k_100_weighted_0_learnw_0,27.0,0.14792791713029146,val_loss,0.015096254646778107,0.12577922642230988,0.0,0.0,456.0,20.0,2.0,spot_delta,100.0,False,False,0.07521960884332657,0.18964515626430511
proto_source=spot_delta_k=100_weighted=1_learnw=0,train,1234,proto,-0.03961418569087982,0.0456111840903759,-0.17051164627075197,-0.12513768076896667,-0.15568704903125763,-0.02291550301015377,0.0016687728348188102,0.8775317946302402,-0.03981764614582062,0.00032539048697799444,0.00012193220754852518,0.014125917106866837,0.08987027406692505,0.22244824469089508,0.7654436230659485,0.0,0.0,0.0,0.0,,,cvar,/Users/yaniszaim/deephedging/.deephedging_real_runs/final_paper_notebook/panel_sweeps/AAPL_full_paper_grid_800_step_robust/model_artifacts/seed_1234/risk_cvar/proto_source_spot_delta_k_100_weighted_1_learnw_0,100.0,0.14796619292348626,val_loss,0.014607436954975128,0.09519856423139572,0.0,0.0,2123.0,20.0,2.0,spot_delta,100.0,True,False,0.08581969141960144,0.15146924555301666
proto_source=spot_delta_k=100_weighted=1_learnw=0,val,1234,proto,-0.037487104535102844,0.045564472675323486,-0.15358994513750077,-0.1246103908866644,-0.14761324226856232,-0.013814973179250956,0.001540462090633803,0.8722466960352423,-0.03774882107973099,0.00038310931995511055,0.00012139204045524821,0.01407352089881897,0.08987027406692505,0.22214895486831665,0.7273650765419006,0.0,0.0,0.0,0.0,,,cvar,/Users/yaniszaim/deephedging/.deephedging_real_runs/final_paper_notebook/panel_sweeps/AAPL_full_paper_grid_800_step_robust/model_artifacts/seed_1234/risk_cvar/proto_source_spot_delta_k_100_weighted_1_learnw_0,100.0,0.14796619292348626,val_loss,0.014607436954975128,0.09519856423139572,0.0,0.0,454.0,20.0,2.0,spot_delta,100.0,True,False,0.08581969141960144,0.15146924555301666
proto_source=spot_delta_k=100_weighted=1_learnw=0,test,1234,proto,-0.038861822336912155,0.04547145217657089,-0.1725570537149906,-0.13054193556308746,-0.15335392951965332,-0.016732008196413517,0.0009654396999394521,0.9078947368421053,-0.038672734051942825,-6.720086821587756e-05,0.00012188700202386826,0.0141607029363513,0.08987027406692505,0.22232481837272644,0.6842215061187744,0.0,0.0,0.0,0.0,,,cvar,/Users/yaniszaim/deephedging/.deephedging_real_runs/final_paper_notebook/panel_sweeps/AAPL_full_paper_grid_800_step_robust/model_artifacts/seed_1234/risk_cvar/proto_source_spot_delta_k_100_weighted_1_learnw_0,100.0,0.14796619292348626,val_loss,0.014607436954975128,0.09519856423139572,0.0,0.0,456.0,20.0,2.0,spot_delta,100.0,True,False,0.08581969141960144,0.15146924555301666
proto_source=vanilla_k=10_weighted=0_learnw=0,train,1234,proto,-0.03897320479154587,0.043482087552547455,-0.16227748930454255,-0.12272326797246932,-0.15013742446899414,-0.022881269454956055,-0.0006158910691738133,0.9915214319359397,-0.03981764614582062,0.001105160336010158,0.00026072145556099713,0.026356156915426254,0.8762921690940857,0.2655193507671356,1.0,0.0020607630711257656,3.532736693358455e-05,0.002025435704192181,0.01460197833254828,,,cvar,/Users/yaniszaim/deephedging/.deephedging_real_runs/final_paper_notebook/panel_sweeps/AAPL_full_paper_grid_800_step_robust/model_artifacts/seed_1234/risk_cvar/proto_source_vanilla_k_10_weighted_0_learnw_0,594.0,0.14889078666907346,val_loss,0.02622613124549389,0.26468437910079956,0.0011013215859030838,0.015418502202643172,2123.0,20.0,2.0,vanilla,10.0,False,False,0.5681646466255188,0.8832932710647583
proto_source=vanilla_k=10_weighted=0_learnw=0,val,1234,proto,-0.03738436475396156,0.04375922307372093,-0.15121635809540748,-0.1227563388645649,-0.1442948281764984,-0.016657711006700993,-0.0006106667715357621,0.9933920704845814,-0.03774882107973099,0.0006224050302989781,0.0002579465217422694,0.026286769658327103,0.8747069239616394,0.26527780294418335,1.0,0.001156387665198238,0.0,0.001156387665198238,0.015418502202643172,,,cvar,/Users/yaniszaim/deephedging/.deephedging_real_runs/final_paper_notebook/panel_sweeps/AAPL_full_paper_grid_800_step_robust/model_artifacts/seed_1234/risk_cvar/proto_source_vanilla_k_10_weighted_0_learnw_0,594.0,0.14889078666907346,val_loss,0.02622613124549389,0.26468437910079956,0.0011013215859030838,0.015418502202643172,454.0,20.0,2.0,vanilla,10.0,False,False,0.5681646466255188,0.8832932710647583
proto_source=vanilla_k=10_weighted=0_learnw=0,test,1234,proto,-0.03810417279601097,0.0430968701839447,-0.15546793714165688,-0.12678666785359383,-0.1445130854845047,-0.018381286412477493,-0.0008552542421966791,0.9956140350877193,-0.038672734051942825,0.000827717303764075,0.00025915278820320964,0.026291200891137123,0.8737786412239075,0.26643073558807373,1.0,0.003399122807017544,5.482456140350877e-05,0.003344298245614035,0.019736842105263157,,,cvar,/Users/yaniszaim/deephedging/.deephedging_real_runs/final_paper_notebook/panel_sweeps/AAPL_full_paper_grid_800_step_robust/model_artifacts/seed_1234/risk_cvar/proto_source_vanilla_k_10_weighted_0_learnw_0,594.0,0.14889078666907346,val_loss,0.02622613124549389,0.26468437910079956,0.0011013215859030838,0.015418502202643172,456.0,20.0,2.0,vanilla,10.0,False,False,0.5681646466255188,0.8832932710647583
proto_source=vanilla_k=10_weighted=1_learnw=0,train,1234,proto,-0.039597976952791214,0.044725202023983,-0.16888340353965758,-0.12439054027199745,-0.15496359765529633,-0.02358880825340748,-0.0005203078093472868,1.0,-0.03981764614582062,0.00038409559056162834,0.00016442933701910079,0.019664935767650604,0.039197519421577454,0.20648698508739471,0.7839401364326477,0.0,0.0,0.0,0.0,,,cvar,/Users/yaniszaim/deephedging/.deephedging_real_runs/final_paper_notebook/panel_sweeps/AAPL_full_paper_grid_800_step_robust/model_artifacts/seed_1234/risk_cvar/proto_source_vanilla_k_10_weighted_1_learnw_0,5.0,0.14909033938311042,val_loss,0.019213078543543816,0.20076106488704681,0.0,0.0,2123.0,20.0,2.0,vanilla,10.0,True,False,0.11159400641918182,0.1584375500679016
proto_source=vanilla_k=10_weighted=1_learnw=0,val,1234,proto,-0.03773615509271622,0.04467282071709633,-0.15280162140727044,-0.1240419402718544,-0.14697006344795227,-0.01696415152400732,-0.0005250695947324859,1.0,-0.03774882107973099,0.00017685226339381188,0.00016418533050455153,0.019664987921714783,0.03919751197099686,0.20648735761642456,0.7839392423629761,0.0,0.0,0.0,0.0,,,cvar,/Users/yaniszaim/deephedging/.deephedging_real_runs/final_paper_notebook/panel_sweeps/AAPL_full_paper_grid_800_step_robust/model_artifacts/seed_1234/risk_cvar/proto_source_vanilla_k_10_weighted_1_learnw_0,5.0,0.14909033938311042,val_loss,0.019213078543543816,0.20076106488704681,0.0,0.0,454.0,20.0,2.0,vanilla,10.0,True,False,0.11159400641918182,0.1584375500679016
proto_source=vanilla_k=10_weighted=1_learnw=0,test,1234,proto,-0.03861115127801895,0.04421968013048172,-0.16294514238834382,-0.1283666528761387,-0.14960147440433502,-0.019146718084812164,-0.000680602592183277,1.0,-0.038672734051942825,0.00022535792959388345,0.00016377828433178365,0.019664907827973366,0.03919752314686775,0.206486776471138,0.7839370369911194,0.0,0.0,0.0,0.0,,,cvar,/Users/yaniszaim/deephedging/.deephedging_real_runs/final_paper_notebook/panel_sweeps/AAPL_full_paper_grid_800_step_robust/model_artifacts/seed_1234/risk_cvar/proto_source_vanilla_k_10_weighted_1_learnw_0,5.0,0.14909033938311042,val_loss,0.019213078543543816,0.20076106488704681,0.0,0.0,456.0,20.0,2.0,vanilla,10.0,True,False,0.11159400641918182,0.1584375500679016
proto_source=vanilla_k=25_weighted=0_learnw=0,train,1234,proto,-0.039672546088695526,0.04489431530237198,-0.16910501778125764,-0.12453194856643676,-0.15567141771316528,-0.022988364100456238,-0.0002585108362836784,0.9656146961846443,-0.03981764614582062,0.00031793201924301684,0.0001728357601677999,0.01888992451131344,0.07622420787811279,0.21965742111206055,0.9554156064987183,0.0,0.0,0.0,0.0,,,cvar,/Users/yaniszaim/deephedging/.deephedging_real_runs/final_paper_notebook/panel_sweeps/AAPL_full_paper_grid_800_step_robust/model_artifacts/seed_1234/risk_cvar/proto_source_vanilla_k_25_weighted_0_learnw_0,6.0,0.1489291460812092,val_loss,0.017460688948631287,0.10838504880666733,0.0,0.0,2123.0,20.0,2.0,vanilla,25.0,False,False,0.09073973447084427,0.17809200286865234
proto_source=vanilla_k=25_weighted=0_learnw=0,val,1234,proto,-0.03772285208106041,0.04477889835834503,-0.15410303309559822,-0.12437752969563007,-0.14728043973445892,-0.016143511049449444,-0.00027351863100193505,0.9757709251101322,-0.03774882107973099,0.00019961454381700605,0.0001736438280204311,0.019023047760128975,0.07499909400939941,0.22110457718372345,0.949999213218689,0.0,0.0,0.0,0.0,,,cvar,/Users/yaniszaim/deephedging/.deephedging_real_runs/final_paper_notebook/panel_sweeps/AAPL_full_paper_grid_800_step_robust/model_artifacts/seed_1234/risk_cvar/proto_source_vanilla_k_25_weighted_0_learnw_0,6.0,0.1489291460812092,val_loss,0.017460688948631287,0.10838504880666733,0.0,0.0,454.0,20.0,2.0,vanilla,25.0,False,False,0.09073973447084427,0.17809200286865234
proto_source=vanilla_k=25_weighted=0_learnw=0,test,1234,proto,-0.03868872672319412,0.04436921328306198,-0.16400343999266626,-0.1286712996661663,-0.15028733015060425,-0.018082167953252792,-0.0005186020716791973,0.9627192982456141,-0.038672734051942825,0.00015508744399994612,0.00017107506573665887,0.018839385360479355,0.07524174451828003,0.21921798586845398,0.9553304314613342,0.0,0.0,0.0,0.0,,,cvar,/Users/yaniszaim/deephedging/.deephedging_real_runs/final_paper_notebook/panel_sweeps/AAPL_full_paper_grid_800_step_robust/model_artifacts/seed_1234/risk_cvar/proto_source_vanilla_k_25_weighted_0_learnw_0,6.0,0.1489291460812092,val_loss,0.017460688948631287,0.10838504880666733,0.0,0.0,456.0,20.0,2.0,vanilla,25.0,False,False,0.09073973447084427,0.17809200286865234
proto_source=vanilla_k=25_weighted=1_learnw=0,train,1234,proto,-0.03951025754213333,0.04389369487762451,-0.1663949066400528,-0.12245742380619049,-0.15296421945095062,-0.023227272555232048,-0.0006990281865000733,0.9952896844088553,-0.03981764614582062,0.0005407760036177933,0.00023339006293099374,0.02530345693230629,0.05385593697428703,0.2821265459060669,1.0,0.04704427696655676,0.04704427696655676,0.0,0.9769194536033914,,,cvar,/Users/yaniszaim/deephedging/.deephedging_real_runs/final_paper_notebook/panel_sweeps/AAPL_full_paper_grid_800_step_robust/model_artifacts/seed_1234/risk_cvar/proto_source_vanilla_k_25_weighted_1_learnw_0,7.0,0.14938388584181664,val_loss,0.021730627864599228,0.17924650013446808,0.0,0.0,2123.0,20.0,2.0,vanilla,25.0,True,False,0.08903490006923676,0.17304128408432007
proto_source=vanilla_k=25_weighted=1_learnw=0,val,1234,proto,-0.037698980420827866,0.04381794482469559,-0.15066304117441176,-0.12236621975898743,-0.14504876732826233,-0.016921935603022575,-0.000747767149005086,1.0,-0.03774882107973099,0.00028325378661975265,0.00023341270571108907,0.025315282866358757,0.05385445058345795,0.282492995262146,1.0,0.04752202643171806,0.04752202643171806,0.0,0.9757709251101322,,,cvar,/Users/yaniszaim/deephedging/.deephedging_real_runs/final_paper_notebook/panel_sweeps/AAPL_full_paper_grid_800_step_robust/model_artifacts/seed_1234/risk_cvar/proto_source_vanilla_k_25_weighted_1_learnw_0,7.0,0.14938388584181664,val_loss,0.021730627864599228,0.17924650013446808,0.0,0.0,454.0,20.0,2.0,vanilla,25.0,True,False,0.08903490006923676,0.17304128408432007
proto_source=vanilla_k=25_weighted=1_learnw=0,test,1234,proto,-0.03856251388788223,0.04337617754936218,-0.16060819774866103,-0.12675409391522408,-0.1476457118988037,-0.018757181242108345,-0.000880312014487572,0.9978070175438597,-0.038672734051942825,0.0003421879664529115,0.0002319696795893833,0.025315143167972565,0.053856488317251205,0.28218844532966614,1.0,0.04725877192982456,0.04725877192982456,0.0,0.9780701754385965,,,cvar,/Users/yaniszaim/deephedging/.deephedging_real_runs/final_paper_notebook/panel_sweeps/AAPL_full_paper_grid_800_step_robust/model_artifacts/seed_1234/risk_cvar/proto_source_vanilla_k_25_weighted_1_learnw_0,7.0,0.14938388584181664,val_loss,0.021730627864599228,0.17924650013446808,0.0,0.0,456.0,20.0,2.0,vanilla,25.0,True,False,0.08903490006923676,0.17304128408432007
proto_source=vanilla_k=50_weighted=0_learnw=0,train,1234,proto,-0.03818681091070175,0.04926111549139023,-0.19103538423776625,-0.12816365659236909,-0.16700944304466248,-0.022096382454037666,0.006233575986698262,0.8652849740932642,-0.03981764614582062,0.0022519733756780624,0.0006211452418938279,0.04499134421348572,0.7672262787818909,0.35881125926971436,1.0000001192092896,0.1976683937823834,0.1973975506358926,0.00027084314649081486,0.8351389543099388,,,cvar,/Users/yaniszaim/deephedging/.deephedging_real_runs/final_paper_notebook/panel_sweeps/AAPL_full_paper_grid_800_step_robust/model_artifacts/seed_1234/risk_cvar/proto_source_vanilla_k_50_weighted_0_learnw_0,459.0,0.15490693885299667,val_loss,0.04325326904654503,0.19526125490665436,0.049834801762114536,0.4977973568281938,2123.0,20.0,2.0,vanilla,50.0,False,False,0.2964855432510376,0.8177339434623718
proto_source=vanilla_k=50_weighted=0_learnw=0,val,1234,proto,-0.03629578277468681,0.05230463668704033,-0.19772799015045167,-0.12629963234066963,-0.16688893735408783,-0.015536068473011255,0.005105045810341834,0.8788546255506607,-0.03774882107973099,0.0020361393690109253,0.000583100423682481,0.04226624593138695,0.5940799117088318,0.35346654057502747,1.0,0.19174008810572687,0.19168502202643173,5.506607929515419e-05,0.8193832599118943,,,cvar,/Users/yaniszaim/deephedging/.deephedging_real_runs/final_paper_notebook/panel_sweeps/AAPL_full_paper_grid_800_step_robust/model_artifacts/seed_1234/risk_cvar/proto_source_vanilla_k_50_weighted_0_learnw_0,459.0,0.15490693885299667,val_loss,0.04325326904654503,0.19526125490665436,0.049834801762114536,0.4977973568281938,454.0,20.0,2.0,vanilla,50.0,False,False,0.2964855432510376,0.8177339434623718
proto_source=vanilla_k=50_weighted=0_learnw=0,test,1234,proto,-0.035334616899490356,0.05728553608059883,-0.17057345807552338,-0.13813741877675056,-0.15871098637580872,-0.018577861599624157,0.00570599630009383,0.881578947368421,-0.038672734051942825,0.003960133530199528,0.0006220112554728985,0.04530664533376694,0.5901182293891907,0.3573140799999237,1.0,0.19391447368421053,0.19391447368421053,0.0,0.8114035087719298,,,cvar,/Users/yaniszaim/deephedging/.deephedging_real_runs/final_paper_notebook/panel_sweeps/AAPL_full_paper_grid_800_step_robust/model_artifacts/seed_1234/risk_cvar/proto_source_vanilla_k_50_weighted_0_learnw_0,459.0,0.15490693885299667,val_loss,0.04325326904654503,0.19526125490665436,0.049834801762114536,0.4977973568281938,456.0,20.0,2.0,vanilla,50.0,False,False,0.2964855432510376,0.8177339434623718
proto_source=vanilla_k=50_weighted=1_learnw=0,train,1234,proto,-0.039893846958875656,0.04744878038764,-0.17604558706283568,-0.12980682253837586,-0.16160555183887482,-0.02237297035753727,0.0006062562752049402,0.8930758360810175,-0.03981764614582062,1.3227519957581535e-05,8.943021384766325e-05,0.0052218930795788765,0.0822502002120018,0.04390034079551697,0.7445361614227295,0.0,0.0,0.0,0.0,,,cvar,/Users/yaniszaim/deephedging/.deephedging_real_runs/final_paper_notebook/panel_sweeps/AAPL_full_paper_grid_800_step_robust/model_artifacts/seed_1234/risk_cvar/proto_source_vanilla_k_50_weighted_1_learnw_0,18.0,0.15053247150146537,val_loss,0.0072481827810406685,0.06621384620666504,0.00027533039647577095,0.0022026431718061676,2123.0,20.0,2.0,vanilla,50.0,True,False,0.09281826764345169,0.20313793420791626
proto_source=vanilla_k=50_weighted=1_learnw=0,val,1234,proto,-0.037838779389858246,0.047302983701229095,-0.1583429491519928,-0.12926314920186996,-0.1529146432876587,-0.014047598466277122,0.0004347543697804191,0.920704845814978,-0.03774882107973099,-1.2242091997904936e-06,8.873525075614452e-05,0.005156759172677994,0.06560498476028442,0.041690122336149216,0.7281896471977234,0.0,0.0,0.0,0.0,,,cvar,/Users/yaniszaim/deephedging/.deephedging_real_runs/final_paper_notebook/panel_sweeps/AAPL_full_paper_grid_800_step_robust/model_artifacts/seed_1234/risk_cvar/proto_source_vanilla_k_50_weighted_1_learnw_0,18.0,0.15053247150146537,val_loss,0.0072481827810406685,0.06621384620666504,0.00027533039647577095,0.0022026431718061676,454.0,20.0,2.0,vanilla,50.0,True,False,0.09281826764345169,0.20313793420791626
proto_source=vanilla_k=50_weighted=1_learnw=0,test,1234,proto,-0.0385906845331192,0.0469934418797493,-0.1683906190097332,-0.13369669020175934,-0.15512768924236298,-0.017417839728295803,0.0010750929068308324,0.8793859649122807,-0.038672734051942825,0.0001735253754304722,9.14766569621861e-05,0.005280081182718277,0.08134667575359344,0.04343894496560097,0.7352306246757507,0.0,0.0,0.0,0.0,,,cvar,/Users/yaniszaim/deephedging/.deephedging_real_runs/final_paper_notebook/panel_sweeps/AAPL_full_paper_grid_800_step_robust/model_artifacts/seed_1234/risk_cvar/proto_source_vanilla_k_50_weighted_1_learnw_0,18.0,0.15053247150146537,val_loss,0.0072481827810406685,0.06621384620666504,0.00027533039647577095,0.0022026431718061676,456.0,20.0,2.0,vanilla,50.0,True,False,0.09281826764345169,0.20313793420791626
proto_source=vanilla_k=100_weighted=0_learnw=0,train,1234,proto,-0.039344605058431625,0.043998148292303085,-0.16618210911750794,-0.12274626716971397,-0.15255172550678253,-0.02328929863870144,-0.0006260029738768945,0.9971738106453132,-0.03981764614582062,0.000676813127938658,0.00020377537293825299,0.023828517645597458,0.4121039807796478,0.2519164979457855,1.0,0.0011422515308525671,0.0011422515308525671,0.0,0.010833725859632595,,,cvar,/Users/yaniszaim/deephedging/.deephedging_real_runs/final_paper_notebook/panel_sweeps/AAPL_full_paper_grid_800_step_robust/model_artifacts/seed_1234/risk_cvar/proto_source_vanilla_k_100_weighted_0_learnw_0,208.0,0.14852760279333704,val_loss,0.018216824159026146,0.1577514111995697,0.000605726872246696,0.004405286343612335,2123.0,20.0,2.0,vanilla,100.0,False,False,0.13592539727687836,0.5988616347312927
proto_source=vanilla_k=100_weighted=0_learnw=0,val,1234,proto,-0.0376448780298233,0.04412902519106865,-0.1515781846642494,-0.1229819506406784,-0.14575904607772827,-0.01684961561113596,-0.0006495821406133492,0.9977973568281938,-0.03774882107973099,0.0003022455784957856,0.00019830174278467894,0.02364344149827957,0.28804802894592285,0.2517108619213104,1.0,0.000881057268722467,0.000881057268722467,0.0,0.00881057268722467,,,cvar,/Users/yaniszaim/deephedging/.deephedging_real_runs/final_paper_notebook/panel_sweeps/AAPL_full_paper_grid_800_step_robust/model_artifacts/seed_1234/risk_cvar/proto_source_vanilla_k_100_weighted_0_learnw_0,208.0,0.14852760279333704,val_loss,0.018216824159026146,0.1577514111995697,0.000605726872246696,0.004405286343612335,454.0,20.0,2.0,vanilla,100.0,False,False,0.13592539727687836,0.5988616347312927
proto_source=vanilla_k=100_weighted=0_learnw=0,test,1234,proto,-0.038455601781606674,0.04346027597784996,-0.16138742566108705,-0.12709468603134155,-0.14771701395511627,-0.019014869816601276,-0.0008713299612281844,1.0,-0.038672734051942825,0.0004180069954600185,0.00020087554003112018,0.023706529289484024,0.3923304080963135,0.25186362862586975,1.0,0.0014254385964912282,0.0014254385964912282,0.0,0.010964912280701754,,,cvar,/Users/yaniszaim/deephedging/.deephedging_real_runs/final_paper_notebook/panel_sweeps/AAPL_full_paper_grid_800_step_robust/model_artifacts/seed_1234/risk_cvar/proto_source_vanilla_k_100_weighted_0_learnw_0,208.0,0.14852760279333704,val_loss,0.018216824159026146,0.1577514111995697,0.000605726872246696,0.004405286343612335,456.0,20.0,2.0,vanilla,100.0,False,False,0.13592539727687836,0.5988616347312927
proto_source=vanilla_k=100_weighted=1_learnw=0,train,1234,proto,-0.03957448899745941,0.04403943195939064,-0.16849933594465255,-0.12189463675022125,-0.15325622260570526,-0.02381044626235962,0.0008350360905751545,0.9265190767781442,-0.03981764614582062,0.0004685206222347915,0.00022536618052981794,0.025320157408714294,0.08280885219573975,0.35288992524147034,1.0,0.19170984455958548,0.19170984455958548,0.0,0.9896373056994818,,,cvar,/Users/yaniszaim/deephedging/.deephedging_real_runs/final_paper_notebook/panel_sweeps/AAPL_full_paper_grid_800_step_robust/model_artifacts/seed_1234/risk_cvar/proto_source_vanilla_k_100_weighted_1_learnw_0,12.0,0.15318520156904594,val_loss,0.026447944343090057,0.22322404384613037,0.0460352422907489,0.8986784140969163,2123.0,20.0,2.0,vanilla,100.0,True,False,0.07959285378456116,0.17081891000270844
proto_source=vanilla_k=100_weighted=1_learnw=0,val,1234,proto,-0.03768598288297653,0.04386768490076065,-0.15500932499766348,-0.12186861336231232,-0.14543499052524567,-0.01562236761674285,0.0004659093028749321,0.9295154185022027,-0.03774882107973099,0.0002876086509786546,0.00022476787853520364,0.025324707850813866,0.08197402954101562,0.35308709740638733,1.0,0.19284140969162997,0.19284140969162997,0.0,0.9933920704845814,,,cvar,/Users/yaniszaim/deephedging/.deephedging_real_runs/final_paper_notebook/panel_sweeps/AAPL_full_paper_grid_800_step_robust/model_artifacts/seed_1234/risk_cvar/proto_source_vanilla_k_100_weighted_1_learnw_0,12.0,0.15318520156904594,val_loss,0.026447944343090057,0.22322404384613037,0.0460352422907489,0.8986784140969163,454.0,20.0,2.0,vanilla,100.0,True,False,0.07959285378456116,0.17081891000270844
proto_source=vanilla_k=100_weighted=1_learnw=0,test,1234,proto,-0.0387900248169899,0.043369144201278687,-0.16021779850125312,-0.12583036348223686,-0.1480119377374649,-0.0175553010776639,0.00015707605780335143,0.9429824561403509,-0.038672734051942825,0.00010480538912815973,0.00022209447342902422,0.025283431634306908,0.07849705219268799,0.3530121147632599,1.0,0.1925986842105263,0.1925986842105263,0.0,0.9978070175438597,,,cvar,/Users/yaniszaim/deephedging/.deephedging_real_runs/final_paper_notebook/panel_sweeps/AAPL_full_paper_grid_800_step_robust/model_artifacts/seed_1234/risk_cvar/proto_source_vanilla_k_100_weighted_1_learnw_0,12.0,0.15318520156904594,val_loss,0.026447944343090057,0.22322404384613037,0.0460352422907489,0.8986784140969163,456.0,20.0,2.0,vanilla,100.0,True,False,0.07959285378456116,0.17081891000270844
unhedged,train,2345,baseline,-0.038999043405056,0.04731548950076103,-0.17591139793395996,-0.12990328073501586,-0.15954753756523132,-0.019166946411132812,-0.0,0.6095148374941121,-0.038999043405056,0.0,0.0,0.0,0.0,0.0,0.0,0.0,0.0,0.0,0.0,,,,,,,,,,,,,,,,,,,,
spot_delta,train,2345,baseline,-0.0390344001352787,0.047630418092012405,-0.17991215944290162,-0.12788425534963607,-0.1616973578929901,-0.02160017378628254,0.007681170944124456,0.8125294394724446,-0.038999043405056,0.0001582856202730909,0.00019364383479114622,0.024098748341202736,0.6409649848937988,0.25886276364326477,0.6422320008277893,0.0,0.0,0.0,0.0,,,,,,,,,,,,,,,,,,,,
spot_delta_band,train,2345,baseline,-0.039007581770420074,0.047284916043281555,-0.18332743376493454,-0.1296740338206291,-0.16090621054172516,-0.020604822784662247,0.006839404953643677,0.8177107866227037,-0.038999043405056,9.541333565721288e-05,0.00010395003482699394,0.012982097454369068,0.5909649729728699,0.2469131350517273,0.5922319889068604,0.0,0.0,0.0,0.0,0.05,gains_mean,,,,,,,,,,,,,,,,,,
unhedged,val,2345,baseline,-0.042791664600372314,0.04928639531135559,-0.16696258187294005,-0.13789865970611573,-0.16076627373695374,-0.02698493003845215,0.0,0.6365638766519823,-0.042791664600372314,0.0,0.0,0.0,0.0,0.0,0.0,0.0,0.0,0.0,0.0,,,,,,,,,,,,,,,,,,,,
spot_delta,val,2345,baseline,-0.04195854812860489,0.04743688553571701,-0.16333388328552245,-0.13113154768943786,-0.15204738080501556,-0.02811458893120289,0.008246014965698122,0.7973568281938326,-0.042791664600372314,0.0010310180950909853,0.00019790029909927398,0.02457800880074501,0.6270560026168823,0.2589413821697235,0.6422320008277893,0.0,0.0,0.0,0.0,,,,,,,,,,,,,,,,,,,,
spot_delta_band,val,2345,baseline,-0.04190612956881523,0.04752020165324211,-0.16422226116061212,-0.12875924333930014,-0.15267090499401093,-0.027994010597467422,0.007532573607750232,0.7995594713656388,-0.042791664600372314,0.0009907478233799338,0.00010521363583393395,0.0131332166492939,0.5770559906959534,0.24741622805595398,0.5922319889068604,0.0,0.0,0.0,0.0,0.05,gains_mean,,,,,,,,,,,,,,,,,,
unhedged,test,2345,baseline,-0.037463173270225525,0.045408945530653,-0.16935163140296935,-0.12348416447639465,-0.15356776118278503,-0.020375430583953857,0.0,0.6052631578947368,-0.037463173270225525,0.0,0.0,0.0,0.0,0.0,0.0,0.0,0.0,0.0,0.0,,,,,,,,,,,,,,,,,,,,
spot_delta,test,2345,baseline,-0.03812869265675545,0.04453343525528908,-0.15645953342318536,-0.12124195136129856,-0.14893217384815216,-0.02338291984051466,0.008027171483263373,0.8245614035087719,-0.037463173270225525,-0.00046790114720351994,0.00019762347801588476,0.024609573185443878,0.6422320008277893,0.2587531507015228,0.6422320008277893,0.0,0.0,0.0,0.0,,,,,,,,,,,,,,,,,,,,
spot_delta_band,test,2345,baseline,-0.03790074959397316,0.04451677203178406,-0.15814415514469146,-0.12119380757212639,-0.14876459538936615,-0.023231087252497673,0.007425665855407715,0.8355263157894737,-0.037463173270225525,-0.0003323153650853783,0.00010526106780162081,0.013144469819962978,0.5922319889068604,0.247359499335289,0.5922319889068604,0.0,0.0,0.0,0.0,0.05,gains_mean,,,,,,,,,,,,,,,,,,
vanilla,train,2345,vanilla,-0.03887606039643288,0.04398282617330551,-0.1676625707745552,-0.12382793202996253,-0.15208026766777039,-0.020496929064393044,-0.0006670380476862199,1.0,-0.038999043405056,0.000332632043864578,0.0002096521930070594,0.024441516026854515,0.05385032296180725,0.2574090361595154,1.0,0.00027084314649081486,0.00027084314649081486,0.0,0.008478568064060292,,,cvar,/Users/yaniszaim/deephedging/.deephedging_real_runs/final_paper_notebook/panel_sweeps/AAPL_full_paper_grid_800_step_robust/model_artifacts/seed_2345/risk_cvar/vanilla,256.0,0.1632133772596717,val_loss,0.02261006087064743,0.23165294528007507,0.0,0.0,2123.0,20.0,2.0,,,,,,
vanilla,val,2345,vanilla,-0.04228442534804344,0.045962393283843994,-0.15914992958307267,-0.1314357489347458,-0.15324296057224274,-0.027612139470875263,-0.0006924463261384523,1.0,-0.042791664600372314,0.000718070543371141,0.00021082753664813936,0.024437492713332176,0.05380648374557495,0.25741103291511536,1.0,0.00027533039647577095,0.00027533039647577095,0.0,0.011013215859030838,,,cvar,/Users/yaniszaim/deephedging/.deephedging_real_runs/final_paper_notebook/panel_sweeps/AAPL_full_paper_grid_800_step_robust/model_artifacts/seed_2345/risk_cvar/vanilla,256.0,0.1632133772596717,val_loss,0.02261006087064743,0.23165294528007507,0.0,0.0,454.0,20.0,2.0,,,,,,
vanilla,test,2345,vanilla,-0.03716130182147026,0.04227796196937561,-0.16140625402331352,-0.11770966276526451,-0.14637863636016846,-0.020590635016560555,-0.0006406216270988807,1.0,-0.037463173270225525,0.0005120232235640287,0.00021015017409808934,0.02445041388273239,0.05374270677566528,0.2574927508831024,1.0,0.00010964912280701755,0.00010964912280701755,0.0,0.0043859649122807015,,,cvar,/Users/yaniszaim/deephedging/.deephedging_real_runs/final_paper_notebook/panel_sweeps/AAPL_full_paper_grid_800_step_robust/model_artifacts/seed_2345/risk_cvar/vanilla,256.0,0.1632133772596717,val_loss,0.02261006087064743,0.23165294528007507,0.0,0.0,456.0,20.0,2.0,,,,,,
proto_source=spot_delta_k=10_weighted=0_learnw=0,train,2345,proto,-0.038883551955223083,0.04435213655233383,-0.171021925508976,-0.12342404276132583,-0.1534632444381714,-0.02004919946193695,0.0006956136436201614,0.9203956665096561,-0.038999043405056,0.00030475013772957027,0.00018926154007203877,0.022705063223838806,0.25084763765335083,0.25670310854911804,1.0,0.07479981158737635,0.07479981158737635,0.0,0.622703721149317,,,cvar,/Users/yaniszaim/deephedging/.deephedging_real_runs/final_paper_notebook/panel_sweeps/AAPL_full_paper_grid_800_step_robust/model_artifacts/seed_2345/risk_cvar/proto_source_spot_delta_k_10_weighted_0_learnw_0,111.0,0.16323605678848396,val_loss,0.018306931480765343,0.0997638925909996,0.0008259911894273128,0.00881057268722467,2123.0,20.0,2.0,spot_delta,10.0,False,False,0.10553528368473053,0.26542121171951294
proto_source=spot_delta_k=10_weighted=0_learnw=0,val,2345,proto,-0.04174492880702019,0.046134110540151596,-0.16423619598150252,-0.13002833500504493,-0.1529858559370041,-0.026707662269473076,0.0012265211204066785,0.8986784140969163,-0.042791664600372314,0.001237667864188552,0.00019093064474873245,0.022728541865944862,0.2499467134475708,0.25952380895614624,1.0,0.07566079295154185,0.07566079295154185,0.0,0.6211453744493393,,,cvar,/Users/yaniszaim/deephedging/.deephedging_real_runs/final_paper_notebook/panel_sweeps/AAPL_full_paper_grid_800_step_robust/model_artifacts/seed_2345/risk_cvar/proto_source_spot_delta_k_10_weighted_0_learnw_0,111.0,0.16323605678848396,val_loss,0.018306931480765343,0.0997638925909996,0.0008259911894273128,0.00881057268722467,454.0,20.0,2.0,spot_delta,10.0,False,False,0.10553528368473053,0.26542121171951294
proto_source=spot_delta_k=10_weighted=0_learnw=0,test,2345,proto,-0.03716171160340309,0.04209598898887634,-0.16032073944807052,-0.11810182966291904,-0.14503158628940582,-0.02026348002254963,0.00040873164834920317,0.9364035087719298,-0.037463173270225525,0.0004905937239527702,0.00018913765961769968,0.022635871544480324,0.248155415058136,0.2538784146308899,1.0,0.07203947368421053,0.07203947368421053,0.0,0.631578947368421,,,cvar,/Users/yaniszaim/deephedging/.deephedging_real_runs/final_paper_notebook/panel_sweeps/AAPL_full_paper_grid_800_step_robust/model_artifacts/seed_2345/risk_cvar/proto_source_spot_delta_k_10_weighted_0_learnw_0,111.0,0.16323605678848396,val_loss,0.018306931480765343,0.0997638925909996,0.0008259911894273128,0.00881057268722467,456.0,20.0,2.0,spot_delta,10.0,False,False,0.10553528368473053,0.26542121171951294
proto_source=spot_delta_k=10_weighted=1_learnw=0,train,2345,proto,-0.038908977061510086,0.04450985789299011,-0.17086798131465913,-0.12315789088606834,-0.15428724884986877,-0.019918490201234818,0.0019481076626107078,0.8973151201130476,-0.038999043405056,0.0003163681540172547,0.00022630368766840547,0.02589886635541916,0.2475387454032898,0.32747623324394226,1.0,0.014554875176636835,0.014554875176636835,0.0,0.2887423457371644,,,cvar,/Users/yaniszaim/deephedging/.deephedging_real_runs/final_paper_notebook/panel_sweeps/AAPL_full_paper_grid_800_step_robust/model_artifacts/seed_2345/risk_cvar/proto_source_spot_delta_k_10_weighted_1_learnw_0,90.0,0.1630909922453144,val_loss,0.023066923022270203,0.13754962384700775,0.0003303964757709251,0.013215859030837005,2123.0,20.0,2.0,spot_delta,10.0,True,False,0.09705278277397156,0.2689969539642334
proto_source=spot_delta_k=10_weighted=1_learnw=0,val,2345,proto,-0.04196891188621521,0.04583831876516342,-0.15714800164103507,-0.13035721704363823,-0.1527572125196457,-0.027131536975502968,0.00202255717013031,0.8986784140969163,-0.042791664600372314,0.0010511416476219893,0.0002283878275193274,0.02603842504322529,0.24752658605575562,0.3276151418685913,1.0,0.015969162995594713,0.015969162995594713,0.0,0.30176211453744495,,,cvar,/Users/yaniszaim/deephedging/.deephedging_real_runs/final_paper_notebook/panel_sweeps/AAPL_full_paper_grid_800_step_robust/model_artifacts/seed_2345/risk_cvar/proto_source_spot_delta_k_10_weighted_1_learnw_0,90.0,0.1630909922453144,val_loss,0.023066923022270203,0.13754962384700775,0.0003303964757709251,0.013215859030837005,454.0,20.0,2.0,spot_delta,10.0,True,False,0.09705278277397156,0.2689969539642334
proto_source=spot_delta_k=10_weighted=1_learnw=0,test,2345,proto,-0.03715100884437561,0.04245636984705925,-0.16516033858060836,-0.11695618741214275,-0.14683638513088226,-0.01921546459197998,0.0018443363951519132,0.9035087719298246,-0.037463173270225525,0.0005388067220337689,0.00022664450807496905,0.02591332420706749,0.2474890947341919,0.32710108160972595,1.0,0.013267543859649122,0.013267543859649122,0.0,0.27850877192982454,,,cvar,/Users/yaniszaim/deephedging/.deephedging_real_runs/final_paper_notebook/panel_sweeps/AAPL_full_paper_grid_800_step_robust/model_artifacts/seed_2345/risk_cvar/proto_source_spot_delta_k_10_weighted_1_learnw_0,90.0,0.1630909922453144,val_loss,0.023066923022270203,0.13754962384700775,0.0003303964757709251,0.013215859030837005,456.0,20.0,2.0,spot_delta,10.0,True,False,0.09705278277397156,0.2689969539642334
proto_source=spot_delta_k=25_weighted=0_learnw=0,train,2345,proto,-0.0384349524974823,0.04553622752428055,-0.17145128458738326,-0.12555472254753114,-0.15312059223651886,-0.020917896181344986,0.0055108280852437,0.8337258596325954,-0.038999043405056,0.000920937629416585,0.0003568467509467155,0.03149503469467163,0.3305172920227051,0.25001049041748047,1.0,0.0025435704192180875,0.00031794630240226094,0.002225624116815827,0.011775788977861516,,,cvar,/Users/yaniszaim/deephedging/.deephedging_real_runs/final_paper_notebook/panel_sweeps/AAPL_full_paper_grid_800_step_robust/model_artifacts/seed_2345/risk_cvar/proto_source_spot_delta_k_25_weighted_0_learnw_0,42.0,0.16301475199870766,val_loss,0.020670628175139427,0.1500798910856247,0.0,0.0,2123.0,20.0,2.0,spot_delta,25.0,False,False,0.08471525460481644,0.33069291710853577
proto_source=spot_delta_k=25_weighted=0_learnw=0,val,2345,proto,-0.042518842965364456,0.0475630909204483,-0.16594949558377267,-0.1321216732263565,-0.15698117017745972,-0.027352684177458286,0.004579572915099559,0.8370044052863436,-0.042791664600372314,0.0005973120569251478,0.00032448655110783875,0.030650975182652473,0.33048826456069946,0.2499178647994995,0.919286847114563,0.0,0.0,0.0,0.0,,,cvar,/Users/yaniszaim/deephedging/.deephedging_real_runs/final_paper_notebook/panel_sweeps/AAPL_full_paper_grid_800_step_robust/model_artifacts/seed_2345/risk_cvar/proto_source_spot_delta_k_25_weighted_0_learnw_0,42.0,0.16301475199870766,val_loss,0.020670628175139427,0.1500798910856247,0.0,0.0,454.0,20.0,2.0,spot_delta,25.0,False,False,0.08471525460481644,0.33069291710853577
proto_source=spot_delta_k=25_weighted=0_learnw=0,test,2345,proto,-0.03728139027953148,0.043924860656261444,-0.16047570630908012,-0.11918173730373383,-0.1483064591884613,-0.02082618698477745,0.003936911933124065,0.8508771929824561,-0.037463173270225525,0.0005183929461054504,0.0003366138553246856,0.031343378126621246,0.3305289149284363,0.2499871551990509,1.0,0.001644736842105263,0.0003837719298245614,0.0012609649122807018,0.0043859649122807015,,,cvar,/Users/yaniszaim/deephedging/.deephedging_real_runs/final_paper_notebook/panel_sweeps/AAPL_full_paper_grid_800_step_robust/model_artifacts/seed_2345/risk_cvar/proto_source_spot_delta_k_25_weighted_0_learnw_0,42.0,0.16301475199870766,val_loss,0.020670628175139427,0.1500798910856247,0.0,0.0,456.0,20.0,2.0,spot_delta,25.0,False,False,0.08471525460481644,0.33069291710853577
proto_source=spot_delta_k=25_weighted=1_learnw=0,train,2345,proto,-0.03913120925426483,0.04408932104706764,-0.16843440771102905,-0.12403922900557518,-0.15311141312122345,-0.019588900730013847,-0.00047829163668211674,0.9679698539802166,-0.038999043405056,0.000480768212582916,0.0006129347602836788,0.0283055417239666,0.10583370923995972,0.3397463858127594,1.0,0.010963259538389072,0.010280263777673104,0.000682995760715968,0.24870466321243523,,,cvar,/Users/yaniszaim/deephedging/.deephedging_real_runs/final_paper_notebook/panel_sweeps/AAPL_full_paper_grid_800_step_robust/model_artifacts/seed_2345/risk_cvar/proto_source_spot_delta_k_25_weighted_1_learnw_0,12.0,0.1633472586161814,val_loss,0.02122594602406025,0.18099752068519592,0.0004405286343612335,0.006607929515418502,2123.0,20.0,2.0,spot_delta,25.0,True,False,0.060678306967020035,0.10583442449569702
proto_source=spot_delta_k=25_weighted=1_learnw=0,val,2345,proto,-0.042560774832963943,0.045995812863111496,-0.1595618562400341,-0.13254240676760673,-0.15385578572750092,-0.027220195159316063,-0.0006627414288232112,0.9757709251101322,-0.042791664600372314,0.0008421835373155773,0.0006112900446169078,0.028384050354361534,0.10583366453647614,0.34024906158447266,1.0,0.01090308370044053,0.01051762114537445,0.0003854625550660793,0.2555066079295154,,,cvar,/Users/yaniszaim/deephedging/.deephedging_real_runs/final_paper_notebook/panel_sweeps/AAPL_full_paper_grid_800_step_robust/model_artifacts/seed_2345/risk_cvar/proto_source_spot_delta_k_25_weighted_1_learnw_0,12.0,0.1633472586161814,val_loss,0.02122594602406025,0.18099752068519592,0.0004405286343612335,0.006607929515418502,454.0,20.0,2.0,spot_delta,25.0,True,False,0.060678306967020035,0.10583442449569702
proto_source=spot_delta_k=25_weighted=1_learnw=0,test,2345,proto,-0.03743219003081322,0.04227638989686966,-0.1619555152952671,-0.11770869418978691,-0.14662182331085205,-0.02084022480994463,-0.0007944054377730936,0.9736842105263158,-0.037463173270225525,0.0006455475813709199,0.0006145692896097898,0.028285495936870575,0.10583305358886719,0.3411218822002411,1.0,0.010635964912280702,0.010635964912280702,0.0,0.25219298245614036,,,cvar,/Users/yaniszaim/deephedging/.deephedging_real_runs/final_paper_notebook/panel_sweeps/AAPL_full_paper_grid_800_step_robust/model_artifacts/seed_2345/risk_cvar/proto_source_spot_delta_k_25_weighted_1_learnw_0,12.0,0.1633472586161814,val_loss,0.02122594602406025,0.18099752068519592,0.0004405286343612335,0.006607929515418502,456.0,20.0,2.0,spot_delta,25.0,True,False,0.060678306967020035,0.10583442449569702
proto_source=spot_delta_k=50_weighted=0_learnw=0,train,2345,proto,-0.0390109084546566,0.04423755407333374,-0.1691637870669365,-0.12390338778495788,-0.1527124047279358,-0.020017920061945915,0.0005520565027836687,0.9326424870466321,-0.038999043405056,0.00035677978303283453,0.00036864689900539815,0.024742774665355682,0.10524670779705048,0.27880629897117615,1.0,0.01841733396137541,0.01841733396137541,0.0,0.21479039095619407,,,cvar,/Users/yaniszaim/deephedging/.deephedging_real_runs/final_paper_notebook/panel_sweeps/AAPL_full_paper_grid_800_step_robust/model_artifacts/seed_2345/risk_cvar/proto_source_spot_delta_k_50_weighted_0_learnw_0,19.0,0.16298347167806115,val_loss,0.019671117886900902,0.16046442091464996,0.0003303964757709251,0.013215859030837005,2123.0,20.0,2.0,spot_delta,50.0,False,False,0.06132255494594574,0.16789507865905762
proto_source=spot_delta_k=50_weighted=0_learnw=0,val,2345,proto,-0.042555518448352814,0.04607963189482689,-0.1622942104935646,-0.1321086533367634,-0.15379785001277924,-0.028045465238392353,0.00017817380430641902,0.9361233480176211,-0.042791664600372314,0.000604763044975698,0.0003686163981910795,0.024953650310635567,0.10607832670211792,0.28284966945648193,1.0,0.02092511013215859,0.02092511013215859,0.0,0.24008810572687225,,,cvar,/Users/yaniszaim/deephedging/.deephedging_real_runs/final_paper_notebook/panel_sweeps/AAPL_full_paper_grid_800_step_robust/model_artifacts/seed_2345/risk_cvar/proto_source_spot_delta_k_50_weighted_0_learnw_0,19.0,0.16298347167806115,val_loss,0.019671117886900902,0.16046442091464996,0.0003303964757709251,0.013215859030837005,454.0,20.0,2.0,spot_delta,50.0,False,False,0.06132255494594574,0.16789507865905762
proto_source=spot_delta_k=50_weighted=0_learnw=0,test,2345,proto,-0.03722292184829712,0.04257100820541382,-0.16356283500790597,-0.11581804603338242,-0.14627180993556976,-0.020752728916704655,0.001017120317555964,0.9144736842105263,-0.037463173270225525,0.000611604715231806,0.0003713580372277647,0.02460738830268383,0.10519561171531677,0.27917811274528503,1.0,0.01644736842105263,0.01644736842105263,0.0,0.20175438596491227,,,cvar,/Users/yaniszaim/deephedging/.deephedging_real_runs/final_paper_notebook/panel_sweeps/AAPL_full_paper_grid_800_step_robust/model_artifacts/seed_2345/risk_cvar/proto_source_spot_delta_k_50_weighted_0_learnw_0,19.0,0.16298347167806115,val_loss,0.019671117886900902,0.16046442091464996,0.0003303964757709251,0.013215859030837005,456.0,20.0,2.0,spot_delta,50.0,False,False,0.06132255494594574,0.16789507865905762
proto_source=spot_delta_k=50_weighted=1_learnw=0,train,2345,proto,-0.038966692984104156,0.04489649832248688,-0.16934454292058945,-0.12508806884288787,-0.15356582403182983,-0.020078852772712708,0.001965673197992139,0.8902496467263307,-0.038999043405056,0.0004433597205206752,0.0004110089794266969,0.02434319257736206,0.11108710616827011,0.2984115183353424,1.0,0.0004357041921808761,0.0,0.0004357041921808761,0.0037682524729156855,,,cvar,/Users/yaniszaim/deephedging/.deephedging_real_runs/final_paper_notebook/panel_sweeps/AAPL_full_paper_grid_800_step_robust/model_artifacts/seed_2345/risk_cvar/proto_source_spot_delta_k_50_weighted_1_learnw_0,19.0,0.16320499155407828,val_loss,0.017958439886569977,0.12470461428165436,0.0004955947136563877,0.004405286343612335,2123.0,20.0,2.0,spot_delta,50.0,True,False,0.06879470497369766,0.15277056396007538
proto_source=spot_delta_k=50_weighted=1_learnw=0,val,2345,proto,-0.042063672095537186,0.04691966623067856,-0.164675525277853,-0.13118735030293466,-0.15427981317043304,-0.026394632644951344,0.0025015422957949318,0.8832599118942731,-0.042791664600372314,0.0011472812620922923,0.0004192846827208996,0.02464209869503975,0.10101908445358276,0.30092912912368774,1.0,0.00022026431718061675,0.0,0.00022026431718061675,0.0022026431718061676,,,cvar,/Users/yaniszaim/deephedging/.deephedging_real_runs/final_paper_notebook/panel_sweeps/AAPL_full_paper_grid_800_step_robust/model_artifacts/seed_2345/risk_cvar/proto_source_spot_delta_k_50_weighted_1_learnw_0,19.0,0.16320499155407828,val_loss,0.017958439886569977,0.12470461428165436,0.0004955947136563877,0.004405286343612335,454.0,20.0,2.0,spot_delta,50.0,True,False,0.06879470497369766,0.15277056396007538
proto_source=spot_delta_k=50_weighted=1_learnw=0,test,2345,proto,-0.03732900694012642,0.04330655559897423,-0.16464878842234612,-0.11851487122476101,-0.14779654145240784,-0.020313196815550327,0.0023763992357999086,0.868421052631579,-0.037463173270225525,0.0005503977881744504,0.0004162349214311689,0.024457542225718498,0.10112908482551575,0.29956182837486267,0.9227879047393799,0.0,0.0,0.0,0.0,,,cvar,/Users/yaniszaim/deephedging/.deephedging_real_runs/final_paper_notebook/panel_sweeps/AAPL_full_paper_grid_800_step_robust/model_artifacts/seed_2345/risk_cvar/proto_source_spot_delta_k_50_weighted_1_learnw_0,19.0,0.16320499155407828,val_loss,0.017958439886569977,0.12470461428165436,0.0004955947136563877,0.004405286343612335,456.0,20.0,2.0,spot_delta,50.0,True,False,0.06879470497369766,0.15277056396007538
proto_source=spot_delta_k=100_weighted=0_learnw=0,train,2345,proto,-0.03898847848176956,0.04569321125745773,-0.17291559815406798,-0.12643823623657227,-0.1559123992919922,-0.019755810499191284,0.0008025105576962223,0.9015544041450777,-0.038999043405056,0.00018133234698325396,0.00017076850053854287,0.013792217709124088,0.0570957250893116,0.18079815804958344,0.7242347002029419,0.0,0.0,0.0,0.0,,,cvar,/Users/yaniszaim/deephedging/.deephedging_real_runs/final_paper_notebook/panel_sweeps/AAPL_full_paper_grid_800_step_robust/model_artifacts/seed_2345/risk_cvar/proto_source_spot_delta_k_100_weighted_0_learnw_0,19.0,0.1634070051461458,val_loss,0.014865756034851074,0.09180659800767899,0.0,0.0,2123.0,20.0,2.0,spot_delta,100.0,False,False,0.08984123170375824,0.1490687131881714
proto_source=spot_delta_k=100_weighted=0_learnw=0,val,2345,proto,-0.04245845600962639,0.04762030392885208,-0.16515294790267945,-0.13511789590120316,-0.15693484246730804,-0.027137598022818565,0.0009838582249358278,0.8964757709251101,-0.042791664600372314,0.000504843657836318,0.00017162912990897894,0.013818048872053623,0.05708887800574303,0.1814022660255432,0.722638726234436,0.0,0.0,0.0,0.0,,,cvar,/Users/yaniszaim/deephedging/.deephedging_real_runs/final_paper_notebook/panel_sweeps/AAPL_full_paper_grid_800_step_robust/model_artifacts/seed_2345/risk_cvar/proto_source_spot_delta_k_100_weighted_0_learnw_0,19.0,0.1634070051461458,val_loss,0.014865756034851074,0.09180659800767899,0.0,0.0,454.0,20.0,2.0,spot_delta,100.0,False,False,0.08984123170375824,0.1490687131881714
proto_source=spot_delta_k=100_weighted=0_learnw=0,test,2345,proto,-0.03737220913171768,0.04406878352165222,-0.16783726885914801,-0.12086058594286442,-0.15028049051761627,-0.01923928875476122,0.0011486000730656087,0.9013157894736842,-0.037463173270225525,0.0002637670550029725,0.0001728063652990386,0.013843848370015621,0.05705849826335907,0.18098993599414825,0.7013462781906128,0.0,0.0,0.0,0.0,,,cvar,/Users/yaniszaim/deephedging/.deephedging_real_runs/final_paper_notebook/panel_sweeps/AAPL_full_paper_grid_800_step_robust/model_artifacts/seed_2345/risk_cvar/proto_source_spot_delta_k_100_weighted_0_learnw_0,19.0,0.1634070051461458,val_loss,0.014865756034851074,0.09180659800767899,0.0,0.0,456.0,20.0,2.0,spot_delta,100.0,False,False,0.08984123170375824,0.1490687131881714
proto_source=spot_delta_k=100_weighted=1_learnw=0,train,2345,proto,-0.039139337837696075,0.0441553071141243,-0.16953613847494126,-0.12417401969432831,-0.15178093314170837,-0.021243399009108543,0.00246298597194254,0.8935468676401319,-0.038999043405056,0.0001463437802158296,0.000286636728560552,0.029905157163739204,0.1807573437690735,0.36240413784980774,1.0,0.019123881300047104,0.019123881300047104,0.0,0.21997173810645312,,,cvar,/Users/yaniszaim/deephedging/.deephedging_real_runs/final_paper_notebook/panel_sweeps/AAPL_full_paper_grid_800_step_robust/model_artifacts/seed_2345/risk_cvar/proto_source_spot_delta_k_100_weighted_1_learnw_0,19.0,0.1631251415427331,val_loss,0.024944763630628586,0.1630847454071045,0.004625550660792952,0.15859030837004406,2123.0,20.0,2.0,spot_delta,100.0,True,False,0.07530026137828827,0.25491049885749817
proto_source=spot_delta_k=100_weighted=1_learnw=0,val,2345,proto,-0.04206471890211105,0.04611431062221527,-0.16341290667653083,-0.12812511026859283,-0.15311147272586823,-0.026284356601536274,0.002245687739923591,0.8920704845814978,-0.042791664600372314,0.0010111588053405285,0.00028420609305612743,0.029846608638763428,0.18048113584518433,0.3657063841819763,1.0,0.022191629955947135,0.022191629955947135,0.0,0.2422907488986784,,,cvar,/Users/yaniszaim/deephedging/.deephedging_real_runs/final_paper_notebook/panel_sweeps/AAPL_full_paper_grid_800_step_robust/model_artifacts/seed_2345/risk_cvar/proto_source_spot_delta_k_100_weighted_1_learnw_0,19.0,0.1631251415427331,val_loss,0.024944763630628586,0.1630847454071045,0.004625550660792952,0.15859030837004406,454.0,20.0,2.0,spot_delta,100.0,True,False,0.07530026137828827,0.25491049885749817
proto_source=spot_delta_k=100_weighted=1_learnw=0,test,2345,proto,-0.03711700811982155,0.04268071800470352,-0.16470431983470918,-0.11900756880640984,-0.14626780152320862,-0.01973085757344961,0.002916964527685195,0.8728070175438597,-0.037463173270225525,0.0006294414633885026,0.00028328030020929873,0.03002217225730419,0.18311357498168945,0.36386436223983765,1.0,0.018092105263157895,0.018092105263157895,0.0,0.20614035087719298,,,cvar,/Users/yaniszaim/deephedging/.deephedging_real_runs/final_paper_notebook/panel_sweeps/AAPL_full_paper_grid_800_step_robust/model_artifacts/seed_2345/risk_cvar/proto_source_spot_delta_k_100_weighted_1_learnw_0,19.0,0.1631251415427331,val_loss,0.024944763630628586,0.1630847454071045,0.004625550660792952,0.15859030837004406,456.0,20.0,2.0,spot_delta,100.0,True,False,0.07530026137828827,0.25491049885749817
proto_source=vanilla_k=10_weighted=0_learnw=0,train,2345,proto,-0.039383579045534134,0.04434630647301674,-0.17092824190855027,-0.12508692294359208,-0.15322647988796234,-0.0208757147192955,2.3814203450455958e-05,0.9486575600565238,-0.038999043405056,0.00033436555531807244,0.0007188993040472269,0.027333123609423637,0.23233333230018616,0.27276355028152466,1.0,0.021691003297220915,0.021691003297220915,0.0,0.3674046161092793,,,cvar,/Users/yaniszaim/deephedging/.deephedging_real_runs/final_paper_notebook/panel_sweeps/AAPL_full_paper_grid_800_step_robust/model_artifacts/seed_2345/risk_cvar/proto_source_vanilla_k_10_weighted_0_learnw_0,579.0,0.16510829944926672,val_loss,0.026207391172647476,0.2423366755247116,0.007544052863436124,0.14317180616740088,2123.0,20.0,2.0,vanilla,10.0,False,False,0.11493462324142456,0.2843182384967804
proto_source=vanilla_k=10_weighted=0_learnw=0,val,2345,proto,-0.04292266443371773,0.046318136155605316,-0.1596004058420658,-0.13118800818920134,-0.1538994461297989,-0.029242107644677162,0.00034945172519655426,0.9361233480176211,-0.042791664600372314,0.0005932839121669531,0.0007242797873914242,0.02737635187804699,0.23233333230018616,0.27194803953170776,1.0,0.020374449339207047,0.020374449339207047,0.0,0.3722466960352423,,,cvar,/Users/yaniszaim/deephedging/.deephedging_real_runs/final_paper_notebook/panel_sweeps/AAPL_full_paper_grid_800_step_robust/model_artifacts/seed_2345/risk_cvar/proto_source_vanilla_k_10_weighted_0_learnw_0,579.0,0.16510829944926672,val_loss,0.026207391172647476,0.2423366755247116,0.007544052863436124,0.14317180616740088,454.0,20.0,2.0,vanilla,10.0,False,False,0.11493462324142456,0.2843182384967804
proto_source=vanilla_k=10_weighted=0_learnw=0,test,2345,proto,-0.037951551377773285,0.04295868054032326,-0.1615523025393486,-0.11923014186322689,-0.14839798212051392,-0.020482691936194897,0.0001410009863320738,0.9407894736842105,-0.037463173270225525,0.00023104743740987033,0.0007194300414994359,0.027342509478330612,0.23233333230018616,0.2725139260292053,1.0,0.024451754385964912,0.024451754385964912,0.0,0.3793859649122807,,,cvar,/Users/yaniszaim/deephedging/.deephedging_real_runs/final_paper_notebook/panel_sweeps/AAPL_full_paper_grid_800_step_robust/model_artifacts/seed_2345/risk_cvar/proto_source_vanilla_k_10_weighted_0_learnw_0,579.0,0.16510829944926672,val_loss,0.026207391172647476,0.2423366755247116,0.007544052863436124,0.14317180616740088,456.0,20.0,2.0,vanilla,10.0,False,False,0.11493462324142456,0.2843182384967804
proto_source=vanilla_k=10_weighted=1_learnw=0,train,2345,proto,-0.038932546973228455,0.04394236579537392,-0.16874434679746628,-0.12328393012285233,-0.15219299495220184,-0.020420612767338753,-0.00037911744148004886,0.9613754121526142,-0.038999043405056,0.00037772138603031635,0.00031122658401727676,0.026717588305473328,0.09855027496814728,0.29868099093437195,1.0,0.07966321243523317,0.07966321243523317,0.0,0.9985869053226566,,,cvar,/Users/yaniszaim/deephedging/.deephedging_real_runs/final_paper_notebook/panel_sweeps/AAPL_full_paper_grid_800_step_robust/model_artifacts/seed_2345/risk_cvar/proto_source_vanilla_k_10_weighted_1_learnw_0,47.0,0.16424501517291143,val_loss,0.02520488016307354,0.20903778076171875,0.011288546255506607,0.44713656387665196,2123.0,20.0,2.0,vanilla,10.0,True,False,0.10994062572717667,0.19145379960536957
proto_source=vanilla_k=10_weighted=1_learnw=0,val,2345,proto,-0.042292654514312744,0.046029917895793915,-0.15725623294711114,-0.13159382566809655,-0.15416204929351807,-0.027412310242652893,-0.0003679934627143668,0.9691629955947136,-0.042791664600372314,0.0008079995750449598,0.0003089877136517316,0.026660645380616188,0.09774146229028702,0.2980938255786896,1.0,0.07918502202643171,0.07918502202643171,0.0,1.0,,,cvar,/Users/yaniszaim/deephedging/.deephedging_real_runs/final_paper_notebook/panel_sweeps/AAPL_full_paper_grid_800_step_robust/model_artifacts/seed_2345/risk_cvar/proto_source_vanilla_k_10_weighted_1_learnw_0,47.0,0.16424501517291143,val_loss,0.02520488016307354,0.20903778076171875,0.011288546255506607,0.44713656387665196,454.0,20.0,2.0,vanilla,10.0,True,False,0.10994062572717667,0.19145379960536957
proto_source=vanilla_k=10_weighted=1_learnw=0,test,2345,proto,-0.03715473413467407,0.04210059717297554,-0.15935810953378676,-0.11784506402909756,-0.14587566256523132,-0.019758988171815872,-0.0002568901691120118,0.9649122807017544,-0.037463173270225525,0.0006124578067101538,0.00030402003903873265,0.026537887752056122,0.09264590591192245,0.2978663146495819,1.0,0.07894736842105263,0.07894736842105263,0.0,0.9978070175438597,,,cvar,/Users/yaniszaim/deephedging/.deephedging_real_runs/final_paper_notebook/panel_sweeps/AAPL_full_paper_grid_800_step_robust/model_artifacts/seed_2345/risk_cvar/proto_source_vanilla_k_10_weighted_1_learnw_0,47.0,0.16424501517291143,val_loss,0.02520488016307354,0.20903778076171875,0.011288546255506607,0.44713656387665196,456.0,20.0,2.0,vanilla,10.0,True,False,0.10994062572717667,0.19145379960536957
proto_source=vanilla_k=25_weighted=0_learnw=0,train,2345,proto,-0.03959619998931885,0.0438854917883873,-0.168084933757782,-0.12398999854922295,-0.15251071751117706,-0.02089589461684227,-0.000911984947742897,0.9788035798398492,-0.038999043405056,0.0004304528411012143,0.0010276110842823982,0.03387974202632904,0.1505158245563507,0.2745952606201172,1.0,0.044430051813471504,0.04386481394253415,0.0005652378709373528,0.8822421102213849,,,cvar,/Users/yaniszaim/deephedging/.deephedging_real_runs/final_paper_notebook/panel_sweeps/AAPL_full_paper_grid_800_step_robust/model_artifacts/seed_2345/risk_cvar/proto_source_vanilla_k_25_weighted_0_learnw_0,231.0,0.16349693990800745,val_loss,0.023743577301502228,0.2150302231311798,5.506607929515419e-05,0.0022026431718061676,2123.0,20.0,2.0,vanilla,25.0,False,False,0.08621461689472198,0.19599281251430511
proto_source=vanilla_k=25_weighted=0_learnw=0,val,2345,proto,-0.04320443794131279,0.04582533985376358,-0.15949438601732255,-0.1325173206627369,-0.15404745936393738,-0.02849803864955902,-0.0007389028382021941,0.9845814977973568,-0.042791664600372314,0.0006387925241142511,0.0010515633039176464,0.03414636850357056,0.1504533886909485,0.2745859622955322,1.0,0.04328193832599119,0.042951541850220265,0.0003303964757709251,0.8722466960352423,,,cvar,/Users/yaniszaim/deephedging/.deephedging_real_runs/final_paper_notebook/panel_sweeps/AAPL_full_paper_grid_800_step_robust/model_artifacts/seed_2345/risk_cvar/proto_source_vanilla_k_25_weighted_0_learnw_0,231.0,0.16349693990800745,val_loss,0.023743577301502228,0.2150302231311798,5.506607929515419e-05,0.0022026431718061676,454.0,20.0,2.0,vanilla,25.0,False,False,0.08621461689472198,0.19599281251430511
proto_source=vanilla_k=25_weighted=0_learnw=0,test,2345,proto,-0.038010191172361374,0.04206344857811928,-0.1609560653567314,-0.1171248946338892,-0.14672866463661194,-0.02115100435912609,-0.0011409890139475465,0.9824561403508771,-0.037463173270225525,0.000500326685141772,0.0010473505826666951,0.0340992771089077,0.15047281980514526,0.2753296494483948,1.0,0.0450109649122807,0.0450109649122807,0.0,0.8837719298245614,,,cvar,/Users/yaniszaim/deephedging/.deephedging_real_runs/final_paper_notebook/panel_sweeps/AAPL_full_paper_grid_800_step_robust/model_artifacts/seed_2345/risk_cvar/proto_source_vanilla_k_25_weighted_0_learnw_0,231.0,0.16349693990800745,val_loss,0.023743577301502228,0.2150302231311798,5.506607929515419e-05,0.0022026431718061676,456.0,20.0,2.0,vanilla,25.0,False,False,0.08621461689472198,0.19599281251430511
proto_source=vanilla_k=25_weighted=1_learnw=0,train,2345,proto,-0.039036329835653305,0.04376685246825218,-0.16645262509584427,-0.12306255027651787,-0.15134058892726898,-0.0204167440533638,-0.00014769672998227193,0.9561940650023552,-0.038999043405056,0.00040465721394866705,0.00044194902875460684,0.02781793847680092,0.10030049085617065,0.29665324091911316,1.0,0.07660150730098916,0.07660150730098916,0.0,0.9491285916156382,,,cvar,/Users/yaniszaim/deephedging/.deephedging_real_runs/final_paper_notebook/panel_sweeps/AAPL_full_paper_grid_800_step_robust/model_artifacts/seed_2345/risk_cvar/proto_source_vanilla_k_25_weighted_1_learnw_0,12.0,0.164342247772888,val_loss,0.028661152347922325,0.23771458864212036,0.007709251101321586,0.2753303964757709,2123.0,20.0,2.0,vanilla,25.0,True,False,0.06183447688817978,0.11404740065336227
proto_source=vanilla_k=25_weighted=1_learnw=0,val,2345,proto,-0.04236018285155296,0.0457744337618351,-0.1568179976940155,-0.1324715368449688,-0.1530255377292633,-0.027357627637684345,-0.00010768411448225409,0.9515418502202643,-0.042791664600372314,0.0008713701390661299,0.00043988804100081325,0.02777009829878807,0.10103112459182739,0.2966197729110718,1.0,0.07731277533039647,0.07731277533039647,0.0,0.9625550660792952,,,cvar,/Users/yaniszaim/deephedging/.deephedging_real_runs/final_paper_notebook/panel_sweeps/AAPL_full_paper_grid_800_step_robust/model_artifacts/seed_2345/risk_cvar/proto_source_vanilla_k_25_weighted_1_learnw_0,12.0,0.164342247772888,val_loss,0.028661152347922325,0.23771458864212036,0.007709251101321586,0.2753303964757709,454.0,20.0,2.0,vanilla,25.0,True,False,0.06183447688817978,0.11404740065336227
proto_source=vanilla_k=25_weighted=1_learnw=0,test,2345,proto,-0.037107426673173904,0.04206531494855881,-0.160341015458107,-0.11769497022032738,-0.1458110809326172,-0.01989831682294607,-1.1338524927850813e-05,0.9517543859649122,-0.037463173270225525,0.0008042731788009405,0.00044853228610008955,0.02784673683345318,0.09999555349349976,0.2973724603652954,1.0,0.07653508771929825,0.07653508771929825,0.0,0.9473684210526315,,,cvar,/Users/yaniszaim/deephedging/.deephedging_real_runs/final_paper_notebook/panel_sweeps/AAPL_full_paper_grid_800_step_robust/model_artifacts/seed_2345/risk_cvar/proto_source_vanilla_k_25_weighted_1_learnw_0,12.0,0.164342247772888,val_loss,0.028661152347922325,0.23771458864212036,0.007709251101321586,0.2753303964757709,456.0,20.0,2.0,vanilla,25.0,True,False,0.06183447688817978,0.11404740065336227
proto_source=vanilla_k=50_weighted=0_learnw=0,train,2345,proto,-0.03917781263589859,0.0441894605755806,-0.1697099706530571,-0.12420864477753639,-0.15260785818099976,-0.020635811612010002,-0.0004338901315350086,0.9665567593028733,-0.038999043405056,0.0002626506029628217,0.0004414220165926963,0.025535468012094498,0.11456084251403809,0.24258928000926971,1.0,0.0006947715496938295,0.0006476683937823834,4.7103155911446066e-05,0.0263777673104098,,,cvar,/Users/yaniszaim/deephedging/.deephedging_real_runs/final_paper_notebook/panel_sweeps/AAPL_full_paper_grid_800_step_robust/model_artifacts/seed_2345/risk_cvar/proto_source_vanilla_k_50_weighted_0_learnw_0,19.0,0.16342966357246042,val_loss,0.0207415409386158,0.18159353733062744,0.0,0.0,2123.0,20.0,2.0,vanilla,50.0,False,False,0.08480525016784668,0.15641742944717407
proto_source=vanilla_k=50_weighted=0_learnw=0,val,2345,proto,-0.04258536547422409,0.046128496527671814,-0.15973060220479965,-0.13149742037057877,-0.15358129143714905,-0.028490747325122356,-0.00045169577351771294,0.9691629955947136,-0.042791664600372314,0.0006396988173946738,0.0004333943943493068,0.025473594665527344,0.10392630100250244,0.24396246671676636,1.0,0.000881057268722467,0.000881057268722467,0.0,0.03303964757709251,,,cvar,/Users/yaniszaim/deephedging/.deephedging_real_runs/final_paper_notebook/panel_sweeps/AAPL_full_paper_grid_800_step_robust/model_artifacts/seed_2345/risk_cvar/proto_source_vanilla_k_50_weighted_0_learnw_0,19.0,0.16342966357246042,val_loss,0.0207415409386158,0.18159353733062744,0.0,0.0,454.0,20.0,2.0,vanilla,50.0,False,False,0.08480525016784668,0.15641742944717407
proto_source=vanilla_k=50_weighted=0_learnw=0,test,2345,proto,-0.037366222590208054,0.04238952323794365,-0.1592683047056198,-0.11780266277492046,-0.1467539370059967,-0.020248745568096638,-0.0002978159027406946,0.9627192982456141,-0.037463173270225525,0.000542655005119741,0.0004457077302504331,0.02563478611409664,0.10810893774032593,0.24441784620285034,1.0,0.0007127192982456141,0.0007127192982456141,0.0,0.02631578947368421,,,cvar,/Users/yaniszaim/deephedging/.deephedging_real_runs/final_paper_notebook/panel_sweeps/AAPL_full_paper_grid_800_step_robust/model_artifacts/seed_2345/risk_cvar/proto_source_vanilla_k_50_weighted_0_learnw_0,19.0,0.16342966357246042,val_loss,0.0207415409386158,0.18159353733062744,0.0,0.0,456.0,20.0,2.0,vanilla,50.0,False,False,0.08480525016784668,0.15641742944717407
proto_source=vanilla_k=50_weighted=1_learnw=0,train,2345,proto,-0.03907103091478348,0.04398530349135399,-0.1688226392865181,-0.12337648868560791,-0.15217822790145874,-0.01954643242061138,0.0009765072958543888,0.9246349505416863,-0.038999043405056,0.000482616713270545,0.0005546046304516494,0.028626086190342903,0.14020344614982605,0.4162983298301697,1.0,0.2086316533207725,0.2086316533207725,0.0,0.9783325482807348,,,cvar,/Users/yaniszaim/deephedging/.deephedging_real_runs/final_paper_notebook/panel_sweeps/AAPL_full_paper_grid_800_step_robust/model_artifacts/seed_2345/risk_cvar/proto_source_vanilla_k_50_weighted_1_learnw_0,533.0,0.16417822709307076,val_loss,0.018317561596632004,0.19088083505630493,0.0,0.0,2123.0,20.0,2.0,vanilla,50.0,True,False,0.1107473373413086,0.7166093587875366
proto_source=vanilla_k=50_weighted=1_learnw=0,val,2345,proto,-0.04244159907102585,0.04589083045721054,-0.1584344220161438,-0.13072959408164025,-0.15326017141342163,-0.026824180968105793,0.0008546142576960756,0.9118942731277533,-0.042791664600372314,0.0009063271572813392,0.0005562641308642924,0.02868526242673397,0.13821886479854584,0.4171707332134247,1.0,0.20963656387665197,0.20963656387665197,0.0,0.9911894273127754,,,cvar,/Users/yaniszaim/deephedging/.deephedging_real_runs/final_paper_notebook/panel_sweeps/AAPL_full_paper_grid_800_step_robust/model_artifacts/seed_2345/risk_cvar/proto_source_vanilla_k_50_weighted_1_learnw_0,533.0,0.16417822709307076,val_loss,0.018317561596632004,0.19088083505630493,0.0,0.0,454.0,20.0,2.0,vanilla,50.0,True,False,0.1107473373413086,0.7166093587875366
proto_source=vanilla_k=50_weighted=1_learnw=0,test,2345,proto,-0.03725273534655571,0.04228607937693596,-0.1623117968440056,-0.11796256341040134,-0.14584484696388245,-0.01908664684742689,0.001396625128109008,0.9210526315789473,-0.037463173270225525,0.0007649657782167196,0.0005545316380448639,0.028666967526078224,0.13840380311012268,0.4190273582935333,1.0,0.21343201754385965,0.21343201754385965,0.0,0.9846491228070176,,,cvar,/Users/yaniszaim/deephedging/.deephedging_real_runs/final_paper_notebook/panel_sweeps/AAPL_full_paper_grid_800_step_robust/model_artifacts/seed_2345/risk_cvar/proto_source_vanilla_k_50_weighted_1_learnw_0,533.0,0.16417822709307076,val_loss,0.018317561596632004,0.19088083505630493,0.0,0.0,456.0,20.0,2.0,vanilla,50.0,True,False,0.1107473373413086,0.7166093587875366
proto_source=vanilla_k=100_weighted=0_learnw=0,train,2345,proto,-0.039337433874607086,0.04527097940444946,-0.17266543120145797,-0.12628676742315292,-0.15571969747543335,-0.021538611501455307,0.0006070175382774301,0.9298162976919454,-0.038999043405056,0.00021230797574389726,0.0005506993038579822,0.024892156943678856,0.19699697196483612,0.18405666947364807,1.0,0.003756476683937824,0.003756476683937824,0.0,0.016957136128120585,,,cvar,/Users/yaniszaim/deephedging/.deephedging_real_runs/final_paper_notebook/panel_sweeps/AAPL_full_paper_grid_800_step_robust/model_artifacts/seed_2345/risk_cvar/proto_source_vanilla_k_100_weighted_0_learnw_0,271.0,0.1641572800252406,val_loss,0.02086317539215088,0.21300044655799866,0.0004955947136563877,0.0022026431718061676,2123.0,20.0,2.0,vanilla,100.0,False,False,0.08993380516767502,0.2537860572338104
proto_source=vanilla_k=100_weighted=0_learnw=0,val,2345,proto,-0.042971573770046234,0.04707425832748413,-0.1625066727399826,-0.1341165781021118,-0.15633846819400787,-0.028143882751464844,0.00028504369693109396,0.9405286343612335,-0.042791664600372314,0.00036087390617467463,0.0005407854332588613,0.024777580052614212,0.1705842763185501,0.1831536442041397,1.0,0.0022577092511013217,0.0022577092511013217,0.0,0.011013215859030838,,,cvar,/Users/yaniszaim/deephedging/.deephedging_real_runs/final_paper_notebook/panel_sweeps/AAPL_full_paper_grid_800_step_robust/model_artifacts/seed_2345/risk_cvar/proto_source_vanilla_k_100_weighted_0_learnw_0,271.0,0.1641572800252406,val_loss,0.02086317539215088,0.21300044655799866,0.0004955947136563877,0.0022026431718061676,454.0,20.0,2.0,vanilla,100.0,False,False,0.08993380516767502,0.2537860572338104
proto_source=vanilla_k=100_weighted=0_learnw=0,test,2345,proto,-0.037555042654275894,0.04344046860933304,-0.1637018509209156,-0.11933881603181362,-0.14936254918575287,-0.020465688779950142,0.0006742431869497523,0.9276315789473685,-0.037463173270225525,0.00045099033741280437,0.0005428621079772711,0.024823855608701706,0.19744724035263062,0.1839589774608612,1.0,0.0025219298245614035,0.0025219298245614035,0.0,0.010964912280701754,,,cvar,/Users/yaniszaim/deephedging/.deephedging_real_runs/final_paper_notebook/panel_sweeps/AAPL_full_paper_grid_800_step_robust/model_artifacts/seed_2345/risk_cvar/proto_source_vanilla_k_100_weighted_0_learnw_0,271.0,0.1641572800252406,val_loss,0.02086317539215088,0.21300044655799866,0.0004955947136563877,0.0022026431718061676,456.0,20.0,2.0,vanilla,100.0,False,False,0.08993380516767502,0.2537860572338104
proto_source=vanilla_k=100_weighted=1_learnw=0,train,2345,proto,-0.039131466299295425,0.04526473581790924,-0.17229990482330323,-0.12683627009391785,-0.15536269545555115,-0.020926445722579956,-0.00044588047021534296,0.9811587376354216,-0.038999043405056,0.00019121711375191808,0.0003236419288441539,0.01729775220155716,0.09931904822587967,0.17019954323768616,1.0,2.3551577955723033e-05,2.3551577955723033e-05,0.0,0.0004710315591144607,,,cvar,/Users/yaniszaim/deephedging/.deephedging_real_runs/final_paper_notebook/panel_sweeps/AAPL_full_paper_grid_800_step_robust/model_artifacts/seed_2345/risk_cvar/proto_source_vanilla_k_100_weighted_1_learnw_0,246.0,0.16382721173133916,val_loss,0.02058115415275097,0.1962730884552002,5.506607929515419e-05,0.0022026431718061676,2123.0,20.0,2.0,vanilla,100.0,True,False,0.07440833002328873,0.167932391166687
proto_source=vanilla_k=100_weighted=1_learnw=0,val,2345,proto,-0.042753666639328,0.047319695353507996,-0.16167465582489968,-0.13395528495311737,-0.15668387711048126,-0.027740701101720333,-0.0003829584282357246,0.9669603524229075,-0.042791664600372314,0.0003661261289380491,0.00032812324934639037,0.01737898215651512,0.09980151802301407,0.1707649677991867,1.0,5.506607929515419e-05,5.506607929515419e-05,0.0,0.0022026431718061676,,,cvar,/Users/yaniszaim/deephedging/.deephedging_real_runs/final_paper_notebook/panel_sweeps/AAPL_full_paper_grid_800_step_robust/model_artifacts/seed_2345/risk_cvar/proto_source_vanilla_k_100_weighted_1_learnw_0,246.0,0.16382721173133916,val_loss,0.02058115415275097,0.1962730884552002,5.506607929515419e-05,0.0022026431718061676,454.0,20.0,2.0,vanilla,100.0,True,False,0.07440833002328873,0.167932391166687
proto_source=vanilla_k=100_weighted=1_learnw=0,test,2345,proto,-0.03743576630949974,0.043434832245111465,-0.16582582145929337,-0.12029075250029564,-0.14956369996070862,-0.020851925015449524,-0.00029228148196125403,0.9714912280701754,-0.037463173270225525,0.00034953889553435147,0.00032213545637205243,0.017190217971801758,0.09665265679359436,0.17069286108016968,0.7393164038658142,0.0,0.0,0.0,0.0,,,cvar,/Users/yaniszaim/deephedging/.deephedging_real_runs/final_paper_notebook/panel_sweeps/AAPL_full_paper_grid_800_step_robust/model_artifacts/seed_2345/risk_cvar/proto_source_vanilla_k_100_weighted_1_learnw_0,246.0,0.16382721173133916,val_loss,0.02058115415275097,0.1962730884552002,5.506607929515419e-05,0.0022026431718061676,456.0,20.0,2.0,vanilla,100.0,True,False,0.07440833002328873,0.167932391166687
unhedged,train,3456,baseline,-0.03980246186256409,0.04803946614265442,-0.1755901074409485,-0.13059061765670776,-0.16115978360176086,-0.020565032958984375,-0.0,0.6109279321714555,-0.03980246186256409,0.0,0.0,0.0,0.0,0.0,0.0,0.0,0.0,0.0,0.0,,,,,,,,,,,,,,,,,,,,
spot_delta,train,3456,baseline,-0.039785921573638916,0.04750577360391617,-0.1722153952717781,-0.12926036566495894,-0.15953251719474792,-0.02275039069354534,0.00784499431028962,0.8106453132359868,-0.03980246186256409,0.00021159033349249512,0.00019505132513586432,0.024278491735458374,0.6288570165634155,0.2589375376701355,0.6422320008277893,0.0,0.0,0.0,0.0,,,,,,,,,,,,,,,,,,,,
spot_delta_band,train,3456,baseline,-0.039719484746456146,0.047219906002283096,-0.1726917254924774,-0.1295713260769844,-0.15904134511947632,-0.021573573350906372,0.00536797801032662,0.8181818181818182,-0.03980246186256409,0.00016411932301707566,8.1141188275069e-05,0.010136197321116924,0.47885701060295105,0.1982809603214264,0.49223199486732483,0.0,0.0,0.0,0.0,0.15,gains_mean,,,,,,,,,,,,,,,,,,
unhedged,val,3456,baseline,-0.03554999828338623,0.045129597187042236,-0.1630408775806427,-0.12038358449935913,-0.15446357429027557,-0.015175998210906982,0.0,0.5969162995594713,-0.03554999828338623,0.0,0.0,0.0,0.0,0.0,0.0,0.0,0.0,0.0,0.0,,,,,,,,,,,,,,,,,,,,
spot_delta,val,3456,baseline,-0.03636729344725609,0.04742928594350815,-0.17224759593605996,-0.11681183390319347,-0.16355253756046295,-0.018168054521083832,0.006858998909592627,0.8281938325991189,-0.03554999828338623,-0.0006199436611495912,0.00019734876696020365,0.024537721648812294,0.6422320008277893,0.25885817408561707,0.6422320008277893,0.0,0.0,0.0,0.0,,,,,,,,,,,,,,,,,,,,
spot_delta_band,val,3456,baseline,-0.0360381044447422,0.04551292583346367,-0.17261070027947426,-0.11810621917247772,-0.15819190442562103,-0.01711275242269039,0.004486717819236212,0.8370044052863436,-0.03554999828338623,-0.00040668429573997855,8.141930447891355e-05,0.010168594308197498,0.49223199486732483,0.1985207051038742,0.49223199486732483,0.0,0.0,0.0,0.0,0.15,gains_mean,,,,,,,,,,,,,,,,,,
unhedged,test,3456,baseline,-0.040932584553956985,0.0461454838514328,-0.1682414948940277,-0.13144734501838684,-0.15285798907279968,-0.02585458755493164,0.0,0.6381578947368421,-0.040932584553956985,0.0,0.0,0.0,0.0,0.0,0.0,0.0,0.0,0.0,0.0,,,,,,,,,,,,,,,,,,,,
spot_delta,test,3456,baseline,-0.04019656032323837,0.04513782262802124,-0.1562998838722706,-0.12686485424637794,-0.14689965546131134,-0.0260239252820611,0.008890543831512332,0.8026315789473685,-0.040932584553956985,0.0009276482742279768,0.000191619765246287,0.023812849074602127,0.6127070188522339,0.2584878206253052,0.6422320008277893,0.0,0.0,0.0,0.0,,,,,,,,,,,,,,,,,,,,
spot_delta_band,test,3456,baseline,-0.040298815816640854,0.045322585850954056,-0.15973716974258423,-0.1278139278292656,-0.14861717820167542,-0.02634610328823328,0.005909502157010138,0.8026315789473685,-0.040932584553956985,0.0007145019480958581,8.073513163253665e-05,0.010085619986057281,0.4627070128917694,0.19727128744125366,0.49223199486732483,0.0,0.0,0.0,0.0,0.15,gains_mean,,,,,,,,,,,,,,,,,,
vanilla,train,3456,vanilla,-0.03958221897482872,0.045157235115766525,-0.16851179659366608,-0.12536801695823668,-0.1546737402677536,-0.021705536171793938,-0.0005762545973993842,1.0,-0.03980246186256409,0.0003997212625108659,0.00017947828746400774,0.020860029384493828,0.04243837296962738,0.21988025307655334,0.8401705622673035,0.0,0.0,0.0,0.0,,,cvar,/Users/yaniszaim/deephedging/.deephedging_real_runs/final_paper_notebook/panel_sweeps/AAPL_full_paper_grid_800_step_robust/model_artifacts/seed_3456/risk_cvar/vanilla,158.0,0.13905576318502427,val_loss,0.020344316959381104,0.2128569483757019,0.0,0.0,2123.0,20.0,2.0,,,,,,
vanilla,val,3456,vanilla,-0.035540539771318436,0.042435627430677414,-0.15647869437932968,-0.11555778719484806,-0.14824753999710083,-0.01658728811889887,-0.00043964899814454846,1.0,-0.03554999828338623,0.00018861587159335613,0.00017915433272719383,0.02086647041141987,0.0425771065056324,0.21997612714767456,0.842121958732605,0.0,0.0,0.0,0.0,,,cvar,/Users/yaniszaim/deephedging/.deephedging_real_runs/final_paper_notebook/panel_sweeps/AAPL_full_paper_grid_800_step_robust/model_artifacts/seed_3456/risk_cvar/vanilla,158.0,0.13905576318502427,val_loss,0.020344316959381104,0.2128569483757019,0.0,0.0,454.0,20.0,2.0,,,,,,
vanilla,test,3456,vanilla,-0.04079291597008705,0.04323391616344452,-0.16148500815033912,-0.12618565931916237,-0.146706223487854,-0.028286531567573547,-0.0007909240230219439,1.0,-0.040932584553956985,0.00031939957989379764,0.00017972622299566865,0.02086184173822403,0.04253191500902176,0.2199242264032364,0.8414711356163025,0.0,0.0,0.0,0.0,,,cvar,/Users/yaniszaim/deephedging/.deephedging_real_runs/final_paper_notebook/panel_sweeps/AAPL_full_paper_grid_800_step_robust/model_artifacts/seed_3456/risk_cvar/vanilla,158.0,0.13905576318502427,val_loss,0.020344316959381104,0.2128569483757019,0.0,0.0,456.0,20.0,2.0,,,,,,
proto_source=spot_delta_k=10_weighted=0_learnw=0,train,3456,proto,-0.039726097136735916,0.04623590409755707,-0.17115310192108155,-0.12713441103696824,-0.15744106471538544,-0.02107127383351326,-0.00029035777843091666,0.9736222326895903,-0.03980246186256409,0.00025680375983938575,0.0001804375642677769,0.013446109369397163,0.0883881226181984,0.15357032418251038,0.7366548776626587,0.0,0.0,0.0,0.0,,,cvar,/Users/yaniszaim/deephedging/.deephedging_real_runs/final_paper_notebook/panel_sweeps/AAPL_full_paper_grid_800_step_robust/model_artifacts/seed_3456/risk_cvar/proto_source_spot_delta_k_10_weighted_0_learnw_0,5.0,0.13899891038425266,val_loss,0.012688795104622841,0.13443130254745483,0.0,0.0,2123.0,20.0,2.0,spot_delta,10.0,False,False,0.0929301530122757,0.15357814729213715
proto_source=spot_delta_k=10_weighted=0_learnw=0,val,3456,proto,-0.03560968488454819,0.04344191402196884,-0.15864988014101983,-0.11721628978848457,-0.15073025226593018,-0.016582840122282505,-0.0002756028654403054,0.9691629955947136,-0.03554999828338623,0.00011982631986029446,0.00017950782785192132,0.013485605828464031,0.0883881226181984,0.154459148645401,0.7398097515106201,0.0,0.0,0.0,0.0,,,cvar,/Users/yaniszaim/deephedging/.deephedging_real_runs/final_paper_notebook/panel_sweeps/AAPL_full_paper_grid_800_step_robust/model_artifacts/seed_3456/risk_cvar/proto_source_spot_delta_k_10_weighted_0_learnw_0,5.0,0.13899891038425266,val_loss,0.012688795104622841,0.13443130254745483,0.0,0.0,454.0,20.0,2.0,spot_delta,10.0,False,False,0.0929301530122757,0.15357814729213715
proto_source=spot_delta_k=10_weighted=0_learnw=0,test,3456,proto,-0.0408962219953537,0.04429638385772705,-0.16450181007385253,-0.12833978608250618,-0.14920426905155182,-0.02562158927321434,-0.00040089192043524235,0.9736842105263158,-0.040932584553956985,0.00021776891662739217,0.0001814059796743095,0.01356592494994402,0.0883881226181984,0.1536915898323059,0.7405466437339783,0.0,0.0,0.0,0.0,,,cvar,/Users/yaniszaim/deephedging/.deephedging_real_runs/final_paper_notebook/panel_sweeps/AAPL_full_paper_grid_800_step_robust/model_artifacts/seed_3456/risk_cvar/proto_source_spot_delta_k_10_weighted_0_learnw_0,5.0,0.13899891038425266,val_loss,0.012688795104622841,0.13443130254745483,0.0,0.0,456.0,20.0,2.0,spot_delta,10.0,False,False,0.0929301530122757,0.15357814729213715
proto_source=spot_delta_k=10_weighted=1_learnw=0,train,3456,proto,-0.039646781980991364,0.04612601548433304,-0.17118257343769072,-0.1273960530757904,-0.15716685354709625,-0.021521542221307755,0.00013331842783372743,0.9425341497880358,-0.03980246186256409,0.00028316068346612155,0.00012748100562021136,0.013869311660528183,0.09454232454299927,0.17974098026752472,1.0,0.00037682524729156853,0.0,0.00037682524729156853,0.003297220913801225,,,cvar,/Users/yaniszaim/deephedging/.deephedging_real_runs/final_paper_notebook/panel_sweeps/AAPL_full_paper_grid_800_step_robust/model_artifacts/seed_3456/risk_cvar/proto_source_spot_delta_k_10_weighted_1_learnw_0,5.0,0.13909060166578427,val_loss,0.013158189132809639,0.13872003555297852,0.000881057268722467,0.006607929515418502,2123.0,20.0,2.0,spot_delta,10.0,True,False,0.0812431275844574,0.15118299424648285
proto_source=spot_delta_k=10_weighted=1_learnw=0,val,3456,proto,-0.03559307008981705,0.04331845045089722,-0.1577547785639763,-0.1158139955252409,-0.1503310650587082,-0.016265504993498325,-2.7635228980217436e-05,0.9515418502202643,-0.03554999828338623,8.454938506474718e-05,0.00012761795369442552,0.013881748542189598,0.09454232454299927,0.18028800189495087,1.0,0.000881057268722467,0.0,0.000881057268722467,0.006607929515418502,,,cvar,/Users/yaniszaim/deephedging/.deephedging_real_runs/final_paper_notebook/panel_sweeps/AAPL_full_paper_grid_800_step_robust/model_artifacts/seed_3456/risk_cvar/proto_source_spot_delta_k_10_weighted_1_learnw_0,5.0,0.13909060166578427,val_loss,0.013158189132809639,0.13872003555297852,0.000881057268722467,0.006607929515418502,454.0,20.0,2.0,spot_delta,10.0,True,False,0.0812431275844574,0.15118299424648285
proto_source=spot_delta_k=10_weighted=1_learnw=0,test,3456,proto,-0.0406409315764904,0.0442761592566967,-0.16464923471212387,-0.12760940194129944,-0.1484914869070053,-0.026196375489234924,0.00012948908624821343,0.9429824561403509,-0.040932584553956985,0.00041841069469228387,0.00012675736797973514,0.013873320072889328,0.09454232454299927,0.17965489625930786,1.0,0.0006030701754385965,0.0,0.0006030701754385965,0.0043859649122807015,,,cvar,/Users/yaniszaim/deephedging/.deephedging_real_runs/final_paper_notebook/panel_sweeps/AAPL_full_paper_grid_800_step_robust/model_artifacts/seed_3456/risk_cvar/proto_source_spot_delta_k_10_weighted_1_learnw_0,5.0,0.13909060166578427,val_loss,0.013158189132809639,0.13872003555297852,0.000881057268722467,0.006607929515418502,456.0,20.0,2.0,spot_delta,10.0,True,False,0.0812431275844574,0.15118299424648285
proto_source=spot_delta_k=25_weighted=0_learnw=0,train,3456,proto,-0.03949570283293724,0.0458126924932003,-0.1695106339454651,-0.12717506140470505,-0.15498967468738556,-0.02106720767915249,0.0024903203127905633,0.886481394253415,-0.03980246186256409,0.0005728760152123868,0.0002661152684595436,0.027444448322057724,0.09711814671754837,0.2834283709526062,1.0,0.001825247291568535,0.001825247291568535,0.0,0.012717852096090438,,,cvar,/Users/yaniszaim/deephedging/.deephedging_real_runs/final_paper_notebook/panel_sweeps/AAPL_full_paper_grid_800_step_robust/model_artifacts/seed_3456/risk_cvar/proto_source_spot_delta_k_25_weighted_0_learnw_0,28.0,0.13856365012320884,val_loss,0.02654522843658924,0.14797070622444153,0.0007709251101321586,0.011013215859030838,2123.0,20.0,2.0,spot_delta,25.0,False,False,0.0906062051653862,0.1548341065645218
proto_source=spot_delta_k=25_weighted=0_learnw=0,val,3456,proto,-0.035667672753334045,0.042976126074790955,-0.15808240905404092,-0.11679074838757515,-0.14790460467338562,-0.016561895608901978,0.0019130558241158718,0.8722466960352423,-0.03554999828338623,0.0001534924958832562,0.0002711598062887788,0.027747904881834984,0.09711814671754837,0.2841079533100128,1.0,0.002037444933920705,0.002037444933920705,0.0,0.011013215859030838,,,cvar,/Users/yaniszaim/deephedging/.deephedging_real_runs/final_paper_notebook/panel_sweeps/AAPL_full_paper_grid_800_step_robust/model_artifacts/seed_3456/risk_cvar/proto_source_spot_delta_k_25_weighted_0_learnw_0,28.0,0.13856365012320884,val_loss,0.02654522843658924,0.14797070622444153,0.0007709251101321586,0.011013215859030838,454.0,20.0,2.0,spot_delta,25.0,False,False,0.0906062051653862,0.1548341065645218
proto_source=spot_delta_k=25_weighted=0_learnw=0,test,3456,proto,-0.040882695466279984,0.043836332857608795,-0.16170646250247955,-0.12822556868195534,-0.14568975567817688,-0.028195621445775032,0.0027434000512585044,0.881578947368421,-0.040932584553956985,0.0003201901272404939,0.0002702976926229894,0.02770988643169403,0.09711814671754837,0.2848011553287506,1.0,0.0018092105263157895,0.0018092105263157895,0.0,0.015350877192982455,,,cvar,/Users/yaniszaim/deephedging/.deephedging_real_runs/final_paper_notebook/panel_sweeps/AAPL_full_paper_grid_800_step_robust/model_artifacts/seed_3456/risk_cvar/proto_source_spot_delta_k_25_weighted_0_learnw_0,28.0,0.13856365012320884,val_loss,0.02654522843658924,0.14797070622444153,0.0007709251101321586,0.011013215859030838,456.0,20.0,2.0,spot_delta,25.0,False,False,0.0906062051653862,0.1548341065645218
proto_source=spot_delta_k=25_weighted=1_learnw=0,train,3456,proto,-0.03964190185070038,0.04604616016149521,-0.16965105772018432,-0.12728524953126907,-0.15678881108760834,-0.02134481444954872,0.0003733179153641682,0.9288742345737164,-0.03980246186256409,0.0003009079082403332,0.00014034518972039223,0.015605365857481956,0.0684497058391571,0.17419712245464325,0.7162291407585144,0.0,0.0,0.0,0.0,,,cvar,/Users/yaniszaim/deephedging/.deephedging_real_runs/final_paper_notebook/panel_sweeps/AAPL_full_paper_grid_800_step_robust/model_artifacts/seed_3456/risk_cvar/proto_source_spot_delta_k_25_weighted_1_learnw_0,27.0,0.13865386810153724,val_loss,0.013884790241718292,0.12351366132497787,0.0,0.0,2123.0,20.0,2.0,spot_delta,25.0,True,False,0.10586579144001007,0.19098077714443207
proto_source=spot_delta_k=25_weighted=1_learnw=0,val,3456,proto,-0.035610686987638474,0.04312174767255783,-0.15712814673781395,-0.11674191020429134,-0.14951053261756897,-0.01653885655105114,0.0003848267282592132,0.9229074889867841,-0.03554999828338623,8.051778422668576e-05,0.0001411991543136537,0.01570284180343151,0.068449467420578,0.17427559196949005,0.715714693069458,0.0,0.0,0.0,0.0,,,cvar,/Users/yaniszaim/deephedging/.deephedging_real_runs/final_paper_notebook/panel_sweeps/AAPL_full_paper_grid_800_step_robust/model_artifacts/seed_3456/risk_cvar/proto_source_spot_delta_k_25_weighted_1_learnw_0,27.0,0.13865386810153724,val_loss,0.013884790241718292,0.12351366132497787,0.0,0.0,454.0,20.0,2.0,spot_delta,25.0,True,False,0.10586579144001007,0.19098077714443207
proto_source=spot_delta_k=25_weighted=1_learnw=0,test,3456,proto,-0.04086250066757202,0.04418957605957985,-0.163995148986578,-0.12614570930600166,-0.14839419722557068,-0.027885030023753643,0.00035154462966602296,0.9342105263157895,-0.040932584553956985,0.000209538105991669,0.00013945340469945222,0.01555551029741764,0.06844952702522278,0.17441007494926453,0.7155144214630127,0.0,0.0,0.0,0.0,,,cvar,/Users/yaniszaim/deephedging/.deephedging_real_runs/final_paper_notebook/panel_sweeps/AAPL_full_paper_grid_800_step_robust/model_artifacts/seed_3456/risk_cvar/proto_source_spot_delta_k_25_weighted_1_learnw_0,27.0,0.13865386810153724,val_loss,0.013884790241718292,0.12351366132497787,0.0,0.0,456.0,20.0,2.0,spot_delta,25.0,True,False,0.10586579144001007,0.19098077714443207
proto_source=spot_delta_k=50_weighted=0_learnw=0,train,3456,proto,-0.040577542036771774,0.05209283530712128,-0.18458562791347505,-0.1379137694835663,-0.16977393627166748,-0.021754473447799683,0.0061277613975107646,0.6415449835138954,-0.03980246186256409,-0.0004814881831407547,0.00029359146719798446,0.025971198454499245,0.060509420931339264,0.3040768504142761,1.0,0.05005887894488931,0.0,0.05005887894488931,1.0,,,cvar,/Users/yaniszaim/deephedging/.deephedging_real_runs/final_paper_notebook/panel_sweeps/AAPL_full_paper_grid_800_step_robust/model_artifacts/seed_3456/risk_cvar/proto_source_spot_delta_k_50_weighted_0_learnw_0,31.0,0.1387558367105595,val_loss,0.014953860081732273,0.15435121953487396,5.506607929515419e-05,0.0022026431718061676,2123.0,20.0,2.0,spot_delta,50.0,False,False,0.07520899176597595,0.1457221657037735
proto_source=spot_delta_k=50_weighted=0_learnw=0,val,3456,proto,-0.03600362688302994,0.04913181811571121,-0.17140751391649245,-0.1268953986465931,-0.16289378702640533,-0.016224120743572712,0.006619430100545283,0.6343612334801763,-0.03554999828338623,-0.00016436750593129545,0.0002892574411816895,0.02593296766281128,0.06050928682088852,0.30319100618362427,1.0,0.050055066079295156,0.0,0.050055066079295156,1.0,,,cvar,/Users/yaniszaim/deephedging/.deephedging_real_runs/final_paper_notebook/panel_sweeps/AAPL_full_paper_grid_800_step_robust/model_artifacts/seed_3456/risk_cvar/proto_source_spot_delta_k_50_weighted_0_learnw_0,31.0,0.1387558367105595,val_loss,0.014953860081732273,0.15435121953487396,5.506607929515419e-05,0.0022026431718061676,454.0,20.0,2.0,spot_delta,50.0,False,False,0.07520899176597595,0.1457221657037735
proto_source=spot_delta_k=50_weighted=0_learnw=0,test,3456,proto,-0.04158543422818184,0.050431251525878906,-0.17797837629914284,-0.13865869864821434,-0.1612032651901245,-0.02753341570496559,0.006228722631931305,0.6666666666666666,-0.040932584553956985,-0.0003603599907364696,0.00029248595819808543,0.025954438373446465,0.06050938740372658,0.303711861371994,1.0,0.05,0.0,0.05,1.0,,,cvar,/Users/yaniszaim/deephedging/.deephedging_real_runs/final_paper_notebook/panel_sweeps/AAPL_full_paper_grid_800_step_robust/model_artifacts/seed_3456/risk_cvar/proto_source_spot_delta_k_50_weighted_0_learnw_0,31.0,0.1387558367105595,val_loss,0.014953860081732273,0.15435121953487396,5.506607929515419e-05,0.0022026431718061676,456.0,20.0,2.0,spot_delta,50.0,False,False,0.07520899176597595,0.1457221657037735
proto_source=spot_delta_k=50_weighted=1_learnw=0,train,3456,proto,-0.03970597684383392,0.04509197920560837,-0.1688373038172722,-0.12590367645025252,-0.1541321873664856,-0.02180371806025505,0.0020294015062972816,0.8940178991992463,-0.03980246186256409,0.00029984916909597814,0.00020336563466116786,0.023436829447746277,0.16839712858200073,0.33679288625717163,1.0,0.00017663683466792276,0.00017663683466792276,0.0,0.005652378709373528,,,cvar,/Users/yaniszaim/deephedging/.deephedging_real_runs/final_paper_notebook/panel_sweeps/AAPL_full_paper_grid_800_step_robust/model_artifacts/seed_3456/risk_cvar/proto_source_spot_delta_k_50_weighted_1_learnw_0,52.0,0.13878247032963592,val_loss,0.02517690695822239,0.16517607867717743,0.00022026431718061675,0.006607929515418502,2123.0,20.0,2.0,spot_delta,50.0,True,False,0.09460306912660599,0.2177163064479828
proto_source=spot_delta_k=50_weighted=1_learnw=0,val,3456,proto,-0.03603857755661011,0.042214956134557724,-0.15605662569403647,-0.11375598385930061,-0.1464041769504547,-0.016457307152450085,0.001247993111610409,0.9030837004405287,-0.03554999828338623,-0.0002839197404682636,0.0002046602312475443,0.023734411224722862,0.1493867039680481,0.3377790153026581,1.0,0.00016519823788546255,0.00016519823788546255,0.0,0.006607929515418502,,,cvar,/Users/yaniszaim/deephedging/.deephedging_real_runs/final_paper_notebook/panel_sweeps/AAPL_full_paper_grid_800_step_robust/model_artifacts/seed_3456/risk_cvar/proto_source_spot_delta_k_50_weighted_1_learnw_0,52.0,0.13878247032963592,val_loss,0.02517690695822239,0.16517607867717743,0.00022026431718061675,0.006607929515418502,454.0,20.0,2.0,spot_delta,50.0,True,False,0.09460306912660599,0.2177163064479828
proto_source=spot_delta_k=50_weighted=1_learnw=0,test,3456,proto,-0.04063626378774643,0.04328978806734085,-0.1643208272755146,-0.12490113452076912,-0.14500784873962402,-0.027208584360778332,0.00266603147611022,0.8903508771929824,-0.040932584553956985,0.0004998203949071467,0.0002034964127233252,0.02345186658203602,0.14882764220237732,0.33815428614616394,1.0,0.0001644736842105263,0.0001644736842105263,0.0,0.006578947368421052,,,cvar,/Users/yaniszaim/deephedging/.deephedging_real_runs/final_paper_notebook/panel_sweeps/AAPL_full_paper_grid_800_step_robust/model_artifacts/seed_3456/risk_cvar/proto_source_spot_delta_k_50_weighted_1_learnw_0,52.0,0.13878247032963592,val_loss,0.02517690695822239,0.16517607867717743,0.00022026431718061675,0.006607929515418502,456.0,20.0,2.0,spot_delta,50.0,True,False,0.09460306912660599,0.2177163064479828
proto_source=spot_delta_k=100_weighted=0_learnw=0,train,3456,proto,-0.03910704702138901,0.05045396834611893,-0.17471090257167815,-0.13255866169929503,-0.16678425669670105,-0.02389620989561081,0.012986046727746708,0.784267545925577,-0.03980246186256409,0.0014590532518923283,0.0007636393420398235,0.06684105843305588,0.5424516797065735,0.2711801528930664,1.0,0.01186999528968441,0.0009302873292510598,0.010939707960433349,0.07677814413565709,,,cvar,/Users/yaniszaim/deephedging/.deephedging_real_runs/final_paper_notebook/panel_sweeps/AAPL_full_paper_grid_800_step_robust/model_artifacts/seed_3456/risk_cvar/proto_source_spot_delta_k_100_weighted_0_learnw_0,229.0,0.13771426670327125,val_loss,0.046507980674505234,0.16062264144420624,0.010407488986784142,0.05947136563876652,2123.0,20.0,2.0,spot_delta,100.0,False,False,0.16655658185482025,0.5424600839614868
proto_source=spot_delta_k=100_weighted=0_learnw=0,val,3456,proto,-0.03810186684131622,0.05656742677092552,-0.20051180943846703,-0.120814735814929,-0.19637048244476318,-0.021533850580453873,0.011808988032862532,0.788546255506608,-0.03554999828338623,-0.001786523498594761,0.0007653446518816054,0.06753519177436829,0.5424306392669678,0.2721741199493408,1.0,0.00881057268722467,0.0008259911894273128,0.007984581497797356,0.05947136563876652,,,cvar,/Users/yaniszaim/deephedging/.deephedging_real_runs/final_paper_notebook/panel_sweeps/AAPL_full_paper_grid_800_step_robust/model_artifacts/seed_3456/risk_cvar/proto_source_spot_delta_k_100_weighted_0_learnw_0,229.0,0.13771426670327125,val_loss,0.046507980674505234,0.16062264144420624,0.010407488986784142,0.05947136563876652,454.0,20.0,2.0,spot_delta,100.0,False,False,0.16655658185482025,0.5424600839614868
proto_source=spot_delta_k=100_weighted=0_learnw=0,test,3456,proto,-0.04251601919531822,0.060667965561151505,-0.18184979781508445,-0.1315990500152111,-0.1953018605709076,-0.03172588162124157,0.012278495589271188,0.793859649122807,-0.040932584553956985,-0.0008223630720749497,0.0007610723841935396,0.06680987030267715,0.5423687696456909,0.2726536691188812,1.0,0.0125,0.0008223684210526315,0.011677631578947368,0.08114035087719298,,,cvar,/Users/yaniszaim/deephedging/.deephedging_real_runs/final_paper_notebook/panel_sweeps/AAPL_full_paper_grid_800_step_robust/model_artifacts/seed_3456/risk_cvar/proto_source_spot_delta_k_100_weighted_0_learnw_0,229.0,0.13771426670327125,val_loss,0.046507980674505234,0.16062264144420624,0.010407488986784142,0.05947136563876652,456.0,20.0,2.0,spot_delta,100.0,False,False,0.16655658185482025,0.5424600839614868
proto_source=spot_delta_k=100_weighted=1_learnw=0,train,3456,proto,-0.04047836735844612,0.05198763683438301,-0.18344618767499923,-0.1378830522298813,-0.16844365000724792,-0.021381421014666557,0.007422571256756783,0.6985398021667452,-0.03980246186256409,-0.00047568997251801193,0.00020021479576826096,0.024885818362236023,0.1036655604839325,0.365673691034317,1.0,0.22024258125294394,0.0,0.22024258125294394,0.9868111163447951,,,cvar,/Users/yaniszaim/deephedging/.deephedging_real_runs/final_paper_notebook/panel_sweeps/AAPL_full_paper_grid_800_step_robust/model_artifacts/seed_3456/risk_cvar/proto_source_spot_delta_k_100_weighted_1_learnw_0,93.0,0.13924953171503343,val_loss,0.021947285160422325,0.12216084450483322,0.0011013215859030838,0.006607929515418502,2123.0,20.0,2.0,spot_delta,100.0,True,False,0.11298016458749771,0.4029676616191864
proto_source=spot_delta_k=100_weighted=1_learnw=0,val,3456,proto,-0.035860806703567505,0.04919658228754997,-0.16587352260947227,-0.12943650633096696,-0.16138163208961487,-0.016916646622121334,0.007492842059582466,0.7048458149779736,-0.03554999828338623,-0.00010903934889938682,0.0002017637889366597,0.02496183104813099,0.20358659327030182,0.36582258343696594,1.0,0.22015418502202644,0.0,0.22015418502202644,0.9845814977973568,,,cvar,/Users/yaniszaim/deephedging/.deephedging_real_runs/final_paper_notebook/panel_sweeps/AAPL_full_paper_grid_800_step_robust/model_artifacts/seed_3456/risk_cvar/proto_source_spot_delta_k_100_weighted_1_learnw_0,93.0,0.13924953171503343,val_loss,0.021947285160422325,0.12216084450483322,0.0011013215859030838,0.006607929515418502,454.0,20.0,2.0,spot_delta,100.0,True,False,0.11298016458749771,0.4029676616191864
proto_source=spot_delta_k=100_weighted=1_learnw=0,test,3456,proto,-0.04224062338471413,0.04969435930252075,-0.17073703184723854,-0.13866807892918587,-0.16171443462371826,-0.02707704994827509,0.006584747461602092,0.7412280701754386,-0.040932584553956985,-0.0011057103984057903,0.00020232894166838378,0.024891160428524017,0.28877073526382446,0.3653622269630432,1.0,0.21973684210526315,0.0,0.21973684210526315,0.9846491228070176,,,cvar,/Users/yaniszaim/deephedging/.deephedging_real_runs/final_paper_notebook/panel_sweeps/AAPL_full_paper_grid_800_step_robust/model_artifacts/seed_3456/risk_cvar/proto_source_spot_delta_k_100_weighted_1_learnw_0,93.0,0.13924953171503343,val_loss,0.021947285160422325,0.12216084450483322,0.0011013215859030838,0.006607929515418502,456.0,20.0,2.0,spot_delta,100.0,True,False,0.11298016458749771,0.4029676616191864
proto_source=vanilla_k=10_weighted=0_learnw=0,train,3456,proto,-0.039853498339653015,0.04515114799141884,-0.1680852434039116,-0.12559527307748794,-0.1547885239124298,-0.02223236672580242,-0.000631601375062019,0.9872821479039096,-0.03980246186256409,0.0003557257878128439,0.00040675964555703104,0.02361234836280346,0.09367924928665161,0.26124149560928345,1.0,0.0010951483749411211,0.000706547338671691,0.00038860103626943003,0.026848798869524258,,,cvar,/Users/yaniszaim/deephedging/.deephedging_real_runs/final_paper_notebook/panel_sweeps/AAPL_full_paper_grid_800_step_robust/model_artifacts/seed_3456/risk_cvar/proto_source_vanilla_k_10_weighted_0_learnw_0,165.0,0.13945441295483071,val_loss,0.02255399338901043,0.2384456992149353,0.00022026431718061675,0.004405286343612335,2123.0,20.0,2.0,vanilla,10.0,False,False,0.10166825354099274,0.20559412240982056
proto_source=vanilla_k=10_weighted=0_learnw=0,val,3456,proto,-0.03586500138044357,0.042328622192144394,-0.158553120046854,-0.11543030887842179,-0.1480492353439331,-0.017042255960404873,-0.0005109643912874175,0.986784140969163,-0.03554999828338623,7.180382090155035e-05,0.00038680346915498376,0.023339012637734413,0.09417040646076202,0.2588169574737549,1.0,0.0007158590308370044,0.0003854625550660793,0.0003303964757709251,0.01762114537444934,,,cvar,/Users/yaniszaim/deephedging/.deephedging_real_runs/final_paper_notebook/panel_sweeps/AAPL_full_paper_grid_800_step_robust/model_artifacts/seed_3456/risk_cvar/proto_source_vanilla_k_10_weighted_0_learnw_0,165.0,0.13945441295483071,val_loss,0.02255399338901043,0.2384456992149353,0.00022026431718061675,0.004405286343612335,454.0,20.0,2.0,vanilla,10.0,False,False,0.10166825354099274,0.20559412240982056
proto_source=vanilla_k=10_weighted=0_learnw=0,test,3456,proto,-0.04099634662270546,0.04318632930517197,-0.15757381021976472,-0.12623796612024307,-0.14620168507099152,-0.02841936983168125,-0.0004879698535660282,0.9802631578947368,-0.040932584553956985,0.00033875377266667783,0.00040251450263895094,0.023574484512209892,0.0896732360124588,0.2608664631843567,1.0,0.0009320175438596491,0.0005482456140350877,0.0003837719298245614,0.02412280701754386,,,cvar,/Users/yaniszaim/deephedging/.deephedging_real_runs/final_paper_notebook/panel_sweeps/AAPL_full_paper_grid_800_step_robust/model_artifacts/seed_3456/risk_cvar/proto_source_vanilla_k_10_weighted_0_learnw_0,165.0,0.13945441295483071,val_loss,0.02255399338901043,0.2384456992149353,0.00022026431718061675,0.004405286343612335,456.0,20.0,2.0,vanilla,10.0,False,False,0.10166825354099274,0.20559412240982056
proto_source=vanilla_k=10_weighted=1_learnw=0,train,3456,proto,-0.04002690315246582,0.045055873692035675,-0.1666524291038513,-0.12519318163394927,-0.15379104018211365,-0.021950799971818924,0.002805448370054358,0.8831841733396137,-0.03980246186256409,0.0006040404550731182,0.0008284786599688232,0.0317232720553875,0.19045332074165344,0.4675500988960266,1.0,0.29477154969382946,0.29459491285916156,0.00017663683466792276,0.987753179463024,,,cvar,/Users/yaniszaim/deephedging/.deephedging_real_runs/final_paper_notebook/panel_sweeps/AAPL_full_paper_grid_800_step_robust/model_artifacts/seed_3456/risk_cvar/proto_source_vanilla_k_10_weighted_1_learnw_0,744.0,0.13946780308194887,val_loss,0.021576210856437683,0.22443826496601105,0.00011013215859030837,0.004405286343612335,2123.0,20.0,2.0,vanilla,10.0,True,False,0.09140940010547638,0.19452688097953796
proto_source=vanilla_k=10_weighted=1_learnw=0,val,3456,proto,-0.03638956695795059,0.042725998908281326,-0.164609205275774,-0.116261463239789,-0.14971758425235748,-0.0166487917304039,0.002009605383500453,0.8876651982378855,-0.03554999828338623,-1.064093885361217e-05,0.0008289258694276214,0.031734686344861984,0.19045332074165344,0.46664097905158997,1.0,0.2932819383259912,0.2928964757709251,0.0003854625550660793,0.986784140969163,,,cvar,/Users/yaniszaim/deephedging/.deephedging_real_runs/final_paper_notebook/panel_sweeps/AAPL_full_paper_grid_800_step_robust/model_artifacts/seed_3456/risk_cvar/proto_source_vanilla_k_10_weighted_1_learnw_0,744.0,0.13946780308194887,val_loss,0.021576210856437683,0.22443826496601105,0.00011013215859030837,0.004405286343612335,454.0,20.0,2.0,vanilla,10.0,True,False,0.09140940010547638,0.19452688097953796
proto_source=vanilla_k=10_weighted=1_learnw=0,test,3456,proto,-0.040962908416986465,0.04366914927959442,-0.1640072248876095,-0.12532153353095055,-0.14560844004154205,-0.026599948294460773,0.005228022811934352,0.8771929824561403,-0.040932584553956985,0.0007972284802235663,0.0008275542641058564,0.03176454082131386,0.19045332074165344,0.4685852527618408,1.0,0.29577850877192985,0.2956688596491228,0.00010964912280701755,0.993421052631579,,,cvar,/Users/yaniszaim/deephedging/.deephedging_real_runs/final_paper_notebook/panel_sweeps/AAPL_full_paper_grid_800_step_robust/model_artifacts/seed_3456/risk_cvar/proto_source_vanilla_k_10_weighted_1_learnw_0,744.0,0.13946780308194887,val_loss,0.021576210856437683,0.22443826496601105,0.00011013215859030837,0.004405286343612335,456.0,20.0,2.0,vanilla,10.0,True,False,0.09140940010547638,0.19452688097953796
proto_source=vanilla_k=25_weighted=0_learnw=0,train,3456,proto,-0.039746616035699844,0.046907100826501846,-0.1725331997871399,-0.1288769632577896,-0.1587664633989334,-0.020279312506318092,-8.734770090086402e-05,0.9609043805934998,-0.03980246186256409,0.00015450871433131397,9.866274194791913e-05,0.008948513306677341,0.07090500742197037,0.08519506454467773,0.32582223415374756,0.0,0.0,0.0,0.0,,,cvar,/Users/yaniszaim/deephedging/.deephedging_real_runs/final_paper_notebook/panel_sweeps/AAPL_full_paper_grid_800_step_robust/model_artifacts/seed_3456/risk_cvar/proto_source_vanilla_k_25_weighted_0_learnw_0,3.0,0.1391410344745964,val_loss,0.00884091667830944,0.08309668302536011,0.0,0.0,2123.0,20.0,2.0,vanilla,25.0,False,False,0.0537167489528656,0.12421958893537521
proto_source=vanilla_k=25_weighted=0_learnw=0,val,3456,proto,-0.03554314002394676,0.04411168396472931,-0.1612647871673107,-0.11884260401129723,-0.1522681713104248,-0.015312202740460634,-9.12381223315609e-05,0.9691629955947136,-0.03554999828338623,0.00010482316429261118,9.795816004043445e-05,0.00894161593168974,0.03916669636964798,0.0851292535662651,0.3258197605609894,0.0,0.0,0.0,0.0,,,cvar,/Users/yaniszaim/deephedging/.deephedging_real_runs/final_paper_notebook/panel_sweeps/AAPL_full_paper_grid_800_step_robust/model_artifacts/seed_3456/risk_cvar/proto_source_vanilla_k_25_weighted_0_learnw_0,3.0,0.1391410344745964,val_loss,0.00884091667830944,0.08309668302536011,0.0,0.0,454.0,20.0,2.0,vanilla,25.0,False,False,0.0537167489528656,0.12421958893537521
proto_source=vanilla_k=25_weighted=0_learnw=0,test,3456,proto,-0.04094276204705238,0.044921938329935074,-0.1629545122385025,-0.12931891530752182,-0.15043967962265015,-0.025636916048824787,-0.00030761106609134004,0.9802631578947368,-0.040932584553956985,8.846911805449054e-05,9.864696767181158e-05,0.008945613168179989,0.06405462324619293,0.08520718663930893,0.3258219063282013,0.0,0.0,0.0,0.0,,,cvar,/Users/yaniszaim/deephedging/.deephedging_real_runs/final_paper_notebook/panel_sweeps/AAPL_full_paper_grid_800_step_robust/model_artifacts/seed_3456/risk_cvar/proto_source_vanilla_k_25_weighted_0_learnw_0,3.0,0.1391410344745964,val_loss,0.00884091667830944,0.08309668302536011,0.0,0.0,456.0,20.0,2.0,vanilla,25.0,False,False,0.0537167489528656,0.12421958893537521
proto_source=vanilla_k=25_weighted=1_learnw=0,train,3456,proto,-0.03987579047679901,0.04708775132894516,-0.1728497987985611,-0.12955587357282639,-0.15934696793556213,-0.020633064210414886,0.0004039796127472072,0.9222797927461139,-0.03980246186256409,0.00014212033420335501,0.00021544867195189,0.011303948238492012,0.08341594785451889,0.08888522535562515,0.29341059923171997,0.0,0.0,0.0,0.0,,,cvar,/Users/yaniszaim/deephedging/.deephedging_real_runs/final_paper_notebook/panel_sweeps/AAPL_full_paper_grid_800_step_robust/model_artifacts/seed_3456/risk_cvar/proto_source_vanilla_k_25_weighted_1_learnw_0,3.0,0.13921621517278254,val_loss,0.009467201307415962,0.08855817466974258,0.0,0.0,2123.0,20.0,2.0,vanilla,25.0,True,False,0.06413029879331589,0.13360704481601715
proto_source=vanilla_k=25_weighted=1_learnw=0,val,3456,proto,-0.035614799708127975,0.04444243386387825,-0.16372354641556738,-0.11870737895369529,-0.15307140350341797,-0.01563905132934451,0.0004048476461321103,0.9074889867841409,-0.03554999828338623,0.00014982202264945954,0.00021461847063619643,0.011291335336863995,0.08312676101922989,0.08890791237354279,0.2934078276157379,0.0,0.0,0.0,0.0,,,cvar,/Users/yaniszaim/deephedging/.deephedging_real_runs/final_paper_notebook/panel_sweeps/AAPL_full_paper_grid_800_step_robust/model_artifacts/seed_3456/risk_cvar/proto_source_vanilla_k_25_weighted_1_learnw_0,3.0,0.13921621517278254,val_loss,0.009467201307415962,0.08855817466974258,0.0,0.0,454.0,20.0,2.0,vanilla,25.0,True,False,0.06413029879331589,0.13360704481601715
proto_source=vanilla_k=25_weighted=1_learnw=0,test,3456,proto,-0.04112621024250984,0.04506109654903412,-0.1626477412879467,-0.1295216679573059,-0.15113487839698792,-0.02601081132888794,-5.5285010603256524e-05,0.9517543859649122,-0.040932584553956985,2.2093137886258774e-05,0.00021572041441686451,0.011303550563752651,0.08341199904680252,0.08889536559581757,0.29341015219688416,0.0,0.0,0.0,0.0,,,cvar,/Users/yaniszaim/deephedging/.deephedging_real_runs/final_paper_notebook/panel_sweeps/AAPL_full_paper_grid_800_step_robust/model_artifacts/seed_3456/risk_cvar/proto_source_vanilla_k_25_weighted_1_learnw_0,3.0,0.13921621517278254,val_loss,0.009467201307415962,0.08855817466974258,0.0,0.0,456.0,20.0,2.0,vanilla,25.0,True,False,0.06413029879331589,0.13360704481601715
proto_source=vanilla_k=50_weighted=0_learnw=0,train,3456,proto,-0.03965643420815468,0.044923678040504456,-0.16767277151346208,-0.1252809077501297,-0.15423646569252014,-0.02174997515976429,-0.0005922771873883904,0.9821008007536505,-0.03980246186256409,0.00042749138083308935,0.0002814620966091752,0.023771198466420174,0.047812819480895996,0.24829398095607758,0.9115707278251648,0.0,0.0,0.0,0.0,,,cvar,/Users/yaniszaim/deephedging/.deephedging_real_runs/final_paper_notebook/panel_sweeps/AAPL_full_paper_grid_800_step_robust/model_artifacts/seed_3456/risk_cvar/proto_source_vanilla_k_50_weighted_0_learnw_0,5.0,0.13984055896289646,val_loss,0.023660967126488686,0.24608038365840912,0.0,0.0,2123.0,20.0,2.0,vanilla,50.0,False,False,0.06039542332291603,0.1346770077943802
proto_source=vanilla_k=50_weighted=0_learnw=0,val,3456,proto,-0.03557891771197319,0.042316239327192307,-0.15722904682159422,-0.11538821533322334,-0.14808419346809387,-0.015980436466634274,-0.0004956052536726935,0.986784140969163,-0.03554999828338623,0.00025158331845887005,0.00028050108812749386,0.02376815862953663,0.04780840873718262,0.24824973940849304,0.9116763472557068,0.0,0.0,0.0,0.0,,,cvar,/Users/yaniszaim/deephedging/.deephedging_real_runs/final_paper_notebook/panel_sweeps/AAPL_full_paper_grid_800_step_robust/model_artifacts/seed_3456/risk_cvar/proto_source_vanilla_k_50_weighted_0_learnw_0,5.0,0.13984055896289646,val_loss,0.023660967126488686,0.24608038365840912,0.0,0.0,454.0,20.0,2.0,vanilla,50.0,False,False,0.06039542332291603,0.1346770077943802
proto_source=vanilla_k=50_weighted=0_learnw=0,test,3456,proto,-0.040922097861766815,0.042972300201654434,-0.1590196117758751,-0.12560825422406197,-0.14636334776878357,-0.028240441344678402,-0.0010535524634178728,0.9868421052631579,-0.040932584553956985,0.0002921826089732349,0.00028169466531835496,0.023771703243255615,0.04778319597244263,0.24831286072731018,0.9115353226661682,0.0,0.0,0.0,0.0,,,cvar,/Users/yaniszaim/deephedging/.deephedging_real_runs/final_paper_notebook/panel_sweeps/AAPL_full_paper_grid_800_step_robust/model_artifacts/seed_3456/risk_cvar/proto_source_vanilla_k_50_weighted_0_learnw_0,5.0,0.13984055896289646,val_loss,0.023660967126488686,0.24608038365840912,0.0,0.0,456.0,20.0,2.0,vanilla,50.0,False,False,0.06039542332291603,0.1346770077943802
proto_source=vanilla_k=50_weighted=1_learnw=0,train,3456,proto,-0.03977806866168976,0.04474581405520439,-0.1666578558087349,-0.1251541331410408,-0.1537654846906662,-0.02184363454580307,-0.0008633954334072775,0.9882242110221385,-0.03980246186256409,0.000536319799721241,0.0005119234556332231,0.027589235454797745,0.19993415474891663,0.3217754364013672,1.0,0.00030617051342439944,0.00030617051342439944,0.0,0.004710315591144607,,,cvar,/Users/yaniszaim/deephedging/.deephedging_real_runs/final_paper_notebook/panel_sweeps/AAPL_full_paper_grid_800_step_robust/model_artifacts/seed_3456/risk_cvar/proto_source_vanilla_k_50_weighted_1_learnw_0,676.0,0.13960725971280152,val_loss,0.026498261839151382,0.2573494613170624,0.000605726872246696,0.022026431718061675,2123.0,20.0,2.0,vanilla,50.0,True,False,0.1554139256477356,0.38742688298225403
proto_source=vanilla_k=50_weighted=1_learnw=0,val,3456,proto,-0.035889122635126114,0.042097557336091995,-0.15473229721188544,-0.11479322500526905,-0.1476595550775528,-0.01661214604973793,-0.0006568475684616737,0.986784140969163,-0.03554999828338623,0.00017455508350394666,0.0005136757390573621,0.027609165757894516,0.25500011444091797,0.32274937629699707,1.0,0.0004405286343612335,0.0004405286343612335,0.0,0.004405286343612335,,,cvar,/Users/yaniszaim/deephedging/.deephedging_real_runs/final_paper_notebook/panel_sweeps/AAPL_full_paper_grid_800_step_robust/model_artifacts/seed_3456/risk_cvar/proto_source_vanilla_k_50_weighted_1_learnw_0,676.0,0.13960725971280152,val_loss,0.026498261839151382,0.2573494613170624,0.000605726872246696,0.022026431718061675,454.0,20.0,2.0,vanilla,50.0,True,False,0.1554139256477356,0.38742688298225403
proto_source=vanilla_k=50_weighted=1_learnw=0,test,3456,proto,-0.04101606085896492,0.04278550297021866,-0.16452771425247192,-0.12482575885951519,-0.1460835039615631,-0.02817854844033718,-0.0008793510351097211,0.9890350877192983,-0.040932584553956985,0.00042935035889968276,0.0005128231132403016,0.027593104168772697,0.18522733449935913,0.32213932275772095,1.0,0.0006578947368421052,0.0006578947368421052,0.0,0.0043859649122807015,,,cvar,/Users/yaniszaim/deephedging/.deephedging_real_runs/final_paper_notebook/panel_sweeps/AAPL_full_paper_grid_800_step_robust/model_artifacts/seed_3456/risk_cvar/proto_source_vanilla_k_50_weighted_1_learnw_0,676.0,0.13960725971280152,val_loss,0.026498261839151382,0.2573494613170624,0.000605726872246696,0.022026431718061675,456.0,20.0,2.0,vanilla,50.0,True,False,0.1554139256477356,0.38742688298225403
proto_source=vanilla_k=100_weighted=0_learnw=0,train,3456,proto,-0.03979148343205452,0.04667513817548752,-0.1721841248869896,-0.12859683483839035,-0.15836359560489655,-0.020401760935783386,-3.1999844941311304e-05,0.9505416862929816,-0.03980246186256409,0.0002093161310767755,0.00019833500846289098,0.012394767254590988,0.044245146214962006,0.10935526341199875,0.41604888439178467,0.0,0.0,0.0,0.0,,,cvar,/Users/yaniszaim/deephedging/.deephedging_real_runs/final_paper_notebook/panel_sweeps/AAPL_full_paper_grid_800_step_robust/model_artifacts/seed_3456/risk_cvar/proto_source_vanilla_k_100_weighted_0_learnw_0,3.0,0.13912410787306728,val_loss,0.011942533776164055,0.11708972603082657,0.0,0.0,2123.0,20.0,2.0,vanilla,100.0,False,False,0.07382383942604065,0.15419037640094757
proto_source=vanilla_k=100_weighted=0_learnw=0,val,3456,proto,-0.03558076173067093,0.043966155499219894,-0.16158100709319115,-0.11833873055875302,-0.15205419063568115,-0.016060031950473785,-3.2130109320860746e-05,0.9537444933920705,-0.03554999828338623,0.00016578448412474245,0.0001965440169442445,0.0123665239661932,0.04077098146080971,0.1096983328461647,0.4166860580444336,0.0,0.0,0.0,0.0,,,cvar,/Users/yaniszaim/deephedging/.deephedging_real_runs/final_paper_notebook/panel_sweeps/AAPL_full_paper_grid_800_step_robust/model_artifacts/seed_3456/risk_cvar/proto_source_vanilla_k_100_weighted_0_learnw_0,3.0,0.13912410787306728,val_loss,0.011942533776164055,0.11708972603082657,0.0,0.0,454.0,20.0,2.0,vanilla,100.0,False,False,0.07382383942604065,0.15419037640094757
proto_source=vanilla_k=100_weighted=0_learnw=0,test,3456,proto,-0.041021302342414856,0.04467606171965599,-0.16279327869415283,-0.12880612537264824,-0.15021656453609467,-0.025732627138495445,-0.00033169543894473463,0.9736842105263158,-0.040932584553956985,0.0001098835637094453,0.00019860091560985893,0.012393997982144356,0.043079834431409836,0.10925393551588058,0.41499099135398865,0.0,0.0,0.0,0.0,,,cvar,/Users/yaniszaim/deephedging/.deephedging_real_runs/final_paper_notebook/panel_sweeps/AAPL_full_paper_grid_800_step_robust/model_artifacts/seed_3456/risk_cvar/proto_source_vanilla_k_100_weighted_0_learnw_0,3.0,0.13912410787306728,val_loss,0.011942533776164055,0.11708972603082657,0.0,0.0,456.0,20.0,2.0,vanilla,100.0,False,False,0.07382383942604065,0.15419037640094757
proto_source=vanilla_k=100_weighted=1_learnw=0,train,3456,proto,-0.040478333830833435,0.04600565508008003,-0.16917067706584932,-0.12840720564126967,-0.15705206990242004,-0.022643744945526123,0.0011490171425975846,0.9156853509185116,-0.03980246186256409,0.0003136057348456234,0.0009894792456179857,0.034466806799173355,0.1078987717628479,0.1434539556503296,0.9390204548835754,0.0,0.0,0.0,0.0,,,cvar,/Users/yaniszaim/deephedging/.deephedging_real_runs/final_paper_notebook/panel_sweeps/AAPL_full_paper_grid_800_step_robust/model_artifacts/seed_3456/risk_cvar/proto_source_vanilla_k_100_weighted_1_learnw_0,140.0,0.13937663132324815,val_loss,0.02617209032177925,0.2589665353298187,0.0,0.0,2123.0,20.0,2.0,vanilla,100.0,True,False,0.09849531948566437,0.2142733782529831
proto_source=vanilla_k=100_weighted=1_learnw=0,val,3456,proto,-0.03675009310245514,0.042951613664627075,-0.15727661907672882,-0.1195530205965042,-0.1507929265499115,-0.018117353320121765,0.0006352256634272619,0.9383259911894273,-0.03554999828338623,-0.00021961478341836482,0.000980476732365787,0.03444238007068634,0.10779920220375061,0.1451919972896576,0.939399003982544,0.0,0.0,0.0,0.0,,,cvar,/Users/yaniszaim/deephedging/.deephedging_real_runs/final_paper_notebook/panel_sweeps/AAPL_full_paper_grid_800_step_robust/model_artifacts/seed_3456/risk_cvar/proto_source_vanilla_k_100_weighted_1_learnw_0,140.0,0.13937663132324815,val_loss,0.02617209032177925,0.2589665353298187,0.0,0.0,454.0,20.0,2.0,vanilla,100.0,True,False,0.09849531948566437,0.2142733782529831
proto_source=vanilla_k=100_weighted=1_learnw=0,test,3456,proto,-0.041720420122146606,0.04430702328681946,-0.1584862858057022,-0.1278662346303463,-0.14921213686466217,-0.02915317565202713,0.001167033304227516,0.9210526315789473,-0.040932584553956985,0.00021160946926102042,0.0009994457941502333,0.03457750380039215,0.11060739308595657,0.14329969882965088,0.9385452270507812,0.0,0.0,0.0,0.0,,,cvar,/Users/yaniszaim/deephedging/.deephedging_real_runs/final_paper_notebook/panel_sweeps/AAPL_full_paper_grid_800_step_robust/model_artifacts/seed_3456/risk_cvar/proto_source_vanilla_k_100_weighted_1_learnw_0,140.0,0.13937663132324815,val_loss,0.02617209032177925,0.2589665353298187,0.0,0.0,456.0,20.0,2.0,vanilla,100.0,True,False,0.09849531948566437,0.2142733782529831
