model,split,seed,model_family,gains_mean,gains_std,gains_p01,gains_p05,gains_cvar05,gains_p50,gains_p95,shortfall_prob,payoff_mean,pnl_mean,cost_mean,action_abs_mean,action_abs_max,delta_abs_mean,delta_abs_max,pct_at_any_position_bound,pct_at_upper_position_bound,pct_at_lower_position_bound,pct_paths_touch_any_position_bound,selected_band,baseline_selection_metric,risk_measure,artifact_dir,selected_epoch,selected_score,selection_metric,selected_val_action_abs_mean,selected_val_delta_abs_mean,selected_val_pct_at_any_position_bound,selected_val_pct_paths_touch_any_position_bound,n_paths,n_steps,n_inst,prototype_source,n_prototypes,weighted_similarity,learn_distance_feature_weights,proto_action_norm_mean,proto_action_norm_max
unhedged,train,1234,baseline,-0.010812900960445404,0.014228319749236107,-0.060567612648010256,-0.037189173698425296,-0.05228669196367264,-0.005922555923461914,-0.0,0.6475306036302237,-0.010812900960445404,0.0,0.0,0.0,0.0,0.0,0.0,0.0,0.0,0.0,0.0,,,,,,,,,,,,,,,,,,,,
spot_delta,train,1234,baseline,-0.010606721043586731,0.013405488803982735,-0.05297134757041931,-0.03513488098978996,-0.04785517230629921,-0.007265734486281872,0.0034674682654440387,0.830308146897425,-0.010812900960445404,0.0003540700417943299,0.00014788944099564105,0.018450746312737465,0.6231619715690613,0.2567652463912964,0.6231619715690613,0.0,0.0,0.0,0.0,,,,,,,,,,,,,,,,,,,,
spot_delta_band,train,1234,baseline,-0.010648832656443119,0.013329789973795414,-0.0532836440205574,-0.03504281863570213,-0.0479213185608387,-0.007320255972445011,0.0032330382615327826,0.8357956943858168,-0.010812900960445404,0.00027199837495572865,0.00010793080582516268,0.013484452851116657,0.6031619906425476,0.2534923255443573,0.6031619906425476,0.0,0.0,0.0,0.0,0.02,gains_mean,,,,,,,,,,,,,,,,,,
unhedged,val,1234,baseline,-0.01142459362745285,0.01583361066877842,-0.06796369791030883,-0.03588908910751343,-0.05780043825507164,-0.00764155387878418,-0.0,0.6410256410256411,-0.01142459362745285,0.0,0.0,0.0,0.0,0.0,0.0,0.0,0.0,0.0,0.0,,,,,,,,,,,,,,,,,,,,
spot_delta,val,1234,baseline,-0.011230518110096455,0.014249353669583797,-0.061617585867643355,-0.035586484149098395,-0.05293780937790871,-0.00787121057510376,0.003211371554061767,0.8500986193293886,-0.01142459362745285,0.0003431429504416883,0.0001490673894295469,0.01859399676322937,0.6140170097351074,0.2571861743927002,0.6231619715690613,0.0,0.0,0.0,0.0,,,,,,,,,,,,,,,,,,,,
spot_delta_band,val,1234,baseline,-0.011215087957680225,0.0141762625426054,-0.06178316205739975,-0.03544212989509106,-0.052898868918418884,-0.00784776359796524,0.0030428335769101963,0.8500986193293886,-0.01142459362745285,0.00031811659573577344,0.0001086113479686901,0.01356873195618391,0.5940170288085938,0.2539448142051697,0.6031619906425476,0.0,0.0,0.0,0.0,0.02,gains_mean,,,,,,,,,,,,,,,,,,
unhedged,test,1234,baseline,-0.012164087034761906,0.013611574657261372,-0.05801255226135254,-0.038180756568908694,-0.04954439774155617,-0.008543729782104492,-0.0,0.7013752455795678,-0.012164087034761906,0.0,0.0,0.0,0.0,0.0,0.0,0.0,0.0,0.0,0.0,,,,,,,,,,,,,,,,,,,,
spot_delta,test,1234,baseline,-0.012126432731747627,0.0135132921859622,-0.054799141585826876,-0.03660512566566467,-0.04973217099905014,-0.009344736114144325,0.002876707632094619,0.8703339882121808,-0.012164087034761906,0.00018626336532179266,0.00014860890223644674,0.018523411825299263,0.5905979871749878,0.2570958733558655,0.6231619715690613,0.0,0.0,0.0,0.0,,,,,,,,,,,,,,,,,,,,
spot_delta_band,test,1234,baseline,-0.01212232280522585,0.013339745812118053,-0.05504509314894676,-0.03602077439427376,-0.04957026243209839,-0.00907902792096138,0.00246823565103113,0.8722986247544204,-0.012164087034761906,0.0001500031357863918,0.00010824007040355355,0.013519174419343472,0.5705980062484741,0.2539888322353363,0.6031619906425476,0.0,0.0,0.0,0.0,0.02,gains_mean,,,,,,,,,,,,,,,,,,
vanilla,train,1234,vanilla,-0.010675505734980106,0.013155046850442886,-0.05736219972372055,-0.035218962281942365,-0.04941515997052193,-0.0057812221348285675,-3.240380319766727e-05,0.9523005487547488,-0.010812900960445404,0.00033778129727579653,0.00020038623188156635,0.019096842035651207,0.043371692299842834,0.21174867451190948,0.747317373752594,0.0,0.0,0.0,0.0,,,cvar,/Users/yaniszaim/deephedging/.deephedging_real_runs/final_paper_asian_panel/panel_sweeps/SPY_full_paper_grid_800_asian_call_step_robust/model_artifacts/seed_1234/risk_cvar/vanilla,45.0,0.04467964413575828,val_loss,0.019398247823119164,0.2162567377090454,0.0,0.0,2369.0,20.0,2.0,,,,,,
vanilla,val,1234,vanilla,-0.01132235024124384,0.014716248959302902,-0.06395844019949436,-0.03394158147275448,-0.05479886755347252,-0.007433881051838398,-1.237510150531319e-05,0.9506903353057199,-0.01142459362745285,0.00030272966250777245,0.00020048755686730146,0.01909717358648777,0.043369002640247345,0.21175137162208557,0.7475636601448059,0.0,0.0,0.0,0.0,,,cvar,/Users/yaniszaim/deephedging/.deephedging_real_runs/final_paper_asian_panel/panel_sweeps/SPY_full_paper_grid_800_asian_call_step_robust/model_artifacts/seed_1234/risk_cvar/vanilla,45.0,0.04467964413575828,val_loss,0.019398247823119164,0.2162567377090454,0.0,0.0,507.0,20.0,2.0,,,,,,
vanilla,test,1234,vanilla,-0.011831686832010746,0.012587549164891243,-0.054376668632030487,-0.03593244850635528,-0.04666784033179283,-0.008277244865894318,5.6882275384850206e-05,0.9430255402750491,-0.012164087034761906,0.0005332220462150872,0.00020082172704860568,0.019094575196504593,0.043372802436351776,0.21172887086868286,0.7472468614578247,0.0,0.0,0.0,0.0,,,cvar,/Users/yaniszaim/deephedging/.deephedging_real_runs/final_paper_asian_panel/panel_sweeps/SPY_full_paper_grid_800_asian_call_step_robust/model_artifacts/seed_1234/risk_cvar/vanilla,45.0,0.04467964413575828,val_loss,0.019398247823119164,0.2162567377090454,0.0,0.0,509.0,20.0,2.0,,,,,,
proto_source=spot_delta_k=10_weighted=0_learnw=0,train,1234,proto,-0.010926801711320877,0.013972899876534939,-0.05994618743658066,-0.03672944977879524,-0.051811110228300095,-0.006043167319148779,-1.7844497051556957e-06,0.9501899535669058,-0.010812900960445404,-7.154830382205546e-05,4.235201413393952e-05,0.004857917781919241,0.23675832152366638,0.04996013268828392,0.24722085893154144,0.0,0.0,0.0,0.0,,,cvar,/Users/yaniszaim/deephedging/.deephedging_real_runs/final_paper_asian_panel/panel_sweeps/SPY_full_paper_grid_800_asian_call_step_robust/model_artifacts/seed_1234/risk_cvar/proto_source_spot_delta_k_10_weighted_0_learnw_0,121.0,0.043793726947624234,val_loss,0.004774505738168955,0.04699782654643059,0.0,0.0,2369.0,20.0,2.0,spot_delta,10.0,False,False,0.2043718546628952,0.5311577916145325
proto_source=spot_delta_k=10_weighted=0_learnw=0,val,1234,proto,-0.011529996059834957,0.01555699110031128,-0.0668689028918743,-0.03533812798559666,-0.05711609497666359,-0.007790840230882168,-3.510418173391377e-05,0.960552268244576,-0.01142459362745285,-6.307363946689293e-05,4.232882201904431e-05,0.004857215099036694,0.2427588552236557,0.05001261085271835,0.2349838763475418,0.0,0.0,0.0,0.0,,,cvar,/Users/yaniszaim/deephedging/.deephedging_real_runs/final_paper_asian_panel/panel_sweeps/SPY_full_paper_grid_800_asian_call_step_robust/model_artifacts/seed_1234/risk_cvar/proto_source_spot_delta_k_10_weighted_0_learnw_0,121.0,0.043793726947624234,val_loss,0.004774505738168955,0.04699782654643059,0.0,0.0,507.0,20.0,2.0,spot_delta,10.0,False,False,0.2043718546628952,0.5311577916145325
proto_source=spot_delta_k=10_weighted=0_learnw=0,test,1234,proto,-0.012142855674028397,0.013454223982989788,-0.05700096026062965,-0.03779847472906113,-0.04931379854679108,-0.008564860559999943,-5.321762000676293e-06,0.9548133595284872,-0.012164087034761906,6.328043673420325e-05,4.2049152398249134e-05,0.004802062176167965,0.22308948636054993,0.05024976283311844,0.2178783118724823,0.0,0.0,0.0,0.0,,,cvar,/Users/yaniszaim/deephedging/.deephedging_real_runs/final_paper_asian_panel/panel_sweeps/SPY_full_paper_grid_800_asian_call_step_robust/model_artifacts/seed_1234/risk_cvar/proto_source_spot_delta_k_10_weighted_0_learnw_0,121.0,0.043793726947624234,val_loss,0.004774505738168955,0.04699782654643059,0.0,0.0,509.0,20.0,2.0,spot_delta,10.0,False,False,0.2043718546628952,0.5311577916145325
proto_source=spot_delta_k=10_weighted=1_learnw=0,train,1234,proto,-0.010843570344150066,0.013216407969594002,-0.057531560510396956,-0.035514581203460696,-0.04981056600809097,-0.005910384468734264,-0.00033374656923115266,0.9839594765723935,-0.010812900960445404,0.00013779893924947828,0.0001684678572928533,0.015668565407395363,0.09933692216873169,0.1828269511461258,0.7449991106987,0.0,0.0,0.0,0.0,,,cvar,/Users/yaniszaim/deephedging/.deephedging_real_runs/final_paper_asian_panel/panel_sweeps/SPY_full_paper_grid_800_asian_call_step_robust/model_artifacts/seed_1234/risk_cvar/proto_source_spot_delta_k_10_weighted_1_learnw_0,2.0,0.044311143821105355,val_loss,0.013399912044405937,0.11405573785305023,0.0,0.0,2369.0,20.0,2.0,spot_delta,10.0,True,False,0.08941230922937393,0.14420047402381897
proto_source=spot_delta_k=10_weighted=1_learnw=0,val,1234,proto,-0.011449928395450115,0.014772784896194935,-0.06409740358591079,-0.03428800366818905,-0.05509653314948082,-0.007622887846082449,-0.00038220934220589703,0.9940828402366864,-0.01142459362745285,0.00014301837654784322,0.00016835426504258066,0.015613323077559471,0.09845408797264099,0.18210461735725403,0.7469905614852905,0.0,0.0,0.0,0.0,,,cvar,/Users/yaniszaim/deephedging/.deephedging_real_runs/final_paper_asian_panel/panel_sweeps/SPY_full_paper_grid_800_asian_call_step_robust/model_artifacts/seed_1234/risk_cvar/proto_source_spot_delta_k_10_weighted_1_learnw_0,2.0,0.044311143821105355,val_loss,0.013399912044405937,0.11405573785305023,0.0,0.0,507.0,20.0,2.0,spot_delta,10.0,True,False,0.08941230922937393,0.14420047402381897
proto_source=spot_delta_k=10_weighted=1_learnw=0,test,1234,proto,-0.011985261924564838,0.012615669518709183,-0.05446280390024185,-0.03633188232779503,-0.046916451305150986,-0.008385549299418926,-0.0003332494874484838,0.9842829076620825,-0.012164087034761906,0.00034718806273303926,0.00016836277791298926,0.015886368229985237,0.09924416989088058,0.18501663208007812,0.7419859766960144,0.0,0.0,0.0,0.0,,,cvar,/Users/yaniszaim/deephedging/.deephedging_real_runs/final_paper_asian_panel/panel_sweeps/SPY_full_paper_grid_800_asian_call_step_robust/model_artifacts/seed_1234/risk_cvar/proto_source_spot_delta_k_10_weighted_1_learnw_0,2.0,0.044311143821105355,val_loss,0.013399912044405937,0.11405573785305023,0.0,0.0,509.0,20.0,2.0,spot_delta,10.0,True,False,0.08941230922937393,0.14420047402381897
proto_source=spot_delta_k=25_weighted=0_learnw=0,train,1234,proto,-0.010594801045954227,0.01305791363120079,-0.05697260841727257,-0.03549806997179985,-0.04840098321437836,-0.006502144504338503,0.0016180738806724512,0.8716758125791473,-0.010812900960445404,0.0005020805401727557,0.00028398007270880044,0.01770680584013462,0.5680967569351196,0.19530439376831055,1.0,0.04521950189953567,0.04410088644997889,0.001118615449556775,0.20641620937104263,,,cvar,/Users/yaniszaim/deephedging/.deephedging_real_runs/final_paper_asian_panel/panel_sweeps/SPY_full_paper_grid_800_asian_call_step_robust/model_artifacts/seed_1234/risk_cvar/proto_source_spot_delta_k_25_weighted_0_learnw_0,331.0,0.04400582183258061,val_loss,0.013313249684870243,0.122033029794693,0.0027613412228796844,0.009861932938856016,2369.0,20.0,2.0,spot_delta,25.0,False,False,0.1468648910522461,0.6049832701683044
proto_source=spot_delta_k=25_weighted=0_learnw=0,val,1234,proto,-0.011171978898346424,0.01536945067346096,-0.06702020019292831,-0.03500971049070358,-0.05562305822968483,-0.00785764679312706,0.0018390087061561642,0.8658777120315582,-0.01142459362745285,0.0005493007483892143,0.00029668561182916164,0.018230395391583443,0.5680967569351196,0.1973985731601715,1.0,0.046696252465483236,0.04585798816568047,0.0008382642998027613,0.21499013806706113,,,cvar,/Users/yaniszaim/deephedging/.deephedging_real_runs/final_paper_asian_panel/panel_sweeps/SPY_full_paper_grid_800_asian_call_step_robust/model_artifacts/seed_1234/risk_cvar/proto_source_spot_delta_k_25_weighted_0_learnw_0,331.0,0.04400582183258061,val_loss,0.013313249684870243,0.122033029794693,0.0027613412228796844,0.009861932938856016,507.0,20.0,2.0,spot_delta,25.0,False,False,0.1468648910522461,0.6049832701683044
proto_source=spot_delta_k=25_weighted=0_learnw=0,test,1234,proto,-0.012182621285319328,0.01300939079374075,-0.05970585688948631,-0.03775607943534851,-0.0485725998878479,-0.009105558507144451,0.0011203562142327412,0.899803536345776,-0.012164087034761906,0.0002513921645004302,0.00026992583298124373,0.017178982496261597,0.5680965781211853,0.18776138126850128,1.0,0.03885068762278979,0.03860510805500982,0.0002455795677799607,0.18860510805500982,,,cvar,/Users/yaniszaim/deephedging/.deephedging_real_runs/final_paper_asian_panel/panel_sweeps/SPY_full_paper_grid_800_asian_call_step_robust/model_artifacts/seed_1234/risk_cvar/proto_source_spot_delta_k_25_weighted_0_learnw_0,331.0,0.04400582183258061,val_loss,0.013313249684870243,0.122033029794693,0.0027613412228796844,0.009861932938856016,509.0,20.0,2.0,spot_delta,25.0,False,False,0.1468648910522461,0.6049832701683044
proto_source=spot_delta_k=25_weighted=1_learnw=0,train,1234,proto,-0.010776321403682232,0.0130709707736969,-0.05568526491522789,-0.03488462418317795,-0.04902409017086029,-0.006173667497932911,0.00015414530935231585,0.9333051920641621,-0.010812900960445404,0.0001454182347515598,0.00010883884533541277,0.011340188793838024,0.083465076982975,0.18439248204231262,0.4489132761955261,0.0,0.0,0.0,0.0,,,cvar,/Users/yaniszaim/deephedging/.deephedging_real_runs/final_paper_asian_panel/panel_sweeps/SPY_full_paper_grid_800_asian_call_step_robust/model_artifacts/seed_1234/risk_cvar/proto_source_spot_delta_k_25_weighted_1_learnw_0,5.0,0.04446664579678327,val_loss,0.013706163503229618,0.1560174822807312,0.0,0.0,2369.0,20.0,2.0,spot_delta,25.0,True,False,0.05036955326795578,0.1137729212641716
proto_source=spot_delta_k=25_weighted=1_learnw=0,val,1234,proto,-0.011304136365652084,0.014451886527240276,-0.0644477927684784,-0.03393999934196472,-0.054003749042749405,-0.007472560275346041,0.00019092564325546795,0.9211045364891519,-0.01142459362745285,0.0002300800260854885,0.00010962344822473824,0.011337499134242535,0.0834566131234169,0.1841244101524353,0.44218018651008606,0.0,0.0,0.0,0.0,,,cvar,/Users/yaniszaim/deephedging/.deephedging_real_runs/final_paper_asian_panel/panel_sweeps/SPY_full_paper_grid_800_asian_call_step_robust/model_artifacts/seed_1234/risk_cvar/proto_source_spot_delta_k_25_weighted_1_learnw_0,5.0,0.04446664579678327,val_loss,0.013706163503229618,0.1560174822807312,0.0,0.0,507.0,20.0,2.0,spot_delta,25.0,True,False,0.05036955326795578,0.1137729212641716
proto_source=spot_delta_k=25_weighted=1_learnw=0,test,1234,proto,-0.01197909191250801,0.012541412375867367,-0.05512187153100968,-0.0360815204679966,-0.04685751348733902,-0.008520352654159069,0.0001331283361651003,0.9332023575638507,-0.012164087034761906,0.0002926573797594756,0.0001076624685083516,0.011325002647936344,0.08351454883813858,0.18416188657283783,0.4458223879337311,0.0,0.0,0.0,0.0,,,cvar,/Users/yaniszaim/deephedging/.deephedging_real_runs/final_paper_asian_panel/panel_sweeps/SPY_full_paper_grid_800_asian_call_step_robust/model_artifacts/seed_1234/risk_cvar/proto_source_spot_delta_k_25_weighted_1_learnw_0,5.0,0.04446664579678327,val_loss,0.013706163503229618,0.1560174822807312,0.0,0.0,509.0,20.0,2.0,spot_delta,25.0,True,False,0.05036955326795578,0.1137729212641716
proto_source=spot_delta_k=50_weighted=0_learnw=0,train,1234,proto,-0.010828324593603611,0.01432643923908472,-0.06110113024711609,-0.03758828192949295,-0.05249325931072235,-0.006013404577970505,0.0006276644300669431,0.7501055297593922,-0.010812900960445404,2.396280615357682e-05,3.938726877095178e-05,0.003791600465774536,0.42635688185691833,0.02989724837243557,0.65505450963974,0.0,0.0,0.0,0.0,,,cvar,/Users/yaniszaim/deephedging/.deephedging_real_runs/final_paper_asian_panel/panel_sweeps/SPY_full_paper_grid_800_asian_call_step_robust/model_artifacts/seed_1234/risk_cvar/proto_source_spot_delta_k_50_weighted_0_learnw_0,670.0,0.043590936327818776,val_loss,0.004426450002938509,0.028926055878400803,0.0,0.0,2369.0,20.0,2.0,spot_delta,50.0,False,False,0.1794697791337967,0.5927761793136597
proto_source=spot_delta_k=50_weighted=0_learnw=0,val,1234,proto,-0.011463357135653496,0.015861501917243004,-0.06867650330066681,-0.03630150258541107,-0.05791427195072174,-0.007708088960498571,0.0006409828667528926,0.7495069033530573,-0.01142459362745285,3.0738008263142547e-06,4.183860801276751e-05,0.0038526940625160933,0.18398872017860413,0.030232422053813934,0.6166874170303345,0.0,0.0,0.0,0.0,,,cvar,/Users/yaniszaim/deephedging/.deephedging_real_runs/final_paper_asian_panel/panel_sweeps/SPY_full_paper_grid_800_asian_call_step_robust/model_artifacts/seed_1234/risk_cvar/proto_source_spot_delta_k_50_weighted_0_learnw_0,670.0,0.043590936327818776,val_loss,0.004426450002938509,0.028926055878400803,0.0,0.0,507.0,20.0,2.0,spot_delta,50.0,False,False,0.1794697791337967,0.5927761793136597
proto_source=spot_delta_k=50_weighted=0_learnw=0,test,1234,proto,-0.012238667346537113,0.01382562704384327,-0.058675197064876554,-0.03850944265723229,-0.050127044320106506,-0.008721566759049892,0.0005936855799518524,0.793713163064833,-0.012164087034761906,-3.8747610233258456e-05,3.583369107218459e-05,0.003636801615357399,0.21446074545383453,0.030359677970409393,0.4777384400367737,0.0,0.0,0.0,0.0,,,cvar,/Users/yaniszaim/deephedging/.deephedging_real_runs/final_paper_asian_panel/panel_sweeps/SPY_full_paper_grid_800_asian_call_step_robust/model_artifacts/seed_1234/risk_cvar/proto_source_spot_delta_k_50_weighted_0_learnw_0,670.0,0.043590936327818776,val_loss,0.004426450002938509,0.028926055878400803,0.0,0.0,509.0,20.0,2.0,spot_delta,50.0,False,False,0.1794697791337967,0.5927761793136597
proto_source=spot_delta_k=50_weighted=1_learnw=0,train,1234,proto,-0.010679394006729126,0.01331596914678812,-0.05762985706329346,-0.03553729727864265,-0.0498226024210453,-0.005803756881505251,-6.920085725141694e-05,0.9620092866188266,-0.010812900960445404,0.0002370467409491539,0.00010353924153605476,0.011799182742834091,0.06118744611740112,0.1687828004360199,0.5564420819282532,0.0,0.0,0.0,0.0,,,cvar,/Users/yaniszaim/deephedging/.deephedging_real_runs/final_paper_asian_panel/panel_sweeps/SPY_full_paper_grid_800_asian_call_step_robust/model_artifacts/seed_1234/risk_cvar/proto_source_spot_delta_k_50_weighted_1_learnw_0,11.0,0.044208466839045286,val_loss,0.011641349643468857,0.15049919486045837,0.0,0.0,2369.0,20.0,2.0,spot_delta,50.0,True,False,0.07867851853370667,0.14875584840774536
proto_source=spot_delta_k=50_weighted=1_learnw=0,val,1234,proto,-0.011333581060171127,0.014811831526458263,-0.06514009915292263,-0.03476930186152458,-0.05504877120256424,-0.007365385536104441,-0.00011685856879921638,0.9684418145956607,-0.01142459362745285,0.00019444325880613178,0.00010343155008740723,0.01178781408816576,0.05150613188743591,0.16887713968753815,0.5567751526832581,0.0,0.0,0.0,0.0,,,cvar,/Users/yaniszaim/deephedging/.deephedging_real_runs/final_paper_asian_panel/panel_sweeps/SPY_full_paper_grid_800_asian_call_step_robust/model_artifacts/seed_1234/risk_cvar/proto_source_spot_delta_k_50_weighted_1_learnw_0,11.0,0.044208466839045286,val_loss,0.011641349643468857,0.15049919486045837,0.0,0.0,507.0,20.0,2.0,spot_delta,50.0,True,False,0.07867851853370667,0.14875584840774536
proto_source=spot_delta_k=50_weighted=1_learnw=0,test,1234,proto,-0.011875607073307037,0.012714637443423271,-0.05534056171774864,-0.035887610912322995,-0.047103073447942734,-0.008334029465913773,-2.8129485144746636e-05,0.9528487229862476,-0.012164087034761906,0.0003911016683559865,0.00010262215073453262,0.011737373657524586,0.05972662568092346,0.16855426132678986,0.5533545017242432,0.0,0.0,0.0,0.0,,,cvar,/Users/yaniszaim/deephedging/.deephedging_real_runs/final_paper_asian_panel/panel_sweeps/SPY_full_paper_grid_800_asian_call_step_robust/model_artifacts/seed_1234/risk_cvar/proto_source_spot_delta_k_50_weighted_1_learnw_0,11.0,0.044208466839045286,val_loss,0.011641349643468857,0.15049919486045837,0.0,0.0,509.0,20.0,2.0,spot_delta,50.0,True,False,0.07867851853370667,0.14875584840774536
proto_source=spot_delta_k=100_weighted=0_learnw=0,train,1234,proto,-0.0108608677983284,0.014373126439750195,-0.05999032661318779,-0.036460968852043155,-0.05268891900777817,-0.005897955968976021,4.267502081347622e-05,0.9341494301392993,-0.010812900960445404,0.0001055770117091015,0.0001535443589091301,0.00569995166733861,0.1152431070804596,0.08111729472875595,1.0,0.009867032503165892,0.0,0.009867032503165892,0.0223723089911355,,,cvar,/Users/yaniszaim/deephedging/.deephedging_real_runs/final_paper_asian_panel/panel_sweeps/SPY_full_paper_grid_800_asian_call_step_robust/model_artifacts/seed_1234/risk_cvar/proto_source_spot_delta_k_100_weighted_0_learnw_0,2.0,0.04438108124785838,val_loss,0.006429378874599934,0.03380372375249863,0.0034516765285996054,0.007889546351084813,2369.0,20.0,2.0,spot_delta,100.0,False,False,0.11741781234741211,0.1674715280532837
proto_source=spot_delta_k=100_weighted=0_learnw=0,val,1234,proto,-0.011461636051535606,0.01629306748509407,-0.0668862184882164,-0.03565813489258289,-0.05861298367381096,-0.007511482574045658,6.617535545956339e-05,0.9368836291913215,-0.01142459362745285,0.00012163091741967946,0.0001586732396390289,0.005770839285105467,0.1152431070804596,0.08221834152936935,1.0,0.010552268244575938,0.0,0.010552268244575938,0.021696252465483234,,,cvar,/Users/yaniszaim/deephedging/.deephedging_real_runs/final_paper_asian_panel/panel_sweeps/SPY_full_paper_grid_800_asian_call_step_robust/model_artifacts/seed_1234/risk_cvar/proto_source_spot_delta_k_100_weighted_0_learnw_0,2.0,0.04438108124785838,val_loss,0.006429378874599934,0.03380372375249863,0.0034516765285996054,0.007889546351084813,507.0,20.0,2.0,spot_delta,100.0,False,False,0.11741781234741211,0.1674715280532837
proto_source=spot_delta_k=100_weighted=0_learnw=0,test,1234,proto,-0.012163297273218632,0.01346784457564354,-0.05728108689188957,-0.037731199711561206,-0.04962844029068947,-0.008498677983880043,1.76197616383432e-05,0.9430255402750491,-0.012164087034761906,0.0001346144126728177,0.00013382438919506967,0.00524759478867054,0.1152430921792984,0.07583819329738617,1.0,0.0068762278978389,0.0,0.0068762278978389,0.0137524557956778,,,cvar,/Users/yaniszaim/deephedging/.deephedging_real_runs/final_paper_asian_panel/panel_sweeps/SPY_full_paper_grid_800_asian_call_step_robust/model_artifacts/seed_1234/risk_cvar/proto_source_spot_delta_k_100_weighted_0_learnw_0,2.0,0.04438108124785838,val_loss,0.006429378874599934,0.03380372375249863,0.0034516765285996054,0.007889546351084813,509.0,20.0,2.0,spot_delta,100.0,False,False,0.11741781234741211,0.1674715280532837
proto_source=spot_delta_k=100_weighted=1_learnw=0,train,1234,proto,-0.010699300095438957,0.012880991213023663,-0.05577602878212929,-0.035306858271360396,-0.04854336380958557,-0.005882265046238899,-0.00024390101025346668,0.9881806669480794,-0.010812900960445404,0.00026031641755253077,0.00014671494136564434,0.012638616375625134,0.15295502543449402,0.17786727845668793,0.5078576803207397,0.0,0.0,0.0,0.0,,,cvar,/Users/yaniszaim/deephedging/.deephedging_real_runs/final_paper_asian_panel/panel_sweeps/SPY_full_paper_grid_800_asian_call_step_robust/model_artifacts/seed_1234/risk_cvar/proto_source_spot_delta_k_100_weighted_1_learnw_0,13.0,0.04400822159368545,val_loss,0.01284035388380289,0.14762841165065765,0.0,0.0,2369.0,20.0,2.0,spot_delta,100.0,True,False,0.08931191265583038,0.20212747156620026
proto_source=spot_delta_k=100_weighted=1_learnw=0,val,1234,proto,-0.011302473023533821,0.014158640056848526,-0.06446653045713902,-0.03422431163489818,-0.05338411033153534,-0.0074151731096208096,-0.0003115017258096487,0.9881656804733728,-0.01142459362745285,0.0002695397415664047,0.00014741957420483232,0.012639355845749378,0.14466024935245514,0.17783105373382568,0.505969762802124,0.0,0.0,0.0,0.0,,,cvar,/Users/yaniszaim/deephedging/.deephedging_real_runs/final_paper_asian_panel/panel_sweeps/SPY_full_paper_grid_800_asian_call_step_robust/model_artifacts/seed_1234/risk_cvar/proto_source_spot_delta_k_100_weighted_1_learnw_0,13.0,0.04400822159368545,val_loss,0.01284035388380289,0.14762841165065765,0.0,0.0,507.0,20.0,2.0,spot_delta,100.0,True,False,0.08931191265583038,0.20212747156620026
proto_source=spot_delta_k=100_weighted=1_learnw=0,test,1234,proto,-0.011970248073339462,0.012715975753962994,-0.05547098577022552,-0.036138806492090225,-0.047422751784324646,-0.008298703469336033,-0.0002420467761112382,0.9803536345776032,-0.012164087034761906,0.00033920686109922826,0.00014536881644744426,0.012567663565278053,0.13563278317451477,0.17742279171943665,0.5065097808837891,0.0,0.0,0.0,0.0,,,cvar,/Users/yaniszaim/deephedging/.deephedging_real_runs/final_paper_asian_panel/panel_sweeps/SPY_full_paper_grid_800_asian_call_step_robust/model_artifacts/seed_1234/risk_cvar/proto_source_spot_delta_k_100_weighted_1_learnw_0,13.0,0.04400822159368545,val_loss,0.01284035388380289,0.14762841165065765,0.0,0.0,509.0,20.0,2.0,spot_delta,100.0,True,False,0.08931191265583038,0.20212747156620026
proto_source=vanilla_k=10_weighted=0_learnw=0,train,1234,proto,-0.010864855721592903,0.013656658120453358,-0.05912000149488449,-0.03630424067378044,-0.050982244312763214,-0.005938963498920202,-9.427102049812679e-05,0.9628535246939637,-0.010812900960445404,0.00019730674102902412,0.0002492613857612014,0.01277832593768835,0.058196987956762314,0.1463179886341095,0.45604774355888367,0.0,0.0,0.0,0.0,,,cvar,/Users/yaniszaim/deephedging/.deephedging_real_runs/final_paper_asian_panel/panel_sweeps/SPY_full_paper_grid_800_asian_call_step_robust/model_artifacts/seed_1234/risk_cvar/proto_source_vanilla_k_10_weighted_0_learnw_0,2.0,0.04457977200858295,val_loss,0.012914201244711876,0.1496785432100296,0.0,0.0,2369.0,20.0,2.0,vanilla,10.0,False,False,0.10975524038076401,0.16843083500862122
proto_source=vanilla_k=10_weighted=0_learnw=0,val,1234,proto,-0.01149393618106842,0.015260771848261356,-0.06595881648361683,-0.03482397384941578,-0.05640805512666702,-0.0075647649355232716,-6.336513615679013e-05,0.9664694280078896,-0.01142459362745285,0.00017953509814105928,0.0002488776808604598,0.012766244821250439,0.058174680918455124,0.14618661999702454,0.45659223198890686,0.0,0.0,0.0,0.0,,,cvar,/Users/yaniszaim/deephedging/.deephedging_real_runs/final_paper_asian_panel/panel_sweeps/SPY_full_paper_grid_800_asian_call_step_robust/model_artifacts/seed_1234/risk_cvar/proto_source_vanilla_k_10_weighted_0_learnw_0,2.0,0.04457977200858295,val_loss,0.012914201244711876,0.1496785432100296,0.0,0.0,507.0,20.0,2.0,vanilla,10.0,False,False,0.10975524038076401,0.16843083500862122
proto_source=vanilla_k=10_weighted=0_learnw=0,test,1234,proto,-0.012093779630959034,0.013025514781475067,-0.05600680008530617,-0.03705679252743721,-0.04804062843322754,-0.00835394486784935,-6.688064604532009e-05,0.9567779960707269,-0.012164087034761906,0.0003204042441211641,0.0002500976261217147,0.012780620716512203,0.057988476008176804,0.14646995067596436,0.4560774862766266,0.0,0.0,0.0,0.0,,,cvar,/Users/yaniszaim/deephedging/.deephedging_real_runs/final_paper_asian_panel/panel_sweeps/SPY_full_paper_grid_800_asian_call_step_robust/model_artifacts/seed_1234/risk_cvar/proto_source_vanilla_k_10_weighted_0_learnw_0,2.0,0.04457977200858295,val_loss,0.012914201244711876,0.1496785432100296,0.0,0.0,509.0,20.0,2.0,vanilla,10.0,False,False,0.10975524038076401,0.16843083500862122
proto_source=vanilla_k=10_weighted=1_learnw=0,train,1234,proto,-0.011068202555179596,0.014184510335326195,-0.06080126479268074,-0.037372421473264694,-0.052491698414087296,-0.006147721316665411,-9.49253386352213e-05,0.9704516673701984,-0.010812900960445404,3.017169001395814e-05,0.00028547330293804407,0.005310249049216509,0.0632438063621521,0.060629576444625854,0.12121511995792389,0.0,0.0,0.0,0.0,,,cvar,/Users/yaniszaim/deephedging/.deephedging_real_runs/final_paper_asian_panel/panel_sweeps/SPY_full_paper_grid_800_asian_call_step_robust/model_artifacts/seed_1234/risk_cvar/proto_source_vanilla_k_10_weighted_1_learnw_0,1.0,0.044226723597384984,val_loss,0.0050093503668904305,0.062255293130874634,0.0,0.0,2369.0,20.0,2.0,vanilla,10.0,True,False,0.0992296114563942,0.1652124524116516
proto_source=vanilla_k=10_weighted=1_learnw=0,val,1234,proto,-0.011696705594658852,0.015806026756763458,-0.0680823342502117,-0.03607613109052181,-0.05799746885895729,-0.007950588129460812,-0.00010481801291462048,0.9684418145956607,-0.01142459362745285,1.3265917004900984e-05,0.00028537880280055106,0.005305832717567682,0.063019759953022,0.060642700642347336,0.12166057527065277,0.0,0.0,0.0,0.0,,,cvar,/Users/yaniszaim/deephedging/.deephedging_real_runs/final_paper_asian_panel/panel_sweeps/SPY_full_paper_grid_800_asian_call_step_robust/model_artifacts/seed_1234/risk_cvar/proto_source_vanilla_k_10_weighted_1_learnw_0,1.0,0.044226723597384984,val_loss,0.0050093503668904305,0.062255293130874634,0.0,0.0,507.0,20.0,2.0,vanilla,10.0,True,False,0.0992296114563942,0.1652124524116516
proto_source=vanilla_k=10_weighted=1_learnw=0,test,1234,proto,-0.012389776296913624,0.013536592945456505,-0.05800619855523109,-0.03817521035671234,-0.04952418804168701,-0.008891668170690536,-0.00011811368749476974,0.9744597249508841,-0.012164087034761906,6.0817230405518785e-05,0.00028650654712691903,0.005315632093697786,0.06304709613323212,0.06068659573793411,0.12045298516750336,0.0,0.0,0.0,0.0,,,cvar,/Users/yaniszaim/deephedging/.deephedging_real_runs/final_paper_asian_panel/panel_sweeps/SPY_full_paper_grid_800_asian_call_step_robust/model_artifacts/seed_1234/risk_cvar/proto_source_vanilla_k_10_weighted_1_learnw_0,1.0,0.044226723597384984,val_loss,0.0050093503668904305,0.062255293130874634,0.0,0.0,509.0,20.0,2.0,vanilla,10.0,True,False,0.0992296114563942,0.1652124524116516
proto_source=vanilla_k=25_weighted=0_learnw=0,train,1234,proto,-0.01149583701044321,0.013151793740689754,-0.05726876944303513,-0.03585032895207405,-0.04994860664010048,-0.006985937245190144,0.0003515274729579683,0.9362600253271423,-0.010812900960445404,0.0004335038538556546,0.0011164395837113261,0.03196527063846588,0.22768622636795044,0.2545762062072754,1.0,0.0291895314478683,0.0291895314478683,0.0,0.4166314900802026,,,cvar,/Users/yaniszaim/deephedging/.deephedging_real_runs/final_paper_asian_panel/panel_sweeps/SPY_full_paper_grid_800_asian_call_step_robust/model_artifacts/seed_1234/risk_cvar/proto_source_vanilla_k_25_weighted_0_learnw_0,269.0,0.045500921297237956,val_loss,0.025315523147583008,0.1994297206401825,0.001873767258382643,0.045364891518737675,2369.0,20.0,2.0,vanilla,25.0,False,False,0.1307806521654129,0.30572178959846497
proto_source=vanilla_k=25_weighted=0_learnw=0,val,1234,proto,-0.012229368090629578,0.01431503240019083,-0.06468698851764201,-0.03462590239942074,-0.05445464327931404,-0.008244028314948082,0.00019295325037091887,0.9447731755424064,-0.01142459362745285,0.00030546102789230645,0.0011102365097030997,0.03176059573888779,0.22768622636795044,0.2531014084815979,1.0,0.028205128205128206,0.028205128205128206,0.0,0.41222879684418146,,,cvar,/Users/yaniszaim/deephedging/.deephedging_real_runs/final_paper_asian_panel/panel_sweeps/SPY_full_paper_grid_800_asian_call_step_robust/model_artifacts/seed_1234/risk_cvar/proto_source_vanilla_k_25_weighted_0_learnw_0,269.0,0.045500921297237956,val_loss,0.025315523147583008,0.1994297206401825,0.001873767258382643,0.045364891518737675,507.0,20.0,2.0,vanilla,25.0,False,False,0.1307806521654129,0.30572178959846497
proto_source=vanilla_k=25_weighted=0_learnw=0,test,1234,proto,-0.01280047558248043,0.012914946302771568,-0.05678390562534332,-0.03725646734237671,-0.048604633659124374,-0.009225553832948208,0.00037586101097986064,0.9351669941060904,-0.012164087034761906,0.00047210880438797176,0.0011084966827183962,0.03193898871541023,0.22768625617027283,0.2563709318637848,1.0,0.03276031434184676,0.03276031434184676,0.0,0.45579567779960706,,,cvar,/Users/yaniszaim/deephedging/.deephedging_real_runs/final_paper_asian_panel/panel_sweeps/SPY_full_paper_grid_800_asian_call_step_robust/model_artifacts/seed_1234/risk_cvar/proto_source_vanilla_k_25_weighted_0_learnw_0,269.0,0.045500921297237956,val_loss,0.025315523147583008,0.1994297206401825,0.001873767258382643,0.045364891518737675,509.0,20.0,2.0,vanilla,25.0,False,False,0.1307806521654129,0.30572178959846497
proto_source=vanilla_k=25_weighted=1_learnw=0,train,1234,proto,-0.01170134637504816,0.014094868674874306,-0.059598687887191776,-0.037784085422754285,-0.052394937723875046,-0.007016810122877359,-1.0624865535647393e-05,0.9510341916420431,-0.010812900960445404,4.789944432559423e-05,0.0009363447315990925,0.017119567841291428,0.33409857749938965,0.1468544602394104,1.0,0.009761502743773744,0.009750949767834529,1.0552975939214859e-05,0.12199240185732377,,,cvar,/Users/yaniszaim/deephedging/.deephedging_real_runs/final_paper_asian_panel/panel_sweeps/SPY_full_paper_grid_800_asian_call_step_robust/model_artifacts/seed_1234/risk_cvar/proto_source_vanilla_k_25_weighted_1_learnw_0,236.0,0.0448552460734378,val_loss,0.015557006932795048,0.14634165167808533,9.861932938856015e-05,0.0019723865877712033,2369.0,20.0,2.0,vanilla,25.0,True,False,0.15200704336166382,0.35154974460601807
proto_source=vanilla_k=25_weighted=1_learnw=0,val,1234,proto,-0.012299194931983948,0.015715574845671654,-0.068627390563488,-0.036755142360925676,-0.05830749496817589,-0.008297395892441273,6.827570032328366e-05,0.9408284023668639,-0.01142459362745285,3.1178897188510746e-05,0.0009057808201760054,0.01668442040681839,0.3430919647216797,0.14379608631134033,1.0,0.009516765285996055,0.009368836291913214,0.00014792899408284024,0.11637080867850098,,,cvar,/Users/yaniszaim/deephedging/.deephedging_real_runs/final_paper_asian_panel/panel_sweeps/SPY_full_paper_grid_800_asian_call_step_robust/model_artifacts/seed_1234/risk_cvar/proto_source_vanilla_k_25_weighted_1_learnw_0,236.0,0.0448552460734378,val_loss,0.015557006932795048,0.14634165167808533,9.861932938856015e-05,0.0019723865877712033,507.0,20.0,2.0,vanilla,25.0,True,False,0.15200704336166382,0.35154974460601807
proto_source=vanilla_k=25_weighted=1_learnw=0,test,1234,proto,-0.013076948933303356,0.013513523153960705,-0.05972039610147476,-0.038301180303096774,-0.05049554258584976,-0.009733225218951702,-0.0002174157125409704,0.9666011787819253,-0.012164087034761906,-2.2628079022979364e-05,0.0008902335539460182,0.016064336523413658,0.16832157969474792,0.14247849583625793,1.0,0.008398821218074656,0.008398821218074656,0.0,0.10412573673870335,,,cvar,/Users/yaniszaim/deephedging/.deephedging_real_runs/final_paper_asian_panel/panel_sweeps/SPY_full_paper_grid_800_asian_call_step_robust/model_artifacts/seed_1234/risk_cvar/proto_source_vanilla_k_25_weighted_1_learnw_0,236.0,0.0448552460734378,val_loss,0.015557006932795048,0.14634165167808533,9.861932938856015e-05,0.0019723865877712033,509.0,20.0,2.0,vanilla,25.0,True,False,0.15200704336166382,0.35154974460601807
proto_source=vanilla_k=50_weighted=0_learnw=0,train,1234,proto,-0.01363363116979599,0.0139639126136899,-0.059853557348251346,-0.03972945362329483,-0.05310046672821045,-0.009231844916939735,-0.00041787861846387424,0.9632756437315323,-0.010812900960445404,0.00029912227182649076,0.003119852626696229,0.05686146393418312,0.162888765335083,0.09013882279396057,1.0,0.006279020683832841,0.006279020683832841,0.0,0.08104685521317011,,,cvar,/Users/yaniszaim/deephedging/.deephedging_real_runs/final_paper_asian_panel/panel_sweeps/SPY_full_paper_grid_800_asian_call_step_robust/model_artifacts/seed_1234/risk_cvar/proto_source_vanilla_k_50_weighted_0_learnw_0,53.0,0.0474399552022197,val_loss,0.05949290469288826,0.1112205982208252,0.0004930966469428008,0.01775147928994083,2369.0,20.0,2.0,vanilla,50.0,False,False,0.07447236776351929,0.22009705007076263
proto_source=vanilla_k=50_weighted=0_learnw=0,val,1234,proto,-0.014253448694944382,0.014439573511481285,-0.0718356530368328,-0.03948886543512344,-0.05656540393829346,-0.01052822731435299,-0.0002724447753280402,0.960552268244576,-0.01142459362745285,0.0002796476474031806,0.003108503995463252,0.05671581253409386,0.16288872063159943,0.09009016305208206,1.0,0.005719921104536489,0.005719921104536489,0.0,0.08481262327416174,,,cvar,/Users/yaniszaim/deephedging/.deephedging_real_runs/final_paper_asian_panel/panel_sweeps/SPY_full_paper_grid_800_asian_call_step_robust/model_artifacts/seed_1234/risk_cvar/proto_source_vanilla_k_50_weighted_0_learnw_0,53.0,0.0474399552022197,val_loss,0.05949290469288826,0.1112205982208252,0.0004930966469428008,0.01775147928994083,507.0,20.0,2.0,vanilla,50.0,False,False,0.07447236776351929,0.22009705007076263
proto_source=vanilla_k=50_weighted=0_learnw=0,test,1234,proto,-0.015159073285758495,0.013292945921421051,-0.05623359560966492,-0.04152604192495346,-0.05099815875291824,-0.011764094233512878,-0.0006974838208407172,0.9685658153241651,-0.012164087034761906,0.000140643329359591,0.0031356296967715025,0.05694074183702469,0.162888765335083,0.08818189054727554,1.0,0.00643418467583497,0.00643418467583497,0.0,0.08055009823182711,,,cvar,/Users/yaniszaim/deephedging/.deephedging_real_runs/final_paper_asian_panel/panel_sweeps/SPY_full_paper_grid_800_asian_call_step_robust/model_artifacts/seed_1234/risk_cvar/proto_source_vanilla_k_50_weighted_0_learnw_0,53.0,0.0474399552022197,val_loss,0.05949290469288826,0.1112205982208252,0.0004930966469428008,0.01775147928994083,509.0,20.0,2.0,vanilla,50.0,False,False,0.07447236776351929,0.22009705007076263
proto_source=vanilla_k=50_weighted=1_learnw=0,train,1234,proto,-0.01131264865398407,0.014049127697944641,-0.06055240169167519,-0.03739198297262192,-0.05236892029643059,-0.0062540085054934025,-9.956854046322434e-05,0.959476572393415,-0.010812900960445404,9.582201164448634e-05,0.0005955698434263468,0.012129380367696285,0.23499584197998047,0.11292888224124908,0.7874261140823364,0.0,0.0,0.0,0.0,,,cvar,/Users/yaniszaim/deephedging/.deephedging_real_runs/final_paper_asian_panel/panel_sweeps/SPY_full_paper_grid_800_asian_call_step_robust/model_artifacts/seed_1234/risk_cvar/proto_source_vanilla_k_50_weighted_1_learnw_0,361.0,0.04560433469712734,val_loss,0.01963876187801361,0.2841300070285797,0.0,0.0,2369.0,20.0,2.0,vanilla,50.0,True,False,0.1276971995830536,0.29472705721855164
proto_source=vanilla_k=50_weighted=1_learnw=0,val,1234,proto,-0.012014415115118027,0.015620401129126549,-0.06819117650389671,-0.03644649088382721,-0.05779287591576576,-0.008134185336530209,-0.0001747660047840328,0.9625246548323472,-0.01142459362745285,7.572084086859832e-06,0.0005973947118036449,0.012186838313937187,0.23499581217765808,0.1131710484623909,1.0,0.00014792899408284024,0.00014792899408284024,0.0,0.0019723865877712033,,,cvar,/Users/yaniszaim/deephedging/.deephedging_real_runs/final_paper_asian_panel/panel_sweeps/SPY_full_paper_grid_800_asian_call_step_robust/model_artifacts/seed_1234/risk_cvar/proto_source_vanilla_k_50_weighted_1_learnw_0,361.0,0.04560433469712734,val_loss,0.01963876187801361,0.2841300070285797,0.0,0.0,507.0,20.0,2.0,vanilla,50.0,True,False,0.1276971995830536,0.29472705721855164
proto_source=vanilla_k=50_weighted=1_learnw=0,test,1234,proto,-0.012700802646577358,0.013542018830776215,-0.057169145792722705,-0.038872620463371275,-0.05003874748945236,-0.009242143481969833,-0.0001019096816889948,0.9705304518664047,-0.012164087034761906,5.8578356401994824e-05,0.0005952930077910423,0.012130768038332462,0.23499497771263123,0.11283887177705765,0.4377065598964691,0.0,0.0,0.0,0.0,,,cvar,/Users/yaniszaim/deephedging/.deephedging_real_runs/final_paper_asian_panel/panel_sweeps/SPY_full_paper_grid_800_asian_call_step_robust/model_artifacts/seed_1234/risk_cvar/proto_source_vanilla_k_50_weighted_1_learnw_0,361.0,0.04560433469712734,val_loss,0.01963876187801361,0.2841300070285797,0.0,0.0,509.0,20.0,2.0,vanilla,50.0,True,False,0.1276971995830536,0.29472705721855164
proto_source=vanilla_k=100_weighted=0_learnw=0,train,1234,proto,-0.011479079723358154,0.013700851239264011,-0.05987483352422714,-0.03715335428714752,-0.05173730105161667,-0.006768624763935804,0.000685394729953259,0.9117771211481638,-0.010812900960445404,0.00024486903566867113,0.0009110468090511858,0.021538544446229935,0.21710120141506195,0.17239868640899658,1.0,0.002469396369776277,0.002469396369776277,0.0,0.03376952300548755,,,cvar,/Users/yaniszaim/deephedging/.deephedging_real_runs/final_paper_asian_panel/panel_sweeps/SPY_full_paper_grid_800_asian_call_step_robust/model_artifacts/seed_1234/risk_cvar/proto_source_vanilla_k_100_weighted_0_learnw_0,473.0,0.046301797010607035,val_loss,0.024984687566757202,0.2329069823026657,0.00596646942800789,0.0670611439842209,2369.0,20.0,2.0,vanilla,100.0,False,False,0.18903963267803192,0.35664013028144836
proto_source=vanilla_k=100_weighted=0_learnw=0,val,1234,proto,-0.012083190493285656,0.015099277719855309,-0.062475375384092334,-0.037060747668147084,-0.05671118199825287,-0.007877782918512821,0.0005226410052273422,0.9191321499013807,-0.01142459362745285,0.0002442151599097997,0.0009028128115460277,0.021203769370913506,0.20031020045280457,0.16830229759216309,1.0,0.0027613412228796844,0.0027613412228796844,0.0,0.03550295857988166,,,cvar,/Users/yaniszaim/deephedging/.deephedging_real_runs/final_paper_asian_panel/panel_sweeps/SPY_full_paper_grid_800_asian_call_step_robust/model_artifacts/seed_1234/risk_cvar/proto_source_vanilla_k_100_weighted_0_learnw_0,473.0,0.046301797010607035,val_loss,0.024984687566757202,0.2329069823026657,0.00596646942800789,0.0670611439842209,507.0,20.0,2.0,vanilla,100.0,False,False,0.18903963267803192,0.35664013028144836
proto_source=vanilla_k=100_weighted=0_learnw=0,test,1234,proto,-0.012713119387626648,0.01319142710417509,-0.05771062344312668,-0.03774942308664322,-0.049627140164375305,-0.009414981119334698,0.000544390233699232,0.925343811394892,-0.012164087034761906,0.0003423142188694328,0.000891346309799701,0.021030399948358536,0.20032216608524323,0.17039181292057037,1.0,0.0023084479371316305,0.0023084479371316305,0.0,0.03143418467583497,,,cvar,/Users/yaniszaim/deephedging/.deephedging_real_runs/final_paper_asian_panel/panel_sweeps/SPY_full_paper_grid_800_asian_call_step_robust/model_artifacts/seed_1234/risk_cvar/proto_source_vanilla_k_100_weighted_0_learnw_0,473.0,0.046301797010607035,val_loss,0.024984687566757202,0.2329069823026657,0.00596646942800789,0.0670611439842209,509.0,20.0,2.0,vanilla,100.0,False,False,0.18903963267803192,0.35664013028144836
proto_source=vanilla_k=100_weighted=1_learnw=0,train,1234,proto,-0.011128094978630543,0.013215663842856884,-0.05766727164387703,-0.035372567176818845,-0.049813412129879,-0.006455020979046822,0.00015818073879927147,0.9409033347403968,-0.010812900960445404,0.0005075038061477244,0.0008226981735788286,0.031134653836488724,0.2923060953617096,0.2919090986251831,1.0,0.06546010975094976,0.06537568594343605,8.442380751371887e-05,0.7788096243140565,,,cvar,/Users/yaniszaim/deephedging/.deephedging_real_runs/final_paper_asian_panel/panel_sweeps/SPY_full_paper_grid_800_asian_call_step_robust/model_artifacts/seed_1234/risk_cvar/proto_source_vanilla_k_100_weighted_1_learnw_0,401.0,0.045488387965532916,val_loss,0.028711766004562378,0.2332058697938919,4.930966469428008e-05,0.0019723865877712033,2369.0,20.0,2.0,vanilla,100.0,True,False,0.09575790166854858,0.3120834231376648
proto_source=vanilla_k=100_weighted=1_learnw=0,val,1234,proto,-0.011724874377250671,0.014680176042020321,-0.06367526262998581,-0.03483573049306869,-0.05485548824071884,-0.007808674592524767,0.0004045649373438209,0.9329388560157791,-0.01142459362745285,0.000509658653754741,0.0008099402766674757,0.030894160270690918,0.2916794419288635,0.2881682813167572,1.0,0.06454635108481262,0.06415187376725838,0.0003944773175542406,0.7514792899408284,,,cvar,/Users/yaniszaim/deephedging/.deephedging_real_runs/final_paper_asian_panel/panel_sweeps/SPY_full_paper_grid_800_asian_call_step_robust/model_artifacts/seed_1234/risk_cvar/proto_source_vanilla_k_100_weighted_1_learnw_0,401.0,0.045488387965532916,val_loss,0.028711766004562378,0.2332058697938919,4.930966469428008e-05,0.0019723865877712033,507.0,20.0,2.0,vanilla,100.0,True,False,0.09575790166854858,0.3120834231376648
proto_source=vanilla_k=100_weighted=1_learnw=0,test,1234,proto,-0.012213103473186493,0.012508885934948921,-0.05332016035914421,-0.03641290068626404,-0.047188326716423035,-0.008712797425687313,0.00023100946564227329,0.93713163064833,-0.012164087034761906,0.0007729351054877043,0.000821951893158257,0.031097186729311943,0.29213395714759827,0.2924993932247162,1.0,0.06542239685658154,0.06542239685658154,0.0,0.793713163064833,,,cvar,/Users/yaniszaim/deephedging/.deephedging_real_runs/final_paper_asian_panel/panel_sweeps/SPY_full_paper_grid_800_asian_call_step_robust/model_artifacts/seed_1234/risk_cvar/proto_source_vanilla_k_100_weighted_1_learnw_0,401.0,0.045488387965532916,val_loss,0.028711766004562378,0.2332058697938919,4.930966469428008e-05,0.0019723865877712033,509.0,20.0,2.0,vanilla,100.0,True,False,0.09575790166854858,0.3120834231376648
unhedged,train,2345,baseline,-0.0108896903693676,0.013802655041217804,-0.05958554267883301,-0.0369143009185791,-0.050553008913993835,-0.006392359733581543,-0.0,0.6559729843815956,-0.0108896903693676,0.0,0.0,0.0,0.0,0.0,0.0,0.0,0.0,0.0,0.0,,,,,,,,,,,,,,,,,,,,
spot_delta,train,2345,baseline,-0.010687231086194515,0.012931243516504765,-0.05246066182851791,-0.03430473580956459,-0.046424031257629395,-0.007529990281909704,0.003419819427654147,0.8395947657239341,-0.0108896903693676,0.00035100357490591705,0.00014854395703878254,0.018529923632740974,0.6231619715690613,0.25685572624206543,0.6231619715690613,0.0,0.0,0.0,0.0,,,,,,,,,,,,,,,,,,,,
spot_delta_band,train,2345,baseline,-0.010687231086194515,0.012931243516504765,-0.05246066182851791,-0.03430473580956459,-0.046424031257629395,-0.007529990281909704,0.003419819427654147,0.8395947657239341,-0.0108896903693676,0.00035100357490591705,0.00014854395703878254,0.018529923632740974,0.6231619715690613,0.25685572624206543,0.6231619715690613,0.0,0.0,0.0,0.0,0.0,gains_mean,,,,,,,,,,,,,,,,,,
unhedged,val,2345,baseline,-0.011231834068894386,0.01641617715358734,-0.061385109424591064,-0.0380267858505249,-0.05888688936829567,-0.005963444709777832,-0.0,0.6370808678500987,-0.011231834068894386,0.0,0.0,0.0,0.0,0.0,0.0,0.0,0.0,0.0,0.0,,,,,,,,,,,,,,,,,,,,
spot_delta,val,2345,baseline,-0.011093169450759888,0.015174438245594501,-0.054225968793034554,-0.037024108320474626,-0.05350426584482193,-0.007527798879891634,0.0027133250143378963,0.854043392504931,-0.011231834068894386,0.0002867689763661474,0.0001481040962971747,0.018471136689186096,0.5905979871749878,0.25703537464141846,0.6231619715690613,0.0,0.0,0.0,0.0,,,,,,,,,,,,,,,,,,,,
spot_delta_band,val,2345,baseline,-0.011093169450759888,0.015174438245594501,-0.054225968793034554,-0.037024108320474626,-0.05350426584482193,-0.007527798879891634,0.0027133250143378963,0.854043392504931,-0.011231834068894386,0.0002867689763661474,0.0001481040962971747,0.018471136689186096,0.5905979871749878,0.25703537464141846,0.6231619715690613,0.0,0.0,0.0,0.0,0.0,gains_mean,,,,,,,,,,,,,,,,,,
unhedged,test,2345,baseline,-0.011998691596090794,0.014922614209353924,-0.06655489444732667,-0.038674545288085935,-0.056325674057006836,-0.0076018571853637695,-0.0,0.6660117878192534,-0.011998691596090794,0.0,0.0,0.0,0.0,0.0,0.0,0.0,0.0,0.0,0.0,,,,,,,,,,,,,,,,,,,,
spot_delta,test,2345,baseline,-0.011888525448739529,0.014642962254583836,-0.06395841181278229,-0.04004867225885391,-0.05455533042550087,-0.007946960628032684,0.0035102000925689935,0.8231827111984283,-0.011998691596090794,0.00025668772286735475,0.00014652212848886847,0.018277278169989586,0.5951949954032898,0.2568248510360718,0.6042410135269165,0.0,0.0,0.0,0.0,,,,,,,,,,,,,,,,,,,,
spot_delta_band,test,2345,baseline,-0.011888525448739529,0.014642962254583836,-0.06395841181278229,-0.04004867225885391,-0.05455533042550087,-0.007946960628032684,0.0035102000925689935,0.8231827111984283,-0.011998691596090794,0.00025668772286735475,0.00014652212848886847,0.018277278169989586,0.5951949954032898,0.2568248510360718,0.6042410135269165,0.0,0.0,0.0,0.0,0.0,gains_mean,,,,,,,,,,,,,,,,,,
vanilla,train,2345,vanilla,-0.010767513886094093,0.013121715746819973,-0.057451103925704954,-0.03568220809102059,-0.048728786408901215,-0.006328263320028782,1.2562682968564157e-05,0.9476572393414943,-0.0108896903693676,0.0002249751560157165,0.00010279847629135475,0.012085411697626114,0.027654269710183144,0.13313354551792145,0.4881443977355957,0.0,0.0,0.0,0.0,,,cvar,/Users/yaniszaim/deephedging/.deephedging_real_runs/final_paper_asian_panel/panel_sweeps/SPY_full_paper_grid_800_asian_call_step_robust/model_artifacts/seed_2345/risk_cvar/vanilla,38.0,0.043970022872090335,val_loss,0.012332722544670105,0.1365901678800583,0.0,0.0,2369.0,20.0,2.0,,,,,,
vanilla,val,2345,vanilla,-0.011102539487183094,0.01565466821193695,-0.059710463434457774,-0.036865947768092155,-0.056835174560546875,-0.005831979680806398,7.566571366623967e-05,0.9408284023668639,-0.011231834068894386,0.00023213530948851258,0.00010283919255016372,0.012084130197763443,0.027652865275740623,0.13311298191547394,0.486205518245697,0.0,0.0,0.0,0.0,,,cvar,/Users/yaniszaim/deephedging/.deephedging_real_runs/final_paper_asian_panel/panel_sweeps/SPY_full_paper_grid_800_asian_call_step_robust/model_artifacts/seed_2345/risk_cvar/vanilla,38.0,0.043970022872090335,val_loss,0.012332722544670105,0.1365901678800583,0.0,0.0,507.0,20.0,2.0,,,,,,
vanilla,test,2345,vanilla,-0.011819647625088692,0.014202496968209743,-0.06307060092687607,-0.03747251406311989,-0.05429234355688095,-0.007290177512913942,-7.708481280133146e-06,0.9528487229862476,-0.011998691596090794,0.00028162982198409736,0.00010258599650114775,0.012078330852091312,0.027651039883494377,0.1330479383468628,0.48695868253707886,0.0,0.0,0.0,0.0,,,cvar,/Users/yaniszaim/deephedging/.deephedging_real_runs/final_paper_asian_panel/panel_sweeps/SPY_full_paper_grid_800_asian_call_step_robust/model_artifacts/seed_2345/risk_cvar/vanilla,38.0,0.043970022872090335,val_loss,0.012332722544670105,0.1365901678800583,0.0,0.0,509.0,20.0,2.0,,,,,,
proto_source=spot_delta_k=10_weighted=0_learnw=0,train,2345,proto,-0.010770157910883427,0.01297882478684187,-0.05624305561184883,-0.03545364737510681,-0.048430994153022766,-0.006292171310633421,2.6576555683276444e-06,0.9493457154917687,-0.0108896903693676,0.00023353900178335607,0.0001140066742664203,0.01236213929951191,0.08051586151123047,0.13798461854457855,0.45034855604171753,0.0,0.0,0.0,0.0,,,cvar,/Users/yaniszaim/deephedging/.deephedging_real_runs/final_paper_asian_panel/panel_sweeps/SPY_full_paper_grid_800_asian_call_step_robust/model_artifacts/seed_2345/risk_cvar/proto_source_spot_delta_k_10_weighted_0_learnw_0,4.0,0.04380368368234485,val_loss,0.010772260837256908,0.12520831823349,0.0,0.0,2369.0,20.0,2.0,spot_delta,10.0,False,False,0.0936819463968277,0.14562012255191803
proto_source=spot_delta_k=10_weighted=0_learnw=0,val,2345,proto,-0.011104946956038475,0.01537963468581438,-0.05818603493273258,-0.03679617010056972,-0.05603596195578575,-0.005759452469646931,2.15650943573562e-06,0.9467455621301775,-0.011231834068894386,0.00024209516413975507,0.00011520669795572758,0.012368619441986084,0.08131074905395508,0.1375470757484436,0.4539138376712799,0.0,0.0,0.0,0.0,,,cvar,/Users/yaniszaim/deephedging/.deephedging_real_runs/final_paper_asian_panel/panel_sweeps/SPY_full_paper_grid_800_asian_call_step_robust/model_artifacts/seed_2345/risk_cvar/proto_source_spot_delta_k_10_weighted_0_learnw_0,4.0,0.04380368368234485,val_loss,0.010772260837256908,0.12520831823349,0.0,0.0,507.0,20.0,2.0,spot_delta,10.0,False,False,0.0936819463968277,0.14562012255191803
proto_source=spot_delta_k=10_weighted=0_learnw=0,test,2345,proto,-0.011811513453722,0.014017523266375065,-0.06166081726551056,-0.03752947151660919,-0.05384286493062973,-0.007439820095896721,-1.0811451647896542e-05,0.9528487229862476,-0.011998691596090794,0.000301066116662696,0.00011388707207515836,0.012307091616094112,0.08150207996368408,0.13665910065174103,0.44541794061660767,0.0,0.0,0.0,0.0,,,cvar,/Users/yaniszaim/deephedging/.deephedging_real_runs/final_paper_asian_panel/panel_sweeps/SPY_full_paper_grid_800_asian_call_step_robust/model_artifacts/seed_2345/risk_cvar/proto_source_spot_delta_k_10_weighted_0_learnw_0,4.0,0.04380368368234485,val_loss,0.010772260837256908,0.12520831823349,0.0,0.0,509.0,20.0,2.0,spot_delta,10.0,False,False,0.0936819463968277,0.14562012255191803
proto_source=spot_delta_k=10_weighted=1_learnw=0,train,2345,proto,-0.010701261460781097,0.012597448192536831,-0.05290087103843689,-0.03496945574879646,-0.04685114696621895,-0.0075289602391421795,0.002649448439478874,0.8577458843393837,-0.0108896903693676,0.0003905560588464141,0.0002021261752815917,0.02459467574954033,0.5417841076850891,0.3008079528808594,1.0,0.24833262980160406,0.24833262980160406,0.0,0.9358379062895736,,,cvar,/Users/yaniszaim/deephedging/.deephedging_real_runs/final_paper_asian_panel/panel_sweeps/SPY_full_paper_grid_800_asian_call_step_robust/model_artifacts/seed_2345/risk_cvar/proto_source_spot_delta_k_10_weighted_1_learnw_0,613.0,0.043553887614466,val_loss,0.013656163588166237,0.039942383766174316,0.0003944773175542406,0.009861932938856016,2369.0,20.0,2.0,spot_delta,10.0,True,False,0.2508031725883484,0.5419376492500305
proto_source=spot_delta_k=10_weighted=1_learnw=0,val,2345,proto,-0.011233365163207054,0.014470474794507027,-0.055761026591062544,-0.03611671291291714,-0.05257250741124153,-0.007368965074419975,0.0019872587290592474,0.8441814595660749,-0.011231834068894386,0.00020093015336897224,0.00020246057829353958,0.024597305804491043,0.5417081117630005,0.3020778000354767,1.0,0.24965483234714003,0.24965483234714003,0.0,0.9309664694280079,,,cvar,/Users/yaniszaim/deephedging/.deephedging_real_runs/final_paper_asian_panel/panel_sweeps/SPY_full_paper_grid_800_asian_call_step_robust/model_artifacts/seed_2345/risk_cvar/proto_source_spot_delta_k_10_weighted_1_learnw_0,613.0,0.043553887614466,val_loss,0.013656163588166237,0.039942383766174316,0.0003944773175542406,0.009861932938856016,507.0,20.0,2.0,spot_delta,10.0,True,False,0.2508031725883484,0.5419376492500305
proto_source=spot_delta_k=10_weighted=1_learnw=0,test,2345,proto,-0.011943157762289047,0.013448040932416916,-0.06336246609687805,-0.036813268810510634,-0.05233875289559364,-0.00889221578836441,0.0022405105642974285,0.8644400785854617,-0.011998691596090794,0.00025659342645667493,0.00020105998555663973,0.024442575871944427,0.541745662689209,0.2985278069972992,1.0,0.2450392927308448,0.2450392927308448,0.0,0.9292730844793713,,,cvar,/Users/yaniszaim/deephedging/.deephedging_real_runs/final_paper_asian_panel/panel_sweeps/SPY_full_paper_grid_800_asian_call_step_robust/model_artifacts/seed_2345/risk_cvar/proto_source_spot_delta_k_10_weighted_1_learnw_0,613.0,0.043553887614466,val_loss,0.013656163588166237,0.039942383766174316,0.0003944773175542406,0.009861932938856016,509.0,20.0,2.0,spot_delta,10.0,True,False,0.2508031725883484,0.5419376492500305
proto_source=spot_delta_k=25_weighted=0_learnw=0,train,2345,proto,-0.010749533772468567,0.012637023814022541,-0.0550404404103756,-0.03425391465425491,-0.04743761569261551,-0.0063028233125805855,6.755607028026119e-05,0.9409033347403968,-0.0108896903693676,0.0002564262831583619,0.0001162691114586778,0.013627130538225174,0.05672537535429001,0.1951882690191269,0.5425559282302856,0.0,0.0,0.0,0.0,,,cvar,/Users/yaniszaim/deephedging/.deephedging_real_runs/final_paper_asian_panel/panel_sweeps/SPY_full_paper_grid_800_asian_call_step_robust/model_artifacts/seed_2345/risk_cvar/proto_source_spot_delta_k_25_weighted_0_learnw_0,10.0,0.043945906041190023,val_loss,0.012281334027647972,0.1509322226047516,0.0,0.0,2369.0,20.0,2.0,spot_delta,25.0,False,False,0.07898013293743134,0.1521703153848648
proto_source=spot_delta_k=25_weighted=0_learnw=0,val,2345,proto,-0.011023436672985554,0.015108129940927029,-0.05692173860967159,-0.036029252037405965,-0.05500765144824982,-0.0059969681315124035,3.880056246998671e-05,0.9447731755424064,-0.011231834068894386,0.00032699393341317773,0.0001185959335998632,0.013694367371499538,0.05672537535429001,0.19502069056034088,0.5374054908752441,0.0,0.0,0.0,0.0,,,cvar,/Users/yaniszaim/deephedging/.deephedging_real_runs/final_paper_asian_panel/panel_sweeps/SPY_full_paper_grid_800_asian_call_step_robust/model_artifacts/seed_2345/risk_cvar/proto_source_spot_delta_k_25_weighted_0_learnw_0,10.0,0.043945906041190023,val_loss,0.012281334027647972,0.1509322226047516,0.0,0.0,507.0,20.0,2.0,spot_delta,25.0,False,False,0.07898013293743134,0.1521703153848648
proto_source=spot_delta_k=25_weighted=0_learnw=0,test,2345,proto,-0.01177820935845375,0.013655100017786026,-0.06062114536762238,-0.036927294731140134,-0.05273706465959549,-0.007488715928047895,1.7335696611551105e-06,0.9489194499017681,-0.011998691596090794,0.00033803522819653153,0.00011755237210309133,0.013694562017917633,0.05672537535429001,0.1948160082101822,0.5378754138946533,0.0,0.0,0.0,0.0,,,cvar,/Users/yaniszaim/deephedging/.deephedging_real_runs/final_paper_asian_panel/panel_sweeps/SPY_full_paper_grid_800_asian_call_step_robust/model_artifacts/seed_2345/risk_cvar/proto_source_spot_delta_k_25_weighted_0_learnw_0,10.0,0.043945906041190023,val_loss,0.012281334027647972,0.1509322226047516,0.0,0.0,509.0,20.0,2.0,spot_delta,25.0,False,False,0.07898013293743134,0.1521703153848648
proto_source=spot_delta_k=25_weighted=1_learnw=0,train,2345,proto,-0.01077376026660204,0.012606875970959663,-0.054749271124601366,-0.03405328169465065,-0.04730619117617607,-0.006502045318484306,8.623203175375197e-05,0.939636977627691,-0.0108896903693676,0.00021914522221777588,0.0001032151558320038,0.012296113185584545,0.06942081451416016,0.20504796504974365,0.5772761702537537,0.0,0.0,0.0,0.0,,,cvar,/Users/yaniszaim/deephedging/.deephedging_real_runs/final_paper_asian_panel/panel_sweeps/SPY_full_paper_grid_800_asian_call_step_robust/model_artifacts/seed_2345/risk_cvar/proto_source_spot_delta_k_25_weighted_1_learnw_0,10.0,0.04399601313751191,val_loss,0.0130734508857131,0.16636288166046143,0.0,0.0,2369.0,20.0,2.0,spot_delta,25.0,True,False,0.06591852009296417,0.14310608804225922
proto_source=spot_delta_k=25_weighted=1_learnw=0,val,2345,proto,-0.011003794148564339,0.015050435438752174,-0.05682204097509384,-0.03612081557512283,-0.05491134151816368,-0.005891014356166124,0.0002465240831952537,0.9289940828402367,-0.011231834068894386,0.00033175310818478465,0.000103712547570467,0.012318311259150505,0.06942081451416016,0.20490506291389465,0.5727471113204956,0.0,0.0,0.0,0.0,,,cvar,/Users/yaniszaim/deephedging/.deephedging_real_runs/final_paper_asian_panel/panel_sweeps/SPY_full_paper_grid_800_asian_call_step_robust/model_artifacts/seed_2345/risk_cvar/proto_source_spot_delta_k_25_weighted_1_learnw_0,10.0,0.04399601313751191,val_loss,0.0130734508857131,0.16636288166046143,0.0,0.0,507.0,20.0,2.0,spot_delta,25.0,True,False,0.06591852009296417,0.14310608804225922
proto_source=spot_delta_k=25_weighted=1_learnw=0,test,2345,proto,-0.011756806634366512,0.013615220785140991,-0.05849163666367531,-0.03663653954863548,-0.052447736263275146,-0.007216908503323793,-5.211568495724429e-05,0.9528487229862476,-0.011998691596090794,0.0003447915078140795,0.00010290744830854237,0.012252259068191051,0.06942081451416016,0.20446234941482544,0.5705065727233887,0.0,0.0,0.0,0.0,,,cvar,/Users/yaniszaim/deephedging/.deephedging_real_runs/final_paper_asian_panel/panel_sweeps/SPY_full_paper_grid_800_asian_call_step_robust/model_artifacts/seed_2345/risk_cvar/proto_source_spot_delta_k_25_weighted_1_learnw_0,10.0,0.04399601313751191,val_loss,0.0130734508857131,0.16636288166046143,0.0,0.0,509.0,20.0,2.0,spot_delta,25.0,True,False,0.06591852009296417,0.14310608804225922
proto_source=spot_delta_k=50_weighted=0_learnw=0,train,2345,proto,-0.010849648155272007,0.013290566392242908,-0.05800753965973854,-0.03615963757038117,-0.0491960234940052,-0.006379112135618925,3.6881706910207605e-05,0.9459687631912199,-0.0108896903693676,0.00016542267985641956,0.00012537989823613316,0.009163329377770424,0.3157998025417328,0.09204692393541336,0.7083888649940491,0.0,0.0,0.0,0.0,,,cvar,/Users/yaniszaim/deephedging/.deephedging_real_runs/final_paper_asian_panel/panel_sweeps/SPY_full_paper_grid_800_asian_call_step_robust/model_artifacts/seed_2345/risk_cvar/proto_source_spot_delta_k_50_weighted_0_learnw_0,70.0,0.043996720067225395,val_loss,0.014338965527713299,0.11095411330461502,0.0,0.0,2369.0,20.0,2.0,spot_delta,50.0,False,False,0.13715480268001556,0.3876657485961914
proto_source=spot_delta_k=50_weighted=0_learnw=0,val,2345,proto,-0.011196168139576912,0.016038211062550545,-0.06006204009056091,-0.03790592439472675,-0.057752575725317,-0.005947582423686981,5.7793258747551367e-05,0.9329388560157791,-0.011231834068894386,0.00016401783796027303,0.0001283511082874611,0.00923208985477686,0.3529754877090454,0.09234912693500519,0.7273147702217102,0.0,0.0,0.0,0.0,,,cvar,/Users/yaniszaim/deephedging/.deephedging_real_runs/final_paper_asian_panel/panel_sweeps/SPY_full_paper_grid_800_asian_call_step_robust/model_artifacts/seed_2345/risk_cvar/proto_source_spot_delta_k_50_weighted_0_learnw_0,70.0,0.043996720067225395,val_loss,0.014338965527713299,0.11095411330461502,0.0,0.0,507.0,20.0,2.0,spot_delta,50.0,False,False,0.13715480268001556,0.3876657485961914
proto_source=spot_delta_k=50_weighted=0_learnw=0,test,2345,proto,-0.011897381395101547,0.014376307837665081,-0.05926127851009369,-0.03787902891635895,-0.05440298467874527,-0.007501078303903341,-1.272734079975658e-05,0.9548133595284872,-0.011998691596090794,0.00022655523207504302,0.00012524524936452508,0.00906850304454565,0.23125751316547394,0.09169670939445496,0.5242147445678711,0.0,0.0,0.0,0.0,,,cvar,/Users/yaniszaim/deephedging/.deephedging_real_runs/final_paper_asian_panel/panel_sweeps/SPY_full_paper_grid_800_asian_call_step_robust/model_artifacts/seed_2345/risk_cvar/proto_source_spot_delta_k_50_weighted_0_learnw_0,70.0,0.043996720067225395,val_loss,0.014338965527713299,0.11095411330461502,0.0,0.0,509.0,20.0,2.0,spot_delta,50.0,False,False,0.13715480268001556,0.3876657485961914
proto_source=spot_delta_k=50_weighted=1_learnw=0,train,2345,proto,-0.010862263850867748,0.012564820237457752,-0.054843534529209134,-0.034053172916173935,-0.0473441518843174,-0.006526705343276262,-0.00014653184043709197,0.964542000844238,-0.0108896903693676,0.00022853660630062222,0.0002011103497352451,0.01404813677072525,0.06769853830337524,0.21276025474071503,0.5661590099334717,0.0,0.0,0.0,0.0,,,cvar,/Users/yaniszaim/deephedging/.deephedging_real_runs/final_paper_asian_panel/panel_sweeps/SPY_full_paper_grid_800_asian_call_step_robust/model_artifacts/seed_2345/risk_cvar/proto_source_spot_delta_k_50_weighted_1_learnw_0,11.0,0.04403629630338401,val_loss,0.013506024144589901,0.16982696950435638,0.0,0.0,2369.0,20.0,2.0,spot_delta,50.0,True,False,0.07062342017889023,0.14377517998218536
proto_source=spot_delta_k=50_weighted=1_learnw=0,val,2345,proto,-0.011120063252747059,0.015028995461761951,-0.056857282891869546,-0.03608262576162815,-0.05502772703766823,-0.005943869240581989,-6.0688034864142585e-05,0.9546351084812623,-0.011231834068894386,0.0003158023173455149,0.0002040312538156286,0.014090200886130333,0.06769853830337524,0.21281562745571136,0.5643166899681091,0.0,0.0,0.0,0.0,,,cvar,/Users/yaniszaim/deephedging/.deephedging_real_runs/final_paper_asian_panel/panel_sweeps/SPY_full_paper_grid_800_asian_call_step_robust/model_artifacts/seed_2345/risk_cvar/proto_source_spot_delta_k_50_weighted_1_learnw_0,11.0,0.04403629630338401,val_loss,0.013506024144589901,0.16982696950435638,0.0,0.0,507.0,20.0,2.0,spot_delta,50.0,True,False,0.07062342017889023,0.14377517998218536
proto_source=spot_delta_k=50_weighted=1_learnw=0,test,2345,proto,-0.011844750493764877,0.013595527037978172,-0.060511854737997056,-0.036640357971191403,-0.052592966705560684,-0.007393894251435995,-0.00020530200272332892,0.9666011787819253,-0.011998691596090794,0.00035800624755211174,0.00020406523253768682,0.014059812761843204,0.06769853830337524,0.21259422600269318,0.563052773475647,0.0,0.0,0.0,0.0,,,cvar,/Users/yaniszaim/deephedging/.deephedging_real_runs/final_paper_asian_panel/panel_sweeps/SPY_full_paper_grid_800_asian_call_step_robust/model_artifacts/seed_2345/risk_cvar/proto_source_spot_delta_k_50_weighted_1_learnw_0,11.0,0.04403629630338401,val_loss,0.013506024144589901,0.16982696950435638,0.0,0.0,509.0,20.0,2.0,spot_delta,50.0,True,False,0.07062342017889023,0.14377517998218536
proto_source=spot_delta_k=100_weighted=0_learnw=0,train,2345,proto,-0.010841082781553268,0.012968342751264572,-0.056722168773412705,-0.03480734750628471,-0.048391833901405334,-0.006411754991859198,-4.626040463335834e-05,0.9590544533558464,-0.0108896903693676,0.00019088259432464838,0.00014227542851585895,0.010572304017841816,0.0801776796579361,0.15338271856307983,0.7466011643409729,0.0,0.0,0.0,0.0,,,cvar,/Users/yaniszaim/deephedging/.deephedging_real_runs/final_paper_asian_panel/panel_sweeps/SPY_full_paper_grid_800_asian_call_step_robust/model_artifacts/seed_2345/risk_cvar/proto_source_spot_delta_k_100_weighted_0_learnw_0,4.0,0.043880333602428434,val_loss,0.012019485235214233,0.08415955305099487,0.0,0.0,2369.0,20.0,2.0,spot_delta,100.0,False,False,0.11482508480548859,0.1671556681394577
proto_source=spot_delta_k=100_weighted=0_learnw=0,val,2345,proto,-0.011121749877929688,0.015466105192899704,-0.058506023064255716,-0.036405520513653755,-0.05622246116399765,-0.005953008774667978,9.940626041498033e-05,0.9349112426035503,-0.011231834068894386,0.00025464402278885245,0.0001445600064471364,0.010633308440446854,0.08064904808998108,0.15354220569133759,0.8185216784477234,0.0,0.0,0.0,0.0,,,cvar,/Users/yaniszaim/deephedging/.deephedging_real_runs/final_paper_asian_panel/panel_sweeps/SPY_full_paper_grid_800_asian_call_step_robust/model_artifacts/seed_2345/risk_cvar/proto_source_spot_delta_k_100_weighted_0_learnw_0,4.0,0.043880333602428434,val_loss,0.012019485235214233,0.08415955305099487,0.0,0.0,507.0,20.0,2.0,spot_delta,100.0,False,False,0.11482508480548859,0.1671556681394577
proto_source=spot_delta_k=100_weighted=0_learnw=0,test,2345,proto,-0.01186276413500309,0.014031979255378246,-0.06295510113239289,-0.0374238908290863,-0.053863897919654846,-0.007149376906454563,-7.166470168158417e-05,0.9607072691552063,-0.011998691596090794,0.00027562511968426406,0.00013969794963486493,0.010519944131374359,0.0496235191822052,0.1523938924074173,0.476807177066803,0.0,0.0,0.0,0.0,,,cvar,/Users/yaniszaim/deephedging/.deephedging_real_runs/final_paper_asian_panel/panel_sweeps/SPY_full_paper_grid_800_asian_call_step_robust/model_artifacts/seed_2345/risk_cvar/proto_source_spot_delta_k_100_weighted_0_learnw_0,4.0,0.043880333602428434,val_loss,0.012019485235214233,0.08415955305099487,0.0,0.0,509.0,20.0,2.0,spot_delta,100.0,False,False,0.11482508480548859,0.1671556681394577
proto_source=spot_delta_k=100_weighted=1_learnw=0,train,2345,proto,-0.010858820751309395,0.01258287113159895,-0.054790624529123304,-0.03430425152182579,-0.04725685715675354,-0.006791604682803154,0.00019545390678103977,0.9328830730265935,-0.0108896903693676,0.00019008637173101306,0.00015921673912089318,0.012615395709872246,0.08506008982658386,0.20507676899433136,0.47835463285446167,0.0,0.0,0.0,0.0,,,cvar,/Users/yaniszaim/deephedging/.deephedging_real_runs/final_paper_asian_panel/panel_sweeps/SPY_full_paper_grid_800_asian_call_step_robust/model_artifacts/seed_2345/risk_cvar/proto_source_spot_delta_k_100_weighted_1_learnw_0,14.0,0.04390144286677242,val_loss,0.012778814882040024,0.16487441956996918,0.0,0.0,2369.0,20.0,2.0,spot_delta,100.0,True,False,0.09341128170490265,0.16920121014118195
proto_source=spot_delta_k=100_weighted=1_learnw=0,val,2345,proto,-0.01105877012014389,0.014941193163394928,-0.05706393837928772,-0.035598243772983554,-0.05474235862493515,-0.0062456582672894,0.00037179877108428616,0.9053254437869822,-0.011231834068894386,0.0003330670588184148,0.00016000140749383718,0.012674621306359768,0.08887511491775513,0.20484496653079987,0.47743386030197144,0.0,0.0,0.0,0.0,,,cvar,/Users/yaniszaim/deephedging/.deephedging_real_runs/final_paper_asian_panel/panel_sweeps/SPY_full_paper_grid_800_asian_call_step_robust/model_artifacts/seed_2345/risk_cvar/proto_source_spot_delta_k_100_weighted_1_learnw_0,14.0,0.04390144286677242,val_loss,0.012778814882040024,0.16487441956996918,0.0,0.0,507.0,20.0,2.0,spot_delta,100.0,True,False,0.09341128170490265,0.16920121014118195
proto_source=spot_delta_k=100_weighted=1_learnw=0,test,2345,proto,-0.011832139454782009,0.01359592191874981,-0.05892431557178497,-0.03704099655151367,-0.05216894671320915,-0.007376963272690773,0.00022144802496768456,0.931237721021611,-0.011998691596090794,0.00032616197131574154,0.00015960969903972,0.0126442089676857,0.08268535137176514,0.2044619768857956,0.47712504863739014,0.0,0.0,0.0,0.0,,,cvar,/Users/yaniszaim/deephedging/.deephedging_real_runs/final_paper_asian_panel/panel_sweeps/SPY_full_paper_grid_800_asian_call_step_robust/model_artifacts/seed_2345/risk_cvar/proto_source_spot_delta_k_100_weighted_1_learnw_0,14.0,0.04390144286677242,val_loss,0.012778814882040024,0.16487441956996918,0.0,0.0,509.0,20.0,2.0,spot_delta,100.0,True,False,0.09341128170490265,0.16920121014118195
proto_source=vanilla_k=10_weighted=0_learnw=0,train,2345,proto,-0.011005852371454239,0.012395069934427738,-0.05507607042789459,-0.03453156277537346,-0.04719473794102669,-0.0068416171707212925,-8.011702448129657e-05,0.9535669058674546,-0.0108896903693676,0.0004971127491444349,0.0006132748094387352,0.029409820213913918,0.11305627226829529,0.3123130798339844,1.0,0.0912621359223301,0.0912621359223301,0.0,1.0,,,cvar,/Users/yaniszaim/deephedging/.deephedging_real_runs/final_paper_asian_panel/panel_sweeps/SPY_full_paper_grid_800_asian_call_step_robust/model_artifacts/seed_2345/risk_cvar/proto_source_vanilla_k_10_weighted_0_learnw_0,7.0,0.05786585217444649,val_loss,0.02883085235953331,0.3451516628265381,0.12421104536489151,1.0,2369.0,20.0,2.0,vanilla,10.0,False,False,0.10660779476165771,0.15906213223934174
proto_source=vanilla_k=10_weighted=0_learnw=0,val,2345,proto,-0.01137947291135788,0.014891032129526138,-0.05797878868877888,-0.03584859147667885,-0.0550856739282608,-0.006331905722618103,-8.24903661850842e-05,0.9585798816568047,-0.011231834068894386,0.0004672606009989977,0.000614898803178221,0.029436569660902023,0.10119360685348511,0.3122621476650238,1.0,0.0903353057199211,0.0903353057199211,0.0,1.0,,,cvar,/Users/yaniszaim/deephedging/.deephedging_real_runs/final_paper_asian_panel/panel_sweeps/SPY_full_paper_grid_800_asian_call_step_robust/model_artifacts/seed_2345/risk_cvar/proto_source_vanilla_k_10_weighted_0_learnw_0,7.0,0.05786585217444649,val_loss,0.02883085235953331,0.3451516628265381,0.12421104536489151,1.0,507.0,20.0,2.0,vanilla,10.0,False,False,0.10660779476165771,0.15906213223934174
proto_source=vanilla_k=10_weighted=0_learnw=0,test,2345,proto,-0.011988414451479912,0.013417841866612434,-0.057836475968360904,-0.03678206503391266,-0.052162788808345795,-0.007227831054478884,-0.00023952812771312914,0.9567779960707269,-0.011998691596090794,0.0006253678584471345,0.0006150897243060172,0.029438409954309464,0.12018972635269165,0.3117505609989166,1.0,0.08904715127701375,0.08904715127701375,0.0,1.0,,,cvar,/Users/yaniszaim/deephedging/.deephedging_real_runs/final_paper_asian_panel/panel_sweeps/SPY_full_paper_grid_800_asian_call_step_robust/model_artifacts/seed_2345/risk_cvar/proto_source_vanilla_k_10_weighted_0_learnw_0,7.0,0.05786585217444649,val_loss,0.02883085235953331,0.3451516628265381,0.12421104536489151,1.0,509.0,20.0,2.0,vanilla,10.0,False,False,0.10660779476165771,0.15906213223934174
proto_source=vanilla_k=10_weighted=1_learnw=0,train,2345,proto,-0.010858390480279922,0.01299847848713398,-0.05566919401288033,-0.035446510463953015,-0.048538319766521454,-0.006405849475413561,0.0006334449863061308,0.908400168847615,-0.0108896903693676,0.0003968814853578806,0.00036558188730850816,0.025398025289177895,0.0968422070145607,0.23832321166992188,0.8932110071182251,0.0,0.0,0.0,0.0,,,cvar,/Users/yaniszaim/deephedging/.deephedging_real_runs/final_paper_asian_panel/panel_sweeps/SPY_full_paper_grid_800_asian_call_step_robust/model_artifacts/seed_2345/risk_cvar/proto_source_vanilla_k_10_weighted_1_learnw_0,7.0,0.04750757063739002,val_loss,0.025834014639258385,0.3016829192638397,0.025,1.0,2369.0,20.0,2.0,vanilla,10.0,True,False,0.10400275886058807,0.14354680478572845
proto_source=vanilla_k=10_weighted=1_learnw=0,val,2345,proto,-0.011179528199136257,0.015542415902018547,-0.06078483238816261,-0.03683071620762348,-0.0567810945212841,-0.006396403536200523,0.0006055902049411088,0.903353057199211,-0.011231834068894386,0.0004192420747131109,0.00036693495349027216,0.025417804718017578,0.09592510014772415,0.2384195178747177,0.8868974447250366,0.0,0.0,0.0,0.0,,,cvar,/Users/yaniszaim/deephedging/.deephedging_real_runs/final_paper_asian_panel/panel_sweeps/SPY_full_paper_grid_800_asian_call_step_robust/model_artifacts/seed_2345/risk_cvar/proto_source_vanilla_k_10_weighted_1_learnw_0,7.0,0.04750757063739002,val_loss,0.025834014639258385,0.3016829192638397,0.025,1.0,507.0,20.0,2.0,vanilla,10.0,True,False,0.10400275886058807,0.14354680478572845
proto_source=vanilla_k=10_weighted=1_learnw=0,test,2345,proto,-0.011848201975226402,0.013959057629108429,-0.05993829026818275,-0.037639460712671276,-0.053384602069854736,-0.007696365937590599,0.00047255969257093864,0.9214145383104125,-0.011998691596090794,0.0005209065275266767,0.00037041728501208127,0.02548343688249588,0.09647005796432495,0.23833902180194855,0.8782971501350403,0.0,0.0,0.0,0.0,,,cvar,/Users/yaniszaim/deephedging/.deephedging_real_runs/final_paper_asian_panel/panel_sweeps/SPY_full_paper_grid_800_asian_call_step_robust/model_artifacts/seed_2345/risk_cvar/proto_source_vanilla_k_10_weighted_1_learnw_0,7.0,0.04750757063739002,val_loss,0.025834014639258385,0.3016829192638397,0.025,1.0,509.0,20.0,2.0,vanilla,10.0,True,False,0.10400275886058807,0.14354680478572845
proto_source=vanilla_k=25_weighted=0_learnw=0,train,2345,proto,-0.010894648730754852,0.013509240932762623,-0.05813144132494927,-0.03675109967589378,-0.049797918647527695,-0.0063861883245408535,5.513833457371216e-05,0.9337273111017307,-0.0108896903693676,9.272566239815205e-05,9.768367453943938e-05,0.005346094258129597,0.20402298867702484,0.05340992659330368,0.414872944355011,0.0,0.0,0.0,0.0,,,cvar,/Users/yaniszaim/deephedging/.deephedging_real_runs/final_paper_asian_panel/panel_sweeps/SPY_full_paper_grid_800_asian_call_step_robust/model_artifacts/seed_2345/risk_cvar/proto_source_vanilla_k_25_weighted_0_learnw_0,129.0,0.04388666806742549,val_loss,0.007606562227010727,0.09928472340106964,0.0,0.0,2369.0,20.0,2.0,vanilla,25.0,False,False,0.08284305781126022,0.21212109923362732
proto_source=vanilla_k=25_weighted=0_learnw=0,val,2345,proto,-0.011230369098484516,0.01602815091609955,-0.06114562556147576,-0.037748385593295096,-0.05782727152109146,-0.005971806589514017,7.152587568270964e-05,0.9270216962524654,-0.011231834068894386,9.975783905247226e-05,9.829189366428182e-05,0.005363600328564644,0.15721817314624786,0.053898658603429794,0.33787721395492554,0.0,0.0,0.0,0.0,,,cvar,/Users/yaniszaim/deephedging/.deephedging_real_runs/final_paper_asian_panel/panel_sweeps/SPY_full_paper_grid_800_asian_call_step_robust/model_artifacts/seed_2345/risk_cvar/proto_source_vanilla_k_25_weighted_0_learnw_0,129.0,0.04388666806742549,val_loss,0.007606562227010727,0.09928472340106964,0.0,0.0,507.0,20.0,2.0,vanilla,25.0,False,False,0.08284305781126022,0.21212109923362732
proto_source=vanilla_k=25_weighted=0_learnw=0,test,2345,proto,-0.011996259912848473,0.014601124450564384,-0.06330484390258789,-0.038297053426504135,-0.055460162460803986,-0.0075491443276405334,2.010025491472287e-06,0.9469548133595285,-0.011998691596090794,0.0001011983840726316,9.876690455712378e-05,0.005359117407351732,0.2039586454629898,0.05388393625617027,0.3019257187843323,0.0,0.0,0.0,0.0,,,cvar,/Users/yaniszaim/deephedging/.deephedging_real_runs/final_paper_asian_panel/panel_sweeps/SPY_full_paper_grid_800_asian_call_step_robust/model_artifacts/seed_2345/risk_cvar/proto_source_vanilla_k_25_weighted_0_learnw_0,129.0,0.04388666806742549,val_loss,0.007606562227010727,0.09928472340106964,0.0,0.0,509.0,20.0,2.0,vanilla,25.0,False,False,0.08284305781126022,0.21212109923362732
proto_source=vanilla_k=25_weighted=1_learnw=0,train,2345,proto,-0.011056330054998398,0.012522594071924686,-0.05376509428024292,-0.03482540249824524,-0.04759717360138893,-0.007038590963929892,0.00011143092997372094,0.9434360489658083,-0.0108896903693676,0.00047654827358201146,0.0006431873189285398,0.03031769208610058,0.1490640491247177,0.3255224823951721,1.0,0.09344660194174757,0.09344660194174757,0.0,0.9974672857745884,,,cvar,/Users/yaniszaim/deephedging/.deephedging_real_runs/final_paper_asian_panel/panel_sweeps/SPY_full_paper_grid_800_asian_call_step_robust/model_artifacts/seed_2345/risk_cvar/proto_source_vanilla_k_25_weighted_1_learnw_0,73.0,0.055567058165680756,val_loss,0.026589086279273033,0.328626424074173,0.1041913214990138,1.0,2369.0,20.0,2.0,vanilla,25.0,True,False,0.08794834464788437,0.15414206683635712
proto_source=vanilla_k=25_weighted=1_learnw=0,val,2345,proto,-0.011386524885892868,0.015026458539068699,-0.05880304425954819,-0.036607345566153526,-0.05511579290032387,-0.00675653200596571,0.00014338676701299835,0.9408284023668639,-0.011231834068894386,0.0004940846702083945,0.0006487749051302671,0.030363891273736954,0.14983990788459778,0.32594072818756104,1.0,0.09388560157790928,0.09388560157790928,0.0,0.9960552268244576,,,cvar,/Users/yaniszaim/deephedging/.deephedging_real_runs/final_paper_asian_panel/panel_sweeps/SPY_full_paper_grid_800_asian_call_step_robust/model_artifacts/seed_2345/risk_cvar/proto_source_vanilla_k_25_weighted_1_learnw_0,73.0,0.055567058165680756,val_loss,0.026589086279273033,0.328626424074173,0.1041913214990138,1.0,507.0,20.0,2.0,vanilla,25.0,True,False,0.08794834464788437,0.15414206683635712
proto_source=vanilla_k=25_weighted=1_learnw=0,test,2345,proto,-0.01199420914053917,0.013594149611890316,-0.06078676372766495,-0.03712209984660149,-0.052848413586616516,-0.007463525049388409,1.1497177183502281e-07,0.9489194499017681,-0.011998691596090794,0.0006566118099726737,0.0006521292380057275,0.03045428916811943,0.1500404179096222,0.3251202404499054,1.0,0.09277996070726915,0.09277996070726915,0.0,0.9980353634577603,,,cvar,/Users/yaniszaim/deephedging/.deephedging_real_runs/final_paper_asian_panel/panel_sweeps/SPY_full_paper_grid_800_asian_call_step_robust/model_artifacts/seed_2345/risk_cvar/proto_source_vanilla_k_25_weighted_1_learnw_0,73.0,0.055567058165680756,val_loss,0.026589086279273033,0.328626424074173,0.1041913214990138,1.0,509.0,20.0,2.0,vanilla,25.0,True,False,0.08794834464788437,0.15414206683635712
proto_source=vanilla_k=50_weighted=0_learnw=0,train,2345,proto,-0.011035400442779064,0.013615705072879791,-0.059035714119672775,-0.03685715571045876,-0.05028872936964035,-0.006517807953059673,-0.0001355789718218149,0.9839594765723935,-0.0108896903693676,7.767875649733469e-05,0.00022338860435411334,0.006268716417253017,0.07852162420749664,0.058921072632074356,0.17386505007743835,0.0,0.0,0.0,0.0,,,cvar,/Users/yaniszaim/deephedging/.deephedging_real_runs/final_paper_asian_panel/panel_sweeps/SPY_full_paper_grid_800_asian_call_step_robust/model_artifacts/seed_2345/risk_cvar/proto_source_vanilla_k_50_weighted_0_learnw_0,3.0,0.04375363041413948,val_loss,0.005370610859245062,0.06368809193372726,0.0,0.0,2369.0,20.0,2.0,vanilla,50.0,False,False,0.06464873254299164,0.150081068277359
proto_source=vanilla_k=50_weighted=0_learnw=0,val,2345,proto,-0.01137747522443533,0.016234170645475388,-0.06123165018856525,-0.037887342274188995,-0.05863974615931511,-0.006023033056408167,-0.0001495141099439934,0.9861932938856016,-0.011231834068894386,8.002799586392939e-05,0.00022566827828995883,0.006297694053500891,0.07755996286869049,0.05883406102657318,0.17359979450702667,0.0,0.0,0.0,0.0,,,cvar,/Users/yaniszaim/deephedging/.deephedging_real_runs/final_paper_asian_panel/panel_sweeps/SPY_full_paper_grid_800_asian_call_step_robust/model_artifacts/seed_2345/risk_cvar/proto_source_vanilla_k_50_weighted_0_learnw_0,3.0,0.04375363041413948,val_loss,0.005370610859245062,0.06368809193372726,0.0,0.0,507.0,20.0,2.0,vanilla,50.0,False,False,0.06464873254299164,0.150081068277359
proto_source=vanilla_k=50_weighted=0_learnw=0,test,2345,proto,-0.012120976112782955,0.014723561704158783,-0.06550872385501862,-0.03845482394099235,-0.0559348464012146,-0.007671917323023081,-0.00015249967982526895,0.9842829076620825,-0.011998691596090794,0.0001066594195435755,0.0002289435506099835,0.006335673853754997,0.07624596357345581,0.05868677794933319,0.17306706309318542,0.0,0.0,0.0,0.0,,,cvar,/Users/yaniszaim/deephedging/.deephedging_real_runs/final_paper_asian_panel/panel_sweeps/SPY_full_paper_grid_800_asian_call_step_robust/model_artifacts/seed_2345/risk_cvar/proto_source_vanilla_k_50_weighted_0_learnw_0,3.0,0.04375363041413948,val_loss,0.005370610859245062,0.06368809193372726,0.0,0.0,509.0,20.0,2.0,vanilla,50.0,False,False,0.06464873254299164,0.150081068277359
proto_source=vanilla_k=50_weighted=1_learnw=0,train,2345,proto,-0.011005843989551067,0.013634685426950455,-0.059143563508987425,-0.03678720220923424,-0.05034792423248291,-0.006526232231408358,-8.346213289769385e-05,0.9674968341072182,-0.0108896903693676,8.150390203809366e-05,0.00019765687466133386,0.006298792082816362,0.07773222029209137,0.06734628230333328,0.2018509954214096,0.0,0.0,0.0,0.0,,,cvar,/Users/yaniszaim/deephedging/.deephedging_real_runs/final_paper_asian_panel/panel_sweeps/SPY_full_paper_grid_800_asian_call_step_robust/model_artifacts/seed_2345/risk_cvar/proto_source_vanilla_k_50_weighted_1_learnw_0,3.0,0.0437441243045032,val_loss,0.005768489092588425,0.07202834635972977,0.0,0.0,2369.0,20.0,2.0,vanilla,50.0,True,False,0.08043043315410614,0.1493588089942932
proto_source=vanilla_k=50_weighted=1_learnw=0,val,2345,proto,-0.011346274986863136,0.016243809834122658,-0.061511116623878474,-0.037897099554538724,-0.05869564041495323,-0.005940577015280724,-9.426584001630557e-05,0.9723865877712031,-0.011231834068894386,8.458746742689982e-05,0.0001990278105949983,0.006315396632999182,0.07773586362600327,0.06729074567556381,0.2007712870836258,0.0,0.0,0.0,0.0,,,cvar,/Users/yaniszaim/deephedging/.deephedging_real_runs/final_paper_asian_panel/panel_sweeps/SPY_full_paper_grid_800_asian_call_step_robust/model_artifacts/seed_2345/risk_cvar/proto_source_vanilla_k_50_weighted_1_learnw_0,3.0,0.0437441243045032,val_loss,0.005768489092588425,0.07202834635972977,0.0,0.0,507.0,20.0,2.0,vanilla,50.0,True,False,0.08043043315410614,0.1493588089942932
proto_source=vanilla_k=50_weighted=1_learnw=0,test,2345,proto,-0.012092852033674717,0.014741561375558376,-0.06535463511943818,-0.03861736059188843,-0.055960334837436676,-0.007661639712750912,-7.494124583899976e-05,0.9685658153241651,-0.011998691596090794,0.00010904043301707134,0.00020320071780588478,0.006366626359522343,0.0776548907160759,0.06715317815542221,0.19838634133338928,0.0,0.0,0.0,0.0,,,cvar,/Users/yaniszaim/deephedging/.deephedging_real_runs/final_paper_asian_panel/panel_sweeps/SPY_full_paper_grid_800_asian_call_step_robust/model_artifacts/seed_2345/risk_cvar/proto_source_vanilla_k_50_weighted_1_learnw_0,3.0,0.0437441243045032,val_loss,0.005768489092588425,0.07202834635972977,0.0,0.0,509.0,20.0,2.0,vanilla,50.0,True,False,0.08043043315410614,0.1493588089942932
proto_source=vanilla_k=100_weighted=0_learnw=0,train,2345,proto,-0.010843860916793346,0.013284142129123211,-0.057779702544212344,-0.036014359444379807,-0.04924837499856949,-0.00634356215596199,5.351126310415546e-05,0.9425918108906711,-0.0108896903693676,0.0001956078049261123,0.0001497783523518592,0.011179884895682335,0.06626986712217331,0.11944537609815598,0.428890198469162,0.0,0.0,0.0,0.0,,,cvar,/Users/yaniszaim/deephedging/.deephedging_real_runs/final_paper_asian_panel/panel_sweeps/SPY_full_paper_grid_800_asian_call_step_robust/model_artifacts/seed_2345/risk_cvar/proto_source_vanilla_k_100_weighted_0_learnw_0,4.0,0.04400778688956052,val_loss,0.011350170709192753,0.12628041207790375,0.0,0.0,2369.0,20.0,2.0,vanilla,100.0,False,False,0.05789562314748764,0.1784110963344574
proto_source=vanilla_k=100_weighted=0_learnw=0,val,2345,proto,-0.011184174567461014,0.01585346832871437,-0.06039753496646881,-0.037172718346118926,-0.0574951209127903,-0.005874123889952898,8.01894595497287e-05,0.9309664694280079,-0.011231834068894386,0.00019847191288135946,0.0001508113491581753,0.011184174567461014,0.06093775853514671,0.11940667778253555,0.4282589554786682,0.0,0.0,0.0,0.0,,,cvar,/Users/yaniszaim/deephedging/.deephedging_real_runs/final_paper_asian_panel/panel_sweeps/SPY_full_paper_grid_800_asian_call_step_robust/model_artifacts/seed_2345/risk_cvar/proto_source_vanilla_k_100_weighted_0_learnw_0,4.0,0.04400778688956052,val_loss,0.011350170709192753,0.12628041207790375,0.0,0.0,507.0,20.0,2.0,vanilla,100.0,False,False,0.05789562314748764,0.1784110963344574
proto_source=vanilla_k=100_weighted=0_learnw=0,test,2345,proto,-0.011902575381100178,0.014369911514222622,-0.06348532915115357,-0.037605011463165285,-0.0547819584608078,-0.007347754202783108,-2.059621328953669e-05,0.9548133595284872,-0.011998691596090794,0.00024822240811772645,0.00015210534911602736,0.011178765445947647,0.05460816249251366,0.11920616775751114,0.42737284302711487,0.0,0.0,0.0,0.0,,,cvar,/Users/yaniszaim/deephedging/.deephedging_real_runs/final_paper_asian_panel/panel_sweeps/SPY_full_paper_grid_800_asian_call_step_robust/model_artifacts/seed_2345/risk_cvar/proto_source_vanilla_k_100_weighted_0_learnw_0,4.0,0.04400778688956052,val_loss,0.011350170709192753,0.12628041207790375,0.0,0.0,509.0,20.0,2.0,vanilla,100.0,False,False,0.05789562314748764,0.1784110963344574
proto_source=vanilla_k=100_weighted=1_learnw=0,train,2345,proto,-0.010961913503706455,0.012630837969481945,-0.05508778408169746,-0.034589548408985135,-0.047381650656461716,-0.0068512256257236,-0.00016997939092107162,0.9666525960320811,-0.0108896903693676,0.0003553047135937959,0.0004275283426977694,0.022722935304045677,0.3974169194698334,0.26255518198013306,1.0,0.001340227944280287,0.001340227944280287,0.0,0.011397214014352047,,,cvar,/Users/yaniszaim/deephedging/.deephedging_real_runs/final_paper_asian_panel/panel_sweeps/SPY_full_paper_grid_800_asian_call_step_robust/model_artifacts/seed_2345/risk_cvar/proto_source_vanilla_k_100_weighted_1_learnw_0,565.0,0.0479491196304038,val_loss,0.027396878227591515,0.36164939403533936,0.020611439842209072,0.3333333333333333,2369.0,20.0,2.0,vanilla,100.0,True,False,0.15785427391529083,0.44306784868240356
proto_source=vanilla_k=100_weighted=1_learnw=0,val,2345,proto,-0.011315862648189068,0.015109924599528313,-0.05844528503715992,-0.03667905367910862,-0.05527714639902115,-0.006309594493359327,-0.00024439741828246046,0.9723865877712031,-0.011231834068894386,0.0003483621694613248,0.00043239034130237997,0.022816700860857964,0.3413257300853729,0.2630968689918518,1.0,0.0015285996055226824,0.0015285996055226824,0.0,0.015779092702169626,,,cvar,/Users/yaniszaim/deephedging/.deephedging_real_runs/final_paper_asian_panel/panel_sweeps/SPY_full_paper_grid_800_asian_call_step_robust/model_artifacts/seed_2345/risk_cvar/proto_source_vanilla_k_100_weighted_1_learnw_0,565.0,0.0479491196304038,val_loss,0.027396878227591515,0.36164939403533936,0.020611439842209072,0.3333333333333333,507.0,20.0,2.0,vanilla,100.0,True,False,0.15785427391529083,0.44306784868240356
proto_source=vanilla_k=100_weighted=1_learnw=0,test,2345,proto,-0.011765526607632637,0.01371097844094038,-0.05657705426216125,-0.036348408460617064,-0.05217943340539932,-0.007548923138529062,-8.136978722177542e-05,0.9567779960707269,-0.011998691596090794,0.0006600378546863794,0.00042687347740866244,0.022747058421373367,0.3339298963546753,0.26296889781951904,1.0,0.0012278978388998035,0.0012278978388998035,0.0,0.015717092337917484,,,cvar,/Users/yaniszaim/deephedging/.deephedging_real_runs/final_paper_asian_panel/panel_sweeps/SPY_full_paper_grid_800_asian_call_step_robust/model_artifacts/seed_2345/risk_cvar/proto_source_vanilla_k_100_weighted_1_learnw_0,565.0,0.0479491196304038,val_loss,0.027396878227591515,0.36164939403533936,0.020611439842209072,0.3333333333333333,509.0,20.0,2.0,vanilla,100.0,True,False,0.15785427391529083,0.44306784868240356
unhedged,train,3456,baseline,-0.01082080788910389,0.0142698148265481,-0.05824935436248779,-0.03660118579864502,-0.051188621670007706,-0.00612950325012207,-0.0,0.6428872942169692,-0.01082080788910389,0.0,0.0,0.0,0.0,0.0,0.0,0.0,0.0,0.0,0.0,,,,,,,,,,,,,,,,,,,,
spot_delta,train,3456,baseline,-0.010651984252035618,0.013273409567773342,-0.05103328749537468,-0.03516222611069679,-0.04678383469581604,-0.007469953503459692,0.0034551584161818024,0.8349514563106796,-0.01082080788910389,0.0003165464149788022,0.0001477223268011585,0.01842855103313923,0.6231619715690613,0.256975382566452,0.6231619715690613,0.0,0.0,0.0,0.0,,,,,,,,,,,,,,,,,,,,
spot_delta_band,train,3456,baseline,-0.010695991106331348,0.013162115588784218,-0.05133580774068833,-0.03499951735138893,-0.04689020290970802,-0.007408287841826677,0.0028413183987140655,0.8438159560996201,-0.01082080788910389,0.00022244936553761363,9.763173875398934e-05,0.012202759273350239,0.5731619596481323,0.2403719276189804,0.5731619596481323,0.0,0.0,0.0,0.0,0.05,gains_mean,,,,,,,,,,,,,,,,,,
unhedged,val,3456,baseline,-0.011120608076453209,0.01382282841950655,-0.06074982404708862,-0.03767217397689819,-0.05158611387014389,-0.0062024593353271484,-0.0,0.6745562130177515,-0.011120608076453209,0.0,0.0,0.0,0.0,0.0,0.0,0.0,0.0,0.0,0.0,,,,,,,,,,,,,,,,,,,,
spot_delta,val,3456,baseline,-0.011041799560189247,0.013378002680838108,-0.059329285845160486,-0.03747034147381782,-0.04888355731964111,-0.007729022763669491,0.003216043394058942,0.834319526627219,-0.011120608076453209,0.00022746933973394334,0.00014866147830616683,0.018544727936387062,0.6013950109481812,0.25696077942848206,0.6231619715690613,0.0,0.0,0.0,0.0,,,,,,,,,,,,,,,,,,,,
spot_delta_band,val,3456,baseline,-0.01103032473474741,0.013264467939734459,-0.05863428004086017,-0.038029060885310176,-0.04890308156609535,-0.007410443853586912,0.002931174775585532,0.834319526627219,-0.011120608076453209,0.0001878723851405084,9.758889791555703e-05,0.012197606265544891,0.5513949990272522,0.24029569327831268,0.5731619596481323,0.0,0.0,0.0,0.0,0.05,gains_mean,,,,,,,,,,,,,,,,,,
unhedged,test,3456,baseline,-0.01243007555603981,0.015448564663529396,-0.0659401035308838,-0.041692590713500975,-0.06031038239598274,-0.008235454559326172,-0.0,0.6895874263261297,-0.01243007555603981,0.0,0.0,0.0,0.0,0.0,0.0,0.0,0.0,0.0,0.0,,,,,,,,,,,,,,,,,,,,
spot_delta,test,3456,baseline,-0.012103740125894547,0.014941414818167686,-0.06401969701051712,-0.03946836665272713,-0.058282043784856796,-0.008195167407393456,0.0026678030844777814,0.8644400785854617,-0.01243007555603981,0.0004761258896905929,0.00014979104162193835,0.01867579109966755,0.605754017829895,0.25634241104125977,0.6231619715690613,0.0,0.0,0.0,0.0,,,,,,,,,,,,,,,,,,,,
spot_delta_band,test,3456,baseline,-0.012170318514108658,0.014823303557932377,-0.06502143144607545,-0.03942057341337204,-0.058310508728027344,-0.00817961897701025,0.0022227265406399963,0.8742632612966601,-0.01243007555603981,0.0003575042064767331,9.774743375601247e-05,0.01221650093793869,0.5557540059089661,0.24011273682117462,0.5731619596481323,0.0,0.0,0.0,0.0,0.05,gains_mean,,,,,,,,,,,,,,,,,,
vanilla,train,3456,vanilla,-0.010745310224592686,0.013762946240603924,-0.056664232015609745,-0.035702187567949295,-0.04989052191376686,-0.005950675345957279,-1.5173370775301175e-05,0.9523005487547488,-0.01082080788910389,0.0001537253992864862,7.822715269867331e-05,0.008571242913603783,0.02128996141254902,0.09691553562879562,0.34371551871299744,0.0,0.0,0.0,0.0,,,cvar,/Users/yaniszaim/deephedging/.deephedging_real_runs/final_paper_asian_panel/panel_sweeps/SPY_full_paper_grid_800_asian_call_step_robust/model_artifacts/seed_3456/risk_cvar/vanilla,70.0,0.04277224791236221,val_loss,0.008880415931344032,0.10166942328214645,0.0,0.0,2369.0,20.0,2.0,,,,,,
vanilla,val,3456,vanilla,-0.011023161001503468,0.013317094184458256,-0.059067596867680545,-0.036553633585572246,-0.05016666278243065,-0.006135822739452124,-3.410016324778565e-05,0.9546351084812623,-0.011120608076453209,0.00017575957463122904,7.831327093299478e-05,0.008571524173021317,0.021196378394961357,0.09692636877298355,0.3431822657585144,0.0,0.0,0.0,0.0,,,cvar,/Users/yaniszaim/deephedging/.deephedging_real_runs/final_paper_asian_panel/panel_sweeps/SPY_full_paper_grid_800_asian_call_step_robust/model_artifacts/seed_3456/risk_cvar/vanilla,70.0,0.04277224791236221,val_loss,0.008880415931344032,0.10166942328214645,0.0,0.0,507.0,20.0,2.0,,,,,,
vanilla,test,3456,vanilla,-0.012294529005885124,0.014898239634931087,-0.06473720252513886,-0.040816231071949004,-0.05868009850382805,-0.00795822311192751,-4.010158445453277e-05,0.962671905697446,-0.01243007555603981,0.00021399040997494012,7.844381616450846e-05,0.008570988662540913,0.021249322220683098,0.09692852199077606,0.3432154059410095,0.0,0.0,0.0,0.0,,,cvar,/Users/yaniszaim/deephedging/.deephedging_real_runs/final_paper_asian_panel/panel_sweeps/SPY_full_paper_grid_800_asian_call_step_robust/model_artifacts/seed_3456/risk_cvar/vanilla,70.0,0.04277224791236221,val_loss,0.008880415931344032,0.10166942328214645,0.0,0.0,509.0,20.0,2.0,,,,,,
proto_source=spot_delta_k=10_weighted=0_learnw=0,train,3456,proto,-0.010952569544315338,0.013534916564822197,-0.056168637424707415,-0.035565529763698575,-0.04954107850790024,-0.006290741264820099,-0.0003603787627071142,0.9949345715491769,-0.01082080788910389,0.00017960408877115697,0.0003113643324468285,0.01135259959846735,0.07017899304628372,0.14928479492664337,0.4055873453617096,0.0,0.0,0.0,0.0,,,cvar,/Users/yaniszaim/deephedging/.deephedging_real_runs/final_paper_asian_panel/panel_sweeps/SPY_full_paper_grid_800_asian_call_step_robust/model_artifacts/seed_3456/risk_cvar/proto_source_spot_delta_k_10_weighted_0_learnw_0,3.0,0.042746511748991904,val_loss,0.008755127899348736,0.09964385628700256,0.0,0.0,2369.0,20.0,2.0,spot_delta,10.0,False,False,0.09677625447511673,0.15627993643283844
proto_source=spot_delta_k=10_weighted=0_learnw=0,val,3456,proto,-0.01124541275203228,0.013179234229028225,-0.05900241702795028,-0.03646358288824558,-0.050176940858364105,-0.006125410553067923,-0.0003885220503434539,0.9980276134122288,-0.011120608076453209,0.00018767213623505086,0.00031247720471583307,0.01140526495873928,0.06428159773349762,0.14938132464885712,0.38713520765304565,0.0,0.0,0.0,0.0,,,cvar,/Users/yaniszaim/deephedging/.deephedging_real_runs/final_paper_asian_panel/panel_sweeps/SPY_full_paper_grid_800_asian_call_step_robust/model_artifacts/seed_3456/risk_cvar/proto_source_spot_delta_k_10_weighted_0_learnw_0,3.0,0.042746511748991904,val_loss,0.008755127899348736,0.09964385628700256,0.0,0.0,507.0,20.0,2.0,spot_delta,10.0,False,False,0.09677625447511673,0.15627993643283844
proto_source=spot_delta_k=10_weighted=0_learnw=0,test,3456,proto,-0.012477056123316288,0.014670968987047672,-0.06543747127056122,-0.04061990156769752,-0.05813288316130638,-0.008239424787461758,-0.0003985913179349157,0.9960707269155207,-0.01243007555603981,0.00026495830388739705,0.00031193916220217943,0.011382385157048702,0.0643991082906723,0.1489635407924652,0.4031355082988739,0.0,0.0,0.0,0.0,,,cvar,/Users/yaniszaim/deephedging/.deephedging_real_runs/final_paper_asian_panel/panel_sweeps/SPY_full_paper_grid_800_asian_call_step_robust/model_artifacts/seed_3456/risk_cvar/proto_source_spot_delta_k_10_weighted_0_learnw_0,3.0,0.042746511748991904,val_loss,0.008755127899348736,0.09964385628700256,0.0,0.0,509.0,20.0,2.0,spot_delta,10.0,False,False,0.09677625447511673,0.15627993643283844
proto_source=spot_delta_k=10_weighted=1_learnw=0,train,3456,proto,-0.010662812739610672,0.013336380943655968,-0.05484269514679909,-0.035087519139051435,-0.04876522719860077,-0.005983353592455387,-3.00807369058022e-05,0.955255382017729,-0.01082080788910389,0.0002627761277835816,0.00010478065087227151,0.012392443604767323,0.11210888624191284,0.15799209475517273,0.5807604193687439,0.0,0.0,0.0,0.0,,,cvar,/Users/yaniszaim/deephedging/.deephedging_real_runs/final_paper_asian_panel/panel_sweeps/SPY_full_paper_grid_800_asian_call_step_robust/model_artifacts/seed_3456/risk_cvar/proto_source_spot_delta_k_10_weighted_1_learnw_0,3.0,0.04279894585255533,val_loss,0.01142789889127016,0.12552636861801147,0.0,0.0,2369.0,20.0,2.0,spot_delta,10.0,True,False,0.09739664196968079,0.15364030003547668
proto_source=spot_delta_k=10_weighted=1_learnw=0,val,3456,proto,-0.010961538180708885,0.012953422032296658,-0.057881841138005256,-0.03592962920665741,-0.0492379330098629,-0.005968574434518814,-5.0640797780943164e-05,0.9625246548323472,-0.011120608076453209,0.0002636970311868936,0.0001046273173415102,0.012369631789624691,0.10059186816215515,0.1579713374376297,0.544512152671814,0.0,0.0,0.0,0.0,,,cvar,/Users/yaniszaim/deephedging/.deephedging_real_runs/final_paper_asian_panel/panel_sweeps/SPY_full_paper_grid_800_asian_call_step_robust/model_artifacts/seed_3456/risk_cvar/proto_source_spot_delta_k_10_weighted_1_learnw_0,3.0,0.04279894585255533,val_loss,0.01142789889127016,0.12552636861801147,0.0,0.0,507.0,20.0,2.0,spot_delta,10.0,True,False,0.09739664196968079,0.15364030003547668
proto_source=spot_delta_k=10_weighted=1_learnw=0,test,3456,proto,-0.012202677316963673,0.014378792606294155,-0.06442917436361313,-0.0400532990694046,-0.05695246160030365,-0.008051672019064426,-0.00015359405078925193,0.9685658153241651,-0.01243007555603981,0.00033168253139592707,0.00010428398672956973,0.012327449396252632,0.09862647950649261,0.15763357281684875,0.5647831559181213,0.0,0.0,0.0,0.0,,,cvar,/Users/yaniszaim/deephedging/.deephedging_real_runs/final_paper_asian_panel/panel_sweeps/SPY_full_paper_grid_800_asian_call_step_robust/model_artifacts/seed_3456/risk_cvar/proto_source_spot_delta_k_10_weighted_1_learnw_0,3.0,0.04279894585255533,val_loss,0.01142789889127016,0.12552636861801147,0.0,0.0,509.0,20.0,2.0,spot_delta,10.0,True,False,0.09739664196968079,0.15364030003547668
proto_source=spot_delta_k=25_weighted=0_learnw=0,train,3456,proto,-0.010723376646637917,0.01384619902819395,-0.05637939736247063,-0.03636656850576401,-0.049782268702983856,-0.006189385429024696,5.487973794515674e-06,0.9337273111017307,-0.01082080788910389,0.00011556885147001594,1.813803282857407e-05,0.0013111184816807508,0.24002160131931305,0.012076644226908684,1.0,0.0008547910510764036,0.0008547910510764036,0.0,0.004643309413254538,,,cvar,/Users/yaniszaim/deephedging/.deephedging_real_runs/final_paper_asian_panel/panel_sweeps/SPY_full_paper_grid_800_asian_call_step_robust/model_artifacts/seed_3456/risk_cvar/proto_source_spot_delta_k_25_weighted_0_learnw_0,474.0,0.04233075863074629,val_loss,0.002954765222966671,0.031743742525577545,0.0010848126232741618,0.005917159763313609,2369.0,20.0,2.0,spot_delta,25.0,False,False,0.13126607239246368,0.36819764971733093
proto_source=spot_delta_k=25_weighted=0_learnw=0,val,3456,proto,-0.011115893721580505,0.013863989152014256,-0.05813332796096802,-0.03764142505824566,-0.05116371065378189,-0.006229665596038103,4.026900205644773e-06,0.9388560157790927,-0.011120608076453209,2.1964095139992423e-05,1.7249982192879543e-05,0.0012859334237873554,0.24002158641815186,0.011530168354511261,1.0,0.0007889546351084812,0.0007889546351084812,0.0,0.005917159763313609,,,cvar,/Users/yaniszaim/deephedging/.deephedging_real_runs/final_paper_asian_panel/panel_sweeps/SPY_full_paper_grid_800_asian_call_step_robust/model_artifacts/seed_3456/risk_cvar/proto_source_spot_delta_k_25_weighted_0_learnw_0,474.0,0.04233075863074629,val_loss,0.002954765222966671,0.031743742525577545,0.0010848126232741618,0.005917159763313609,507.0,20.0,2.0,spot_delta,25.0,False,False,0.13126607239246368,0.36819764971733093
proto_source=spot_delta_k=25_weighted=0_learnw=0,test,3456,proto,-0.012255677953362465,0.01516401395201683,-0.06551244646310807,-0.0408124677836895,-0.0580165833234787,-0.008246812038123608,2.060564293060431e-06,0.9469548133595285,-0.01243007555603981,0.0001949462021002546,2.054867582046427e-05,0.0015558565501123667,0.24002158641815186,0.011293605901300907,1.0,9.823182711198428e-05,9.823182711198428e-05,0.0,0.0019646365422396855,,,cvar,/Users/yaniszaim/deephedging/.deephedging_real_runs/final_paper_asian_panel/panel_sweeps/SPY_full_paper_grid_800_asian_call_step_robust/model_artifacts/seed_3456/risk_cvar/proto_source_spot_delta_k_25_weighted_0_learnw_0,474.0,0.04233075863074629,val_loss,0.002954765222966671,0.031743742525577545,0.0010848126232741618,0.005917159763313609,509.0,20.0,2.0,spot_delta,25.0,False,False,0.13126607239246368,0.36819764971733093
proto_source=spot_delta_k=25_weighted=1_learnw=0,train,3456,proto,-0.010811048559844494,0.01347164437174797,-0.05592036411166191,-0.03515004515647888,-0.04914763942360878,-0.006134714465588331,-0.00016187257424462592,0.9725622625580413,-0.01082080788910389,0.00010635823855409399,9.65982981142588e-05,0.009241615422070026,0.04633525758981705,0.13574865460395813,0.3553006649017334,0.0,0.0,0.0,0.0,,,cvar,/Users/yaniszaim/deephedging/.deephedging_real_runs/final_paper_asian_panel/panel_sweeps/SPY_full_paper_grid_800_asian_call_step_robust/model_artifacts/seed_3456/risk_cvar/proto_source_spot_delta_k_25_weighted_1_learnw_0,4.0,0.04282523162197322,val_loss,0.011542766354978085,0.11316505819559097,0.0,0.0,2369.0,20.0,2.0,spot_delta,25.0,True,False,0.07489171624183655,0.1419093757867813
proto_source=spot_delta_k=25_weighted=1_learnw=0,val,3456,proto,-0.01110229641199112,0.0130402697250247,-0.05857579044997692,-0.036131922528147696,-0.04968322813510895,-0.0063046352006495,-0.00017108634201576937,0.9842209072978304,-0.011120608076453209,0.00011392668238840997,9.561531624058262e-05,0.00923036877065897,0.04633478447794914,0.13597263395786285,0.3537292778491974,0.0,0.0,0.0,0.0,,,cvar,/Users/yaniszaim/deephedging/.deephedging_real_runs/final_paper_asian_panel/panel_sweeps/SPY_full_paper_grid_800_asian_call_step_robust/model_artifacts/seed_3456/risk_cvar/proto_source_spot_delta_k_25_weighted_1_learnw_0,4.0,0.04282523162197322,val_loss,0.011542766354978085,0.11316505819559097,0.0,0.0,507.0,20.0,2.0,spot_delta,25.0,True,False,0.07489171624183655,0.1419093757867813
proto_source=spot_delta_k=25_weighted=1_learnw=0,test,3456,proto,-0.012328899465501308,0.014593916945159435,-0.0639737993478775,-0.039720463752746585,-0.05794304236769676,-0.008196618407964706,-0.00020758235186804088,0.9803536345776032,-0.01243007555603981,0.0001963083923328668,9.513210534350947e-05,0.009192589670419693,0.04633491858839989,0.13570386171340942,0.35553666949272156,0.0,0.0,0.0,0.0,,,cvar,/Users/yaniszaim/deephedging/.deephedging_real_runs/final_paper_asian_panel/panel_sweeps/SPY_full_paper_grid_800_asian_call_step_robust/model_artifacts/seed_3456/risk_cvar/proto_source_spot_delta_k_25_weighted_1_learnw_0,4.0,0.04282523162197322,val_loss,0.011542766354978085,0.11316505819559097,0.0,0.0,509.0,20.0,2.0,spot_delta,25.0,True,False,0.07489171624183655,0.1419093757867813
proto_source=spot_delta_k=50_weighted=0_learnw=0,train,3456,proto,-0.010983231477439404,0.01338099129498005,-0.05571824729442596,-0.03556729033589363,-0.04918040335178375,-0.006233831401914358,-0.0004353372147306801,0.9928239763613339,-0.01082080788910389,0.00010026537347584963,0.0002626885543577373,0.013528682291507721,0.10260936617851257,0.15772798657417297,0.6988077759742737,0.0,0.0,0.0,0.0,,,cvar,/Users/yaniszaim/deephedging/.deephedging_real_runs/final_paper_asian_panel/panel_sweeps/SPY_full_paper_grid_800_asian_call_step_robust/model_artifacts/seed_3456/risk_cvar/proto_source_spot_delta_k_50_weighted_0_learnw_0,4.0,0.043033700608648355,val_loss,0.01290652621537447,0.14040924608707428,0.0,0.0,2369.0,20.0,2.0,spot_delta,50.0,False,False,0.07970623672008514,0.14979608356952667
proto_source=spot_delta_k=50_weighted=0_learnw=0,val,3456,proto,-0.011256914585828781,0.012931102886795998,-0.05776400879025459,-0.035912225022912025,-0.04943230375647545,-0.006369540002197027,-0.0004516765999142081,1.0,-0.011120608076453209,0.00012478770804591477,0.0002610957308206707,0.013505048118531704,0.10239461809396744,0.15809786319732666,0.6825895309448242,0.0,0.0,0.0,0.0,,,cvar,/Users/yaniszaim/deephedging/.deephedging_real_runs/final_paper_asian_panel/panel_sweeps/SPY_full_paper_grid_800_asian_call_step_robust/model_artifacts/seed_3456/risk_cvar/proto_source_spot_delta_k_50_weighted_0_learnw_0,4.0,0.043033700608648355,val_loss,0.01290652621537447,0.14040924608707428,0.0,0.0,507.0,20.0,2.0,spot_delta,50.0,False,False,0.07970623672008514,0.14979608356952667
proto_source=spot_delta_k=50_weighted=0_learnw=0,test,3456,proto,-0.012476794421672821,0.014491559006273746,-0.0643308174610138,-0.04043125063180923,-0.05786828696727753,-0.008098503574728966,-0.0004724430385977033,0.9941060903732809,-0.01243007555603981,0.00021525294869206846,0.00026197178522124887,0.013581163249909878,0.09632360935211182,0.15915489196777344,0.7002953886985779,0.0,0.0,0.0,0.0,,,cvar,/Users/yaniszaim/deephedging/.deephedging_real_runs/final_paper_asian_panel/panel_sweeps/SPY_full_paper_grid_800_asian_call_step_robust/model_artifacts/seed_3456/risk_cvar/proto_source_spot_delta_k_50_weighted_0_learnw_0,4.0,0.043033700608648355,val_loss,0.01290652621537447,0.14040924608707428,0.0,0.0,509.0,20.0,2.0,spot_delta,50.0,False,False,0.07970623672008514,0.14979608356952667
proto_source=spot_delta_k=50_weighted=1_learnw=0,train,3456,proto,-0.010852320119738579,0.01361282728612423,-0.05666750133037567,-0.03546803966164589,-0.04944123327732086,-0.006329838652163744,0.0003759172628633675,0.9050232165470663,-0.01082080788910389,5.7662145991344005e-05,8.91738964128308e-05,0.008368285372853279,0.06580975651741028,0.10255135595798492,0.2741585969924927,0.0,0.0,0.0,0.0,,,cvar,/Users/yaniszaim/deephedging/.deephedging_real_runs/final_paper_asian_panel/panel_sweeps/SPY_full_paper_grid_800_asian_call_step_robust/model_artifacts/seed_3456/risk_cvar/proto_source_spot_delta_k_50_weighted_1_learnw_0,3.0,0.0428985216235742,val_loss,0.01556916069239378,0.11868835985660553,0.0,0.0,2369.0,20.0,2.0,spot_delta,50.0,True,False,0.07713378965854645,0.1466543972492218
proto_source=spot_delta_k=50_weighted=1_learnw=0,val,3456,proto,-0.011205983348190784,0.013229786418378353,-0.0599928093701601,-0.03653173968195915,-0.05023805424571037,-0.006492952816188335,0.00019437698210822383,0.9132149901380671,-0.011120608076453209,3.674347681226209e-06,8.904987771529704e-05,0.008338326588273048,0.06578682363033295,0.10284128040075302,0.2722710072994232,0.0,0.0,0.0,0.0,,,cvar,/Users/yaniszaim/deephedging/.deephedging_real_runs/final_paper_asian_panel/panel_sweeps/SPY_full_paper_grid_800_asian_call_step_robust/model_artifacts/seed_3456/risk_cvar/proto_source_spot_delta_k_50_weighted_1_learnw_0,3.0,0.0428985216235742,val_loss,0.01556916069239378,0.11868835985660553,0.0,0.0,507.0,20.0,2.0,spot_delta,50.0,True,False,0.07713378965854645,0.1466543972492218
proto_source=spot_delta_k=50_weighted=1_learnw=0,test,3456,proto,-0.01240707840770483,0.014799242839217186,-0.0658999341726303,-0.039690736681222916,-0.058451179414987564,-0.008179126307368279,0.00037010854575783,0.9273084479371316,-0.01243007555603981,0.00011237477156100795,8.937703387346119e-05,0.008354582823812962,0.06579408049583435,0.1028917208313942,0.2732490599155426,0.0,0.0,0.0,0.0,,,cvar,/Users/yaniszaim/deephedging/.deephedging_real_runs/final_paper_asian_panel/panel_sweeps/SPY_full_paper_grid_800_asian_call_step_robust/model_artifacts/seed_3456/risk_cvar/proto_source_spot_delta_k_50_weighted_1_learnw_0,3.0,0.0428985216235742,val_loss,0.01556916069239378,0.11868835985660553,0.0,0.0,509.0,20.0,2.0,spot_delta,50.0,True,False,0.07713378965854645,0.1466543972492218
proto_source=spot_delta_k=100_weighted=0_learnw=0,train,3456,proto,-0.010708742775022984,0.013176273554563522,-0.053942476361989976,-0.034819082170724866,-0.04715599864721298,-0.006906055845320225,0.0024575590156018694,0.8484592655128746,-0.01082080788910389,0.0004061897925566882,0.00029412456206046045,0.03388064727187157,0.2723674774169922,0.13560596108436584,0.5586399435997009,0.0,0.0,0.0,0.0,,,cvar,/Users/yaniszaim/deephedging/.deephedging_real_runs/final_paper_asian_panel/panel_sweeps/SPY_full_paper_grid_800_asian_call_step_robust/model_artifacts/seed_3456/risk_cvar/proto_source_spot_delta_k_100_weighted_0_learnw_0,112.0,0.042522608381696046,val_loss,0.015438281930983067,0.09850519150495529,0.0,0.0,2369.0,20.0,2.0,spot_delta,100.0,False,False,0.13968095183372498,0.3587970733642578
proto_source=spot_delta_k=100_weighted=0_learnw=0,val,3456,proto,-0.01099412515759468,0.013145794160664082,-0.05826403483748436,-0.03672662563621998,-0.0487324595451355,-0.006636292673647404,0.0029186658095568347,0.8422090729783037,-0.011120608076453209,0.00042601372115314007,0.000299530744086951,0.034529946744441986,0.23012928664684296,0.13526363670825958,0.34618133306503296,0.0,0.0,0.0,0.0,,,cvar,/Users/yaniszaim/deephedging/.deephedging_real_runs/final_paper_asian_panel/panel_sweeps/SPY_full_paper_grid_800_asian_call_step_robust/model_artifacts/seed_3456/risk_cvar/proto_source_spot_delta_k_100_weighted_0_learnw_0,112.0,0.042522608381696046,val_loss,0.015438281930983067,0.09850519150495529,0.0,0.0,507.0,20.0,2.0,spot_delta,100.0,False,False,0.13968095183372498,0.3587970733642578
proto_source=spot_delta_k=100_weighted=0_learnw=0,test,3456,proto,-0.012019440531730652,0.013964465819299221,-0.06207507640123367,-0.03966931328177452,-0.05317533761262894,-0.008336859755218029,0.002616656292229889,0.8546168958742633,-0.01243007555603981,0.0007075379253365099,0.00029690275550819933,0.03415044769644737,0.23010876774787903,0.13498400151729584,0.347512423992157,0.0,0.0,0.0,0.0,,,cvar,/Users/yaniszaim/deephedging/.deephedging_real_runs/final_paper_asian_panel/panel_sweeps/SPY_full_paper_grid_800_asian_call_step_robust/model_artifacts/seed_3456/risk_cvar/proto_source_spot_delta_k_100_weighted_0_learnw_0,112.0,0.042522608381696046,val_loss,0.015438281930983067,0.09850519150495529,0.0,0.0,509.0,20.0,2.0,spot_delta,100.0,False,False,0.13968095183372498,0.3587970733642578
proto_source=spot_delta_k=100_weighted=1_learnw=0,train,3456,proto,-0.01078796200454235,0.013935055583715439,-0.057823649048805235,-0.03598293364048004,-0.05027499422430992,-0.006365449633449316,0.0004871180572081356,0.8716758125791473,-0.01082080788910389,6.117504381109029e-05,2.8329846827546135e-05,0.0032832978758960962,0.2233070433139801,0.059260293841362,0.21011047065258026,0.0,0.0,0.0,0.0,,,cvar,/Users/yaniszaim/deephedging/.deephedging_real_runs/final_paper_asian_panel/panel_sweeps/SPY_full_paper_grid_800_asian_call_step_robust/model_artifacts/seed_3456/risk_cvar/proto_source_spot_delta_k_100_weighted_1_learnw_0,93.0,0.042643660004250704,val_loss,0.004130481742322445,0.0734114944934845,0.0,0.0,2369.0,20.0,2.0,spot_delta,100.0,True,False,0.09916115552186966,0.2927321493625641
proto_source=spot_delta_k=100_weighted=1_learnw=0,val,3456,proto,-0.011114003136754036,0.013595969416201115,-0.059740120843052864,-0.03726685829460621,-0.05111727491021156,-0.005874524358659983,0.0004354086646344512,0.873767258382643,-0.011120608076453209,3.4886594221461564e-05,2.828250035236124e-05,0.003282231278717518,0.12725700438022614,0.05932964012026787,0.15953899919986725,0.0,0.0,0.0,0.0,,,cvar,/Users/yaniszaim/deephedging/.deephedging_real_runs/final_paper_asian_panel/panel_sweeps/SPY_full_paper_grid_800_asian_call_step_robust/model_artifacts/seed_3456/risk_cvar/proto_source_spot_delta_k_100_weighted_1_learnw_0,93.0,0.042643660004250704,val_loss,0.004130481742322445,0.0734114944934845,0.0,0.0,507.0,20.0,2.0,spot_delta,100.0,True,False,0.09916115552186966,0.2927321493625641
proto_source=spot_delta_k=100_weighted=1_learnw=0,test,3456,proto,-0.012379438616335392,0.015173312276601791,-0.06556718587875367,-0.041167005151510234,-0.059814490377902985,-0.007940846495330334,0.0003149225784000009,0.9056974459724951,-0.01243007555603981,7.88495090091601e-05,2.8212327379151247e-05,0.003275797003880143,0.12797094881534576,0.05931829288601875,0.15980678796768188,0.0,0.0,0.0,0.0,,,cvar,/Users/yaniszaim/deephedging/.deephedging_real_runs/final_paper_asian_panel/panel_sweeps/SPY_full_paper_grid_800_asian_call_step_robust/model_artifacts/seed_3456/risk_cvar/proto_source_spot_delta_k_100_weighted_1_learnw_0,93.0,0.042643660004250704,val_loss,0.004130481742322445,0.0734114944934845,0.0,0.0,509.0,20.0,2.0,spot_delta,100.0,True,False,0.09916115552186966,0.2927321493625641
proto_source=vanilla_k=10_weighted=0_learnw=0,train,3456,proto,-0.012298411689698696,0.012533258646726608,-0.05437312185764313,-0.035299479961395264,-0.0479927733540535,-0.008103142492473125,-0.0016395295970141892,0.9949345715491769,-0.01082080788910389,0.00043442542664706707,0.0019120288779959083,0.04298815131187439,0.27359700202941895,0.4717605710029602,1.0,0.08387505276487969,0.08387505276487969,0.0,1.0,,,cvar,/Users/yaniszaim/deephedging/.deephedging_real_runs/final_paper_asian_panel/panel_sweeps/SPY_full_paper_grid_800_asian_call_step_robust/model_artifacts/seed_3456/risk_cvar/proto_source_vanilla_k_10_weighted_0_learnw_0,706.0,0.056059208517265924,val_loss,0.042338449507951736,0.4683995246887207,0.08905325443786982,1.0,2369.0,20.0,2.0,vanilla,10.0,False,False,0.1603255569934845,0.2893213629722595
proto_source=vanilla_k=10_weighted=0_learnw=0,val,3456,proto,-0.01260435301810503,0.012441929429769516,-0.055689073950052265,-0.03611193224787712,-0.0491790845990181,-0.008094046264886856,-0.001750640280079097,0.9960552268244576,-0.011120608076453209,0.0004240775015205145,0.0019078230252489448,0.042945075780153275,0.27359700202941895,0.4710187315940857,1.0,0.08249506903353057,0.08249506903353057,0.0,1.0,,,cvar,/Users/yaniszaim/deephedging/.deephedging_real_runs/final_paper_asian_panel/panel_sweeps/SPY_full_paper_grid_800_asian_call_step_robust/model_artifacts/seed_3456/risk_cvar/proto_source_vanilla_k_10_weighted_0_learnw_0,706.0,0.056059208517265924,val_loss,0.042338449507951736,0.4683995246887207,0.08905325443786982,1.0,507.0,20.0,2.0,vanilla,10.0,False,False,0.1603255569934845,0.2893213629722595
proto_source=vanilla_k=10_weighted=0_learnw=0,test,3456,proto,-0.013665463775396347,0.01343483291566372,-0.06281397074460983,-0.03905004635453224,-0.05541686341166496,-0.009460079483687878,-0.0017132040578871973,0.9960707269155207,-0.01243007555603981,0.0006719505763612688,0.0019073375733569264,0.042947545647621155,0.27355635166168213,0.47076016664505005,1.0,0.08280943025540274,0.08280943025540274,0.0,1.0,,,cvar,/Users/yaniszaim/deephedging/.deephedging_real_runs/final_paper_asian_panel/panel_sweeps/SPY_full_paper_grid_800_asian_call_step_robust/model_artifacts/seed_3456/risk_cvar/proto_source_vanilla_k_10_weighted_0_learnw_0,706.0,0.056059208517265924,val_loss,0.042338449507951736,0.4683995246887207,0.08905325443786982,1.0,509.0,20.0,2.0,vanilla,10.0,False,False,0.1603255569934845,0.2893213629722595
proto_source=vanilla_k=10_weighted=1_learnw=0,train,3456,proto,-0.011202910915017128,0.013858187012374401,-0.05545870140194893,-0.03548851907253265,-0.0507652573287487,-0.006706463638693094,0.0002353035029955199,0.9421696918531026,-0.01082080788910389,0.0004211385385133326,0.0008032410405576229,0.03207049518823624,0.2625460624694824,0.2917897701263428,1.0,0.042043056141832,0.042043056141832,0.0,0.8438159560996201,,,cvar,/Users/yaniszaim/deephedging/.deephedging_real_runs/final_paper_asian_panel/panel_sweeps/SPY_full_paper_grid_800_asian_call_step_robust/model_artifacts/seed_3456/risk_cvar/proto_source_vanilla_k_10_weighted_1_learnw_0,797.0,0.04395906119607389,val_loss,0.02577274851500988,0.27064794301986694,0.0,0.0,2369.0,20.0,2.0,vanilla,10.0,True,False,0.14760559797286987,0.2684226632118225
proto_source=vanilla_k=10_weighted=1_learnw=0,val,3456,proto,-0.011522684246301651,0.013213412836194038,-0.06038072019815445,-0.03699931167066097,-0.05086860805749893,-0.007183931767940521,-6.739752716384856e-05,0.9506903353057199,-0.011120608076453209,0.00040171589353121817,0.0008037927327677608,0.03204653412103653,0.26254504919052124,0.29262590408325195,1.0,0.04225838264299803,0.04225838264299803,0.0,0.8481262327416174,,,cvar,/Users/yaniszaim/deephedging/.deephedging_real_runs/final_paper_asian_panel/panel_sweeps/SPY_full_paper_grid_800_asian_call_step_robust/model_artifacts/seed_3456/risk_cvar/proto_source_vanilla_k_10_weighted_1_learnw_0,797.0,0.04395906119607389,val_loss,0.02577274851500988,0.27064794301986694,0.0,0.0,507.0,20.0,2.0,vanilla,10.0,True,False,0.14760559797286987,0.2684226632118225
proto_source=vanilla_k=10_weighted=1_learnw=0,test,3456,proto,-0.012578777968883514,0.014582141302525997,-0.06955314248800278,-0.03922686204314232,-0.05801557004451752,-0.008489103987812996,-5.315125454217765e-05,0.9489194499017681,-0.01243007555603981,0.000656888063531369,0.0008055902435444295,0.03208356723189354,0.26254600286483765,0.29296526312828064,1.0,0.04263261296660118,0.04263261296660118,0.0,0.8546168958742633,,,cvar,/Users/yaniszaim/deephedging/.deephedging_real_runs/final_paper_asian_panel/panel_sweeps/SPY_full_paper_grid_800_asian_call_step_robust/model_artifacts/seed_3456/risk_cvar/proto_source_vanilla_k_10_weighted_1_learnw_0,797.0,0.04395906119607389,val_loss,0.02577274851500988,0.27064794301986694,0.0,0.0,509.0,20.0,2.0,vanilla,10.0,True,False,0.14760559797286987,0.2684226632118225
proto_source=vanilla_k=25_weighted=0_learnw=0,train,3456,proto,-0.010995601303875446,0.014263665303587914,-0.05772314235568046,-0.03670920580625534,-0.05136987194418907,-0.006206199526786804,7.765162445139106e-05,0.9311945968763191,-0.01082080788910389,3.5406192182563245e-05,0.0002101998106809333,0.005064596422016621,0.09333622455596924,0.05146412178874016,0.09333622455596924,0.0,0.0,0.0,0.0,,,cvar,/Users/yaniszaim/deephedging/.deephedging_real_runs/final_paper_asian_panel/panel_sweeps/SPY_full_paper_grid_800_asian_call_step_robust/model_artifacts/seed_3456/risk_cvar/proto_source_vanilla_k_25_weighted_0_learnw_0,1.0,0.04301110711880028,val_loss,0.004869664087891579,0.04990890622138977,0.0,0.0,2369.0,20.0,2.0,vanilla,25.0,False,False,0.10152211785316467,0.17192065715789795
proto_source=vanilla_k=25_weighted=0_learnw=0,val,3456,proto,-0.011295085772871971,0.013787557370960712,-0.061183805167675014,-0.037586267292499545,-0.051728807389736176,-0.006468410138040781,9.666404075687747e-05,0.9289940828402367,-0.011120608076453209,3.541447586030699e-05,0.00020989209588151425,0.005064545664936304,0.08540008962154388,0.051460009068250656,0.08540008962154388,0.0,0.0,0.0,0.0,,,cvar,/Users/yaniszaim/deephedging/.deephedging_real_runs/final_paper_asian_panel/panel_sweeps/SPY_full_paper_grid_800_asian_call_step_robust/model_artifacts/seed_3456/risk_cvar/proto_source_vanilla_k_25_weighted_0_learnw_0,1.0,0.04301110711880028,val_loss,0.004869664087891579,0.04990890622138977,0.0,0.0,507.0,20.0,2.0,vanilla,25.0,False,False,0.10152211785316467,0.17192065715789795
proto_source=vanilla_k=25_weighted=0_learnw=0,test,3456,proto,-0.012613450177013874,0.015383141115307808,-0.06612668067216873,-0.042173239588737484,-0.06024644896388054,-0.00837906263768673,-2.084419247694366e-06,0.9508840864440079,-0.01243007555603981,2.6087816877407022e-05,0.00020946143195033073,0.00507101695984602,0.08937166631221771,0.051482148468494415,0.08937166631221771,0.0,0.0,0.0,0.0,,,cvar,/Users/yaniszaim/deephedging/.deephedging_real_runs/final_paper_asian_panel/panel_sweeps/SPY_full_paper_grid_800_asian_call_step_robust/model_artifacts/seed_3456/risk_cvar/proto_source_vanilla_k_25_weighted_0_learnw_0,1.0,0.04301110711880028,val_loss,0.004869664087891579,0.04990890622138977,0.0,0.0,509.0,20.0,2.0,vanilla,25.0,False,False,0.10152211785316467,0.17192065715789795
proto_source=vanilla_k=25_weighted=1_learnw=0,train,3456,proto,-0.011108948849141598,0.014431086368858814,-0.05809052810072899,-0.0371809609234333,-0.05190907418727875,-0.006291489582508802,0.0003981067566201084,0.8940481215702828,-0.01082080788910389,1.3150351151125506e-05,0.00030129135120660067,0.006457755342125893,0.09897852689027786,0.04562046378850937,0.09897852689027786,0.0,0.0,0.0,0.0,,,cvar,/Users/yaniszaim/deephedging/.deephedging_real_runs/final_paper_asian_panel/panel_sweeps/SPY_full_paper_grid_800_asian_call_step_robust/model_artifacts/seed_3456/risk_cvar/proto_source_vanilla_k_25_weighted_1_learnw_0,1.0,0.042822956955060366,val_loss,0.0034720879048109055,0.03224753588438034,0.0,0.0,2369.0,20.0,2.0,vanilla,25.0,True,False,0.1031186506152153,0.1598939597606659
proto_source=vanilla_k=25_weighted=1_learnw=0,val,3456,proto,-0.011409702710807323,0.01392619963735342,-0.06216164886951446,-0.037587748095393184,-0.05223912000656128,-0.006639527156949043,0.0004540787311270832,0.8974358974358975,-0.011120608076453209,1.201928716909606e-05,0.0003011144290212542,0.006460659205913544,0.09251384437084198,0.04562944918870926,0.09251384437084198,0.0,0.0,0.0,0.0,,,cvar,/Users/yaniszaim/deephedging/.deephedging_real_runs/final_paper_asian_panel/panel_sweeps/SPY_full_paper_grid_800_asian_call_step_robust/model_artifacts/seed_3456/risk_cvar/proto_source_vanilla_k_25_weighted_1_learnw_0,1.0,0.042822956955060366,val_loss,0.0034720879048109055,0.03224753588438034,0.0,0.0,507.0,20.0,2.0,vanilla,25.0,True,False,0.1031186506152153,0.1598939597606659
proto_source=vanilla_k=25_weighted=1_learnw=0,test,3456,proto,-0.01274038664996624,0.015518099069595337,-0.06698152422904968,-0.042398388683795925,-0.06062151491641998,-0.008681388571858406,0.0002899954910390066,0.9135559921414538,-0.01243007555603981,-9.506325113761704e-06,0.0003008040366694331,0.006468812935054302,0.09589338302612305,0.0457017607986927,0.09589338302612305,0.0,0.0,0.0,0.0,,,cvar,/Users/yaniszaim/deephedging/.deephedging_real_runs/final_paper_asian_panel/panel_sweeps/SPY_full_paper_grid_800_asian_call_step_robust/model_artifacts/seed_3456/risk_cvar/proto_source_vanilla_k_25_weighted_1_learnw_0,1.0,0.042822956955060366,val_loss,0.0034720879048109055,0.03224753588438034,0.0,0.0,509.0,20.0,2.0,vanilla,25.0,True,False,0.1031186506152153,0.1598939597606659
proto_source=vanilla_k=50_weighted=0_learnw=0,train,3456,proto,-0.010647520422935486,0.012217395007610321,-0.05151537045836449,-0.03236793577671051,-0.04539626091718674,-0.0068857804872095585,-9.784315770957632e-05,0.9556775010552976,-0.01082080788910389,0.00043108902173116803,0.00025780178839340806,0.025620296597480774,0.23293161392211914,0.4110049903392792,1.0,0.27010341916420433,0.27010341916420433,0.0,0.9995778809624314,,,cvar,/Users/yaniszaim/deephedging/.deephedging_real_runs/final_paper_asian_panel/panel_sweeps/SPY_full_paper_grid_800_asian_call_step_robust/model_artifacts/seed_3456/risk_cvar/proto_source_vanilla_k_50_weighted_0_learnw_0,611.0,0.04308378626987397,val_loss,0.0056452564895153046,0.060523588210344315,0.0005424063116370809,0.0019723865877712033,2369.0,20.0,2.0,vanilla,50.0,False,False,0.11964889615774155,0.27774104475975037
proto_source=vanilla_k=50_weighted=0_learnw=0,val,3456,proto,-0.010863441042602062,0.011956239119172096,-0.05401827149093151,-0.03426247499883175,-0.04646419733762741,-0.006885455455631018,-4.444772057468097e-05,0.9566074950690335,-0.011120608076453209,0.0005146337207406759,0.0002574669779278338,0.02558862790465355,0.23459406197071075,0.41101908683776855,1.0,0.2701183431952663,0.2701183431952663,0.0,0.9980276134122288,,,cvar,/Users/yaniszaim/deephedging/.deephedging_real_runs/final_paper_asian_panel/panel_sweeps/SPY_full_paper_grid_800_asian_call_step_robust/model_artifacts/seed_3456/risk_cvar/proto_source_vanilla_k_50_weighted_0_learnw_0,611.0,0.04308378626987397,val_loss,0.0056452564895153046,0.060523588210344315,0.0005424063116370809,0.0019723865877712033,507.0,20.0,2.0,vanilla,50.0,False,False,0.11964889615774155,0.27774104475975037
proto_source=vanilla_k=50_weighted=0_learnw=0,test,3456,proto,-0.012055153027176857,0.013105793856084347,-0.059611207246780394,-0.03696179166436195,-0.053675729781389236,-0.008249307982623577,-0.00034782730508595876,0.9705304518664047,-0.01243007555603981,0.000632860348559916,0.00025793752865865827,0.025653909891843796,0.21827691793441772,0.40991732478141785,1.0,0.2692043222003929,0.2692043222003929,0.0,1.0,,,cvar,/Users/yaniszaim/deephedging/.deephedging_real_runs/final_paper_asian_panel/panel_sweeps/SPY_full_paper_grid_800_asian_call_step_robust/model_artifacts/seed_3456/risk_cvar/proto_source_vanilla_k_50_weighted_0_learnw_0,611.0,0.04308378626987397,val_loss,0.0056452564895153046,0.060523588210344315,0.0005424063116370809,0.0019723865877712033,509.0,20.0,2.0,vanilla,50.0,False,False,0.11964889615774155,0.27774104475975037
proto_source=vanilla_k=50_weighted=1_learnw=0,train,3456,proto,-0.010970288887619972,0.014132917858660221,-0.05722941905260086,-0.036572172492742534,-0.0510534904897213,-0.006057236809283495,0.00034440081799402806,0.9012241452089489,-0.01082080788910389,0.00011955690570175648,0.0002690378751140088,0.010781765915453434,0.06257714331150055,0.06909823417663574,0.27376946806907654,0.0,0.0,0.0,0.0,,,cvar,/Users/yaniszaim/deephedging/.deephedging_real_runs/final_paper_asian_panel/panel_sweeps/SPY_full_paper_grid_800_asian_call_step_robust/model_artifacts/seed_3456/risk_cvar/proto_source_vanilla_k_50_weighted_1_learnw_0,2.0,0.043079373487271366,val_loss,0.01048185396939516,0.11106236279010773,0.0,0.0,2369.0,20.0,2.0,vanilla,50.0,True,False,0.0752379521727562,0.1634894609451294
proto_source=vanilla_k=50_weighted=1_learnw=0,val,3456,proto,-0.01124192401766777,0.013619683682918549,-0.06063446529209614,-0.03711243271827698,-0.0512082576751709,-0.006629697512835264,0.0003952079394366592,0.9112426035502958,-0.011120608076453209,0.00014780017954763025,0.00026911625172942877,0.010789187625050545,0.06037120893597603,0.06910440325737,0.2747916579246521,0.0,0.0,0.0,0.0,,,cvar,/Users/yaniszaim/deephedging/.deephedging_real_runs/final_paper_asian_panel/panel_sweeps/SPY_full_paper_grid_800_asian_call_step_robust/model_artifacts/seed_3456/risk_cvar/proto_source_vanilla_k_50_weighted_1_learnw_0,2.0,0.043079373487271366,val_loss,0.01048185396939516,0.11106236279010773,0.0,0.0,507.0,20.0,2.0,vanilla,50.0,True,False,0.0752379521727562,0.1634894609451294
proto_source=vanilla_k=50_weighted=1_learnw=0,test,3456,proto,-0.012558898888528347,0.01520590204745531,-0.06568325757980346,-0.04177079200744629,-0.059616126120090485,-0.008371383883059025,0.000202723586698993,0.9155206286836935,-0.01243007555603981,0.00014049863966647536,0.00026932155014947057,0.01078394241631031,0.061052024364471436,0.06888262927532196,0.267884224653244,0.0,0.0,0.0,0.0,,,cvar,/Users/yaniszaim/deephedging/.deephedging_real_runs/final_paper_asian_panel/panel_sweeps/SPY_full_paper_grid_800_asian_call_step_robust/model_artifacts/seed_3456/risk_cvar/proto_source_vanilla_k_50_weighted_1_learnw_0,2.0,0.043079373487271366,val_loss,0.01048185396939516,0.11106236279010773,0.0,0.0,509.0,20.0,2.0,vanilla,50.0,True,False,0.0752379521727562,0.1634894609451294
proto_source=vanilla_k=100_weighted=0_learnw=0,train,3456,proto,-0.010914742015302181,0.014290028251707554,-0.058415103405714035,-0.03680390194058418,-0.05131205543875694,-0.006232705898582935,4.3337959505151875e-05,0.9130434782608695,-0.01082080788910389,-9.909550499287434e-06,8.402356615988538e-05,0.0016704944428056479,0.03904768452048302,0.022544987499713898,0.057739026844501495,0.0,0.0,0.0,0.0,,,cvar,/Users/yaniszaim/deephedging/.deephedging_real_runs/final_paper_asian_panel/panel_sweeps/SPY_full_paper_grid_800_asian_call_step_robust/model_artifacts/seed_3456/risk_cvar/proto_source_vanilla_k_100_weighted_0_learnw_0,3.0,0.042713608354679314,val_loss,0.0016666435403749347,0.02262108214199543,0.0,0.0,2369.0,20.0,2.0,vanilla,100.0,False,False,0.05085417628288269,0.1718137115240097
proto_source=vanilla_k=100_weighted=0_learnw=0,val,3456,proto,-0.01122109405696392,0.013847148045897484,-0.06082788720726967,-0.037805406376719475,-0.05176224932074547,-0.006303179543465376,2.6026368141174285e-05,0.9250493096646942,-0.011120608076453209,-1.660507587075699e-05,8.388105197809637e-05,0.0016718643018975854,0.03475527837872505,0.022537557408213615,0.04151823744177818,0.0,0.0,0.0,0.0,,,cvar,/Users/yaniszaim/deephedging/.deephedging_real_runs/final_paper_asian_panel/panel_sweeps/SPY_full_paper_grid_800_asian_call_step_robust/model_artifacts/seed_3456/risk_cvar/proto_source_vanilla_k_100_weighted_0_learnw_0,3.0,0.042713608354679314,val_loss,0.0016666435403749347,0.02262108214199543,0.0,0.0,507.0,20.0,2.0,vanilla,100.0,False,False,0.05085417628288269,0.1718137115240097
proto_source=vanilla_k=100_weighted=0_learnw=0,test,3456,proto,-0.01253512967377901,0.015472769737243652,-0.06609836608171463,-0.041836094856262204,-0.060510315001010895,-0.008314263075590134,1.9192532636225197e-05,0.9390962671905697,-0.01243007555603981,-2.142871198884677e-05,8.362565858988091e-05,0.0016752956435084343,0.036696773022413254,0.022589480504393578,0.042853862047195435,0.0,0.0,0.0,0.0,,,cvar,/Users/yaniszaim/deephedging/.deephedging_real_runs/final_paper_asian_panel/panel_sweeps/SPY_full_paper_grid_800_asian_call_step_robust/model_artifacts/seed_3456/risk_cvar/proto_source_vanilla_k_100_weighted_0_learnw_0,3.0,0.042713608354679314,val_loss,0.0016666435403749347,0.02262108214199543,0.0,0.0,509.0,20.0,2.0,vanilla,100.0,False,False,0.05085417628288269,0.1718137115240097
proto_source=vanilla_k=100_weighted=1_learnw=0,train,3456,proto,-0.010945050977170467,0.01416472066193819,-0.05743958413600922,-0.036370231211185454,-0.050885267555713654,-0.0064103989861905575,0.00037825851468369353,0.8725200506542845,-0.01082080788910389,1.7983693396672606e-06,0.00012604099174495786,0.0038845697417855263,0.11820349097251892,0.03765229135751724,0.2182079255580902,0.0,0.0,0.0,0.0,,,cvar,/Users/yaniszaim/deephedging/.deephedging_real_runs/final_paper_asian_panel/panel_sweeps/SPY_full_paper_grid_800_asian_call_step_robust/model_artifacts/seed_3456/risk_cvar/proto_source_vanilla_k_100_weighted_1_learnw_0,256.0,0.04328286191215738,val_loss,0.006150092463940382,0.09596171230077744,0.0,0.0,2369.0,20.0,2.0,vanilla,100.0,True,False,0.1147841140627861,0.30519425868988037
proto_source=vanilla_k=100_weighted=1_learnw=0,val,3456,proto,-0.011164276860654354,0.013740986585617065,-0.058594856858253476,-0.037969009578228,-0.05122721195220947,-0.0064661577343940735,0.000335550948511809,0.8796844181459567,-0.011120608076453209,7.777511200401932e-05,0.0001214444637298584,0.0037824660539627075,0.10469719767570496,0.03747636079788208,0.21442808210849762,0.0,0.0,0.0,0.0,,,cvar,/Users/yaniszaim/deephedging/.deephedging_real_runs/final_paper_asian_panel/panel_sweeps/SPY_full_paper_grid_800_asian_call_step_robust/model_artifacts/seed_3456/risk_cvar/proto_source_vanilla_k_100_weighted_1_learnw_0,256.0,0.04328286191215738,val_loss,0.006150092463940382,0.09596171230077744,0.0,0.0,507.0,20.0,2.0,vanilla,100.0,True,False,0.1147841140627861,0.30519425868988037
proto_source=vanilla_k=100_weighted=1_learnw=0,test,3456,proto,-0.012563016265630722,0.015426657162606716,-0.0674889999628067,-0.040037361532449724,-0.06068022921681404,-0.008279546163976192,0.00019503657822497164,0.9056974459724951,-0.01243007555603981,-7.68283825891558e-06,0.00012525622150860727,0.003862128360196948,0.10016249865293503,0.038526806980371475,0.21869111061096191,0.0,0.0,0.0,0.0,,,cvar,/Users/yaniszaim/deephedging/.deephedging_real_runs/final_paper_asian_panel/panel_sweeps/SPY_full_paper_grid_800_asian_call_step_robust/model_artifacts/seed_3456/risk_cvar/proto_source_vanilla_k_100_weighted_1_learnw_0,256.0,0.04328286191215738,val_loss,0.006150092463940382,0.09596171230077744,0.0,0.0,509.0,20.0,2.0,vanilla,100.0,True,False,0.1147841140627861,0.30519425868988037
