model,split,seed,model_family,gains_mean,gains_std,gains_p01,gains_p05,gains_cvar05,gains_p50,gains_p95,shortfall_prob,payoff_mean,pnl_mean,cost_mean,action_abs_mean,action_abs_max,delta_abs_mean,delta_abs_max,pct_at_any_position_bound,pct_at_upper_position_bound,pct_at_lower_position_bound,pct_paths_touch_any_position_bound,selected_band,baseline_selection_metric,risk_measure,artifact_dir,selected_epoch,selected_score,selection_metric,selected_val_action_abs_mean,selected_val_delta_abs_mean,selected_val_pct_at_any_position_bound,selected_val_pct_paths_touch_any_position_bound,n_paths,n_steps,n_inst,prototype_source,n_prototypes,weighted_similarity,learn_distance_feature_weights,proto_action_norm_mean,proto_action_norm_max
unhedged,train,1234,baseline,-0.016526661813259125,0.026834068819880486,-0.12257987022399902,-0.0681861937046051,-0.10283662378787994,-0.0020865797996520996,0.0,0.5308035714285714,-0.016526661813259125,0.0,0.0,0.0,0.0,0.0,0.0,0.0,0.0,0.0,0.0,,,,,,,,,,,,,,,,,,,,
spot_delta,train,1234,baseline,-0.016533441841602325,0.025377970188856125,-0.11541594862937928,-0.06435846723616123,-0.09627984464168549,-0.008633439894765615,0.007022842927835876,0.7897321428571429,-0.016526661813259125,0.00016596524801570922,0.00017274591664317995,0.021575063467025757,0.5913040041923523,0.25697991251945496,0.5913040041923523,0.0,0.0,0.0,0.0,,,,,,,,,,,,,,,,,,,,
spot_delta_band,train,1234,baseline,-0.016498446464538574,0.02522646263241768,-0.11620032392442227,-0.06507230438292026,-0.09692205488681793,-0.008301164489239454,0.005968355247750873,0.7941964285714286,-0.016526661813259125,0.00012749021698255092,9.927577775670215e-05,0.01241198368370533,0.5413039922714233,0.24357973039150238,0.5413039922714233,0.0,0.0,0.0,0.0,0.05,gains_mean,,,,,,,,,,,,,,,,,,
unhedged,val,1234,baseline,-0.0172888096421957,0.03052404522895813,-0.1464120101928711,-0.06989427804946899,-0.11445027589797974,-0.0015535354614257812,0.0,0.5166666666666667,-0.0172888096421957,0.0,0.0,0.0,0.0,0.0,0.0,0.0,0.0,0.0,0.0,,,,,,,,,,,,,,,,,,,,
spot_delta,val,1234,baseline,-0.01733655110001564,0.027186822146177292,-0.11568229332566261,-0.06399628669023513,-0.10050242394208908,-0.008267542812973261,0.006187801575288173,0.7875,-0.0172888096421957,0.00012674594472628087,0.00017448714061174542,0.021766971796751022,0.5890989899635315,0.2570447027683258,0.5913040041923523,0.0,0.0,0.0,0.0,,,,,,,,,,,,,,,,,,,,
spot_delta_band,val,1234,baseline,-0.0171334408223629,0.027319392189383507,-0.11910430245101451,-0.06365052126348018,-0.10194921493530273,-0.00798439932987094,0.005376363336108624,0.8,-0.0172888096421957,0.00025511125568300486,9.974141721613705e-05,0.012466490268707275,0.5390989780426025,0.24384117126464844,0.5413039922714233,0.0,0.0,0.0,0.0,0.05,gains_mean,,,,,,,,,,,,,,,,,,
unhedged,test,1234,baseline,-0.015421194955706596,0.025624390691518784,-0.10656120777130126,-0.06448507308959961,-0.0924038514494896,0.0,0.0,0.4760914760914761,-0.015421194955706596,0.0,0.0,0.0,0.0,0.0,0.0,0.0,0.0,0.0,0.0,,,,,,,,,,,,,,,,,,,,
spot_delta,test,1234,baseline,-0.015585951507091522,0.02492346055805683,-0.10051489621400833,-0.06577817350625992,-0.09084618836641312,-0.0061611211858689785,0.0072505599819123745,0.7505197505197505,-0.015421194955706596,6.244794803933473e-06,0.00017100120021495968,0.021377401426434517,0.5836640000343323,0.2576090097427368,0.5890989899635315,0.0,0.0,0.0,0.0,,,,,,,,,,,,,,,,,,,,
spot_delta_band,test,1234,baseline,-0.015572799369692802,0.024874946102499962,-0.10210816860198975,-0.06648757308721542,-0.09125185012817383,-0.0060909162275493145,0.006641917861998081,0.7525987525987526,-0.015421194955706596,-5.211549432715401e-05,9.948820661520585e-05,0.012440772727131844,0.5336639881134033,0.24408908188343048,0.5390989780426025,0.0,0.0,0.0,0.0,0.05,gains_mean,,,,,,,,,,,,,,,,,,
vanilla,train,1234,vanilla,-0.016542360186576843,0.024719230830669403,-0.11523617006838321,-0.06439045332372188,-0.09671972692012787,-0.004493273561820388,-0.0004004359128884979,0.9933035714285714,-0.016526661813259125,0.0001323102624155581,0.00014800809731241316,0.015699101611971855,0.06052795797586441,0.2071063071489334,0.6244634985923767,0.0,0.0,0.0,0.0,,,cvar,/Users/yaniszaim/deephedging/.deephedging_real_runs/final_paper_asian_panel/panel_sweeps/XLE_full_paper_grid_800_asian_call_step_robust/model_artifacts/seed_1234/risk_cvar/vanilla,172.0,0.06959521716460586,val_loss,0.015871595591306686,0.2105703055858612,0.0,0.0,2240.0,20.0,2.0,,,,,,
vanilla,val,1234,vanilla,-0.017185362055897713,0.028263146057724953,-0.13759154111146926,-0.06587071046233177,-0.10778958350419998,-0.003915407927706838,-0.00034946548694279135,0.9979166666666667,-0.0172888096421957,0.0002513932704459876,0.00014794607704970986,0.01570328325033188,0.0605296716094017,0.20714396238327026,0.6265832185745239,0.0,0.0,0.0,0.0,,,cvar,/Users/yaniszaim/deephedging/.deephedging_real_runs/final_paper_asian_panel/panel_sweeps/XLE_full_paper_grid_800_asian_call_step_robust/model_artifacts/seed_1234/risk_cvar/vanilla,172.0,0.06959521716460586,val_loss,0.015871595591306686,0.2105703055858612,0.0,0.0,480.0,20.0,2.0,,,,,,
vanilla,test,1234,vanilla,-0.015603169798851013,0.023526232689619064,-0.09992337375879287,-0.060879286378622055,-0.08687515556812286,-0.0035989631433039904,-0.00038630893686786294,0.9937629937629938,-0.015421194955706596,-3.416371328057721e-05,0.00014781072968617082,0.015694595873355865,0.06052664667367935,0.20705993473529816,0.6238723993301392,0.0,0.0,0.0,0.0,,,cvar,/Users/yaniszaim/deephedging/.deephedging_real_runs/final_paper_asian_panel/panel_sweeps/XLE_full_paper_grid_800_asian_call_step_robust/model_artifacts/seed_1234/risk_cvar/vanilla,172.0,0.06959521716460586,val_loss,0.015871595591306686,0.2105703055858612,0.0,0.0,481.0,20.0,2.0,,,,,,
proto_source=spot_delta_k=10_weighted=0_learnw=0,train,1234,proto,-0.016310136765241623,0.026429520919919014,-0.12451913632452488,-0.06936885677278042,-0.1020045354962349,-0.004580357810482383,0.0023210078245028843,0.7566964285714286,-0.016526661813259125,0.00030601397156715393,8.949061157181859e-05,0.006302074529230595,0.6014891862869263,0.04560437053442001,1.0,0.004799107142857143,0.003470982142857143,0.001328125,0.04285714285714286,,,cvar,/Users/yaniszaim/deephedging/.deephedging_real_runs/final_paper_asian_panel/panel_sweeps/XLE_full_paper_grid_800_asian_call_step_robust/model_artifacts/seed_1234/risk_cvar/proto_source_spot_delta_k_10_weighted_0_learnw_0,498.0,0.06942330726142971,val_loss,0.015195916406810284,0.145558163523674,0.008125,0.06666666666666667,2240.0,20.0,2.0,spot_delta,10.0,False,False,0.15237721800804138,0.6014891862869263
proto_source=spot_delta_k=10_weighted=0_learnw=0,val,1234,proto,-0.01662798598408699,0.028089549392461777,-0.1288314951956272,-0.0693578965961933,-0.10574302077293396,-0.0034871742827817798,0.0024241863400675315,0.7291666666666666,-0.0172888096421957,0.0007340055308304727,7.318110874621198e-05,0.005545206367969513,0.6014891862869263,0.04000406712293625,1.0,0.00234375,0.00234375,0.0,0.022916666666666665,,,cvar,/Users/yaniszaim/deephedging/.deephedging_real_runs/final_paper_asian_panel/panel_sweeps/XLE_full_paper_grid_800_asian_call_step_robust/model_artifacts/seed_1234/risk_cvar/proto_source_spot_delta_k_10_weighted_0_learnw_0,498.0,0.06942330726142971,val_loss,0.015195916406810284,0.145558163523674,0.008125,0.06666666666666667,480.0,20.0,2.0,spot_delta,10.0,False,False,0.15237721800804138,0.6014891862869263
proto_source=spot_delta_k=10_weighted=0_learnw=0,test,1234,proto,-0.015035218559205532,0.025543617084622383,-0.0974896028637886,-0.06456609070301056,-0.09106973558664322,-0.0028689808677881956,0.0030296691693365574,0.7401247401247402,-0.015421194955706596,0.0004858512547798455,9.987383964471519e-05,0.006922594737261534,0.6014891862869263,0.050952233374118805,1.0,0.006288981288981289,0.004106029106029106,0.002182952182952183,0.056133056133056136,,,cvar,/Users/yaniszaim/deephedging/.deephedging_real_runs/final_paper_asian_panel/panel_sweeps/XLE_full_paper_grid_800_asian_call_step_robust/model_artifacts/seed_1234/risk_cvar/proto_source_spot_delta_k_10_weighted_0_learnw_0,498.0,0.06942330726142971,val_loss,0.015195916406810284,0.145558163523674,0.008125,0.06666666666666667,481.0,20.0,2.0,spot_delta,10.0,False,False,0.15237721800804138,0.6014891862869263
proto_source=spot_delta_k=10_weighted=1_learnw=0,train,1234,proto,-0.01656455360352993,0.02409384213387966,-0.11614968463778495,-0.062334624119102955,-0.09581335633993149,-0.006248826161026955,-0.0003133197009447037,0.9691964285714286,-0.016526661813259125,0.00025844108313322067,0.0002963320293929428,0.024453476071357727,0.1926763355731964,0.31123289465904236,1.0,0.0011160714285714285,0.0006138392857142857,0.0005022321428571428,0.026785714285714284,,,cvar,/Users/yaniszaim/deephedging/.deephedging_real_runs/final_paper_asian_panel/panel_sweeps/XLE_full_paper_grid_800_asian_call_step_robust/model_artifacts/seed_1234/risk_cvar/proto_source_spot_delta_k_10_weighted_1_learnw_0,10.0,0.06951117529533804,val_loss,0.019183574244379997,0.20238767564296722,0.0,0.0,2240.0,20.0,2.0,spot_delta,10.0,True,False,0.07462314516305923,0.20161882042884827
proto_source=spot_delta_k=10_weighted=1_learnw=0,val,1234,proto,-0.017261968925595284,0.027876557782292366,-0.13113831140100957,-0.06274861469864845,-0.10707318782806396,-0.005251915194094181,-0.00028526762034744097,0.9645833333333333,-0.0172888096421957,0.00031645261333324015,0.0002896099758800119,0.024313855916261673,0.19266369938850403,0.31397584080696106,1.0,0.00026041666666666666,0.00026041666666666666,0.0,0.008333333333333333,,,cvar,/Users/yaniszaim/deephedging/.deephedging_real_runs/final_paper_asian_panel/panel_sweeps/XLE_full_paper_grid_800_asian_call_step_robust/model_artifacts/seed_1234/risk_cvar/proto_source_spot_delta_k_10_weighted_1_learnw_0,10.0,0.06951117529533804,val_loss,0.019183574244379997,0.20238767564296722,0.0,0.0,480.0,20.0,2.0,spot_delta,10.0,True,False,0.07462314516305923,0.20161882042884827
proto_source=spot_delta_k=10_weighted=1_learnw=0,test,1234,proto,-0.015789924189448357,0.023808149620890617,-0.10798358768224717,-0.05749744921922684,-0.08850637078285217,-0.005173535086214542,0.00034583231899887323,0.9355509355509356,-0.015421194955706596,-7.980518421391025e-05,0.00028892423142679036,0.024221420288085938,0.1926763355731964,0.30950987339019775,1.0,0.0010395010395010396,0.0007796257796257797,0.0002598752598752599,0.029106029106029108,,,cvar,/Users/yaniszaim/deephedging/.deephedging_real_runs/final_paper_asian_panel/panel_sweeps/XLE_full_paper_grid_800_asian_call_step_robust/model_artifacts/seed_1234/risk_cvar/proto_source_spot_delta_k_10_weighted_1_learnw_0,10.0,0.06951117529533804,val_loss,0.019183574244379997,0.20238767564296722,0.0,0.0,481.0,20.0,2.0,spot_delta,10.0,True,False,0.07462314516305923,0.20161882042884827
proto_source=spot_delta_k=25_weighted=0_learnw=0,train,1234,proto,-0.016116484999656677,0.024273714050650597,-0.11225208520889282,-0.06206020247191191,-0.09496893733739853,-0.005300961434841156,0.0005097214423585671,0.9191964285714286,-0.016526661813259125,0.0006607678369618952,0.0002505906159058213,0.024934731423854828,0.43945038318634033,0.22185644507408142,1.0,0.00025669642857142856,0.0,0.00025669642857142856,0.004464285714285714,,,cvar,/Users/yaniszaim/deephedging/.deephedging_real_runs/final_paper_asian_panel/panel_sweeps/XLE_full_paper_grid_800_asian_call_step_robust/model_artifacts/seed_1234/risk_cvar/proto_source_spot_delta_k_25_weighted_0_learnw_0,213.0,0.068656954701369,val_loss,0.021755201742053032,0.1973910927772522,0.0009895833333333334,0.010416666666666666,2240.0,20.0,2.0,spot_delta,25.0,False,False,0.12570084631443024,0.4397101402282715
proto_source=spot_delta_k=25_weighted=0_learnw=0,val,1234,proto,-0.016978617757558823,0.0283579770475626,-0.12961858987808228,-0.06399789601564407,-0.10752555727958679,-0.004770664731040597,0.0010205303959082803,0.8895833333333333,-0.0172888096421957,0.0005576617550104856,0.0002474697830621153,0.024688301607966423,0.4388895034790039,0.2216181457042694,1.0,0.00078125,0.0,0.00078125,0.010416666666666666,,,cvar,/Users/yaniszaim/deephedging/.deephedging_real_runs/final_paper_asian_panel/panel_sweeps/XLE_full_paper_grid_800_asian_call_step_robust/model_artifacts/seed_1234/risk_cvar/proto_source_spot_delta_k_25_weighted_0_learnw_0,213.0,0.068656954701369,val_loss,0.021755201742053032,0.1973910927772522,0.0009895833333333334,0.010416666666666666,480.0,20.0,2.0,spot_delta,25.0,False,False,0.12570084631443024,0.4397101402282715
proto_source=spot_delta_k=25_weighted=0_learnw=0,test,1234,proto,-0.015291196294128895,0.0231911763548851,-0.08686405271291733,-0.05935981124639511,-0.08532895892858505,-0.004823523107916117,0.0006594256265088916,0.9043659043659044,-0.015421194955706596,0.00037962954957038164,0.0002496305969543755,0.02487131953239441,0.43893206119537354,0.22002483904361725,1.0,5.197505197505198e-05,0.0,5.197505197505198e-05,0.002079002079002079,,,cvar,/Users/yaniszaim/deephedging/.deephedging_real_runs/final_paper_asian_panel/panel_sweeps/XLE_full_paper_grid_800_asian_call_step_robust/model_artifacts/seed_1234/risk_cvar/proto_source_spot_delta_k_25_weighted_0_learnw_0,213.0,0.068656954701369,val_loss,0.021755201742053032,0.1973910927772522,0.0009895833333333334,0.010416666666666666,481.0,20.0,2.0,spot_delta,25.0,False,False,0.12570084631443024,0.4397101402282715
proto_source=spot_delta_k=25_weighted=1_learnw=0,train,1234,proto,-0.01651463843882084,0.02589423395693302,-0.11935164801776409,-0.06711450815200806,-0.09988616406917572,-0.0032702888129279017,0.0005525727930944391,0.8714285714285714,-0.016526661813259125,4.683895531343296e-05,3.481514795566909e-05,0.00425822613760829,0.14270690083503723,0.06069832295179367,0.32379117608070374,0.0,0.0,0.0,0.0,,,cvar,/Users/yaniszaim/deephedging/.deephedging_real_runs/final_paper_asian_panel/panel_sweeps/XLE_full_paper_grid_800_asian_call_step_robust/model_artifacts/seed_1234/risk_cvar/proto_source_spot_delta_k_25_weighted_1_learnw_0,16.0,0.06898269824683667,val_loss,0.006161853671073914,0.07782420516014099,0.0,0.0,2240.0,20.0,2.0,spot_delta,25.0,True,False,0.0762164369225502,0.17539739608764648
proto_source=spot_delta_k=25_weighted=1_learnw=0,val,1234,proto,-0.017228344455361366,0.029574807733297348,-0.14006380140781402,-0.06826065294444561,-0.1111890897154808,-0.00239442044403404,0.0005587417777860536,0.8583333333333333,-0.0172888096421957,9.518138540443033e-05,3.471608943073079e-05,0.004235289990901947,0.10464265942573547,0.060366127640008926,0.31033554673194885,0.0,0.0,0.0,0.0,,,cvar,/Users/yaniszaim/deephedging/.deephedging_real_runs/final_paper_asian_panel/panel_sweeps/XLE_full_paper_grid_800_asian_call_step_robust/model_artifacts/seed_1234/risk_cvar/proto_source_spot_delta_k_25_weighted_1_learnw_0,16.0,0.06898269824683667,val_loss,0.006161853671073914,0.07782420516014099,0.0,0.0,480.0,20.0,2.0,spot_delta,25.0,True,False,0.0762164369225502,0.17539739608764648
proto_source=spot_delta_k=25_weighted=1_learnw=0,test,1234,proto,-0.015453052707016468,0.024738306179642677,-0.10396463423967361,-0.06284081935882568,-0.08983488380908966,-0.002072706585749984,0.0006094600539654493,0.8544698544698545,-0.015421194955706596,3.0890923881088383e-06,3.494641350698657e-05,0.004280293360352516,0.09137466549873352,0.06059758737683296,0.3002575933933258,0.0,0.0,0.0,0.0,,,cvar,/Users/yaniszaim/deephedging/.deephedging_real_runs/final_paper_asian_panel/panel_sweeps/XLE_full_paper_grid_800_asian_call_step_robust/model_artifacts/seed_1234/risk_cvar/proto_source_spot_delta_k_25_weighted_1_learnw_0,16.0,0.06898269824683667,val_loss,0.006161853671073914,0.07782420516014099,0.0,0.0,481.0,20.0,2.0,spot_delta,25.0,True,False,0.0762164369225502,0.17539739608764648
proto_source=spot_delta_k=50_weighted=0_learnw=0,train,1234,proto,-0.01653580367565155,0.025116298347711563,-0.11464600309729576,-0.06397585347294807,-0.09784413874149323,-0.005998370936140418,0.002080117643345141,0.8392857142857143,-0.016526661813259125,0.00010910813580267131,0.00011825023830169812,0.013208127580583096,0.2691692113876343,0.1703895926475525,1.0,0.0007700892857142857,0.0007700892857142857,0.0,0.004910714285714286,,,cvar,/Users/yaniszaim/deephedging/.deephedging_real_runs/final_paper_asian_panel/panel_sweeps/XLE_full_paper_grid_800_asian_call_step_robust/model_artifacts/seed_1234/risk_cvar/proto_source_spot_delta_k_50_weighted_0_learnw_0,182.0,0.06936640057402353,val_loss,0.011296452954411507,0.12171956151723862,0.0026041666666666665,0.010416666666666666,2240.0,20.0,2.0,spot_delta,50.0,False,False,0.13822446763515472,0.406735360622406
proto_source=spot_delta_k=50_weighted=0_learnw=0,val,1234,proto,-0.01726805791258812,0.029185276478528976,-0.1422298014163971,-0.06622422710061072,-0.11020313948392868,-0.005319148767739534,0.0027942986111156552,0.8145833333333333,-0.0172888096421957,0.00014071712212171406,0.000119965618068818,0.013253442011773586,0.26488709449768066,0.17135441303253174,1.0,0.0016145833333333333,0.0016145833333333333,0.0,0.008333333333333333,,,cvar,/Users/yaniszaim/deephedging/.deephedging_real_runs/final_paper_asian_panel/panel_sweeps/XLE_full_paper_grid_800_asian_call_step_robust/model_artifacts/seed_1234/risk_cvar/proto_source_spot_delta_k_50_weighted_0_learnw_0,182.0,0.06936640057402353,val_loss,0.011296452954411507,0.12171956151723862,0.0026041666666666665,0.010416666666666666,480.0,20.0,2.0,spot_delta,50.0,False,False,0.13822446763515472,0.406735360622406
proto_source=spot_delta_k=50_weighted=0_learnw=0,test,1234,proto,-0.015493922866880894,0.02414524182677269,-0.1003030389547348,-0.06168597564101219,-0.08845710754394531,-0.00449363375082612,0.002424361649900675,0.8108108108108109,-0.015421194955706596,4.52678395959083e-05,0.00011799599451478571,0.01321000698953867,0.16355139017105103,0.1703900247812271,1.0,0.0009875259875259876,0.0009875259875259876,0.0,0.004158004158004158,,,cvar,/Users/yaniszaim/deephedging/.deephedging_real_runs/final_paper_asian_panel/panel_sweeps/XLE_full_paper_grid_800_asian_call_step_robust/model_artifacts/seed_1234/risk_cvar/proto_source_spot_delta_k_50_weighted_0_learnw_0,182.0,0.06936640057402353,val_loss,0.011296452954411507,0.12171956151723862,0.0026041666666666665,0.010416666666666666,481.0,20.0,2.0,spot_delta,50.0,False,False,0.13822446763515472,0.406735360622406
proto_source=spot_delta_k=50_weighted=1_learnw=0,train,1234,proto,-0.01617416925728321,0.02416979894042015,-0.1144798880070448,-0.06339552886784076,-0.09512216597795486,-0.005517390789464116,4.1738936124600904e-05,0.9477678571428572,-0.016526661813259125,0.0005930509069003165,0.000240560359088704,0.026292555034160614,0.3198119103908539,0.22980298101902008,1.0,0.0001674107142857143,0.0,0.0001674107142857143,0.0017857142857142857,,,cvar,/Users/yaniszaim/deephedging/.deephedging_real_runs/final_paper_asian_panel/panel_sweeps/XLE_full_paper_grid_800_asian_call_step_robust/model_artifacts/seed_1234/risk_cvar/proto_source_spot_delta_k_50_weighted_1_learnw_0,120.0,0.0688890343233943,val_loss,0.02551325410604477,0.19888323545455933,0.00046875,0.008333333333333333,2240.0,20.0,2.0,spot_delta,50.0,True,False,0.09176389873027802,0.32662010192871094
proto_source=spot_delta_k=50_weighted=1_learnw=0,val,1234,proto,-0.01662781834602356,0.026319211348891258,-0.11486760824918747,-0.06280008144676685,-0.1018182709813118,-0.004727044375613332,0.00032313415722455725,0.93125,-0.0172888096421957,0.0009007466724142432,0.00023975499789230525,0.026081044226884842,0.3025672733783722,0.22979357838630676,1.0,0.000625,0.0,0.000625,0.008333333333333333,,,cvar,/Users/yaniszaim/deephedging/.deephedging_real_runs/final_paper_asian_panel/panel_sweeps/XLE_full_paper_grid_800_asian_call_step_robust/model_artifacts/seed_1234/risk_cvar/proto_source_spot_delta_k_50_weighted_1_learnw_0,120.0,0.0688890343233943,val_loss,0.02551325410604477,0.19888323545455933,0.00046875,0.008333333333333333,480.0,20.0,2.0,spot_delta,50.0,True,False,0.09176389873027802,0.32662010192871094
proto_source=spot_delta_k=50_weighted=1_learnw=0,test,1234,proto,-0.015472824685275555,0.02430567890405655,-0.10669313371181488,-0.060735661536455154,-0.09238999336957932,-0.004306752700358629,0.00017957307863980532,0.9459459459459459,-0.015421194955706596,0.00019302590226288885,0.0002446557627990842,0.026751864701509476,0.3227386474609375,0.22501428425312042,1.0,0.0002079002079002079,0.0,0.0002079002079002079,0.006237006237006237,,,cvar,/Users/yaniszaim/deephedging/.deephedging_real_runs/final_paper_asian_panel/panel_sweeps/XLE_full_paper_grid_800_asian_call_step_robust/model_artifacts/seed_1234/risk_cvar/proto_source_spot_delta_k_50_weighted_1_learnw_0,120.0,0.0688890343233943,val_loss,0.02551325410604477,0.19888323545455933,0.00046875,0.008333333333333333,481.0,20.0,2.0,spot_delta,50.0,True,False,0.09176389873027802,0.32662010192871094
proto_source=spot_delta_k=100_weighted=0_learnw=0,train,1234,proto,-0.016518937423825264,0.02514953911304474,-0.11438589900732041,-0.06730384714901447,-0.09771828353404999,-0.005083438707515597,0.0013449897407554077,0.8611607142857143,-0.016526661813259125,0.00019438343588262796,0.00018665958486963063,0.01817420870065689,0.5141618847846985,0.14906242489814758,1.0,0.004587053571428572,0.004453125,0.00013392857142857144,0.019196428571428573,,,cvar,/Users/yaniszaim/deephedging/.deephedging_real_runs/final_paper_asian_panel/panel_sweeps/XLE_full_paper_grid_800_asian_call_step_robust/model_artifacts/seed_1234/risk_cvar/proto_source_spot_delta_k_100_weighted_0_learnw_0,129.0,0.06924097820681831,val_loss,0.018843038007616997,0.1903829127550125,0.0008333333333333334,0.0020833333333333333,2240.0,20.0,2.0,spot_delta,100.0,False,False,0.0754861831665039,0.5141711235046387
proto_source=spot_delta_k=100_weighted=0_learnw=0,val,1234,proto,-0.01702432706952095,0.028027307242155075,-0.11977773219347,-0.06667541898787022,-0.10535182803869247,-0.004373789997771382,0.0012946588220074733,0.8604166666666667,-0.0172888096421957,0.000429156789323315,0.00016467180103063583,0.017789389938116074,0.5141022205352783,0.1444193571805954,1.0,0.002447916666666667,0.00203125,0.0004166666666666667,0.0125,,,cvar,/Users/yaniszaim/deephedging/.deephedging_real_runs/final_paper_asian_panel/panel_sweeps/XLE_full_paper_grid_800_asian_call_step_robust/model_artifacts/seed_1234/risk_cvar/proto_source_spot_delta_k_100_weighted_0_learnw_0,129.0,0.06924097820681831,val_loss,0.018843038007616997,0.1903829127550125,0.0008333333333333334,0.0020833333333333333,480.0,20.0,2.0,spot_delta,100.0,False,False,0.0754861831665039,0.5141711235046387
proto_source=spot_delta_k=100_weighted=0_learnw=0,test,1234,proto,-0.01569497026503086,0.023995451629161835,-0.10631825625896454,-0.06155049428343773,-0.08831225335597992,-0.004045137204229832,0.0015215631574392319,0.8648648648648649,-0.015421194955706596,-8.062087727012113e-05,0.00019315406098030508,0.018147407099604607,0.5141618847846985,0.14932949841022491,1.0,0.006081081081081081,0.005353430353430354,0.0007276507276507277,0.02079002079002079,,,cvar,/Users/yaniszaim/deephedging/.deephedging_real_runs/final_paper_asian_panel/panel_sweeps/XLE_full_paper_grid_800_asian_call_step_robust/model_artifacts/seed_1234/risk_cvar/proto_source_spot_delta_k_100_weighted_0_learnw_0,129.0,0.06924097820681831,val_loss,0.018843038007616997,0.1903829127550125,0.0008333333333333334,0.0020833333333333333,481.0,20.0,2.0,spot_delta,100.0,False,False,0.0754861831665039,0.5141711235046387
proto_source=spot_delta_k=100_weighted=1_learnw=0,train,1234,proto,-0.016533736139535904,0.024503193795681,-0.11445709794759751,-0.06353671327233315,-0.09579018503427505,-0.0061066849157214165,0.0016990162257570771,0.8678571428571429,-0.016526661813259125,0.00014184642350301147,0.00014892054605297744,0.014496149495244026,0.11649914085865021,0.21263833343982697,0.5923193693161011,0.0,0.0,0.0,0.0,,,cvar,/Users/yaniszaim/deephedging/.deephedging_real_runs/final_paper_asian_panel/panel_sweeps/XLE_full_paper_grid_800_asian_call_step_robust/model_artifacts/seed_1234/risk_cvar/proto_source_spot_delta_k_100_weighted_1_learnw_0,17.0,0.0692621695715934,val_loss,0.01318594254553318,0.165085569024086,0.0,0.0,2240.0,20.0,2.0,spot_delta,100.0,True,False,0.06401693820953369,0.16925328969955444
proto_source=spot_delta_k=100_weighted=1_learnw=0,val,1234,proto,-0.017070021480321884,0.027944417670369148,-0.129745921343565,-0.06869318820536137,-0.10608947277069092,-0.005301473429426551,0.0014820116513874358,0.8479166666666667,-0.0172888096421957,0.000367093802196905,0.00014830574218649417,0.014377791434526443,0.1164991557598114,0.2121296226978302,0.5077384114265442,0.0,0.0,0.0,0.0,,,cvar,/Users/yaniszaim/deephedging/.deephedging_real_runs/final_paper_asian_panel/panel_sweeps/XLE_full_paper_grid_800_asian_call_step_robust/model_artifacts/seed_1234/risk_cvar/proto_source_spot_delta_k_100_weighted_1_learnw_0,17.0,0.0692621695715934,val_loss,0.01318594254553318,0.165085569024086,0.0,0.0,480.0,20.0,2.0,spot_delta,100.0,True,False,0.06401693820953369,0.16925328969955444
proto_source=spot_delta_k=100_weighted=1_learnw=0,test,1234,proto,-0.01548422034829855,0.02365786023437977,-0.09903813302516937,-0.0616028755903244,-0.0865529328584671,-0.004695041570812464,0.0019932957366108894,0.8336798336798337,-0.015421194955706596,8.515366062056273e-05,0.00014817826740909368,0.014451584778726101,0.11649912595748901,0.21296089887619019,0.5795722007751465,0.0,0.0,0.0,0.0,,,cvar,/Users/yaniszaim/deephedging/.deephedging_real_runs/final_paper_asian_panel/panel_sweeps/XLE_full_paper_grid_800_asian_call_step_robust/model_artifacts/seed_1234/risk_cvar/proto_source_spot_delta_k_100_weighted_1_learnw_0,17.0,0.0692621695715934,val_loss,0.01318594254553318,0.165085569024086,0.0,0.0,481.0,20.0,2.0,spot_delta,100.0,True,False,0.06401693820953369,0.16925328969955444
proto_source=vanilla_k=10_weighted=0_learnw=0,train,1234,proto,-0.016668690368533134,0.026632416993379593,-0.12164877384901046,-0.06825832054018974,-0.10241644829511642,-0.002395954914391041,0.00011929935644729958,0.9151785714285714,-0.016526661813259125,2.451194086461328e-05,0.0001665415766183287,0.004498353693634272,0.06547088921070099,0.045485831797122955,0.10254204273223877,0.0,0.0,0.0,0.0,,,cvar,/Users/yaniszaim/deephedging/.deephedging_real_runs/final_paper_asian_panel/panel_sweeps/XLE_full_paper_grid_800_asian_call_step_robust/model_artifacts/seed_1234/risk_cvar/proto_source_vanilla_k_10_weighted_0_learnw_0,1.0,0.06956571650924162,val_loss,0.004671009723097086,0.04520919546484947,0.0,0.0,2240.0,20.0,2.0,vanilla,10.0,False,False,0.10204540193080902,0.14933331310749054
proto_source=vanilla_k=10_weighted=0_learnw=0,val,1234,proto,-0.017427342012524605,0.030351513996720314,-0.14594472870230674,-0.06968005038797855,-0.11417609453201294,-0.0018468605121597648,8.878117587300884e-05,0.925,-0.0172888096421957,2.790885446302127e-05,0.00016643844719510525,0.004502266179770231,0.057943057268857956,0.045510318130254745,0.09773518145084381,0.0,0.0,0.0,0.0,,,cvar,/Users/yaniszaim/deephedging/.deephedging_real_runs/final_paper_asian_panel/panel_sweeps/XLE_full_paper_grid_800_asian_call_step_robust/model_artifacts/seed_1234/risk_cvar/proto_source_vanilla_k_10_weighted_0_learnw_0,1.0,0.06956571650924162,val_loss,0.004671009723097086,0.04520919546484947,0.0,0.0,480.0,20.0,2.0,vanilla,10.0,False,False,0.10204540193080902,0.14933331310749054
proto_source=vanilla_k=10_weighted=0_learnw=0,test,1234,proto,-0.015576761215925217,0.025372589007019997,-0.10564019531011581,-0.06451430171728134,-0.09178842604160309,-0.0009465098264627159,0.0001031179417623207,0.9272349272349273,-0.015421194955706596,1.1749277291528415e-05,0.00016731524374336004,0.004507437348365784,0.05794478580355644,0.04545960575342178,0.10117459297180176,0.0,0.0,0.0,0.0,,,cvar,/Users/yaniszaim/deephedging/.deephedging_real_runs/final_paper_asian_panel/panel_sweeps/XLE_full_paper_grid_800_asian_call_step_robust/model_artifacts/seed_1234/risk_cvar/proto_source_vanilla_k_10_weighted_0_learnw_0,1.0,0.06956571650924162,val_loss,0.004671009723097086,0.04520919546484947,0.0,0.0,481.0,20.0,2.0,vanilla,10.0,False,False,0.10204540193080902,0.14933331310749054
proto_source=vanilla_k=10_weighted=1_learnw=0,train,1234,proto,-0.016741659492254257,0.026210471987724304,-0.11992946788668632,-0.06742499805986882,-0.10121627897024155,-0.003710901946760714,0.0010907042014878143,0.8678571428571429,-0.016526661813259125,7.467113027814776e-05,0.00028966920217499137,0.013485802337527275,0.08288151025772095,0.11320725828409195,0.3712379038333893,0.0,0.0,0.0,0.0,,,cvar,/Users/yaniszaim/deephedging/.deephedging_real_runs/final_paper_asian_panel/panel_sweeps/XLE_full_paper_grid_800_asian_call_step_robust/model_artifacts/seed_1234/risk_cvar/proto_source_vanilla_k_10_weighted_1_learnw_0,2.0,0.06965294853784143,val_loss,0.011162804439663887,0.12369697540998459,0.0,0.0,2240.0,20.0,2.0,vanilla,10.0,True,False,0.09739066660404205,0.15340468287467957
proto_source=vanilla_k=10_weighted=1_learnw=0,val,1234,proto,-0.01746954768896103,0.03005504608154297,-0.14569088846445083,-0.07012911289930343,-0.11362745612859726,-0.003080629394389689,0.0008598457236075773,0.8583333333333333,-0.0172888096421957,0.00010847413796000183,0.00028921006014570594,0.013483582995831966,0.08287807554006577,0.11322140693664551,0.3840258717536926,0.0,0.0,0.0,0.0,,,cvar,/Users/yaniszaim/deephedging/.deephedging_real_runs/final_paper_asian_panel/panel_sweeps/XLE_full_paper_grid_800_asian_call_step_robust/model_artifacts/seed_1234/risk_cvar/proto_source_vanilla_k_10_weighted_1_learnw_0,2.0,0.06965294853784143,val_loss,0.011162804439663887,0.12369697540998459,0.0,0.0,480.0,20.0,2.0,vanilla,10.0,True,False,0.09739066660404205,0.15340468287467957
proto_source=vanilla_k=10_weighted=1_learnw=0,test,1234,proto,-0.01567469723522663,0.0249103344976902,-0.10316408723592758,-0.06302713602781296,-0.09024852514266968,-0.0026275520212948322,0.0010624541901051998,0.8669438669438669,-0.015421194955706596,3.65444939234294e-05,0.00029004659154452384,0.013490422628819942,0.08288238197565079,0.11320701986551285,0.35288605093955994,0.0,0.0,0.0,0.0,,,cvar,/Users/yaniszaim/deephedging/.deephedging_real_runs/final_paper_asian_panel/panel_sweeps/XLE_full_paper_grid_800_asian_call_step_robust/model_artifacts/seed_1234/risk_cvar/proto_source_vanilla_k_10_weighted_1_learnw_0,2.0,0.06965294853784143,val_loss,0.011162804439663887,0.12369697540998459,0.0,0.0,481.0,20.0,2.0,vanilla,10.0,True,False,0.09739066660404205,0.15340468287467957
proto_source=vanilla_k=25_weighted=0_learnw=0,train,1234,proto,-0.016754720360040665,0.025290194898843765,-0.11673634111881256,-0.06633194908499718,-0.09809629619121552,-0.00509912334382534,0.0009025339444633509,0.884375,-0.016526661813259125,9.096827852772549e-05,0.00031902812770567834,0.01085963286459446,0.1470707803964615,0.1706846058368683,0.8190404772758484,0.0,0.0,0.0,0.0,,,cvar,/Users/yaniszaim/deephedging/.deephedging_real_runs/final_paper_asian_panel/panel_sweeps/XLE_full_paper_grid_800_asian_call_step_robust/model_artifacts/seed_1234/risk_cvar/proto_source_vanilla_k_25_weighted_0_learnw_0,256.0,0.07002692306879908,val_loss,0.011864711530506611,0.1905234456062317,0.0,0.0,2240.0,20.0,2.0,vanilla,25.0,False,False,0.09791599214076996,0.16603653132915497
proto_source=vanilla_k=25_weighted=0_learnw=0,val,1234,proto,-0.017342984676361084,0.028625961393117905,-0.13385790467262268,-0.06631808616220951,-0.10826148837804794,-0.003965598531067371,0.0008968468056991694,0.8791666666666667,-0.0172888096421957,0.00026777261518873274,0.0003219459322281182,0.010841954499483109,0.14647316932678223,0.17050288617610931,0.5365307927131653,0.0,0.0,0.0,0.0,,,cvar,/Users/yaniszaim/deephedging/.deephedging_real_runs/final_paper_asian_panel/panel_sweeps/XLE_full_paper_grid_800_asian_call_step_robust/model_artifacts/seed_1234/risk_cvar/proto_source_vanilla_k_25_weighted_0_learnw_0,256.0,0.07002692306879908,val_loss,0.011864711530506611,0.1905234456062317,0.0,0.0,480.0,20.0,2.0,vanilla,25.0,False,False,0.09791599214076996,0.16603653132915497
proto_source=vanilla_k=25_weighted=0_learnw=0,test,1234,proto,-0.015728674829006195,0.024316702038049698,-0.1004422128200531,-0.062174130231142044,-0.0888698399066925,-0.0035398220643401146,0.0011504394933581352,0.8690228690228691,-0.015421194955706596,9.604115803085733e-06,0.0003170832642354071,0.010899636894464493,0.14724203944206238,0.17139016091823578,0.5917781591415405,0.0,0.0,0.0,0.0,,,cvar,/Users/yaniszaim/deephedging/.deephedging_real_runs/final_paper_asian_panel/panel_sweeps/XLE_full_paper_grid_800_asian_call_step_robust/model_artifacts/seed_1234/risk_cvar/proto_source_vanilla_k_25_weighted_0_learnw_0,256.0,0.07002692306879908,val_loss,0.011864711530506611,0.1905234456062317,0.0,0.0,481.0,20.0,2.0,vanilla,25.0,False,False,0.09791599214076996,0.16603653132915497
proto_source=vanilla_k=25_weighted=1_learnw=0,train,1234,proto,-0.01682334952056408,0.02418743446469307,-0.11156709887087345,-0.0644232403486967,-0.0950038805603981,-0.006898956373333931,0.0010844860807992449,0.9040178571428571,-0.016526661813259125,0.00023061039973981678,0.0005273008719086647,0.031002864241600037,0.1339547336101532,0.3268713355064392,1.0,0.07516741071428572,0.07516741071428572,0.0,0.9995535714285714,,,cvar,/Users/yaniszaim/deephedging/.deephedging_real_runs/final_paper_asian_panel/panel_sweeps/XLE_full_paper_grid_800_asian_call_step_robust/model_artifacts/seed_1234/risk_cvar/proto_source_vanilla_k_25_weighted_1_learnw_0,11.0,0.06992402733303606,val_loss,0.018324555829167366,0.19517293572425842,0.0,0.0,2240.0,20.0,2.0,vanilla,25.0,True,False,0.11151323467493057,0.16301195323467255
proto_source=vanilla_k=25_weighted=1_learnw=0,val,1234,proto,-0.0174102820456028,0.02803804725408554,-0.13661584243178368,-0.06551935374736785,-0.10750766843557358,-0.005881344433873892,0.0006135213858215136,0.9104166666666667,-0.0172888096421957,0.0004052662116009742,0.0005267385276965797,0.03101092390716076,0.13352319598197937,0.32648608088493347,1.0,0.07494791666666667,0.07494791666666667,0.0,0.9979166666666667,,,cvar,/Users/yaniszaim/deephedging/.deephedging_real_runs/final_paper_asian_panel/panel_sweeps/XLE_full_paper_grid_800_asian_call_step_robust/model_artifacts/seed_1234/risk_cvar/proto_source_vanilla_k_25_weighted_1_learnw_0,11.0,0.06992402733303606,val_loss,0.018324555829167366,0.19517293572425842,0.0,0.0,480.0,20.0,2.0,vanilla,25.0,True,False,0.11151323467493057,0.16301195323467255
proto_source=vanilla_k=25_weighted=1_learnw=0,test,1234,proto,-0.015907619148492813,0.022897526621818542,-0.09740462601184845,-0.060202885419130325,-0.08448422700166702,-0.005656134802848101,0.001179198268800974,0.9064449064449065,-0.015421194955706596,4.032455763081089e-05,0.0005267487140372396,0.030991313979029655,0.10169267654418945,0.3269927501678467,1.0,0.07525987525987526,0.07525987525987526,0.0,1.0,,,cvar,/Users/yaniszaim/deephedging/.deephedging_real_runs/final_paper_asian_panel/panel_sweeps/XLE_full_paper_grid_800_asian_call_step_robust/model_artifacts/seed_1234/risk_cvar/proto_source_vanilla_k_25_weighted_1_learnw_0,11.0,0.06992402733303606,val_loss,0.018324555829167366,0.19517293572425842,0.0,0.0,481.0,20.0,2.0,vanilla,25.0,True,False,0.11151323467493057,0.16301195323467255
proto_source=vanilla_k=50_weighted=0_learnw=0,train,1234,proto,-0.018267178907990456,0.025180593132972717,-0.11657882302999496,-0.06760998778045177,-0.09866871684789658,-0.007957357447594404,0.0010378753708209629,0.9191964285714286,-0.016526661813259125,0.00016077620966825634,0.001901294686831534,0.04798771068453789,0.14905019104480743,0.2338249385356903,0.9128090143203735,0.0,0.0,0.0,0.0,,,cvar,/Users/yaniszaim/deephedging/.deephedging_real_runs/final_paper_asian_panel/panel_sweeps/XLE_full_paper_grid_800_asian_call_step_robust/model_artifacts/seed_1234/risk_cvar/proto_source_vanilla_k_50_weighted_0_learnw_0,9.0,0.07239192361012102,val_loss,0.050130296498537064,0.2669428586959839,0.0,0.0,2240.0,20.0,2.0,vanilla,50.0,False,False,0.13951057195663452,0.20288041234016418
proto_source=vanilla_k=50_weighted=0_learnw=0,val,1234,proto,-0.018848877400159836,0.028409922495484352,-0.1407964262366295,-0.06510783918201923,-0.1099010705947876,-0.007020332384854555,0.0008088116359431279,0.9270833333333334,-0.0172888096421957,0.0003430139913689345,0.0019030817784368992,0.04796047881245613,0.13952197134494781,0.2333245873451233,0.8791071176528931,0.0,0.0,0.0,0.0,,,cvar,/Users/yaniszaim/deephedging/.deephedging_real_runs/final_paper_asian_panel/panel_sweeps/XLE_full_paper_grid_800_asian_call_step_robust/model_artifacts/seed_1234/risk_cvar/proto_source_vanilla_k_50_weighted_0_learnw_0,9.0,0.07239192361012102,val_loss,0.050130296498537064,0.2669428586959839,0.0,0.0,480.0,20.0,2.0,vanilla,50.0,False,False,0.13951057195663452,0.20288041234016418
proto_source=vanilla_k=50_weighted=0_learnw=0,test,1234,proto,-0.017380977049469948,0.02408505789935589,-0.10179035365581512,-0.0664813220500946,-0.09126541018486023,-0.00690134521573782,0.0006315448554232717,0.9272349272349273,-0.015421194955706596,-6.233972089830786e-05,0.0018974404083564878,0.04801550880074501,0.13940227031707764,0.234188973903656,0.8820562362670898,0.0,0.0,0.0,0.0,,,cvar,/Users/yaniszaim/deephedging/.deephedging_real_runs/final_paper_asian_panel/panel_sweeps/XLE_full_paper_grid_800_asian_call_step_robust/model_artifacts/seed_1234/risk_cvar/proto_source_vanilla_k_50_weighted_0_learnw_0,9.0,0.07239192361012102,val_loss,0.050130296498537064,0.2669428586959839,0.0,0.0,481.0,20.0,2.0,vanilla,50.0,False,False,0.13951057195663452,0.20288041234016418
proto_source=vanilla_k=50_weighted=1_learnw=0,train,1234,proto,-0.01737816445529461,0.025982344523072243,-0.12089912794530391,-0.06748687513172626,-0.10151846706867218,-0.004592522047460079,0.0001408083480782799,0.9383928571428571,-0.016526661813259125,9.074832632904872e-05,0.0009422519360668957,0.020307889208197594,0.1117592304944992,0.13909760117530823,0.6070005893707275,0.0,0.0,0.0,0.0,,,cvar,/Users/yaniszaim/deephedging/.deephedging_real_runs/final_paper_asian_panel/panel_sweeps/XLE_full_paper_grid_800_asian_call_step_robust/model_artifacts/seed_1234/risk_cvar/proto_source_vanilla_k_50_weighted_1_learnw_0,198.0,0.07105585512332618,val_loss,0.028232580050826073,0.28670594096183777,0.00171875,0.04375,2240.0,20.0,2.0,vanilla,50.0,True,False,0.08861245959997177,0.19509853422641754
proto_source=vanilla_k=50_weighted=1_learnw=0,val,1234,proto,-0.018288612365722656,0.029818352311849594,-0.1450296938419342,-0.06829581260681152,-0.11379319429397583,-0.004445013822987676,0.00021763825789093808,0.9416666666666667,-0.0172888096421957,-5.639138908009045e-05,0.0009434112580493093,0.020378142595291138,0.11096464842557907,0.14116241037845612,0.596310019493103,0.0,0.0,0.0,0.0,,,cvar,/Users/yaniszaim/deephedging/.deephedging_real_runs/final_paper_asian_panel/panel_sweeps/XLE_full_paper_grid_800_asian_call_step_robust/model_artifacts/seed_1234/risk_cvar/proto_source_vanilla_k_50_weighted_1_learnw_0,198.0,0.07105585512332618,val_loss,0.028232580050826073,0.28670594096183777,0.00171875,0.04375,480.0,20.0,2.0,vanilla,50.0,True,False,0.08861245959997177,0.19509853422641754
proto_source=vanilla_k=50_weighted=1_learnw=0,test,1234,proto,-0.016439786180853844,0.02483975701034069,-0.1054094061255455,-0.06322251260280609,-0.09121225029230118,-0.004020548891276121,2.2862805053591728e-05,0.9480249480249481,-0.015421194955706596,-8.014206832740456e-05,0.0009384487639181316,0.02030225098133087,0.11079426854848862,0.13909843564033508,0.5997458696365356,0.0,0.0,0.0,0.0,,,cvar,/Users/yaniszaim/deephedging/.deephedging_real_runs/final_paper_asian_panel/panel_sweeps/XLE_full_paper_grid_800_asian_call_step_robust/model_artifacts/seed_1234/risk_cvar/proto_source_vanilla_k_50_weighted_1_learnw_0,198.0,0.07105585512332618,val_loss,0.028232580050826073,0.28670594096183777,0.00171875,0.04375,481.0,20.0,2.0,vanilla,50.0,True,False,0.08861245959997177,0.19509853422641754
proto_source=vanilla_k=100_weighted=0_learnw=0,train,1234,proto,-0.016772236675024033,0.026763658970594406,-0.12390250541269779,-0.06910672783851624,-0.10282598435878754,-0.003298240713775158,0.0012399522063788017,0.8044642857142857,-0.016526661813259125,-7.610641659994144e-06,0.00023796393361408263,0.007266009692102671,0.08744291216135025,0.05045804753899574,0.08744291216135025,0.0,0.0,0.0,0.0,,,cvar,/Users/yaniszaim/deephedging/.deephedging_real_runs/final_paper_asian_panel/panel_sweeps/XLE_full_paper_grid_800_asian_call_step_robust/model_artifacts/seed_1234/risk_cvar/proto_source_vanilla_k_100_weighted_0_learnw_0,118.0,0.0704578267270699,val_loss,0.01104832161217928,0.11624769866466522,0.0,0.0,2240.0,20.0,2.0,vanilla,100.0,False,False,0.07643694430589676,0.20961536467075348
proto_source=vanilla_k=100_weighted=0_learnw=0,val,1234,proto,-0.017536362633109093,0.030221223831176758,-0.1438829381763935,-0.06846952773630618,-0.11346408724784851,-0.002444204641506076,0.0009862896869890388,0.8020833333333334,-0.0172888096421957,-1.0235771696898155e-05,0.00023731589317321777,0.007269153371453285,0.08753922581672668,0.05040570721030235,0.08753922581672668,0.0,0.0,0.0,0.0,,,cvar,/Users/yaniszaim/deephedging/.deephedging_real_runs/final_paper_asian_panel/panel_sweeps/XLE_full_paper_grid_800_asian_call_step_robust/model_artifacts/seed_1234/risk_cvar/proto_source_vanilla_k_100_weighted_0_learnw_0,118.0,0.0704578267270699,val_loss,0.01104832161217928,0.11624769866466522,0.0,0.0,480.0,20.0,2.0,vanilla,100.0,False,False,0.07643694430589676,0.20961536467075348
proto_source=vanilla_k=100_weighted=0_learnw=0,test,1234,proto,-0.015665344893932343,0.025641921907663345,-0.10733868777751923,-0.06389689445495605,-0.09279292076826096,-0.0020922806579619646,0.0012822033604606986,0.7692307692307693,-0.015421194955706596,-6.265756383072585e-06,0.00023788372345734388,0.007263206411153078,0.08736839145421982,0.0503820963203907,0.08736839145421982,0.0,0.0,0.0,0.0,,,cvar,/Users/yaniszaim/deephedging/.deephedging_real_runs/final_paper_asian_panel/panel_sweeps/XLE_full_paper_grid_800_asian_call_step_robust/model_artifacts/seed_1234/risk_cvar/proto_source_vanilla_k_100_weighted_0_learnw_0,118.0,0.0704578267270699,val_loss,0.01104832161217928,0.11624769866466522,0.0,0.0,481.0,20.0,2.0,vanilla,100.0,False,False,0.07643694430589676,0.20961536467075348
proto_source=vanilla_k=100_weighted=1_learnw=0,train,1234,proto,-0.01698688045144081,0.025196218863129616,-0.11545948028564453,-0.06614650040864944,-0.09828130155801773,-0.005988852819427848,0.0011476296815089789,0.9013392857142857,-0.016526661813259125,0.00015816262748558074,0.0006183835212141275,0.027741115540266037,0.09761247783899307,0.25727659463882446,0.8228704333305359,0.0,0.0,0.0,0.0,,,cvar,/Users/yaniszaim/deephedging/.deephedging_real_runs/final_paper_asian_panel/panel_sweeps/XLE_full_paper_grid_800_asian_call_step_robust/model_artifacts/seed_1234/risk_cvar/proto_source_vanilla_k_100_weighted_1_learnw_0,25.0,0.0718091668561101,val_loss,0.030755557119846344,0.36488884687423706,0.0,0.0,2240.0,20.0,2.0,vanilla,100.0,True,False,0.12378184497356415,0.1970471441745758
proto_source=vanilla_k=100_weighted=1_learnw=0,val,1234,proto,-0.017655329778790474,0.02914775349199772,-0.14166463270783425,-0.06891395226120949,-0.1112852469086647,-0.005072483792901039,0.0008071176242083259,0.9125,-0.0172888096421957,0.0002538703556638211,0.0006203876109793782,0.027760006487369537,0.09762860089540482,0.2574115991592407,0.8229512572288513,0.0,0.0,0.0,0.0,,,cvar,/Users/yaniszaim/deephedging/.deephedging_real_runs/final_paper_asian_panel/panel_sweeps/XLE_full_paper_grid_800_asian_call_step_robust/model_artifacts/seed_1234/risk_cvar/proto_source_vanilla_k_100_weighted_1_learnw_0,25.0,0.0718091668561101,val_loss,0.030755557119846344,0.36488884687423706,0.0,0.0,480.0,20.0,2.0,vanilla,100.0,True,False,0.12378184497356415,0.1970471441745758
proto_source=vanilla_k=100_weighted=1_learnw=0,test,1234,proto,-0.015975171700119972,0.023837795481085777,-0.0987576648592949,-0.061337292194366455,-0.08719214797019958,-0.005012213718146086,0.001109324861317873,0.9043659043659044,-0.015421194955706596,6.350647163344547e-05,0.0006174814770929515,0.027745693922042847,0.09759987145662308,0.25703394412994385,0.8228077292442322,0.0,0.0,0.0,0.0,,,cvar,/Users/yaniszaim/deephedging/.deephedging_real_runs/final_paper_asian_panel/panel_sweeps/XLE_full_paper_grid_800_asian_call_step_robust/model_artifacts/seed_1234/risk_cvar/proto_source_vanilla_k_100_weighted_1_learnw_0,25.0,0.0718091668561101,val_loss,0.030755557119846344,0.36488884687423706,0.0,0.0,481.0,20.0,2.0,vanilla,100.0,True,False,0.12378184497356415,0.1970471441745758
unhedged,train,2345,baseline,-0.016543520614504814,0.027575459331274033,-0.12417605876922608,-0.06924023032188416,-0.10477088391780853,-0.0016344785690307617,0.0,0.5227678571428571,-0.016543520614504814,0.0,0.0,0.0,0.0,0.0,0.0,0.0,0.0,0.0,0.0,,,,,,,,,,,,,,,,,,,,
spot_delta,train,2345,baseline,-0.016617175191640854,0.02569640427827835,-0.11746585816144943,-0.06578126177191734,-0.09669041633605957,-0.008397495839744806,0.0069231889210641315,0.7861607142857143,-0.016543520614504814,9.891526133287698e-05,0.00017256925639230758,0.021551983430981636,0.5913040041923523,0.2570464015007019,0.5913040041923523,0.0,0.0,0.0,0.0,,,,,,,,,,,,,,,,,,,,
spot_delta_band,train,2345,baseline,-0.01656898483633995,0.025617089122533798,-0.1171519821882248,-0.06649679653346538,-0.09750001132488251,-0.007922513410449028,0.005775055149570098,0.7915178571428572,-0.016543520614504814,7.389800157397985e-05,9.936146670952439e-05,0.012422260828316212,0.5413039922714233,0.24364283680915833,0.5413039922714233,0.0,0.0,0.0,0.0,0.05,gains_mean,,,,,,,,,,,,,,,,,,
unhedged,val,2345,baseline,-0.018113307654857635,0.028476575389504433,-0.12477517247200012,-0.0678982138633728,-0.10990333557128906,-0.003544747829437256,0.0,0.55,-0.018113307654857635,0.0,0.0,0.0,0.0,0.0,0.0,0.0,0.0,0.0,0.0,,,,,,,,,,,,,,,,,,,,
spot_delta,val,2345,baseline,-0.01785430498421192,0.026989731937646866,-0.11882236547768116,-0.06651932522654533,-0.1029563769698143,-0.00938477087765932,0.0062064393656328124,0.80625,-0.018113307654857635,0.00043258655932731926,0.0001735843252390623,0.021655941382050514,0.5857629776000977,0.2571639120578766,0.5913040041923523,0.0,0.0,0.0,0.0,,,,,,,,,,,,,,,,,,,,
spot_delta_band,val,2345,baseline,-0.017761612311005592,0.026918375864624977,-0.12129190512001514,-0.06796809062361717,-0.10372995585203171,-0.008725557010620832,0.006111661926843225,0.7979166666666667,-0.018113307654857635,0.0004512458108365536,9.955033601727337e-05,0.012444580905139446,0.5357629656791687,0.2439834624528885,0.5413039922714233,0.0,0.0,0.0,0.0,0.05,gains_mean,,,,,,,,,,,,,,,,,,
unhedged,test,2345,baseline,-0.014519896358251572,0.024177782237529755,-0.10211193561553955,-0.06612277030944824,-0.08849679678678513,0.0,0.0,0.4802494802494803,-0.014519896358251572,0.0,0.0,0.0,0.0,0.0,0.0,0.0,0.0,0.0,0.0,,,,,,,,,,,,,,,,,,,,
spot_delta,test,2345,baseline,-0.014679331332445145,0.023503707721829414,-0.09530951231718063,-0.058284059166908264,-0.0859464481472969,-0.006496794987469912,0.0069272397086024284,0.7484407484407485,-0.014519896358251572,1.3289667549543083e-05,0.00017272484546992928,0.021595671772956848,0.5881500244140625,0.2571803629398346,0.5913040041923523,0.0,0.0,0.0,0.0,,,,,,,,,,,,,,,,,,,,
spot_delta_band,test,2345,baseline,-0.014617442153394222,0.02332557924091816,-0.0973145917057991,-0.05816960334777832,-0.0862058475613594,-0.005858727730810642,0.0058404975570738316,0.7671517671517671,-0.014519896358251572,1.7347925904687145e-06,9.927983774105087e-05,0.012414774857461452,0.5381500124931335,0.24365335702896118,0.5413039922714233,0.0,0.0,0.0,0.0,0.05,gains_mean,,,,,,,,,,,,,,,,,,
vanilla,train,2345,vanilla,-0.01655299961566925,0.026263289153575897,-0.11956860929727554,-0.06685924008488656,-0.10101211071014404,-0.0031505258521065116,-3.113508519163681e-05,0.95625,-0.016543520614504814,8.426715066889301e-05,9.374693036079407e-05,0.01100935973227024,0.02828778326511383,0.1258121132850647,0.44019562005996704,0.0,0.0,0.0,0.0,,,cvar,/Users/yaniszaim/deephedging/.deephedging_real_runs/final_paper_asian_panel/panel_sweeps/XLE_full_paper_grid_800_asian_call_step_robust/model_artifacts/seed_2345/risk_cvar/vanilla,75.0,0.07219452085904778,val_loss,0.011371320113539696,0.1314978301525116,0.0,0.0,2240.0,20.0,2.0,,,,,,
vanilla,val,2345,vanilla,-0.017983686178922653,0.027075983583927155,-0.12007919415831565,-0.06578090861439705,-0.10565545409917831,-0.004257200518622994,-0.0002120751640177348,0.96875,-0.018113307654857635,0.00022370989609044045,9.409027552464977e-05,0.01101075578480959,0.0282793827354908,0.12582288682460785,0.4400694668292999,0.0,0.0,0.0,0.0,,,cvar,/Users/yaniszaim/deephedging/.deephedging_real_runs/final_paper_asian_panel/panel_sweeps/XLE_full_paper_grid_800_asian_call_step_robust/model_artifacts/seed_2345/risk_cvar/vanilla,75.0,0.07219452085904778,val_loss,0.011371320113539696,0.1314978301525116,0.0,0.0,480.0,20.0,2.0,,,,,,
vanilla,test,2345,vanilla,-0.014635096304118633,0.022970132529735565,-0.09767341762781143,-0.06235574185848236,-0.0851224809885025,-0.002470104256644845,-1.744383916957304e-05,0.9521829521829522,-0.014519896358251572,-2.200146445829887e-05,9.319851960754022e-05,0.01100365724414587,0.028287451714277267,0.12574191391468048,0.4399930238723755,0.0,0.0,0.0,0.0,,,cvar,/Users/yaniszaim/deephedging/.deephedging_real_runs/final_paper_asian_panel/panel_sweeps/XLE_full_paper_grid_800_asian_call_step_robust/model_artifacts/seed_2345/risk_cvar/vanilla,75.0,0.07219452085904778,val_loss,0.011371320113539696,0.1314978301525116,0.0,0.0,481.0,20.0,2.0,,,,,,
proto_source=spot_delta_k=10_weighted=0_learnw=0,train,2345,proto,-0.016112713143229485,0.0256362147629261,-0.12658829852938652,-0.06350984014570712,-0.09845481812953949,-0.0035240122815594077,4.6971187839517176e-05,0.9410714285714286,-0.016543520614504814,0.0005380199290812016,0.00010721305443439633,0.012668618932366371,0.7442582845687866,0.1277925968170166,1.0,0.0004129464285714286,0.0004129464285714286,0.0,0.005803571428571429,,,cvar,/Users/yaniszaim/deephedging/.deephedging_real_runs/final_paper_asian_panel/panel_sweeps/XLE_full_paper_grid_800_asian_call_step_robust/model_artifacts/seed_2345/risk_cvar/proto_source_spot_delta_k_10_weighted_0_learnw_0,790.0,0.07025381411549945,val_loss,0.013114707544445992,0.12265162169933319,0.0009895833333333334,0.008333333333333333,2240.0,20.0,2.0,spot_delta,10.0,False,False,0.14963282644748688,0.7442641258239746
proto_source=spot_delta_k=10_weighted=0_learnw=0,val,2345,proto,-0.01697908155620098,0.02381454035639763,-0.09509443610906601,-0.06792507953941822,-0.08987167477607727,-0.004282468464225531,-9.769644238986135e-05,0.9583333333333334,-0.018113307654857635,0.0012445752508938313,0.00011035035277018324,0.012918734923005104,0.7442582845687866,0.12659820914268494,1.0,0.0004166666666666667,0.0004166666666666667,0.0,0.004166666666666667,,,cvar,/Users/yaniszaim/deephedging/.deephedging_real_runs/final_paper_asian_panel/panel_sweeps/XLE_full_paper_grid_800_asian_call_step_robust/model_artifacts/seed_2345/risk_cvar/proto_source_spot_delta_k_10_weighted_0_learnw_0,790.0,0.07025381411549945,val_loss,0.013114707544445992,0.12265162169933319,0.0009895833333333334,0.008333333333333333,480.0,20.0,2.0,spot_delta,10.0,False,False,0.14963282644748688,0.7442641258239746
proto_source=spot_delta_k=10_weighted=0_learnw=0,test,2345,proto,-0.01475594099611044,0.024201883003115654,-0.10469225943088531,-0.06445123255252838,-0.08955220133066177,-0.0026761603076010942,0.0001722118176985532,0.9272349272349273,-0.014519896358251572,-0.00012961366155650467,0.0001064308307832107,0.01267997920513153,0.7442582845687866,0.13038325309753418,1.0,0.0004677754677754678,0.0004677754677754678,0.0,0.006237006237006237,,,cvar,/Users/yaniszaim/deephedging/.deephedging_real_runs/final_paper_asian_panel/panel_sweeps/XLE_full_paper_grid_800_asian_call_step_robust/model_artifacts/seed_2345/risk_cvar/proto_source_spot_delta_k_10_weighted_0_learnw_0,790.0,0.07025381411549945,val_loss,0.013114707544445992,0.12265162169933319,0.0009895833333333334,0.008333333333333333,481.0,20.0,2.0,spot_delta,10.0,False,False,0.14963282644748688,0.7442641258239746
proto_source=spot_delta_k=10_weighted=1_learnw=0,train,2345,proto,-0.016479138284921646,0.026324549689888954,-0.11716249309480191,-0.06588211581110955,-0.10017254203557968,-0.0026134270010516047,9.537837249808939e-05,0.9357142857142857,-0.016543520614504814,0.00018636093591339886,0.0001219779223902151,0.009677396155893803,0.1568593978881836,0.09084342420101166,1.0,0.00046875,0.0,0.00046875,0.004464285714285714,,,cvar,/Users/yaniszaim/deephedging/.deephedging_real_runs/final_paper_asian_panel/panel_sweeps/XLE_full_paper_grid_800_asian_call_step_robust/model_artifacts/seed_2345/risk_cvar/proto_source_spot_delta_k_10_weighted_1_learnw_0,10.0,0.07167954239000877,val_loss,0.01771140843629837,0.1931188553571701,0.0006770833333333334,0.010416666666666666,2240.0,20.0,2.0,spot_delta,10.0,True,False,0.07894591242074966,0.16463516652584076
proto_source=spot_delta_k=10_weighted=1_learnw=0,val,2345,proto,-0.018053671345114708,0.02796071767807007,-0.12854143679142,-0.06662366762757302,-0.10775946825742722,-0.0043393936939537525,9.124069729295965e-05,0.93125,-0.018113307654857635,0.0001827863306971267,0.00012315044295974076,0.009922240860760212,0.15720510482788086,0.09119794517755508,1.0,0.0004166666666666667,0.0,0.0004166666666666667,0.004166666666666667,,,cvar,/Users/yaniszaim/deephedging/.deephedging_real_runs/final_paper_asian_panel/panel_sweeps/XLE_full_paper_grid_800_asian_call_step_robust/model_artifacts/seed_2345/risk_cvar/proto_source_spot_delta_k_10_weighted_1_learnw_0,10.0,0.07167954239000877,val_loss,0.01771140843629837,0.1931188553571701,0.0006770833333333334,0.010416666666666666,480.0,20.0,2.0,spot_delta,10.0,True,False,0.07894591242074966,0.16463516652584076
proto_source=spot_delta_k=10_weighted=1_learnw=0,test,2345,proto,-0.014506036415696144,0.02299516461789608,-0.10000407695770264,-0.06337499618530273,-0.08434190601110458,-0.0017952555790543556,0.00022889298270456493,0.918918918918919,-0.014519896358251572,0.00013696533278562129,0.00012310595775488764,0.009716266766190529,0.15587449073791504,0.0916099026799202,1.0,0.0008835758835758836,0.0,0.0008835758835758836,0.006237006237006237,,,cvar,/Users/yaniszaim/deephedging/.deephedging_real_runs/final_paper_asian_panel/panel_sweeps/XLE_full_paper_grid_800_asian_call_step_robust/model_artifacts/seed_2345/risk_cvar/proto_source_spot_delta_k_10_weighted_1_learnw_0,10.0,0.07167954239000877,val_loss,0.01771140843629837,0.1931188553571701,0.0006770833333333334,0.010416666666666666,481.0,20.0,2.0,spot_delta,10.0,True,False,0.07894591242074966,0.16463516652584076
proto_source=spot_delta_k=25_weighted=0_learnw=0,train,2345,proto,-0.01649387553334236,0.025573428720235825,-0.11913360312581062,-0.06453875191509724,-0.09792571514844894,-0.004031614866107702,0.00016450998737127347,0.9245535714285714,-0.016543520614504814,0.00018142297631129622,0.0001317781861871481,0.015274562872946262,0.1982496678829193,0.11505303531885147,0.8947921991348267,0.0,0.0,0.0,0.0,,,cvar,/Users/yaniszaim/deephedging/.deephedging_real_runs/final_paper_asian_panel/panel_sweeps/XLE_full_paper_grid_800_asian_call_step_robust/model_artifacts/seed_2345/risk_cvar/proto_source_spot_delta_k_25_weighted_0_learnw_0,18.0,0.07150435466381411,val_loss,0.018086230382323265,0.17481331527233124,0.00010416666666666667,0.0020833333333333333,2240.0,20.0,2.0,spot_delta,25.0,False,False,0.06674226373434067,0.21652036905288696
proto_source=spot_delta_k=25_weighted=0_learnw=0,val,2345,proto,-0.01794702373445034,0.02689957059919834,-0.11476989798247814,-0.06586228683590889,-0.10409878939390182,-0.006363637745380402,3.758620932785505e-05,0.9458333333333333,-0.018113307654857635,0.0003017655690200627,0.000135483467602171,0.015602683648467064,0.2056199312210083,0.11536552757024765,0.8074981570243835,0.0,0.0,0.0,0.0,,,cvar,/Users/yaniszaim/deephedging/.deephedging_real_runs/final_paper_asian_panel/panel_sweeps/XLE_full_paper_grid_800_asian_call_step_robust/model_artifacts/seed_2345/risk_cvar/proto_source_spot_delta_k_25_weighted_0_learnw_0,18.0,0.07150435466381411,val_loss,0.018086230382323265,0.17481331527233124,0.00010416666666666667,0.0020833333333333333,480.0,20.0,2.0,spot_delta,25.0,False,False,0.06674226373434067,0.21652036905288696
proto_source=spot_delta_k=25_weighted=0_learnw=0,test,2345,proto,-0.014833164401352406,0.02292184717953205,-0.09738454073667527,-0.06234247237443924,-0.08431938290596008,-0.0029149057809263468,0.00013346591731533408,0.918918918918919,-0.014519896358251572,-0.00018714349425863475,0.00012612456339411438,0.01439359039068222,0.18404142558574677,0.11041960120201111,0.782252848148346,0.0,0.0,0.0,0.0,,,cvar,/Users/yaniszaim/deephedging/.deephedging_real_runs/final_paper_asian_panel/panel_sweeps/XLE_full_paper_grid_800_asian_call_step_robust/model_artifacts/seed_2345/risk_cvar/proto_source_spot_delta_k_25_weighted_0_learnw_0,18.0,0.07150435466381411,val_loss,0.018086230382323265,0.17481331527233124,0.00010416666666666667,0.0020833333333333333,481.0,20.0,2.0,spot_delta,25.0,False,False,0.06674226373434067,0.21652036905288696
proto_source=spot_delta_k=25_weighted=1_learnw=0,train,2345,proto,-0.01660754345357418,0.02748512662947178,-0.12410571806132793,-0.06928749941289425,-0.10443229973316193,-0.0019266775925643742,0.00013726284087169874,0.8236607142857143,-0.016543520614504814,3.176128666382283e-05,9.578429308021441e-05,0.00219324859790504,0.14311224222183228,0.02035967819392681,1.0,4.464285714285714e-05,0.0,4.464285714285714e-05,0.0004464285714285714,,,cvar,/Users/yaniszaim/deephedging/.deephedging_real_runs/final_paper_asian_panel/panel_sweeps/XLE_full_paper_grid_800_asian_call_step_robust/model_artifacts/seed_2345/risk_cvar/proto_source_spot_delta_k_25_weighted_1_learnw_0,9.0,0.07190952976544697,val_loss,0.017695307731628418,0.21947777271270752,0.0005208333333333333,0.004166666666666667,2240.0,20.0,2.0,spot_delta,25.0,True,False,0.06265868246555328,0.15134188532829285
proto_source=spot_delta_k=25_weighted=1_learnw=0,val,2345,proto,-0.01816711202263832,0.02836146205663681,-0.1228462292253971,-0.06793957091867923,-0.10928209871053696,-0.003753717173822224,0.0001638876499782779,0.8104166666666667,-0.018113307654857635,4.243786315782927e-05,9.624215454095975e-05,0.0022168541327118874,0.14296111464500427,0.02046298421919346,0.9796454906463623,0.0,0.0,0.0,0.0,,,cvar,/Users/yaniszaim/deephedging/.deephedging_real_runs/final_paper_asian_panel/panel_sweeps/XLE_full_paper_grid_800_asian_call_step_robust/model_artifacts/seed_2345/risk_cvar/proto_source_spot_delta_k_25_weighted_1_learnw_0,9.0,0.07190952976544697,val_loss,0.017695307731628418,0.21947777271270752,0.0005208333333333333,0.004166666666666667,480.0,20.0,2.0,spot_delta,25.0,True,False,0.06265868246555328,0.15134188532829285
proto_source=spot_delta_k=25_weighted=1_learnw=0,test,2345,proto,-0.014561775140464306,0.024184437468647957,-0.10210886299610138,-0.06620560586452484,-0.08832284063100815,-0.00038153427885845304,0.0001299493742408231,0.8295218295218295,-0.014519896358251572,5.793058517156169e-05,9.980974573409185e-05,0.002246997319161892,0.1430681347846985,0.020814646035432816,1.0,0.00031185031185031187,0.0,0.00031185031185031187,0.002079002079002079,,,cvar,/Users/yaniszaim/deephedging/.deephedging_real_runs/final_paper_asian_panel/panel_sweeps/XLE_full_paper_grid_800_asian_call_step_robust/model_artifacts/seed_2345/risk_cvar/proto_source_spot_delta_k_25_weighted_1_learnw_0,9.0,0.07190952976544697,val_loss,0.017695307731628418,0.21947777271270752,0.0005208333333333333,0.004166666666666667,481.0,20.0,2.0,spot_delta,25.0,True,False,0.06265868246555328,0.15134188532829285
proto_source=spot_delta_k=50_weighted=0_learnw=0,train,2345,proto,-0.0164580550044775,0.026416663080453873,-0.12156663276255131,-0.0632934957742691,-0.09992778301239014,-0.004016939317807555,0.00034544947266112753,0.9258928571428572,-0.016543520614504814,0.00027367158327251673,0.00018820531840901822,0.014464451000094414,0.19970226287841797,0.10601154714822769,1.0,0.000234375,0.0,0.000234375,0.0017857142857142857,,,cvar,/Users/yaniszaim/deephedging/.deephedging_real_runs/final_paper_asian_panel/panel_sweeps/XLE_full_paper_grid_800_asian_call_step_robust/model_artifacts/seed_2345/risk_cvar/proto_source_spot_delta_k_50_weighted_0_learnw_0,144.0,0.07099883420765399,val_loss,0.018981829285621643,0.13167047500610352,0.000625,0.008333333333333333,2240.0,20.0,2.0,spot_delta,50.0,False,False,0.08850911259651184,0.23762936890125275
proto_source=spot_delta_k=50_weighted=0_learnw=0,val,2345,proto,-0.0178361963480711,0.0275154709815979,-0.12160220727324486,-0.06610282957553863,-0.105559341609478,-0.005154592916369438,0.00015517150168306917,0.9375,-0.018113307654857635,0.000475606502732262,0.00019849702948704362,0.014976157806813717,0.19428616762161255,0.10867723822593689,1.0,0.00010416666666666667,0.0,0.00010416666666666667,0.0020833333333333333,,,cvar,/Users/yaniszaim/deephedging/.deephedging_real_runs/final_paper_asian_panel/panel_sweeps/XLE_full_paper_grid_800_asian_call_step_robust/model_artifacts/seed_2345/risk_cvar/proto_source_spot_delta_k_50_weighted_0_learnw_0,144.0,0.07099883420765399,val_loss,0.018981829285621643,0.13167047500610352,0.000625,0.008333333333333333,480.0,20.0,2.0,spot_delta,50.0,False,False,0.08850911259651184,0.23762936890125275
proto_source=spot_delta_k=50_weighted=0_learnw=0,test,2345,proto,-0.01423612330108881,0.022511599585413933,-0.0893775224685669,-0.06151094660162926,-0.0832347571849823,-0.0028593100141733885,0.0003289784654043615,0.9313929313929314,-0.014519896358251572,0.00046738304081372917,0.00018360998365096748,0.014146613888442516,0.16908001899719238,0.106064572930336,0.9363552331924438,0.0,0.0,0.0,0.0,,,cvar,/Users/yaniszaim/deephedging/.deephedging_real_runs/final_paper_asian_panel/panel_sweeps/XLE_full_paper_grid_800_asian_call_step_robust/model_artifacts/seed_2345/risk_cvar/proto_source_spot_delta_k_50_weighted_0_learnw_0,144.0,0.07099883420765399,val_loss,0.018981829285621643,0.13167047500610352,0.000625,0.008333333333333333,481.0,20.0,2.0,spot_delta,50.0,False,False,0.08850911259651184,0.23762936890125275
proto_source=spot_delta_k=50_weighted=1_learnw=0,train,2345,proto,-0.0166001059114933,0.025110287591814995,-0.11707824751734734,-0.06307962462306023,-0.09811137616634369,-0.0052453214302659035,-0.0002514333187718876,0.9674107142857142,-0.016543520614504814,0.000199508125660941,0.00025609286967664957,0.02107994817197323,0.14406102895736694,0.2433512806892395,0.900225818157196,0.0,0.0,0.0,0.0,,,cvar,/Users/yaniszaim/deephedging/.deephedging_real_runs/final_paper_asian_panel/panel_sweeps/XLE_full_paper_grid_800_asian_call_step_robust/model_artifacts/seed_2345/risk_cvar/proto_source_spot_delta_k_50_weighted_1_learnw_0,12.0,0.07195212452672423,val_loss,0.021127669140696526,0.2298356145620346,0.0,0.0,2240.0,20.0,2.0,spot_delta,50.0,True,False,0.06716551631689072,0.15010033547878265
proto_source=spot_delta_k=50_weighted=1_learnw=0,val,2345,proto,-0.01802479848265648,0.026164943352341652,-0.11473101407289504,-0.06211742926388977,-0.10343191027641296,-0.006087235640734434,-0.0005449927586596472,0.98125,-0.018113307654857635,0.0003474022087175399,0.0002588927454780787,0.021305952221155167,0.13898658752441406,0.24288660287857056,0.8957034945487976,0.0,0.0,0.0,0.0,,,cvar,/Users/yaniszaim/deephedging/.deephedging_real_runs/final_paper_asian_panel/panel_sweeps/XLE_full_paper_grid_800_asian_call_step_robust/model_artifacts/seed_2345/risk_cvar/proto_source_spot_delta_k_50_weighted_1_learnw_0,12.0,0.07195212452672423,val_loss,0.021127669140696526,0.2298356145620346,0.0,0.0,480.0,20.0,2.0,spot_delta,50.0,True,False,0.06716551631689072,0.15010033547878265
proto_source=spot_delta_k=50_weighted=1_learnw=0,test,2345,proto,-0.014914252795279026,0.021938461810350418,-0.0975036472082138,-0.06057927757501602,-0.08339500427246094,-0.004854608327150345,-0.00015123435878194869,0.9625779625779626,-0.014519896358251572,-0.00013486758689396083,0.00025948879192583263,0.021273057907819748,0.11895193159580231,0.24434491991996765,0.8967103362083435,0.0,0.0,0.0,0.0,,,cvar,/Users/yaniszaim/deephedging/.deephedging_real_runs/final_paper_asian_panel/panel_sweeps/XLE_full_paper_grid_800_asian_call_step_robust/model_artifacts/seed_2345/risk_cvar/proto_source_spot_delta_k_50_weighted_1_learnw_0,12.0,0.07195212452672423,val_loss,0.021127669140696526,0.2298356145620346,0.0,0.0,481.0,20.0,2.0,spot_delta,50.0,True,False,0.06716551631689072,0.15010033547878265
proto_source=spot_delta_k=100_weighted=0_learnw=0,train,2345,proto,-0.016382552683353424,0.024844150990247726,-0.11216051831841468,-0.06234578788280487,-0.09643159061670303,-0.005887039704248309,0.0018249367596581477,0.8611607142857143,-0.016543520614504814,0.00035270280204713345,0.0001917348417919129,0.01815636083483696,0.1592578887939453,0.22826041281223297,0.9599900841712952,0.0,0.0,0.0,0.0,,,cvar,/Users/yaniszaim/deephedging/.deephedging_real_runs/final_paper_asian_panel/panel_sweeps/XLE_full_paper_grid_800_asian_call_step_robust/model_artifacts/seed_2345/risk_cvar/proto_source_spot_delta_k_100_weighted_0_learnw_0,34.0,0.07112728232517838,val_loss,0.017963457852602005,0.17820608615875244,0.0,0.0,2240.0,20.0,2.0,spot_delta,100.0,False,False,0.07614701241254807,0.19831791520118713
proto_source=spot_delta_k=100_weighted=0_learnw=0,val,2345,proto,-0.01793362759053707,0.026068195700645447,-0.12409910060465336,-0.06760821342468261,-0.10225025564432144,-0.0071439496241509914,0.0019455238652881148,0.8666666666666667,-0.018113307654857635,0.0003741695254575461,0.00019448976672720164,0.018147500231862068,0.1440887451171875,0.22898098826408386,0.8947475552558899,0.0,0.0,0.0,0.0,,,cvar,/Users/yaniszaim/deephedging/.deephedging_real_runs/final_paper_asian_panel/panel_sweeps/XLE_full_paper_grid_800_asian_call_step_robust/model_artifacts/seed_2345/risk_cvar/proto_source_spot_delta_k_100_weighted_0_learnw_0,34.0,0.07112728232517838,val_loss,0.017963457852602005,0.17820608615875244,0.0,0.0,480.0,20.0,2.0,spot_delta,100.0,False,False,0.07614701241254807,0.19831791520118713
proto_source=spot_delta_k=100_weighted=0_learnw=0,test,2345,proto,-0.01457513403147459,0.021645057946443558,-0.09367720484733581,-0.05887259915471077,-0.08187282830476761,-0.005611345637589693,0.0016339353751391172,0.841995841995842,-0.014519896358251572,0.00013479813060257584,0.0001900362694868818,0.01813274249434471,0.15335431694984436,0.22756671905517578,0.8205108046531677,0.0,0.0,0.0,0.0,,,cvar,/Users/yaniszaim/deephedging/.deephedging_real_runs/final_paper_asian_panel/panel_sweeps/XLE_full_paper_grid_800_asian_call_step_robust/model_artifacts/seed_2345/risk_cvar/proto_source_spot_delta_k_100_weighted_0_learnw_0,34.0,0.07112728232517838,val_loss,0.017963457852602005,0.17820608615875244,0.0,0.0,481.0,20.0,2.0,spot_delta,100.0,False,False,0.07614701241254807,0.19831791520118713
proto_source=spot_delta_k=100_weighted=1_learnw=0,train,2345,proto,-0.01768430322408676,0.03430132940411568,-0.14224207356572152,-0.08124826066195964,-0.12199709564447403,-0.009232624899595976,0.01902753962203859,0.7303571428571428,-0.016543520614504814,-0.00013125075201969594,0.001009531901217997,0.12013769894838333,0.4736705422401428,0.1999453902244568,0.8825480937957764,0.0,0.0,0.0,0.0,,,cvar,/Users/yaniszaim/deephedging/.deephedging_real_runs/final_paper_asian_panel/panel_sweeps/XLE_full_paper_grid_800_asian_call_step_robust/model_artifacts/seed_2345/risk_cvar/proto_source_spot_delta_k_100_weighted_1_learnw_0,153.0,0.0703752846084535,val_loss,0.03409404680132866,0.18007731437683105,0.0,0.0,2240.0,20.0,2.0,spot_delta,100.0,True,False,0.124211885035038,0.4929298460483551
proto_source=spot_delta_k=100_weighted=1_learnw=0,val,2345,proto,-0.018707819283008575,0.034653909504413605,-0.14658085510134697,-0.08795737475156783,-0.12591582536697388,-0.009219414554536343,0.016176103428006135,0.7395833333333334,-0.018113307654857635,0.0004172715707682073,0.0010117827914655209,0.12017212063074112,0.47327935695648193,0.1993711292743683,0.8247396945953369,0.0,0.0,0.0,0.0,,,cvar,/Users/yaniszaim/deephedging/.deephedging_real_runs/final_paper_asian_panel/panel_sweeps/XLE_full_paper_grid_800_asian_call_step_robust/model_artifacts/seed_2345/risk_cvar/proto_source_spot_delta_k_100_weighted_1_learnw_0,153.0,0.0703752846084535,val_loss,0.03409404680132866,0.18007731437683105,0.0,0.0,480.0,20.0,2.0,spot_delta,100.0,True,False,0.124211885035038,0.4929298460483551
proto_source=spot_delta_k=100_weighted=1_learnw=0,test,2345,proto,-0.014827338047325611,0.03166433796286583,-0.12266887724399567,-0.07780439406633377,-0.10628120601177216,-0.008627468720078468,0.023633737117052078,0.7089397089397089,-0.014519896358251572,0.0006807866739109159,0.0009882282465696335,0.1178235113620758,0.4718104302883148,0.20146247744560242,0.8557929992675781,0.0,0.0,0.0,0.0,,,cvar,/Users/yaniszaim/deephedging/.deephedging_real_runs/final_paper_asian_panel/panel_sweeps/XLE_full_paper_grid_800_asian_call_step_robust/model_artifacts/seed_2345/risk_cvar/proto_source_spot_delta_k_100_weighted_1_learnw_0,153.0,0.0703752846084535,val_loss,0.03409404680132866,0.18007731437683105,0.0,0.0,481.0,20.0,2.0,spot_delta,100.0,True,False,0.124211885035038,0.4929298460483551
proto_source=vanilla_k=10_weighted=0_learnw=0,train,2345,proto,-0.01682143285870552,0.024538123980164528,-0.11446155436336994,-0.062350218184292316,-0.0960577055811882,-0.006571965990588069,-0.0004581806846545117,0.9691964285714286,-0.016543520614504814,0.0002612593525554985,0.0005391704617068172,0.02853589504957199,0.3223007619380951,0.39226463437080383,1.0,0.17239955357142858,0.17239955357142858,0.0,0.9928571428571429,,,cvar,/Users/yaniszaim/deephedging/.deephedging_real_runs/final_paper_asian_panel/panel_sweeps/XLE_full_paper_grid_800_asian_call_step_robust/model_artifacts/seed_2345/risk_cvar/proto_source_vanilla_k_10_weighted_0_learnw_0,573.0,0.08178983533009888,val_loss,0.033474456518888474,0.33204999566078186,0.08078125,0.9895833333333334,2240.0,20.0,2.0,vanilla,10.0,False,False,0.13888579607009888,0.3226175308227539
proto_source=vanilla_k=10_weighted=0_learnw=0,val,2345,proto,-0.01807822659611702,0.02479172870516777,-0.11691547758877277,-0.06542028337717057,-0.0982421413064003,-0.007206707494333386,-0.0006357213773299021,0.9791666666666666,-0.018113307654857635,0.0005751352873630822,0.0005400533555075526,0.02853730134665966,0.3223007321357727,0.3920048475265503,1.0,0.17197916666666666,0.17197916666666666,0.0,0.99375,,,cvar,/Users/yaniszaim/deephedging/.deephedging_real_runs/final_paper_asian_panel/panel_sweeps/XLE_full_paper_grid_800_asian_call_step_robust/model_artifacts/seed_2345/risk_cvar/proto_source_vanilla_k_10_weighted_0_learnw_0,573.0,0.08178983533009888,val_loss,0.033474456518888474,0.33204999566078186,0.08078125,0.9895833333333334,480.0,20.0,2.0,vanilla,10.0,False,False,0.13888579607009888,0.3226175308227539
proto_source=vanilla_k=10_weighted=0_learnw=0,test,2345,proto,-0.01522253081202507,0.020759304985404015,-0.09201014786958694,-0.05846043676137924,-0.07939267158508301,-0.005810847505927086,-0.0006758620729669929,0.975051975051975,-0.014519896358251572,-0.00016649928875267506,0.000536135456059128,0.02850256860256195,0.3223007321357727,0.3910423517227173,1.0,0.17125779625779625,0.17125779625779625,0.0,0.9916839916839917,,,cvar,/Users/yaniszaim/deephedging/.deephedging_real_runs/final_paper_asian_panel/panel_sweeps/XLE_full_paper_grid_800_asian_call_step_robust/model_artifacts/seed_2345/risk_cvar/proto_source_vanilla_k_10_weighted_0_learnw_0,573.0,0.08178983533009888,val_loss,0.033474456518888474,0.33204999566078186,0.08078125,0.9895833333333334,481.0,20.0,2.0,vanilla,10.0,False,False,0.13888579607009888,0.3226175308227539
proto_source=vanilla_k=10_weighted=1_learnw=0,train,2345,proto,-0.016630878672003746,0.025354690849781036,-0.11440918698906899,-0.06389319077134133,-0.09697173535823822,-0.006161655532196164,0.0010645637637935511,0.8941964285714286,-0.016543520614504814,5.010176755604334e-05,0.00013746015611104667,0.016841698437929153,0.246050626039505,0.22087354958057404,1.0,0.01497767857142857,0.01497767857142857,0.0,0.12723214285714285,,,cvar,/Users/yaniszaim/deephedging/.deephedging_real_runs/final_paper_asian_panel/panel_sweeps/XLE_full_paper_grid_800_asian_call_step_robust/model_artifacts/seed_2345/risk_cvar/proto_source_vanilla_k_10_weighted_1_learnw_0,524.0,0.08103047742632528,val_loss,0.029612207785248756,0.3628455102443695,0.07520833333333334,0.5270833333333333,2240.0,20.0,2.0,vanilla,10.0,True,False,0.09429299831390381,0.2461484670639038
proto_source=vanilla_k=10_weighted=1_learnw=0,val,2345,proto,-0.01799381896853447,0.026271700859069824,-0.11734760269522666,-0.06673479676246644,-0.10197427123785019,-0.0073469351045787334,0.001695717172697179,0.8979166666666667,-0.018113307654857635,0.0002561537257861346,0.00013666674203705043,0.01664637215435505,0.24605262279510498,0.21914848685264587,1.0,0.009947916666666667,0.009947916666666667,0.0,0.10625,,,cvar,/Users/yaniszaim/deephedging/.deephedging_real_runs/final_paper_asian_panel/panel_sweeps/XLE_full_paper_grid_800_asian_call_step_robust/model_artifacts/seed_2345/risk_cvar/proto_source_vanilla_k_10_weighted_1_learnw_0,524.0,0.08103047742632528,val_loss,0.029612207785248756,0.3628455102443695,0.07520833333333334,0.5270833333333333,480.0,20.0,2.0,vanilla,10.0,True,False,0.09429299831390381,0.2461484670639038
proto_source=vanilla_k=10_weighted=1_learnw=0,test,2345,proto,-0.01463504508137703,0.02232361026108265,-0.0954232633113861,-0.06141434982419014,-0.08278174698352814,-0.004278543405234814,0.0018807840533554554,0.8627858627858628,-0.014519896358251572,2.3221198716782965e-05,0.00013837053847964853,0.017048083245754242,0.24553489685058594,0.22227801382541656,1.0,0.012993762993762994,0.012993762993762994,0.0,0.12058212058212059,,,cvar,/Users/yaniszaim/deephedging/.deephedging_real_runs/final_paper_asian_panel/panel_sweeps/XLE_full_paper_grid_800_asian_call_step_robust/model_artifacts/seed_2345/risk_cvar/proto_source_vanilla_k_10_weighted_1_learnw_0,524.0,0.08103047742632528,val_loss,0.029612207785248756,0.3628455102443695,0.07520833333333334,0.5270833333333333,481.0,20.0,2.0,vanilla,10.0,True,False,0.09429299831390381,0.2461484670639038
proto_source=vanilla_k=25_weighted=0_learnw=0,train,2345,proto,-0.016471171751618385,0.025067053735256195,-0.11621271066367626,-0.06450688503682613,-0.09732089936733246,-0.004749893909320235,0.00015758097797515598,0.9370535714285714,-0.016543520614504814,0.0003281805547885597,0.0002558307896833867,0.020444123074412346,0.169138103723526,0.24914926290512085,1.0,0.00020089285714285714,0.00020089285714285714,0.0,0.005357142857142857,,,cvar,/Users/yaniszaim/deephedging/.deephedging_real_runs/final_paper_asian_panel/panel_sweeps/XLE_full_paper_grid_800_asian_call_step_robust/model_artifacts/seed_2345/risk_cvar/proto_source_vanilla_k_25_weighted_0_learnw_0,52.0,0.07254270393401385,val_loss,0.02376178652048111,0.31766510009765625,0.00078125,0.016666666666666666,2240.0,20.0,2.0,vanilla,25.0,False,False,0.09662822633981705,0.21291713416576385
proto_source=vanilla_k=25_weighted=0_learnw=0,val,2345,proto,-0.01787439174950123,0.025797726586461067,-0.11685038849711418,-0.06490523256361484,-0.1015179380774498,-0.005668038036674261,-0.00010611757752485815,0.9541666666666667,-0.018113307654857635,0.0004952818853780627,0.0002563653397373855,0.020432187244296074,0.16160137951374054,0.24866892397403717,1.0,0.00015625,0.00015625,0.0,0.004166666666666667,,,cvar,/Users/yaniszaim/deephedging/.deephedging_real_runs/final_paper_asian_panel/panel_sweeps/XLE_full_paper_grid_800_asian_call_step_robust/model_artifacts/seed_2345/risk_cvar/proto_source_vanilla_k_25_weighted_0_learnw_0,52.0,0.07254270393401385,val_loss,0.02376178652048111,0.31766510009765625,0.00078125,0.016666666666666666,480.0,20.0,2.0,vanilla,25.0,False,False,0.09662822633981705,0.21291713416576385
proto_source=vanilla_k=25_weighted=0_learnw=0,test,2345,proto,-0.014674950391054153,0.022097041830420494,-0.09546862542629242,-0.058021336793899536,-0.08287718147039413,-0.003976877778768539,0.00032499077497050166,0.9293139293139293,-0.014519896358251572,9.991812839871272e-05,0.00025497114984318614,0.020355382934212685,0.1686655879020691,0.24649028480052948,1.0,0.00010395010395010396,0.00010395010395010396,0.0,0.002079002079002079,,,cvar,/Users/yaniszaim/deephedging/.deephedging_real_runs/final_paper_asian_panel/panel_sweeps/XLE_full_paper_grid_800_asian_call_step_robust/model_artifacts/seed_2345/risk_cvar/proto_source_vanilla_k_25_weighted_0_learnw_0,52.0,0.07254270393401385,val_loss,0.02376178652048111,0.31766510009765625,0.00078125,0.016666666666666666,481.0,20.0,2.0,vanilla,25.0,False,False,0.09662822633981705,0.21291713416576385
proto_source=vanilla_k=25_weighted=1_learnw=0,train,2345,proto,-0.016898421570658684,0.024883119389414787,-0.11622905097901821,-0.06414633058011532,-0.09693457931280136,-0.006810512160882354,0.0008388608111999877,0.9178571428571428,-0.016543520614504814,0.00022835198615211993,0.0005832515889778733,0.03135848045349121,0.100052110850811,0.3470676839351654,1.0,0.10008928571428571,0.10008928571428571,0.0,1.0,,,cvar,/Users/yaniszaim/deephedging/.deephedging_real_runs/final_paper_asian_panel/panel_sweeps/XLE_full_paper_grid_800_asian_call_step_robust/model_artifacts/seed_2345/risk_cvar/proto_source_vanilla_k_25_weighted_1_learnw_0,3.0,0.08559135009534657,val_loss,0.027408042922616005,0.3497099280357361,0.125,1.0,2240.0,20.0,2.0,vanilla,25.0,True,False,0.10876959562301636,0.15561948716640472
proto_source=vanilla_k=25_weighted=1_learnw=0,val,2345,proto,-0.018165459856390953,0.025618597865104675,-0.11638701923191547,-0.06441716961562634,-0.10097519308328629,-0.007306015584617853,0.0009254831616999521,0.9020833333333333,-0.018113307654857635,0.000531646132003516,0.0005837984499521554,0.031348444521427155,0.09999941289424896,0.3470659554004669,1.0,0.10015625,0.10015625,0.0,1.0,,,cvar,/Users/yaniszaim/deephedging/.deephedging_real_runs/final_paper_asian_panel/panel_sweeps/XLE_full_paper_grid_800_asian_call_step_robust/model_artifacts/seed_2345/risk_cvar/proto_source_vanilla_k_25_weighted_1_learnw_0,3.0,0.08559135009534657,val_loss,0.027408042922616005,0.3497099280357361,0.125,1.0,480.0,20.0,2.0,vanilla,25.0,True,False,0.10876959562301636,0.15561948716640472
proto_source=vanilla_k=25_weighted=1_learnw=0,test,2345,proto,-0.01519591361284256,0.02157917618751526,-0.09305372685194016,-0.06034739688038826,-0.08156901597976685,-0.005889537278562784,0.0013633219059556723,0.9085239085239085,-0.014519896358251572,-9.357642557006329e-05,0.0005824427353218198,0.03136323392391205,0.10004992038011551,0.34703025221824646,1.0,0.10010395010395011,0.10010395010395011,0.0,1.0,,,cvar,/Users/yaniszaim/deephedging/.deephedging_real_runs/final_paper_asian_panel/panel_sweeps/XLE_full_paper_grid_800_asian_call_step_robust/model_artifacts/seed_2345/risk_cvar/proto_source_vanilla_k_25_weighted_1_learnw_0,3.0,0.08559135009534657,val_loss,0.027408042922616005,0.3497099280357361,0.125,1.0,481.0,20.0,2.0,vanilla,25.0,True,False,0.10876959562301636,0.15561948716640472
proto_source=vanilla_k=50_weighted=0_learnw=0,train,2345,proto,-0.018086278811097145,0.02506544627249241,-0.1139907806366682,-0.06653479449450969,-0.0984492301940918,-0.00822497345507145,0.0005453585938084742,0.9299107142857143,-0.016543520614504814,0.00019534800958354026,0.0017381057841703296,0.04066621884703636,0.5559367537498474,0.2937737703323364,1.0,0.0796875,0.0796875,0.0,0.7214285714285714,,,cvar,/Users/yaniszaim/deephedging/.deephedging_real_runs/final_paper_asian_panel/panel_sweeps/XLE_full_paper_grid_800_asian_call_step_robust/model_artifacts/seed_2345/risk_cvar/proto_source_vanilla_k_50_weighted_0_learnw_0,146.0,0.07995664908861122,val_loss,0.04482995346188545,0.2873699963092804,0.05286458333333333,0.6041666666666666,2240.0,20.0,2.0,vanilla,50.0,False,False,0.19665983319282532,0.7574787139892578
proto_source=vanilla_k=50_weighted=0_learnw=0,val,2345,proto,-0.01918419823050499,0.025738326832652092,-0.11624285332858562,-0.06592609360814095,-0.1024380698800087,-0.008613328915089369,0.00019912366406060728,0.94375,-0.018113307654857635,0.000667758344206959,0.001738649676553905,0.04055364057421684,0.4633370637893677,0.2913001775741577,1.0,0.07723958333333333,0.07723958333333333,0.0,0.7041666666666667,,,cvar,/Users/yaniszaim/deephedging/.deephedging_real_runs/final_paper_asian_panel/panel_sweeps/XLE_full_paper_grid_800_asian_call_step_robust/model_artifacts/seed_2345/risk_cvar/proto_source_vanilla_k_50_weighted_0_learnw_0,146.0,0.07995664908861122,val_loss,0.04482995346188545,0.2873699963092804,0.05286458333333333,0.6041666666666666,480.0,20.0,2.0,vanilla,50.0,False,False,0.19665983319282532,0.7574787139892578
proto_source=vanilla_k=50_weighted=0_learnw=0,test,2345,proto,-0.016293050721287727,0.0217432901263237,-0.09885416179895401,-0.060082826763391495,-0.08295764029026031,-0.006932058371603489,0.0006614703452214599,0.9293139293139293,-0.014519896358251572,-2.5045785150723532e-05,0.001748108072206378,0.04078149423003197,0.5228297114372253,0.2929174304008484,1.0,0.07697505197505197,0.07697505197505197,0.0,0.7068607068607069,,,cvar,/Users/yaniszaim/deephedging/.deephedging_real_runs/final_paper_asian_panel/panel_sweeps/XLE_full_paper_grid_800_asian_call_step_robust/model_artifacts/seed_2345/risk_cvar/proto_source_vanilla_k_50_weighted_0_learnw_0,146.0,0.07995664908861122,val_loss,0.04482995346188545,0.2873699963092804,0.05286458333333333,0.6041666666666666,481.0,20.0,2.0,vanilla,50.0,False,False,0.19665983319282532,0.7574787139892578
proto_source=vanilla_k=50_weighted=1_learnw=0,train,2345,proto,-0.01715829409658909,0.024986429139971733,-0.11592710711061954,-0.06417256630957126,-0.09725596010684967,-0.0061197965405881405,1.0494599700904458e-05,0.9495535714285714,-0.016543520614504814,0.00020220364967826754,0.0008169771754182875,0.02780822664499283,0.20149114727973938,0.28632852435112,1.0,0.00830357142857143,0.00830357142857143,0.0,0.08571428571428572,,,cvar,/Users/yaniszaim/deephedging/.deephedging_real_runs/final_paper_asian_panel/panel_sweeps/XLE_full_paper_grid_800_asian_call_step_robust/model_artifacts/seed_2345/risk_cvar/proto_source_vanilla_k_50_weighted_1_learnw_0,247.0,0.07388726962606113,val_loss,0.02612045407295227,0.3343619406223297,0.0013541666666666667,0.0125,2240.0,20.0,2.0,vanilla,50.0,True,False,0.14966990053653717,0.41355466842651367
proto_source=vanilla_k=50_weighted=1_learnw=0,val,2345,proto,-0.018551917746663094,0.025872860103845596,-0.11960527077317237,-0.06758119128644466,-0.10255575180053711,-0.007081617834046483,-0.0003170297422911976,0.9541666666666667,-0.018113307654857635,0.0003690159064717591,0.000807626114692539,0.02761893905699253,0.22023868560791016,0.2841704189777374,1.0,0.008697916666666666,0.008697916666666666,0.0,0.07916666666666666,,,cvar,/Users/yaniszaim/deephedging/.deephedging_real_runs/final_paper_asian_panel/panel_sweeps/XLE_full_paper_grid_800_asian_call_step_robust/model_artifacts/seed_2345/risk_cvar/proto_source_vanilla_k_50_weighted_1_learnw_0,247.0,0.07388726962606113,val_loss,0.02612045407295227,0.3343619406223297,0.0013541666666666667,0.0125,480.0,20.0,2.0,vanilla,50.0,True,False,0.14966990053653717,0.41355466842651367
proto_source=vanilla_k=50_weighted=1_learnw=0,test,2345,proto,-0.015291664749383926,0.021783404052257538,-0.09196779727935792,-0.061234790831804276,-0.08204715698957443,-0.004909186623990536,-0.0001262653968296945,0.9521829521829522,-0.014519896358251572,6.0212230891920626e-05,0.0008319814223796129,0.028055621311068535,0.2012832760810852,0.28752315044403076,1.0,0.00867983367983368,0.00867983367983368,0.0,0.10187110187110188,,,cvar,/Users/yaniszaim/deephedging/.deephedging_real_runs/final_paper_asian_panel/panel_sweeps/XLE_full_paper_grid_800_asian_call_step_robust/model_artifacts/seed_2345/risk_cvar/proto_source_vanilla_k_50_weighted_1_learnw_0,247.0,0.07388726962606113,val_loss,0.02612045407295227,0.3343619406223297,0.0013541666666666667,0.0125,481.0,20.0,2.0,vanilla,50.0,True,False,0.14966990053653717,0.41355466842651367
proto_source=vanilla_k=100_weighted=0_learnw=0,train,2345,proto,-0.018162816762924194,0.0258121769875288,-0.12016294449567795,-0.06645258478820323,-0.10120228677988052,-0.006779241841286421,-0.0005780497740488503,0.9678571428571429,-0.016543520614504814,0.00016217309166677296,0.0017814699094742537,0.03897373378276825,0.08749262243509293,0.3909923732280731,0.8524881601333618,0.0,0.0,0.0,0.0,,,cvar,/Users/yaniszaim/deephedging/.deephedging_real_runs/final_paper_asian_panel/panel_sweeps/XLE_full_paper_grid_800_asian_call_step_robust/model_artifacts/seed_2345/risk_cvar/proto_source_vanilla_k_100_weighted_0_learnw_0,3.0,0.07553140006959438,val_loss,0.03790687024593353,0.3957271873950958,0.0,0.0,2240.0,20.0,2.0,vanilla,100.0,False,False,0.10589783638715744,0.1611814647912979
proto_source=vanilla_k=100_weighted=0_learnw=0,val,2345,proto,-0.019497795030474663,0.026401782408356667,-0.11937264427542686,-0.06678668074309825,-0.10461460798978806,-0.007759766420349479,-0.0004487353260628884,0.9666666666666667,-0.018113307654857635,0.00040154403541237116,0.001786031061783433,0.038982801139354706,0.08745787292718887,0.39089566469192505,0.849763810634613,0.0,0.0,0.0,0.0,,,cvar,/Users/yaniszaim/deephedging/.deephedging_real_runs/final_paper_asian_panel/panel_sweeps/XLE_full_paper_grid_800_asian_call_step_robust/model_artifacts/seed_2345/risk_cvar/proto_source_vanilla_k_100_weighted_0_learnw_0,3.0,0.07553140006959438,val_loss,0.03790687024593353,0.3957271873950958,0.0,0.0,480.0,20.0,2.0,vanilla,100.0,False,False,0.10589783638715744,0.1611814647912979
proto_source=vanilla_k=100_weighted=0_learnw=0,test,2345,proto,-0.016286585479974747,0.022435106337070465,-0.09656630903482437,-0.06190872564911842,-0.08513583987951279,-0.0056736404076218605,-0.0004762382013723254,0.9688149688149689,-0.014519896358251572,1.0459174518473446e-05,0.0017771483398973942,0.03899962827563286,0.08743833750486374,0.39075329899787903,0.8523719310760498,0.0,0.0,0.0,0.0,,,cvar,/Users/yaniszaim/deephedging/.deephedging_real_runs/final_paper_asian_panel/panel_sweeps/XLE_full_paper_grid_800_asian_call_step_robust/model_artifacts/seed_2345/risk_cvar/proto_source_vanilla_k_100_weighted_0_learnw_0,3.0,0.07553140006959438,val_loss,0.03790687024593353,0.3957271873950958,0.0,0.0,481.0,20.0,2.0,vanilla,100.0,False,False,0.10589783638715744,0.1611814647912979
proto_source=vanilla_k=100_weighted=1_learnw=0,train,2345,proto,-0.018085850402712822,0.026816638186573982,-0.12473142899572849,-0.06879571005702019,-0.10259012877941132,-0.008860370144248009,0.004339448781684032,0.8459821428571429,-0.016543520614504814,0.000218906337977387,0.0017612355295568705,0.05161139741539955,0.13967108726501465,0.3436916768550873,1.0,0.014263392857142856,0.014263392857142856,0.0,0.5450892857142857,,,cvar,/Users/yaniszaim/deephedging/.deephedging_real_runs/final_paper_asian_panel/panel_sweeps/XLE_full_paper_grid_800_asian_call_step_robust/model_artifacts/seed_2345/risk_cvar/proto_source_vanilla_k_100_weighted_1_learnw_0,29.0,0.07555517284075419,val_loss,0.04661676287651062,0.21628595888614655,0.0005729166666666667,0.010416666666666666,2240.0,20.0,2.0,vanilla,100.0,True,False,0.10250478982925415,0.19369038939476013
proto_source=vanilla_k=100_weighted=1_learnw=0,val,2345,proto,-0.019065916538238525,0.02713126316666603,-0.12025995418429375,-0.07211435437202454,-0.10289987176656723,-0.009063474368304014,0.004101153532974407,0.8520833333333333,-0.018113307654857635,0.0008115508244372904,0.0017641601152718067,0.0515628308057785,0.13851191103458405,0.3440002501010895,1.0,0.014739583333333334,0.014739583333333334,0.0,0.5520833333333334,,,cvar,/Users/yaniszaim/deephedging/.deephedging_real_runs/final_paper_asian_panel/panel_sweeps/XLE_full_paper_grid_800_asian_call_step_robust/model_artifacts/seed_2345/risk_cvar/proto_source_vanilla_k_100_weighted_1_learnw_0,29.0,0.07555517284075419,val_loss,0.04661676287651062,0.21628595888614655,0.0005729166666666667,0.010416666666666666,480.0,20.0,2.0,vanilla,100.0,True,False,0.10250478982925415,0.19369038939476013
proto_source=vanilla_k=100_weighted=1_learnw=0,test,2345,proto,-0.016005152836441994,0.02357139065861702,-0.09764858335256577,-0.06505843251943588,-0.08650851249694824,-0.007138699293136597,0.005765478126704693,0.817047817047817,-0.014519896358251572,0.0002700265613384545,0.0017552850767970085,0.0515902079641819,0.13727472722530365,0.3443147838115692,1.0,0.01496881496881497,0.01496881496881497,0.0,0.58004158004158,,,cvar,/Users/yaniszaim/deephedging/.deephedging_real_runs/final_paper_asian_panel/panel_sweeps/XLE_full_paper_grid_800_asian_call_step_robust/model_artifacts/seed_2345/risk_cvar/proto_source_vanilla_k_100_weighted_1_learnw_0,29.0,0.07555517284075419,val_loss,0.04661676287651062,0.21628595888614655,0.0005729166666666667,0.010416666666666666,481.0,20.0,2.0,vanilla,100.0,True,False,0.10250478982925415,0.19369038939476013
unhedged,train,3456,baseline,-0.017099954187870026,0.028101880103349686,-0.12590338826179504,-0.06779456734657288,-0.10678285360336304,-0.0020232796669006348,0.0,0.5258928571428572,-0.017099954187870026,0.0,0.0,0.0,0.0,0.0,0.0,0.0,0.0,0.0,0.0,,,,,,,,,,,,,,,,,,,,
spot_delta,train,3456,baseline,-0.016968974843621254,0.025849930942058563,-0.11541594862937928,-0.06503910683095455,-0.09722169488668442,-0.008806072641164064,0.006709204521030179,0.7897321428571429,-0.017099954187870026,0.0003035044646821916,0.00017252670659217983,0.021542280912399292,0.5913040041923523,0.2571295499801636,0.5913040041923523,0.0,0.0,0.0,0.0,,,,,,,,,,,,,,,,,,,,
spot_delta_band,train,3456,baseline,-0.016970066353678703,0.026060087606310844,-0.11856116607785225,-0.06508089229464531,-0.09943542629480362,-0.007207428338006139,0.0044357666047289915,0.8017857142857143,-0.017099954187870026,0.00020886094716843218,7.89726254879497e-05,0.009874864481389523,0.4413039982318878,0.19389531016349792,0.4413039982318878,0.0,0.0,0.0,0.0,0.15,gains_mean,,,,,,,,,,,,,,,,,,
unhedged,val,3456,baseline,-0.014174163341522217,0.024211537092924118,-0.10080744504928589,-0.06784063577651978,-0.09126464277505875,-0.0,0.0,0.49166666666666664,-0.014174163341522217,0.0,0.0,0.0,0.0,0.0,0.0,0.0,0.0,0.0,0.0,,,,,,,,,,,,,,,,,,,,
spot_delta,val,3456,baseline,-0.014586781151592731,0.023703306913375854,-0.10220088519155979,-0.06277907602488994,-0.08949152380228043,-0.007077898597344756,0.006679479428566991,0.7666666666666667,-0.014174163341522217,-0.000239828324993141,0.00017279101302847266,0.021601980552077293,0.5672500133514404,0.25696486234664917,0.5913040041923523,0.0,0.0,0.0,0.0,,,,,,,,,,,,,,,,,,,,
spot_delta_band,val,3456,baseline,-0.014399104751646519,0.02334502898156643,-0.10334408856928348,-0.06292853020131588,-0.08968343585729599,-0.005673078121617436,0.0044440206605941,0.7833333333333333,-0.014174163341522217,-0.0001460900530219078,7.885163358878344e-05,0.009859895333647728,0.41725000739097595,0.1937509924173355,0.4413039982318878,0.0,0.0,0.0,0.0,0.15,gains_mean,,,,,,,,,,,,,,,,,,
unhedged,test,3456,baseline,-0.015859559178352356,0.025910671800374985,-0.10843687057495117,-0.06923425197601318,-0.09759736806154251,-0.001802206039428711,0.0,0.5239085239085239,-0.015859559178352356,0.0,0.0,0.0,0.0,0.0,0.0,0.0,0.0,0.0,0.0,,,,,,,,,,,,,,,,,,,,
spot_delta,test,3456,baseline,-0.016301730647683144,0.026121173053979874,-0.10691156387329102,-0.06583993881940842,-0.09708163887262344,-0.00799473188817501,0.008502439595758915,0.7713097713097713,-0.015859559178352356,-0.0002684583596419543,0.00017371460853610188,0.021694710478186607,0.5881500244140625,0.25699201226234436,0.5913040041923523,0.0,0.0,0.0,0.0,,,,,,,,,,,,,,,,,,,,
spot_delta_band,test,3456,baseline,-0.01610003411769867,0.02557729184627533,-0.1072736144065857,-0.06841026246547699,-0.09678353369235992,-0.0069066183641552925,0.005278961267322302,0.7754677754677755,-0.015859559178352356,-0.00016147425048984587,7.900208584032953e-05,0.00987959187477827,0.438150018453598,0.19379960000514984,0.4413039982318878,0.0,0.0,0.0,0.0,0.15,gains_mean,,,,,,,,,,,,,,,,,,
vanilla,train,3456,vanilla,-0.01713396981358528,0.026356128975749016,-0.1195094234496355,-0.0647057231515646,-0.10179417580366135,-0.003840691293589771,-0.0002565917355241254,0.9785714285714285,-0.017099954187870026,0.00014323947834782302,0.00017725392535794526,0.014364774338901043,0.04101984575390816,0.17360442876815796,0.5579953789710999,0.0,0.0,0.0,0.0,,,cvar,/Users/yaniszaim/deephedging/.deephedging_real_runs/final_paper_asian_panel/panel_sweeps/XLE_full_paper_grid_800_asian_call_step_robust/model_artifacts/seed_3456/risk_cvar/vanilla,73.0,0.0579780952213332,val_loss,0.014811626635491848,0.18132872879505157,0.0,0.0,2240.0,20.0,2.0,,,,,,
vanilla,val,3456,vanilla,-0.014404768124222755,0.022612838074564934,-0.0961837786436081,-0.06402083039283753,-0.08688168972730637,-0.0031837403075769544,-0.0003286133302026442,0.9770833333333333,-0.014174163341522217,-5.453540870803408e-05,0.00017607072368264198,0.014356361702084541,0.041010815650224686,0.17352259159088135,0.5548780560493469,0.0,0.0,0.0,0.0,,,cvar,/Users/yaniszaim/deephedging/.deephedging_real_runs/final_paper_asian_panel/panel_sweeps/XLE_full_paper_grid_800_asian_call_step_robust/model_artifacts/seed_3456/risk_cvar/vanilla,73.0,0.0579780952213332,val_loss,0.014811626635491848,0.18132872879505157,0.0,0.0,480.0,20.0,2.0,,,,,,
vanilla,test,3456,vanilla,-0.01590668596327305,0.024180691689252853,-0.10319572240114212,-0.06604337692260742,-0.09272116422653198,-0.00399893568828702,-0.000141163298394531,0.9604989604989606,-0.015859559178352356,0.0001299897994613275,0.00017711739928927273,0.014364063739776611,0.04101697728037834,0.17359444499015808,0.553480327129364,0.0,0.0,0.0,0.0,,,cvar,/Users/yaniszaim/deephedging/.deephedging_real_runs/final_paper_asian_panel/panel_sweeps/XLE_full_paper_grid_800_asian_call_step_robust/model_artifacts/seed_3456/risk_cvar/vanilla,73.0,0.0579780952213332,val_loss,0.014811626635491848,0.18132872879505157,0.0,0.0,481.0,20.0,2.0,,,,,,
proto_source=spot_delta_k=10_weighted=0_learnw=0,train,3456,proto,-0.017188232392072678,0.025755351409316063,-0.11694109588861465,-0.06376477554440499,-0.10009215772151947,-0.005132144317030907,-0.0001921434246469326,0.9642857142857143,-0.017099954187870026,0.00019615596102084965,0.00028443278279155493,0.017066694796085358,0.06825384497642517,0.24679020047187805,0.9483732581138611,0.0,0.0,0.0,0.0,,,cvar,/Users/yaniszaim/deephedging/.deephedging_real_runs/final_paper_asian_panel/panel_sweeps/XLE_full_paper_grid_800_asian_call_step_robust/model_artifacts/seed_3456/risk_cvar/proto_source_spot_delta_k_10_weighted_0_learnw_0,8.0,0.057831175825558606,val_loss,0.014694283716380596,0.20211775600910187,0.0,0.0,2240.0,20.0,2.0,spot_delta,10.0,False,False,0.04967845231294632,0.09640596061944962
proto_source=spot_delta_k=10_weighted=0_learnw=0,val,3456,proto,-0.014508365653455257,0.022253353148698807,-0.09718684069812297,-0.06428112275898457,-0.08601441234350204,-0.004275773651897907,-7.714958337601825e-06,0.95,-0.014174163341522217,-5.0629780162125826e-05,0.00028357317205518484,0.017120474949479103,0.06715613603591919,0.24792861938476562,0.9389346241950989,0.0,0.0,0.0,0.0,,,cvar,/Users/yaniszaim/deephedging/.deephedging_real_runs/final_paper_asian_panel/panel_sweeps/XLE_full_paper_grid_800_asian_call_step_robust/model_artifacts/seed_3456/risk_cvar/proto_source_spot_delta_k_10_weighted_0_learnw_0,8.0,0.057831175825558606,val_loss,0.014694283716380596,0.20211775600910187,0.0,0.0,480.0,20.0,2.0,spot_delta,10.0,False,False,0.04967845231294632,0.09640596061944962
proto_source=spot_delta_k=10_weighted=0_learnw=0,test,3456,proto,-0.015997830778360367,0.023614007979631424,-0.10171574205160142,-0.06456308811903,-0.09128083288669586,-0.005076156929135323,-0.00027162287733517587,0.9625779625779626,-0.015859559178352356,0.00014729663962498307,0.0002855675993487239,0.01712188683450222,0.0677293986082077,0.24725288152694702,0.853844940662384,0.0,0.0,0.0,0.0,,,cvar,/Users/yaniszaim/deephedging/.deephedging_real_runs/final_paper_asian_panel/panel_sweeps/XLE_full_paper_grid_800_asian_call_step_robust/model_artifacts/seed_3456/risk_cvar/proto_source_spot_delta_k_10_weighted_0_learnw_0,8.0,0.057831175825558606,val_loss,0.014694283716380596,0.20211775600910187,0.0,0.0,481.0,20.0,2.0,spot_delta,10.0,False,False,0.04967845231294632,0.09640596061944962
proto_source=spot_delta_k=10_weighted=1_learnw=0,train,3456,proto,-0.017100777477025986,0.026674630120396614,-0.12139361515641213,-0.06550219021737576,-0.10264386236667633,-0.0036058012628927827,9.128056262852606e-05,0.9379464285714286,-0.017099954187870026,0.00013195595238357782,0.00013277758262120187,0.012105394154787064,0.04475542902946472,0.13564957678318024,0.5387651920318604,0.0,0.0,0.0,0.0,,,cvar,/Users/yaniszaim/deephedging/.deephedging_real_runs/final_paper_asian_panel/panel_sweeps/XLE_full_paper_grid_800_asian_call_step_robust/model_artifacts/seed_3456/risk_cvar/proto_source_spot_delta_k_10_weighted_1_learnw_0,8.0,0.05767255820333958,val_loss,0.012607172131538391,0.16921848058700562,0.0,0.0,2240.0,20.0,2.0,spot_delta,10.0,True,False,0.06680606305599213,0.12643840909004211
proto_source=spot_delta_k=10_weighted=1_learnw=0,val,3456,proto,-0.01438635028898716,0.022968916222453117,-0.09646777346730233,-0.06512888260185719,-0.08798426389694214,-0.0029098731465637684,0.00010039375410997305,0.9395833333333333,-0.014174163341522217,-7.892453140811995e-05,0.0001332624233327806,0.012165083549916744,0.03532594442367554,0.1355394721031189,0.5302397608757019,0.0,0.0,0.0,0.0,,,cvar,/Users/yaniszaim/deephedging/.deephedging_real_runs/final_paper_asian_panel/panel_sweeps/XLE_full_paper_grid_800_asian_call_step_robust/model_artifacts/seed_3456/risk_cvar/proto_source_spot_delta_k_10_weighted_1_learnw_0,8.0,0.05767255820333958,val_loss,0.012607172131538391,0.16921848058700562,0.0,0.0,480.0,20.0,2.0,spot_delta,10.0,True,False,0.06680606305599213,0.12643840909004211
proto_source=spot_delta_k=10_weighted=1_learnw=0,test,3456,proto,-0.015867453068494797,0.02455384097993374,-0.10371076166629792,-0.06736995279788971,-0.09383294731378555,-0.0038741878233850002,0.00027099798899143934,0.9272349272349273,-0.015859559178352356,0.00012503577454481274,0.00013292935909703374,0.012134849093854427,0.041646480560302734,0.1358342170715332,0.5328059792518616,0.0,0.0,0.0,0.0,,,cvar,/Users/yaniszaim/deephedging/.deephedging_real_runs/final_paper_asian_panel/panel_sweeps/XLE_full_paper_grid_800_asian_call_step_robust/model_artifacts/seed_3456/risk_cvar/proto_source_spot_delta_k_10_weighted_1_learnw_0,8.0,0.05767255820333958,val_loss,0.012607172131538391,0.16921848058700562,0.0,0.0,481.0,20.0,2.0,spot_delta,10.0,True,False,0.06680606305599213,0.12643840909004211
proto_source=spot_delta_k=25_weighted=0_learnw=0,train,3456,proto,-0.016993267461657524,0.02643224410712719,-0.11960603199899196,-0.06497241519391536,-0.10154985636472702,-0.004078934900462627,0.0003533549577696212,0.9098214285714286,-0.017099954187870026,0.00023124436847865582,0.000124557496747002,0.014418757520616055,0.15720760822296143,0.13439111411571503,0.5817403793334961,0.0,0.0,0.0,0.0,,,cvar,/Users/yaniszaim/deephedging/.deephedging_real_runs/final_paper_asian_panel/panel_sweeps/XLE_full_paper_grid_800_asian_call_step_robust/model_artifacts/seed_3456/risk_cvar/proto_source_spot_delta_k_25_weighted_0_learnw_0,24.0,0.05725567656569183,val_loss,0.01431802473962307,0.14125381410121918,0.0,0.0,2240.0,20.0,2.0,spot_delta,25.0,False,False,0.10954871028661728,0.1911078542470932
proto_source=spot_delta_k=25_weighted=0_learnw=0,val,3456,proto,-0.01425701193511486,0.023121630772948265,-0.10430304482579231,-0.0662319116294384,-0.08888671547174454,-0.0029145479202270508,0.0003388719327631404,0.9083333333333333,-0.014174163341522217,3.6851208278676495e-05,0.00011969992920057848,0.013977788388729095,0.14899438619613647,0.13380135595798492,0.6049414277076721,0.0,0.0,0.0,0.0,,,cvar,/Users/yaniszaim/deephedging/.deephedging_real_runs/final_paper_asian_panel/panel_sweeps/XLE_full_paper_grid_800_asian_call_step_robust/model_artifacts/seed_3456/risk_cvar/proto_source_spot_delta_k_25_weighted_0_learnw_0,24.0,0.05725567656569183,val_loss,0.01431802473962307,0.14125381410121918,0.0,0.0,480.0,20.0,2.0,spot_delta,25.0,False,False,0.10954871028661728,0.1911078542470932
proto_source=spot_delta_k=25_weighted=0_learnw=0,test,3456,proto,-0.015763619914650917,0.02400534600019455,-0.10285084396600723,-0.06740575283765793,-0.09122585505247116,-0.0039155748672783375,0.0004973902832716703,0.9002079002079002,-0.015859559178352356,0.0002207695652032271,0.000124831116409041,0.01450912281870842,0.15643787384033203,0.1346869021654129,0.5619834065437317,0.0,0.0,0.0,0.0,,,cvar,/Users/yaniszaim/deephedging/.deephedging_real_runs/final_paper_asian_panel/panel_sweeps/XLE_full_paper_grid_800_asian_call_step_robust/model_artifacts/seed_3456/risk_cvar/proto_source_spot_delta_k_25_weighted_0_learnw_0,24.0,0.05725567656569183,val_loss,0.01431802473962307,0.14125381410121918,0.0,0.0,481.0,20.0,2.0,spot_delta,25.0,False,False,0.10954871028661728,0.1911078542470932
proto_source=spot_delta_k=25_weighted=1_learnw=0,train,3456,proto,-0.01714409701526165,0.02662854827940464,-0.12025228098034858,-0.06461477391421795,-0.10259439796209335,-0.0035428780829533935,-0.00016473605137434812,0.9732142857142857,-0.017099954187870026,9.137099550571293e-05,0.0001355128042632714,0.009187289513647556,0.04584481939673424,0.13727538287639618,0.4719558656215668,0.0,0.0,0.0,0.0,,,cvar,/Users/yaniszaim/deephedging/.deephedging_real_runs/final_paper_asian_panel/panel_sweeps/XLE_full_paper_grid_800_asian_call_step_robust/model_artifacts/seed_3456/risk_cvar/proto_source_spot_delta_k_25_weighted_1_learnw_0,7.0,0.057383425398729745,val_loss,0.009495395235717297,0.11739561706781387,0.0,0.0,2240.0,20.0,2.0,spot_delta,25.0,True,False,0.10160475969314575,0.16252528131008148
proto_source=spot_delta_k=25_weighted=1_learnw=0,val,3456,proto,-0.014343603514134884,0.022907206788659096,-0.09705569840967655,-0.06503302790224552,-0.08776414394378662,-0.0027521871961653233,-0.0001556211209390313,0.9729166666666667,-0.014174163341522217,-3.422490044613369e-05,0.00013521642540581524,0.009174537844955921,0.04578741639852524,0.137118399143219,0.38847970962524414,0.0,0.0,0.0,0.0,,,cvar,/Users/yaniszaim/deephedging/.deephedging_real_runs/final_paper_asian_panel/panel_sweeps/XLE_full_paper_grid_800_asian_call_step_robust/model_artifacts/seed_3456/risk_cvar/proto_source_spot_delta_k_25_weighted_1_learnw_0,7.0,0.057383425398729745,val_loss,0.009495395235717297,0.11739561706781387,0.0,0.0,480.0,20.0,2.0,spot_delta,25.0,True,False,0.10160475969314575,0.16252528131008148
proto_source=spot_delta_k=25_weighted=1_learnw=0,test,3456,proto,-0.015988221392035484,0.024586087092757225,-0.10456998199224472,-0.06655313074588776,-0.09396696090698242,-0.0037190159782767296,-0.00013328778732102364,0.9646569646569647,-0.015859559178352356,6.6266852627450135e-06,0.00013528965064324439,0.009195319376885891,0.04569926857948303,0.13732241094112396,0.440121591091156,0.0,0.0,0.0,0.0,,,cvar,/Users/yaniszaim/deephedging/.deephedging_real_runs/final_paper_asian_panel/panel_sweeps/XLE_full_paper_grid_800_asian_call_step_robust/model_artifacts/seed_3456/risk_cvar/proto_source_spot_delta_k_25_weighted_1_learnw_0,7.0,0.057383425398729745,val_loss,0.009495395235717297,0.11739561706781387,0.0,0.0,481.0,20.0,2.0,spot_delta,25.0,True,False,0.10160475969314575,0.16252528131008148
proto_source=spot_delta_k=50_weighted=0_learnw=0,train,3456,proto,-0.01706024259328842,0.027253935113549232,-0.12030400283634662,-0.06905625872313977,-0.10423366725444794,-0.006796087836846709,0.00424529411830006,0.8129464285714286,-0.017099954187870026,0.0003611748688854277,0.0003214629541616887,0.037853412330150604,0.3824056088924408,0.22231759130954742,1.0,0.000234375,0.0,0.000234375,0.0013392857142857143,,,cvar,/Users/yaniszaim/deephedging/.deephedging_real_runs/final_paper_asian_panel/panel_sweeps/XLE_full_paper_grid_800_asian_call_step_robust/model_artifacts/seed_3456/risk_cvar/proto_source_spot_delta_k_50_weighted_0_learnw_0,73.0,0.05654125066039463,val_loss,0.029058383777737617,0.1824091374874115,5.208333333333334e-05,0.0020833333333333333,2240.0,20.0,2.0,spot_delta,50.0,False,False,0.1612139493227005,0.39067938923835754
proto_source=spot_delta_k=50_weighted=0_learnw=0,val,3456,proto,-0.014307970181107521,0.023694835603237152,-0.10152356296777724,-0.06134683899581432,-0.09150419384241104,-0.006109780631959438,0.004219310008920722,0.7854166666666667,-0.014174163341522217,0.00015943727339617908,0.0002932437346316874,0.03452223911881447,0.27768510580062866,0.22285065054893494,0.702210545539856,0.0,0.0,0.0,0.0,,,cvar,/Users/yaniszaim/deephedging/.deephedging_real_runs/final_paper_asian_panel/panel_sweeps/XLE_full_paper_grid_800_asian_call_step_robust/model_artifacts/seed_3456/risk_cvar/proto_source_spot_delta_k_50_weighted_0_learnw_0,73.0,0.05654125066039463,val_loss,0.029058383777737617,0.1824091374874115,5.208333333333334e-05,0.0020833333333333333,480.0,20.0,2.0,spot_delta,50.0,False,False,0.1612139493227005,0.39067938923835754
proto_source=spot_delta_k=50_weighted=0_learnw=0,test,3456,proto,-0.016582194715738297,0.025328239426016808,-0.1131508395075798,-0.06862904876470566,-0.0965282991528511,-0.005798186641186476,0.003997364547103643,0.8316008316008316,-0.015859559178352356,-0.0004125421110074967,0.00031009470694698393,0.036489296704530716,0.30081409215927124,0.2226095050573349,1.0,0.00031185031185031187,0.0,0.00031185031185031187,0.004158004158004158,,,cvar,/Users/yaniszaim/deephedging/.deephedging_real_runs/final_paper_asian_panel/panel_sweeps/XLE_full_paper_grid_800_asian_call_step_robust/model_artifacts/seed_3456/risk_cvar/proto_source_spot_delta_k_50_weighted_0_learnw_0,73.0,0.05654125066039463,val_loss,0.029058383777737617,0.1824091374874115,5.208333333333334e-05,0.0020833333333333333,481.0,20.0,2.0,spot_delta,50.0,False,False,0.1612139493227005,0.39067938923835754
proto_source=spot_delta_k=50_weighted=1_learnw=0,train,3456,proto,-0.0170177910476923,0.026987511664628983,-0.12185122549533844,-0.06629596054553985,-0.10323182493448257,-0.0034907361259683967,0.0005723349953768761,0.8629464285714286,-0.017099954187870026,0.0001234903756994754,4.1326493374072015e-05,0.005032604560256004,0.13284584879875183,0.08008210361003876,0.36332419514656067,0.0,0.0,0.0,0.0,,,cvar,/Users/yaniszaim/deephedging/.deephedging_real_runs/final_paper_asian_panel/panel_sweeps/XLE_full_paper_grid_800_asian_call_step_robust/model_artifacts/seed_3456/risk_cvar/proto_source_spot_delta_k_50_weighted_1_learnw_0,70.0,0.057445478089774654,val_loss,0.010095974430441856,0.1227196529507637,0.0022916666666666667,0.025,2240.0,20.0,2.0,spot_delta,50.0,True,False,0.07638818025588989,0.20244768261909485
proto_source=spot_delta_k=50_weighted=1_learnw=0,val,3456,proto,-0.014211711473762989,0.023338139057159424,-0.09592309415340423,-0.06538279950618744,-0.08867277950048447,-0.0024585986975580454,0.0006784828932723012,0.8541666666666666,-0.014174163341522217,3.0045455332583515e-06,4.055368481203914e-05,0.004958379548043013,0.06902811676263809,0.0796174556016922,0.38888704776763916,0.0,0.0,0.0,0.0,,,cvar,/Users/yaniszaim/deephedging/.deephedging_real_runs/final_paper_asian_panel/panel_sweeps/XLE_full_paper_grid_800_asian_call_step_robust/model_artifacts/seed_3456/risk_cvar/proto_source_spot_delta_k_50_weighted_1_learnw_0,70.0,0.057445478089774654,val_loss,0.010095974430441856,0.1227196529507637,0.0022916666666666667,0.025,480.0,20.0,2.0,spot_delta,50.0,True,False,0.07638818025588989,0.20244768261909485
proto_source=spot_delta_k=50_weighted=1_learnw=0,test,3456,proto,-0.01589840278029442,0.024949345737695694,-0.10528897792100907,-0.06673628091812134,-0.09464379400014877,-0.003077061614021659,0.0006224734825082123,0.8523908523908524,-0.015859559178352356,2.794091642499552e-06,4.163723497185856e-05,0.005078819580376148,0.12970273196697235,0.08085189759731293,0.3820044696331024,0.0,0.0,0.0,0.0,,,cvar,/Users/yaniszaim/deephedging/.deephedging_real_runs/final_paper_asian_panel/panel_sweeps/XLE_full_paper_grid_800_asian_call_step_robust/model_artifacts/seed_3456/risk_cvar/proto_source_spot_delta_k_50_weighted_1_learnw_0,70.0,0.057445478089774654,val_loss,0.010095974430441856,0.1227196529507637,0.0022916666666666667,0.025,481.0,20.0,2.0,spot_delta,50.0,True,False,0.07638818025588989,0.20244768261909485
proto_source=spot_delta_k=100_weighted=0_learnw=0,train,3456,proto,-0.017045190557837486,0.026253592222929,-0.12097779020667077,-0.06476279273629189,-0.10127878189086914,-0.0042346620466560125,-1.3566652341981853e-05,0.9508928571428571,-0.017099954187870026,0.00019875937141478062,0.00014399719657376409,0.011772876605391502,0.10341757535934448,0.1685602068901062,0.9775670170783997,0.0,0.0,0.0,0.0,,,cvar,/Users/yaniszaim/deephedging/.deephedging_real_runs/final_paper_asian_panel/panel_sweeps/XLE_full_paper_grid_800_asian_call_step_robust/model_artifacts/seed_3456/risk_cvar/proto_source_spot_delta_k_100_weighted_0_learnw_0,12.0,0.057260084296576676,val_loss,0.01060053613036871,0.1443181335926056,0.0,0.0,2240.0,20.0,2.0,spot_delta,100.0,False,False,0.08671591430902481,0.16357222199440002
proto_source=spot_delta_k=100_weighted=0_learnw=0,val,3456,proto,-0.01431333739310503,0.022680306807160378,-0.09736828058958054,-0.06451049372553826,-0.08694404363632202,-0.0034704195568338037,-5.074459841125671e-05,0.95625,-0.014174163341522217,1.8612404346640687e-06,0.00014103582361713052,0.011639943346381187,0.060975104570388794,0.16810037195682526,0.446671724319458,0.0,0.0,0.0,0.0,,,cvar,/Users/yaniszaim/deephedging/.deephedging_real_runs/final_paper_asian_panel/panel_sweeps/XLE_full_paper_grid_800_asian_call_step_robust/model_artifacts/seed_3456/risk_cvar/proto_source_spot_delta_k_100_weighted_0_learnw_0,12.0,0.057260084296576676,val_loss,0.01060053613036871,0.1443181335926056,0.0,0.0,480.0,20.0,2.0,spot_delta,100.0,False,False,0.08671591430902481,0.16357222199440002
proto_source=spot_delta_k=100_weighted=0_learnw=0,test,3456,proto,-0.015918081626296043,0.023925812914967537,-0.10551504343748093,-0.06550201773643494,-0.09177858382463455,-0.003995932638645172,-3.825480962404981e-05,0.9521829521829522,-0.015859559178352356,8.476150833303109e-05,0.00014328479301184416,0.011823593638837337,0.0736473798751831,0.16856488585472107,0.44982603192329407,0.0,0.0,0.0,0.0,,,cvar,/Users/yaniszaim/deephedging/.deephedging_real_runs/final_paper_asian_panel/panel_sweeps/XLE_full_paper_grid_800_asian_call_step_robust/model_artifacts/seed_3456/risk_cvar/proto_source_spot_delta_k_100_weighted_0_learnw_0,12.0,0.057260084296576676,val_loss,0.01060053613036871,0.1443181335926056,0.0,0.0,481.0,20.0,2.0,spot_delta,100.0,False,False,0.08671591430902481,0.16357222199440002
proto_source=spot_delta_k=100_weighted=1_learnw=0,train,3456,proto,-0.017118750140070915,0.026413606479763985,-0.12118368126451969,-0.06459062658250332,-0.10197973251342773,-0.00429474632255733,3.434683749219161e-05,0.9459821428571429,-0.017099954187870026,0.00015645610983483493,0.00017525075236335397,0.012882232666015625,0.05506783723831177,0.17325064539909363,0.5083362460136414,0.0,0.0,0.0,0.0,,,cvar,/Users/yaniszaim/deephedging/.deephedging_real_runs/final_paper_asian_panel/panel_sweeps/XLE_full_paper_grid_800_asian_call_step_robust/model_artifacts/seed_3456/risk_cvar/proto_source_spot_delta_k_100_weighted_1_learnw_0,12.0,0.05742937981616705,val_loss,0.012061684392392635,0.1675657331943512,0.0,0.0,2240.0,20.0,2.0,spot_delta,100.0,True,False,0.0811302587389946,0.16408143937587738
proto_source=spot_delta_k=100_weighted=1_learnw=0,val,3456,proto,-0.014342403039336205,0.022634102031588554,-0.09528467401862145,-0.06475614830851555,-0.08676540851593018,-0.0032785990042611957,0.0001107162701373449,0.9395833333333333,-0.014174163341522217,6.344782377709635e-06,0.00017458588990848511,0.012864782474935055,0.054651349782943726,0.173220694065094,0.49334004521369934,0.0,0.0,0.0,0.0,,,cvar,/Users/yaniszaim/deephedging/.deephedging_real_runs/final_paper_asian_panel/panel_sweeps/XLE_full_paper_grid_800_asian_call_step_robust/model_artifacts/seed_3456/risk_cvar/proto_source_spot_delta_k_100_weighted_1_learnw_0,12.0,0.05742937981616705,val_loss,0.012061684392392635,0.1675657331943512,0.0,0.0,480.0,20.0,2.0,spot_delta,100.0,True,False,0.0811302587389946,0.16408143937587738
proto_source=spot_delta_k=100_weighted=1_learnw=0,test,3456,proto,-0.015964927151799202,0.024261606857180595,-0.10102338194847107,-0.06558335572481155,-0.09314725548028946,-0.004229178186506033,3.7066638469696045e-05,0.9459459459459459,-0.015859559178352356,6.843399023637176e-05,0.0001738020364427939,0.012876217253506184,0.05496948957443237,0.17343631386756897,0.494303435087204,0.0,0.0,0.0,0.0,,,cvar,/Users/yaniszaim/deephedging/.deephedging_real_runs/final_paper_asian_panel/panel_sweeps/XLE_full_paper_grid_800_asian_call_step_robust/model_artifacts/seed_3456/risk_cvar/proto_source_spot_delta_k_100_weighted_1_learnw_0,12.0,0.05742937981616705,val_loss,0.012061684392392635,0.1675657331943512,0.0,0.0,481.0,20.0,2.0,spot_delta,100.0,True,False,0.0811302587389946,0.16408143937587738
proto_source=vanilla_k=10_weighted=0_learnw=0,train,3456,proto,-0.017391180619597435,0.026764439418911934,-0.12246059104800225,-0.06574298180639744,-0.10326928645372391,-0.004027090268209577,1.0602838301564626e-05,0.9486607142857143,-0.017099954187870026,0.00012613716535270214,0.00041736423736438155,0.01634506694972515,0.09778314083814621,0.18830828368663788,0.5299768447875977,0.0,0.0,0.0,0.0,,,cvar,/Users/yaniszaim/deephedging/.deephedging_real_runs/final_paper_asian_panel/panel_sweeps/XLE_full_paper_grid_800_asian_call_step_robust/model_artifacts/seed_3456/risk_cvar/proto_source_vanilla_k_10_weighted_0_learnw_0,2.0,0.05844396169297397,val_loss,0.01648806594312191,0.19063711166381836,0.0,0.0,2240.0,20.0,2.0,vanilla,10.0,False,False,0.10235383361577988,0.15165932476520538
proto_source=vanilla_k=10_weighted=0_learnw=0,val,3456,proto,-0.014647736214101315,0.022907735779881477,-0.09727518483996392,-0.06472011618316173,-0.08773014694452286,-0.003399538923986256,-0.00012511931854533034,0.95625,-0.014174163341522217,-5.726821473217569e-05,0.00041630552732385695,0.016348030418157578,0.09775088727474213,0.18843047320842743,0.5293431878089905,0.0,0.0,0.0,0.0,,,cvar,/Users/yaniszaim/deephedging/.deephedging_real_runs/final_paper_asian_panel/panel_sweeps/XLE_full_paper_grid_800_asian_call_step_robust/model_artifacts/seed_3456/risk_cvar/proto_source_vanilla_k_10_weighted_0_learnw_0,2.0,0.05844396169297397,val_loss,0.01648806594312191,0.19063711166381836,0.0,0.0,480.0,20.0,2.0,vanilla,10.0,False,False,0.10235383361577988,0.15165932476520538
proto_source=vanilla_k=10_weighted=0_learnw=0,test,3456,proto,-0.01611330732703209,0.024428555741906166,-0.10336686819791793,-0.06734084337949753,-0.09349007904529572,-0.004062557592988014,7.304709288291633e-05,0.9355509355509356,-0.015859559178352356,0.00016202536062337458,0.00041577269439585507,0.016338910907506943,0.09777277708053589,0.188169464468956,0.5291212797164917,0.0,0.0,0.0,0.0,,,cvar,/Users/yaniszaim/deephedging/.deephedging_real_runs/final_paper_asian_panel/panel_sweeps/XLE_full_paper_grid_800_asian_call_step_robust/model_artifacts/seed_3456/risk_cvar/proto_source_vanilla_k_10_weighted_0_learnw_0,2.0,0.05844396169297397,val_loss,0.01648806594312191,0.19063711166381836,0.0,0.0,481.0,20.0,2.0,vanilla,10.0,False,False,0.10235383361577988,0.15165932476520538
proto_source=vanilla_k=10_weighted=1_learnw=0,train,3456,proto,-0.017608068883419037,0.02837943471968174,-0.128532994389534,-0.06865894980728626,-0.10812469571828842,-0.003678170614875853,0.0019313037511892595,0.8232142857142857,-0.017099954187870026,1.0555811059020925e-05,0.0005186693742871284,0.013996894471347332,0.12055516988039017,0.11118723452091217,0.19536013901233673,0.0,0.0,0.0,0.0,,,cvar,/Users/yaniszaim/deephedging/.deephedging_real_runs/final_paper_asian_panel/panel_sweeps/XLE_full_paper_grid_800_asian_call_step_robust/model_artifacts/seed_3456/risk_cvar/proto_source_vanilla_k_10_weighted_1_learnw_0,2.0,0.05830507103353739,val_loss,0.011269249022006989,0.13185180723667145,0.0,0.0,2240.0,20.0,2.0,vanilla,10.0,True,False,0.10384587198495865,0.15888671576976776
proto_source=vanilla_k=10_weighted=1_learnw=0,val,3456,proto,-0.0146821653470397,0.02419981360435486,-0.10100855447351932,-0.06728551536798477,-0.09129347652196884,-0.002859888016246259,0.0019815178820863327,0.825,-0.014174163341522217,9.442287591809873e-06,0.0005174446268938482,0.01399938389658928,0.11787435412406921,0.11121546477079391,0.19325491786003113,0.0,0.0,0.0,0.0,,,cvar,/Users/yaniszaim/deephedging/.deephedging_real_runs/final_paper_asian_panel/panel_sweeps/XLE_full_paper_grid_800_asian_call_step_robust/model_artifacts/seed_3456/risk_cvar/proto_source_vanilla_k_10_weighted_1_learnw_0,2.0,0.05830507103353739,val_loss,0.011269249022006989,0.13185180723667145,0.0,0.0,480.0,20.0,2.0,vanilla,10.0,True,False,0.10384587198495865,0.15888671576976776
proto_source=vanilla_k=10_weighted=1_learnw=0,test,3456,proto,-0.016212351620197296,0.025720391422510147,-0.10674561113119126,-0.07073449343442917,-0.09677764028310776,-0.003965866286307573,0.002027308102697134,0.8128898128898129,-0.015859559178352356,0.00016438007878605276,0.000517174368724227,0.013989575207233429,0.11357718706130981,0.11108515411615372,0.1905299425125122,0.0,0.0,0.0,0.0,,,cvar,/Users/yaniszaim/deephedging/.deephedging_real_runs/final_paper_asian_panel/panel_sweeps/XLE_full_paper_grid_800_asian_call_step_robust/model_artifacts/seed_3456/risk_cvar/proto_source_vanilla_k_10_weighted_1_learnw_0,2.0,0.05830507103353739,val_loss,0.011269249022006989,0.13185180723667145,0.0,0.0,481.0,20.0,2.0,vanilla,10.0,True,False,0.10384587198495865,0.15888671576976776
proto_source=vanilla_k=25_weighted=0_learnw=0,train,3456,proto,-0.01767241209745407,0.0283721424639225,-0.1312663236260414,-0.06865164786577224,-0.10797624289989471,-0.005271542584523559,0.0020804309519007773,0.8125,-0.017099954187870026,-4.042442014906555e-06,0.0005684153875336051,0.01168306078761816,0.400144100189209,0.09454894810914993,1.0,0.0005580357142857143,0.0005580357142857143,0.0,0.013839285714285714,,,cvar,/Users/yaniszaim/deephedging/.deephedging_real_runs/final_paper_asian_panel/panel_sweeps/XLE_full_paper_grid_800_asian_call_step_robust/model_artifacts/seed_3456/risk_cvar/proto_source_vanilla_k_25_weighted_0_learnw_0,755.0,0.05915216694803288,val_loss,0.012648879550397396,0.07031379640102386,0.00036458333333333335,0.010416666666666666,2240.0,20.0,2.0,vanilla,25.0,False,False,0.15370775759220123,0.4721145033836365
proto_source=vanilla_k=25_weighted=0_learnw=0,val,3456,proto,-0.014895344153046608,0.024669384583830833,-0.10396089859306812,-0.070022015273571,-0.0929168239235878,-0.0035695312544703484,0.0024593912763521074,0.775,-0.014174163341522217,-0.00016721454448997974,0.0005539669073186815,0.011570499278604984,0.400144100189209,0.09226978570222855,1.0,0.00026041666666666666,0.00026041666666666666,0.0,0.004166666666666667,,,cvar,/Users/yaniszaim/deephedging/.deephedging_real_runs/final_paper_asian_panel/panel_sweeps/XLE_full_paper_grid_800_asian_call_step_robust/model_artifacts/seed_3456/risk_cvar/proto_source_vanilla_k_25_weighted_0_learnw_0,755.0,0.05915216694803288,val_loss,0.012648879550397396,0.07031379640102386,0.00036458333333333335,0.010416666666666666,480.0,20.0,2.0,vanilla,25.0,False,False,0.15370775759220123,0.4721145033836365
proto_source=vanilla_k=25_weighted=0_learnw=0,test,3456,proto,-0.01646909862756729,0.026460465043783188,-0.11082050800323487,-0.07331632077693939,-0.099635049700737,-0.004427085164934397,0.002406913787126541,0.817047817047817,-0.015859559178352356,-4.1201103158527985e-05,0.0005683393683284521,0.011757777072489262,0.400144100189209,0.09961210191249847,1.0,0.0002598752598752599,0.0002598752598752599,0.0,0.010395010395010396,,,cvar,/Users/yaniszaim/deephedging/.deephedging_real_runs/final_paper_asian_panel/panel_sweeps/XLE_full_paper_grid_800_asian_call_step_robust/model_artifacts/seed_3456/risk_cvar/proto_source_vanilla_k_25_weighted_0_learnw_0,755.0,0.05915216694803288,val_loss,0.012648879550397396,0.07031379640102386,0.00036458333333333335,0.010416666666666666,481.0,20.0,2.0,vanilla,25.0,False,False,0.15370775759220123,0.4721145033836365
proto_source=vanilla_k=25_weighted=1_learnw=0,train,3456,proto,-0.017174672335386276,0.02558879554271698,-0.11896866366267204,-0.06348129324615001,-0.10001663863658905,-0.006064892979338765,0.0005275896226521534,0.9330357142857143,-0.017099954187870026,0.00021603306231554598,0.0002907504967879504,0.025596454739570618,0.08701875805854797,0.3109614849090576,1.0,0.06850446428571429,0.06850446428571429,0.0,0.8388392857142857,,,cvar,/Users/yaniszaim/deephedging/.deephedging_real_runs/final_paper_asian_panel/panel_sweeps/XLE_full_paper_grid_800_asian_call_step_robust/model_artifacts/seed_3456/risk_cvar/proto_source_vanilla_k_25_weighted_1_learnw_0,798.0,0.05923795717085401,val_loss,0.023191209882497787,0.2960616648197174,0.001979166666666667,0.041666666666666664,2240.0,20.0,2.0,vanilla,25.0,True,False,0.16118118166923523,0.3799430727958679
proto_source=vanilla_k=25_weighted=1_learnw=0,val,3456,proto,-0.01444089226424694,0.021660761907696724,-0.0957901793718338,-0.06149323675781488,-0.08449810743331909,-0.004947776906192303,0.00012234102614456626,0.9416666666666667,-0.014174163341522217,2.6658550268621184e-05,0.00029338791500777006,0.025726184248924255,0.08701872825622559,0.3150075376033783,1.0,0.07229166666666667,0.07229166666666667,0.0,0.8708333333333333,,,cvar,/Users/yaniszaim/deephedging/.deephedging_real_runs/final_paper_asian_panel/panel_sweeps/XLE_full_paper_grid_800_asian_call_step_robust/model_artifacts/seed_3456/risk_cvar/proto_source_vanilla_k_25_weighted_1_learnw_0,798.0,0.05923795717085401,val_loss,0.023191209882497787,0.2960616648197174,0.001979166666666667,0.041666666666666664,480.0,20.0,2.0,vanilla,25.0,True,False,0.16118118166923523,0.3799430727958679
proto_source=vanilla_k=25_weighted=1_learnw=0,test,3456,proto,-0.01594499684870243,0.023180954158306122,-0.10085749179124832,-0.0649944543838501,-0.09053224325180054,-0.006185777951031923,0.00019986354163847864,0.9293139293139293,-0.015859559178352356,0.00020452729950193316,0.00028996533364988863,0.025576112791895866,0.08701872825622559,0.3116447329521179,1.0,0.06891891891891892,0.06891891891891892,0.0,0.8461538461538461,,,cvar,/Users/yaniszaim/deephedging/.deephedging_real_runs/final_paper_asian_panel/panel_sweeps/XLE_full_paper_grid_800_asian_call_step_robust/model_artifacts/seed_3456/risk_cvar/proto_source_vanilla_k_25_weighted_1_learnw_0,798.0,0.05923795717085401,val_loss,0.023191209882497787,0.2960616648197174,0.001979166666666667,0.041666666666666664,481.0,20.0,2.0,vanilla,25.0,True,False,0.16118118166923523,0.3799430727958679
proto_source=vanilla_k=50_weighted=0_learnw=0,train,3456,proto,-0.016546208411455154,0.02468661218881607,-0.11213683553040027,-0.062361098453402514,-0.09359447658061981,-0.004480129573494196,0.0007078866270603583,0.9209821428571429,-0.017099954187870026,0.000915771524887532,0.0003620241768658161,0.02252163365483284,0.3022870123386383,0.23248349130153656,1.0,0.022511160714285713,0.022511160714285713,0.0,0.1611607142857143,,,cvar,/Users/yaniszaim/deephedging/.deephedging_real_runs/final_paper_asian_panel/panel_sweeps/XLE_full_paper_grid_800_asian_call_step_robust/model_artifacts/seed_3456/risk_cvar/proto_source_vanilla_k_50_weighted_0_learnw_0,285.0,0.06112303189871212,val_loss,0.023242192342877388,0.2633201777935028,0.030364583333333334,0.15833333333333333,2240.0,20.0,2.0,vanilla,50.0,False,False,0.14723271131515503,0.39614221453666687
proto_source=vanilla_k=50_weighted=0_learnw=0,val,3456,proto,-0.01386741641908884,0.022698551416397095,-0.1037422576546669,-0.06284682974219322,-0.08482807129621506,-0.003642111551016569,0.0008705643063876758,0.89375,-0.014174163341522217,0.0006463652825914323,0.00033961929148063064,0.022066598758101463,0.30219078063964844,0.22837300598621368,1.0,0.018333333333333333,0.018333333333333333,0.0,0.13125,,,cvar,/Users/yaniszaim/deephedging/.deephedging_real_runs/final_paper_asian_panel/panel_sweeps/XLE_full_paper_grid_800_asian_call_step_robust/model_artifacts/seed_3456/risk_cvar/proto_source_vanilla_k_50_weighted_0_learnw_0,285.0,0.06112303189871212,val_loss,0.023242192342877388,0.2633201777935028,0.030364583333333334,0.15833333333333333,480.0,20.0,2.0,vanilla,50.0,False,False,0.14723271131515503,0.39614221453666687
proto_source=vanilla_k=50_weighted=0_learnw=0,test,3456,proto,-0.015273088589310646,0.022440511733293533,-0.09356334209442138,-0.061038605868816376,-0.08425278961658478,-0.004686030559241772,0.0008460384560748935,0.9106029106029107,-0.015859559178352356,0.0009548977250233293,0.0003684263792820275,0.022793687880039215,0.30227622389793396,0.23691591620445251,1.0,0.02286902286902287,0.02286902286902287,0.0,0.16424116424116425,,,cvar,/Users/yaniszaim/deephedging/.deephedging_real_runs/final_paper_asian_panel/panel_sweeps/XLE_full_paper_grid_800_asian_call_step_robust/model_artifacts/seed_3456/risk_cvar/proto_source_vanilla_k_50_weighted_0_learnw_0,285.0,0.06112303189871212,val_loss,0.023242192342877388,0.2633201777935028,0.030364583333333334,0.15833333333333333,481.0,20.0,2.0,vanilla,50.0,False,False,0.14723271131515503,0.39614221453666687
proto_source=vanilla_k=50_weighted=1_learnw=0,train,3456,proto,-0.01708812639117241,0.02455904893577099,-0.11546778872609138,-0.06158223152160645,-0.09556930512189865,-0.007852981332689524,0.0013231255637947427,0.9111607142857143,-0.017099954187870026,0.0006928365328349173,0.0006810093182139099,0.03377271816134453,0.2584337592124939,0.4001438319683075,1.0,0.12238839285714286,0.12238839285714286,0.0,0.7723214285714286,,,cvar,/Users/yaniszaim/deephedging/.deephedging_real_runs/final_paper_asian_panel/panel_sweeps/XLE_full_paper_grid_800_asian_call_step_robust/model_artifacts/seed_3456/risk_cvar/proto_source_vanilla_k_50_weighted_1_learnw_0,182.0,0.059694987091546255,val_loss,0.030846675857901573,0.25081777572631836,0.0013020833333333333,0.029166666666666667,2240.0,20.0,2.0,vanilla,50.0,True,False,0.1150050088763237,0.3017084300518036
proto_source=vanilla_k=50_weighted=1_learnw=0,val,3456,proto,-0.014480089768767357,0.021179378032684326,-0.0935843627154827,-0.061171075142920014,-0.0813664048910141,-0.0068055917508900166,0.0013329434208571894,0.9041666666666667,-0.014174163341522217,0.00037087933742441237,0.0006768066668882966,0.03368553891777992,0.2315218597650528,0.400270015001297,1.0,0.11494791666666666,0.11494791666666666,0.0,0.7354166666666667,,,cvar,/Users/yaniszaim/deephedging/.deephedging_real_runs/final_paper_asian_panel/panel_sweeps/XLE_full_paper_grid_800_asian_call_step_robust/model_artifacts/seed_3456/risk_cvar/proto_source_vanilla_k_50_weighted_1_learnw_0,182.0,0.059694987091546255,val_loss,0.030846675857901573,0.25081777572631836,0.0013020833333333333,0.029166666666666667,480.0,20.0,2.0,vanilla,50.0,True,False,0.1150050088763237,0.3017084300518036
proto_source=vanilla_k=50_weighted=1_learnw=0,test,3456,proto,-0.015740782022476196,0.02183658257126808,-0.09562978446483612,-0.06286131590604782,-0.08378320932388306,-0.006557703483849764,0.0011189654469490051,0.9272349272349273,-0.015859559178352356,0.0007984198164194822,0.0006796417874284089,0.033830005675554276,0.1916106939315796,0.3995528221130371,1.0,0.12021829521829522,0.12021829521829522,0.0,0.760914760914761,,,cvar,/Users/yaniszaim/deephedging/.deephedging_real_runs/final_paper_asian_panel/panel_sweeps/XLE_full_paper_grid_800_asian_call_step_robust/model_artifacts/seed_3456/risk_cvar/proto_source_vanilla_k_50_weighted_1_learnw_0,182.0,0.059694987091546255,val_loss,0.030846675857901573,0.25081777572631836,0.0013020833333333333,0.029166666666666667,481.0,20.0,2.0,vanilla,50.0,True,False,0.1150050088763237,0.3017084300518036
proto_source=vanilla_k=100_weighted=0_learnw=0,train,3456,proto,-0.016737213358283043,0.026787545531988144,-0.11819083139300346,-0.06675393097102642,-0.09845270216464996,-0.006706102751195431,0.004719199892133433,0.8107142857142857,-0.017099954187870026,0.000798563240095973,0.00043582203215919435,0.0250252578407526,0.738503634929657,0.24465584754943848,1.0,0.004207589285714286,0.004207589285714286,0.0,0.046875,,,cvar,/Users/yaniszaim/deephedging/.deephedging_real_runs/final_paper_asian_panel/panel_sweeps/XLE_full_paper_grid_800_asian_call_step_robust/model_artifacts/seed_3456/risk_cvar/proto_source_vanilla_k_100_weighted_0_learnw_0,278.0,0.05973853039306899,val_loss,0.023112637922167778,0.31586697697639465,0.008958333333333334,0.07708333333333334,2240.0,20.0,2.0,vanilla,100.0,False,False,0.1948593556880951,0.7471678256988525
proto_source=vanilla_k=100_weighted=0_learnw=0,val,3456,proto,-0.014019724912941456,0.024114271625876427,-0.10240916319191457,-0.06216111648827791,-0.08555970340967178,-0.00591297447681427,0.004056991823017595,0.81875,-0.014174163341522217,0.0005747407558374107,0.00042030325857922435,0.02409285306930542,0.7130289077758789,0.24147793650627136,1.0,0.0017708333333333332,0.0017708333333333332,0.0,0.027083333333333334,,,cvar,/Users/yaniszaim/deephedging/.deephedging_real_runs/final_paper_asian_panel/panel_sweeps/XLE_full_paper_grid_800_asian_call_step_robust/model_artifacts/seed_3456/risk_cvar/proto_source_vanilla_k_100_weighted_0_learnw_0,278.0,0.05973853039306899,val_loss,0.023112637922167778,0.31586697697639465,0.008958333333333334,0.07708333333333334,480.0,20.0,2.0,vanilla,100.0,False,False,0.1948593556880951,0.7471678256988525
proto_source=vanilla_k=100_weighted=0_learnw=0,test,3456,proto,-0.01437048614025116,0.028691085055470467,-0.09361792802810669,-0.062355753034353256,-0.08760036528110504,-0.006388391833752394,0.004556439351290464,0.8191268191268192,-0.015859559178352356,0.0019311730284243822,0.00044210016494616866,0.0254962220788002,0.7393783926963806,0.2462811917066574,1.0,0.00498960498960499,0.00498960498960499,0.0,0.04781704781704782,,,cvar,/Users/yaniszaim/deephedging/.deephedging_real_runs/final_paper_asian_panel/panel_sweeps/XLE_full_paper_grid_800_asian_call_step_robust/model_artifacts/seed_3456/risk_cvar/proto_source_vanilla_k_100_weighted_0_learnw_0,278.0,0.05973853039306899,val_loss,0.023112637922167778,0.31586697697639465,0.008958333333333334,0.07708333333333334,481.0,20.0,2.0,vanilla,100.0,False,False,0.1948593556880951,0.7471678256988525
proto_source=vanilla_k=100_weighted=1_learnw=0,train,3456,proto,-0.017476212233304977,0.027356253936886787,-0.12172663927078246,-0.0653746910393238,-0.10457286983728409,-0.006461642682552338,0.0029249962768517286,0.8392857142857143,-0.017099954187870026,0.000279874395346269,0.0006561322952620685,0.028789719566702843,0.12935326993465424,0.17251653969287872,0.8146861791610718,0.0,0.0,0.0,0.0,,,cvar,/Users/yaniszaim/deephedging/.deephedging_real_runs/final_paper_asian_panel/panel_sweeps/XLE_full_paper_grid_800_asian_call_step_robust/model_artifacts/seed_3456/risk_cvar/proto_source_vanilla_k_100_weighted_1_learnw_0,64.0,0.059523267932236196,val_loss,0.02853182703256607,0.36999762058258057,0.0,0.0,2240.0,20.0,2.0,vanilla,100.0,True,False,0.11983492225408554,0.1974387913942337
proto_source=vanilla_k=100_weighted=1_learnw=0,val,3456,proto,-0.01455006841570139,0.02303176186978817,-0.0979119798541069,-0.06353025920689107,-0.08770203590393066,-0.0054260119795799255,0.002579180512111633,0.84375,-0.014174163341522217,0.00029174084193073213,0.0006676461780443788,0.029277145862579346,0.1291591227054596,0.17396031320095062,0.728990912437439,0.0,0.0,0.0,0.0,,,cvar,/Users/yaniszaim/deephedging/.deephedging_real_runs/final_paper_asian_panel/panel_sweeps/XLE_full_paper_grid_800_asian_call_step_robust/model_artifacts/seed_3456/risk_cvar/proto_source_vanilla_k_100_weighted_1_learnw_0,64.0,0.059523267932236196,val_loss,0.02853182703256607,0.36999762058258057,0.0,0.0,480.0,20.0,2.0,vanilla,100.0,True,False,0.11983492225408554,0.1974387913942337
proto_source=vanilla_k=100_weighted=1_learnw=0,test,3456,proto,-0.016194535419344902,0.025454480201005936,-0.10940437465906143,-0.06658591330051422,-0.09576655179262161,-0.00597961014136672,0.003345373086631298,0.8316008316008316,-0.015859559178352356,0.0003255805931985378,0.0006605579401366413,0.029035702347755432,0.12854759395122528,0.17212548851966858,0.7421471476554871,0.0,0.0,0.0,0.0,,,cvar,/Users/yaniszaim/deephedging/.deephedging_real_runs/final_paper_asian_panel/panel_sweeps/XLE_full_paper_grid_800_asian_call_step_robust/model_artifacts/seed_3456/risk_cvar/proto_source_vanilla_k_100_weighted_1_learnw_0,64.0,0.059523267932236196,val_loss,0.02853182703256607,0.36999762058258057,0.0,0.0,481.0,20.0,2.0,vanilla,100.0,True,False,0.11983492225408554,0.1974387913942337
