model,model_family,n_runs,gains_mean_avg,gains_mean_std,gains_p05_avg,gains_cvar05_avg,shortfall_prob_avg,delta_abs_max_avg,action_abs_mean_avg,pct_at_any_position_bound_avg,pct_at_upper_position_bound_avg,pct_at_lower_position_bound_avg,pct_paths_touch_any_position_bound_avg,selected_epoch_avg,selected_score_avg,selected_val_pct_at_any_position_bound_avg,selected_val_pct_paths_touch_any_position_bound_avg,selected_band_avg,passes_bound_occupancy_screen,passes_path_touch_screen,passes_robust_screen,gains_mean_avg_minus_unhedged,gains_mean_avg_minus_spot_delta,gains_mean_avg_minus_spot_delta_band,gains_mean_avg_minus_vanilla,gains_cvar05_avg_minus_unhedged,gains_cvar05_avg_minus_spot_delta,gains_cvar05_avg_minus_spot_delta_band,gains_cvar05_avg_minus_vanilla,shortfall_prob_avg_minus_unhedged,shortfall_prob_avg_minus_spot_delta,shortfall_prob_avg_minus_spot_delta_band,shortfall_prob_avg_minus_vanilla,ticker,output_dir,prototype_source,n_prototypes,weighted_similarity,learn_distance_feature_weights,risk_measure
spot_delta,baseline,1,-0.0199559479951858,,-0.0651537869125604,-0.0758246630430221,0.8048245614035088,0.6422320008277893,0.0246457159519195,0.0,0.0,0.0,0.0,,,,,,True,True,True,0.0006941705942153,0.0,0.0001136120408773,,0.0050273463129997,0.0,-0.0003411397337913,,-0.2456140350877192,0.0,0.0109649122807017,,AAPL,/Users/yaniszaim/deephedging/.deephedging_real_runs/final_paper_asian_panel/panel_sweeps/AAPL_full_paper_grid_800_asian_call_step_robust,,,,,
spot_delta_band,baseline,1,-0.0200695600360631,,-0.0653299503028392,-0.0754835233092308,0.8157894736842105,0.5422319769859314,0.0114097231999039,0.0,0.0,0.0,0.0,,,,,0.1,True,True,True,0.000580558553338,-0.0001136120408773,0.0,,0.005368486046791,0.0003411397337913,0.0,,-0.256578947368421,-0.0109649122807017,0.0,,AAPL,/Users/yaniszaim/deephedging/.deephedging_real_runs/final_paper_asian_panel/panel_sweeps/AAPL_full_paper_grid_800_asian_call_step_robust,,,,,
unhedged,baseline,1,-0.0206501185894012,,-0.069062203168869,-0.0808520093560218,0.5592105263157895,0.0,0.0,0.0,0.0,0.0,0.0,,,,,,True,True,True,0.0,-0.0006941705942153,-0.000580558553338,,0.0,-0.0050273463129997,-0.005368486046791,,0.0,0.2456140350877192,0.256578947368421,,AAPL,/Users/yaniszaim/deephedging/.deephedging_real_runs/final_paper_asian_panel/panel_sweeps/AAPL_full_paper_grid_800_asian_call_step_robust,,,,,
proto_source=spot_delta_k=100_weighted=1_learnw=0,proto,3,-0.0151121482873956,0.0004158107617449,-0.0520756607254346,-0.0714764768878618,0.9345121152586772,0.6635453303654989,0.0178421400487422,0.0,0.0,0.0,0.0,22.333333333333332,0.0566481555361921,0.0,0.0,,True,True,True,0.0004093407963713,0.0004012665400902,0.00037115222464,0.0003236864383022,0.0058024475971857,0.0040086731314659,0.003703956802686,0.0035805354515711,-0.3385723641126391,-0.1283562540929926,-0.1191879502292074,0.0386378519973806,IWM,/Users/yaniszaim/deephedging/.deephedging_real_runs/final_paper_asian_panel/panel_sweeps/IWM_full_paper_grid_800_asian_call_step_robust,spot_delta,100.0,True,False,cvar
proto_source=spot_delta_k=25_weighted=0_learnw=0,proto,3,-0.0152390012517571,0.0002180172121541,-0.0524332359433174,-0.0720241616169611,0.9390962671905696,0.8005236784617106,0.0169789688661694,6.548788474132285e-05,0.0,6.548788474132285e-05,0.0006548788474132,68.66666666666667,0.0567696349257278,0.0002629848783694,0.0032873109796186,,True,True,True,0.0002824878320097,0.0002744135757287,0.0002442992602785,0.0001968334739406,0.0052547628680864,0.0034609884023666,0.0031562720735867,0.0030328507224718,-0.3431565160445318,-0.1329404060248853,-0.1237721021611001,0.034053700065488,IWM,/Users/yaniszaim/deephedging/.deephedging_real_runs/final_paper_asian_panel/panel_sweeps/IWM_full_paper_grid_800_asian_call_step_robust,spot_delta,25.0,False,False,cvar
proto_source=spot_delta_k=10_weighted=1_learnw=0,proto,3,-0.015329577649633,0.0001312885977229,-0.054388204216957,-0.0737270042300224,0.9672560576293384,0.4590343038241068,0.0109805154303709,0.0,0.0,0.0,0.0,5.0,0.0567132913072903,0.0,0.0,,True,True,True,0.0001919114341338,0.0001838371778527,0.0001537228624025,0.0001062570760647,0.0035519202550252,0.0017581457893053,0.0014534294605255,0.0013300081094105,-0.3713163064833006,-0.1611001964636541,-0.1519318925998689,0.0058939096267192,IWM,/Users/yaniszaim/deephedging/.deephedging_real_runs/final_paper_asian_panel/panel_sweeps/IWM_full_paper_grid_800_asian_call_step_robust,spot_delta,10.0,True,False,cvar
proto_source=spot_delta_k=25_weighted=1_learnw=0,proto,3,-0.0153303267434239,6.25826991851414e-05,-0.0536633548637231,-0.0730071812868118,0.9345121152586772,0.7081203659375509,0.0128419032941261,0.0,0.0,0.0,0.0,8.0,0.0568256346244342,4.930966469428008e-05,0.0006574621959237,,True,True,True,0.0001911623403429,0.0001830880840619,0.0001529737686117,0.0001055079822738,0.0042717431982358,0.0024779687325159,0.0021732524037361,0.0020498310526212,-0.3385723641126392,-0.1283562540929927,-0.1191879502292075,0.0386378519973805,IWM,/Users/yaniszaim/deephedging/.deephedging_real_runs/final_paper_asian_panel/panel_sweeps/IWM_full_paper_grid_800_asian_call_step_robust,spot_delta,25.0,True,False,cvar
proto_source=vanilla_k=10_weighted=0_learnw=0,proto,3,-0.0153672900050878,0.000194868389457,-0.0524881144364674,-0.0725990359981854,0.9345121152586772,0.7887529134750366,0.0229974907512466,0.018664047151277,0.018664047151277,0.0,0.280943025540275,148.0,0.0574700589152053,0.0,0.0,,True,True,True,0.000154199078679,0.000146124822398,0.0001160105069478,6.854472060998339e-05,0.0046798884868621,0.0028861140211423,0.0025813976923624,0.0024579763412475,-0.3385723641126391,-0.1283562540929926,-0.1191879502292074,0.0386378519973806,IWM,/Users/yaniszaim/deephedging/.deephedging_real_runs/final_paper_asian_panel/panel_sweeps/IWM_full_paper_grid_800_asian_call_step_robust,vanilla,10.0,False,False,cvar
proto_source=spot_delta_k=10_weighted=0_learnw=0,proto,3,-0.0153751991068323,9.441877440618996e-05,-0.0537725982566674,-0.0735577767093976,0.9194499017681728,0.6946137150128683,0.013448820138971,4.911591355599214e-05,4.911591355599214e-05,0.0,0.0006548788474132,27.0,0.0565992566865558,0.0,0.0,,True,True,True,0.0001462899769345,0.0001382157206535,0.0001081014052033,6.063561886548996e-05,0.00372114777565,0.0019273733099301,0.0016226569811503,0.0014992356300354,-0.3235101506221349,-0.1132940406024884,-0.1041257367387032,0.0537000654878848,IWM,/Users/yaniszaim/deephedging/.deephedging_real_runs/final_paper_asian_panel/panel_sweeps/IWM_full_paper_grid_800_asian_call_step_robust,spot_delta,10.0,False,False,cvar
proto_source=vanilla_k=100_weighted=0_learnw=0,proto,3,-0.0153992716223001,0.0002278448468169,-0.0543402753770351,-0.0740665694077809,0.8991486574983627,0.6704775343338648,0.0158398410615821,0.0003601833660772,0.0003601833660772,0.0,0.0039292730844793,215.66666666666663,0.0574435773262717,0.0003122945430637,0.0026298487836949,,True,True,True,0.0001222174614667,0.0001141432051857,8.402888973554033e-05,3.6563103397687854e-05,0.0032123550772666,0.0014185806115468,0.0011138642827669,0.000990442931652,-0.3032089063523248,-0.0929927963326783,-0.0838244924688931,0.074001309757695,IWM,/Users/yaniszaim/deephedging/.deephedging_real_runs/final_paper_asian_panel/panel_sweeps/IWM_full_paper_grid_800_asian_call_step_robust,vanilla,100.0,False,False,cvar
proto_source=spot_delta_k=100_weighted=0_learnw=0,proto,3,-0.0154198696836829,0.000101417146666,-0.0532742743690808,-0.0728133246302604,0.9489194499017682,0.6932896773020426,0.0157402930781245,0.0,0.0,0.0,0.0,9.666666666666666,0.056818770399938,0.0,0.0,,True,True,True,0.000101619400084,9.354514380296128e-05,6.34308283527698e-05,1.5965042014917316e-05,0.0044655998547871,0.0026718253890673,0.0023671090602874,0.0022436877091725,-0.3529796987557303,-0.1427635887360838,-0.1335952848722986,0.0242305173542894,IWM,/Users/yaniszaim/deephedging/.deephedging_real_runs/final_paper_asian_panel/panel_sweeps/IWM_full_paper_grid_800_asian_call_step_robust,spot_delta,100.0,False,False,cvar
vanilla,vanilla,3,-0.0154358347256978,0.0001002540917936,-0.0554183828334013,-0.075057012339433,0.9731499672560576,0.3688454131285349,0.0096364139268795,0.0,0.0,0.0,0.0,77.66666666666667,0.056840909513024,0.0,0.0,,True,True,True,8.565435806910139e-05,7.758010178804398e-05,4.746578633785248e-05,0.0,0.0022219121456146,0.0004281376798947,0.0001234213511149,0.0,-0.3772102161100198,-0.1669941060903733,-0.1578258022265881,0.0,IWM,/Users/yaniszaim/deephedging/.deephedging_real_runs/final_paper_asian_panel/panel_sweeps/IWM_full_paper_grid_800_asian_call_step_robust,,,,,cvar
proto_source=vanilla_k=50_weighted=1_learnw=0,proto,3,-0.0154565420622626,0.0001326098117483,-0.0535354656477769,-0.0730927313367525,0.922724296005239,0.8636828660964966,0.0242552862813075,0.0415520628683693,0.0415520628683693,0.0,0.3248199083169613,157.66666666666666,0.0645724896498742,0.0641354372123603,0.5825115055884287,,True,True,True,6.494702150424379e-05,5.687276522318638e-05,2.675844977299488e-05,-2.07073365648576e-05,0.004186193148295,0.0023924186825752,0.0020877023537953,0.0019642810026804,-0.326784544859201,-0.1165684348395545,-0.1074001309757693,0.0504256712508187,IWM,/Users/yaniszaim/deephedging/.deephedging_real_runs/final_paper_asian_panel/panel_sweeps/IWM_full_paper_grid_800_asian_call_step_robust,vanilla,50.0,True,False,cvar
proto_source=spot_delta_k=50_weighted=1_learnw=0,proto,3,-0.0154597948615749,0.0002047575474878,-0.0538476802408695,-0.0722183510661125,0.9266535690897184,0.7412887215614319,0.0208142561217149,3.2743942370661426e-05,0.0,3.2743942370661426e-05,0.0006548788474132,37.0,0.0568374572057897,0.0,0.0,,True,True,True,6.169422219196898e-05,5.361996591091156e-05,2.3505650460720066e-05,-2.3960135877132416e-05,0.0050605734189351,0.0032667989532152,0.0029620826244354,0.0028386612733205,-0.3307138179436805,-0.120497707924034,-0.1113294040602488,0.0464963981663393,IWM,/Users/yaniszaim/deephedging/.deephedging_real_runs/final_paper_asian_panel/panel_sweeps/IWM_full_paper_grid_800_asian_call_step_robust,spot_delta,50.0,True,False,cvar
spot_delta_band,baseline,3,-0.0154833005120356,0.0001610868509344,-0.0537938925127188,-0.0751804336905479,0.8153241650294696,0.5076263050238291,0.0113904997706413,0.0,0.0,0.0,0.0,,,,,0.0833333333333333,True,True,True,3.818857173124891e-05,3.0114315450191494e-05,0.0,-4.746578633785248e-05,0.0020984907944997,0.0003047163287798,0.0,-0.0001234213511149,-0.2193844138834316,-0.0091683038637851,0.0,0.1578258022265881,IWM,/Users/yaniszaim/deephedging/.deephedging_real_runs/final_paper_asian_panel/panel_sweeps/IWM_full_paper_grid_800_asian_call_step_robust,,,,,
spot_delta,baseline,3,-0.0155134148274858,0.0001890591080137,-0.0538096052904923,-0.0754851500193278,0.8061558611656844,0.5909596482912699,0.0193859878927469,0.0,0.0,0.0,0.0,,,,,,True,True,True,8.074256281057415e-06,0.0,-3.0114315450191494e-05,-7.758010178804398e-05,0.0017937744657198,0.0,-0.0003047163287798,-0.0004281376798947,-0.2102161100196464,0.0,0.0091683038637851,0.1669941060903733,IWM,/Users/yaniszaim/deephedging/.deephedging_real_runs/final_paper_asian_panel/panel_sweeps/IWM_full_paper_grid_800_asian_call_step_robust,,,,,
unhedged,baseline,3,-0.0155214890837669,0.0001008794895626,-0.0568685452143351,-0.0772789244850476,0.5959397511460379,0.0,0.0,0.0,0.0,0.0,0.0,,,,,,True,True,True,0.0,-8.074256281057415e-06,-3.818857173124891e-05,-8.565435806910139e-05,0.0,-0.0017937744657198,-0.0020984907944997,-0.0022219121456146,0.0,0.2102161100196464,0.2193844138834316,0.3772102161100198,IWM,/Users/yaniszaim/deephedging/.deephedging_real_runs/final_paper_asian_panel/panel_sweeps/IWM_full_paper_grid_800_asian_call_step_robust,,,,,
proto_source=vanilla_k=10_weighted=1_learnw=0,proto,3,-0.0155348839859167,0.0001358727188175,-0.0559326390425364,-0.0754407445589701,0.920104780615586,0.5342240134874979,0.0124673570195833,0.0,0.0,0.0,0.0,41.666666666666664,0.0572530608405625,9.861932938856015e-05,0.0006574621959237,,True,True,True,-1.3394902149835644e-05,-2.146915843089306e-05,-5.158347388108456e-05,-9.904926021893704e-05,0.0018381799260775,4.4405460357666016e-05,-0.0002603108684221,-0.0003837322195371,-0.3241650294695481,-0.1139489194499017,-0.1047806155861165,0.0530451866404716,IWM,/Users/yaniszaim/deephedging/.deephedging_real_runs/final_paper_asian_panel/panel_sweeps/IWM_full_paper_grid_800_asian_call_step_robust,vanilla,10.0,True,False,cvar
proto_source=spot_delta_k=50_weighted=0_learnw=0,proto,3,-0.0155727167924245,0.000375990079395,-0.0548411918183167,-0.0743783687551816,0.8840864440078585,0.617387721935908,0.0130723193287849,0.0049607072691552,0.0049607072691552,0.0,0.051735428945645,8.666666666666666,0.0579286308584546,0.0096811308349769,0.0834976988823142,,True,True,True,-5.122770865758318e-05,-5.9301964938640594e-05,-8.941628038883209e-05,-0.0001368820667266,0.002900555729866,0.0011067812641461,0.0008020649353663,0.0006786435842514,-0.2881466928618206,-0.0779305828421741,-0.0687622789783889,0.0890635232481992,IWM,/Users/yaniszaim/deephedging/.deephedging_real_runs/final_paper_asian_panel/panel_sweeps/IWM_full_paper_grid_800_asian_call_step_robust,spot_delta,50.0,False,False,cvar
proto_source=vanilla_k=100_weighted=1_learnw=0,proto,3,-0.015630646298329,0.0003570891776244,-0.0536422466238339,-0.0728256503740946,0.9187950229207598,0.7682724197705587,0.0275050783529877,0.028912901113294,0.028912901113294,0.0,0.2554027504911591,577.6666666666666,0.0588749654341689,0.0060322156476002,0.0545693622616699,,True,True,True,-0.000109157214562,-0.0001172314708431,-0.0001473457862933,-0.0001948115726312,0.004453274110953,0.0026594996452331,0.0023547833164532,0.0022313619653383,-0.3228552717747218,-0.1126391617550753,-0.1034708578912901,0.0543549443352979,IWM,/Users/yaniszaim/deephedging/.deephedging_real_runs/final_paper_asian_panel/panel_sweeps/IWM_full_paper_grid_800_asian_call_step_robust,vanilla,100.0,True,False,cvar
proto_source=vanilla_k=25_weighted=1_learnw=0,proto,3,-0.0158564606681466,0.0006575621078882,-0.0554446771740913,-0.075814738869667,0.8598559266535691,0.8372859954833984,0.0318843939652045,0.0088736083824492,0.0083660772757039,0.0005075311067452,0.0766208251473477,456.3333333333333,0.0592106187477509,0.0171104536489151,0.3399079552925706,,True,True,True,-0.0003349715843796,-0.0003430458406607,-0.0003731601561109,-0.0004206259424487,0.0014641856153806,-0.0003295888503392,-0.0006343051791191,-0.000757726530234,-0.2639161755075312,-0.0537000654878847,-0.0445317616240995,0.1132940406024886,IWM,/Users/yaniszaim/deephedging/.deephedging_real_runs/final_paper_asian_panel/panel_sweeps/IWM_full_paper_grid_800_asian_call_step_robust,vanilla,25.0,True,False,cvar
proto_source=vanilla_k=50_weighted=0_learnw=0,proto,3,-0.0158876441419124,0.000311832012793,-0.0558088925977547,-0.0748912145694096,0.8592010478061559,0.6030687913298607,0.020313227471585,0.0337426326129666,0.0337426326129666,0.0,0.2789783889980353,410.0,0.0606263828266149,0.024835634451019,0.2636423405654175,,True,True,True,-0.0003661550581455,-0.0003742293144265,-0.0004043436298767,-0.0004518094162146,0.0023877099156379,0.0005939354499181,0.0002892191211382,0.0001657977700233,-0.263261296660118,-0.0530451866404715,-0.0438768827766863,0.1139489194499018,IWM,/Users/yaniszaim/deephedging/.deephedging_real_runs/final_paper_asian_panel/panel_sweeps/IWM_full_paper_grid_800_asian_call_step_robust,vanilla,50.0,False,False,cvar
proto_source=vanilla_k=25_weighted=0_learnw=0,proto,3,-0.0159478820860385,0.0006585377527802,-0.0551997934778531,-0.0745101446906725,0.8925998690242305,0.8518581589063009,0.0281704794615507,0.0094629993451211,0.0094629993451211,0.0,0.1028159790438768,279.6666666666667,0.0582418603881309,0.0038297172912557,0.0414201183431952,,True,True,True,-0.0004263930022716,-0.0004344672585527,-0.0004645815740029,-0.0005120473603407,0.002768779794375,0.0009750053286552,0.0006702889998753,0.0005468676487604,-0.2966601178781926,-0.0864440078585461,-0.0772757039947609,0.0805500982318272,IWM,/Users/yaniszaim/deephedging/.deephedging_real_runs/final_paper_asian_panel/panel_sweeps/IWM_full_paper_grid_800_asian_call_step_robust,vanilla,25.0,False,False,cvar
proto_source=spot_delta_k=25_weighted=0_learnw=0,proto,3,-0.0363756418228149,0.0021262469808738,-0.1255041892329851,-0.1772408485412597,0.8422688422688424,0.937448263168335,0.0543503202497959,0.1675407925407925,0.1165889665889666,0.0509518259518259,0.5625485625485626,285.3333333333333,0.1595235158808564,0.0998442367601246,0.573208722741433,,True,True,True,0.001875369499127,0.0007292578617731,0.0006216342250506,0.0011679728825887,0.0028779904047648,-0.0066678176323572,-0.0071183939774831,-0.0100878477096557,-0.2113442113442114,-0.0170940170940172,-0.0155400155400156,0.1072261072261071,NVDA,/Users/yaniszaim/deephedging/.deephedging_real_runs/final_paper_asian_panel/panel_sweeps/NVDA_full_paper_grid_800_asian_call_step_robust,spot_delta,25.0,False,False,cvar
spot_delta_band,baseline,3,-0.0369972760478655,0.0032118934447361,-0.1285185853640238,-0.1701224545637766,0.8267288267288267,0.6922129988670349,0.017435498535633,0.0,0.0,0.0,0.0,,,,,0.01,True,True,True,0.0012537352740764,0.0001076236367225,0.0,0.0005463386575381,0.0099963843822479,0.0004505763451258,0.0,-0.0029694537321726,-0.1958041958041958,-0.0015540015540016,0.0,0.1227661227661227,NVDA,/Users/yaniszaim/deephedging/.deephedging_real_runs/final_paper_asian_panel/panel_sweeps/NVDA_full_paper_grid_800_asian_call_step_robust,,,,,
proto_source=spot_delta_k=50_weighted=0_learnw=0,proto,3,-0.0370832520226637,0.0010581583542209,-0.126373512049516,-0.1689743449290593,0.8648018648018648,1.0,0.0359692225853602,0.0679875679875679,0.0462703962703962,0.0217171717171717,0.3954933954933954,73.66666666666667,0.1631969003128091,0.110202492211838,0.5903426791277259,,True,True,True,0.0011677592992782,2.1647661924362183e-05,-8.597597479820251e-05,0.0004603626827398,0.0111444940169652,0.0015986859798431,0.0011481096347172,-0.0018213440974553,-0.2338772338772339,-0.0396270396270397,-0.038073038073038,0.0846930846930846,NVDA,/Users/yaniszaim/deephedging/.deephedging_real_runs/final_paper_asian_panel/panel_sweeps/NVDA_full_paper_grid_800_asian_call_step_robust,spot_delta,50.0,False,False,cvar
spot_delta,baseline,3,-0.0371048996845881,0.0032346421543229,-0.1282111992438634,-0.1705730309089025,0.8251748251748251,0.7022129893302917,0.0220250536998113,0.0,0.0,0.0,0.0,,,,,,True,True,True,0.0011461116373538,0.0,-0.0001076236367225,0.0004387150208155,0.009545808037122,0.0,-0.0004505763451258,-0.0034200300772984,-0.1942501942501941,0.0,0.0015540015540016,0.1243201243201244,NVDA,/Users/yaniszaim/deephedging/.deephedging_real_runs/final_paper_asian_panel/panel_sweeps/NVDA_full_paper_grid_800_asian_call_step_robust,,,,,
proto_source=vanilla_k=100_weighted=1_learnw=0,proto,3,-0.0374001488089561,0.0033526656324704,-0.1260906452933947,-0.1706700424353281,0.9106449106449106,0.875791331132253,0.0221761707216501,0.0004662004662004,0.0,0.0004662004662004,0.0015540015540015,62.333333333333336,0.1564513907219773,0.0005841121495327,0.0015576323987538,,True,True,True,0.0008508625129858,-0.000295249124368,-0.0004028727610905,0.0001434658964475,0.0094487965106964,-9.701152642566102e-05,-0.0005475878715515,-0.0035170416037241,-0.2797202797202797,-0.0854700854700855,-0.0839160839160838,0.0388500388500389,NVDA,/Users/yaniszaim/deephedging/.deephedging_real_runs/final_paper_asian_panel/panel_sweeps/NVDA_full_paper_grid_800_asian_call_step_robust,vanilla,100.0,True,False,cvar
proto_source=vanilla_k=25_weighted=0_learnw=0,proto,3,-0.037490307042996,0.0018864827699141,-0.1215137218435605,-0.1635487824678421,0.9572649572649572,1.0,0.0334436651319265,0.1948717948717948,0.1676961926961927,0.0271756021756021,0.9945609945609948,109.0,0.1712171437434643,0.1571845794392523,0.7180685358255451,,True,True,True,0.0007607042789459,-0.0003854073584079,-0.0004930309951305,5.330766240756179e-05,0.0165700564781824,0.0070242484410603,0.0065736720959345,0.0036042183637619,-0.3263403263403264,-0.1320901320901322,-0.1305361305361305,-0.0077700077700078,NVDA,/Users/yaniszaim/deephedging/.deephedging_real_runs/final_paper_asian_panel/panel_sweeps/NVDA_full_paper_grid_800_asian_call_step_robust,vanilla,25.0,False,False,cvar
vanilla,vanilla,3,-0.0375436147054036,0.0014952762669646,-0.1262015784780184,-0.167153000831604,0.9494949494949496,0.9703956445058188,0.032910481095314,0.1666666666666666,0.0166666666666666,0.15,0.6666666666666666,120.33333333333331,0.1740765248953054,0.1666666666666666,0.6666666666666666,,True,True,True,0.0007073966165383,-0.0004387150208155,-0.0005463386575381,0.0,0.0129658381144205,0.0034200300772984,0.0029694537321726,0.0,-0.3185703185703186,-0.1243201243201244,-0.1227661227661227,0.0,NVDA,/Users/yaniszaim/deephedging/.deephedging_real_runs/final_paper_asian_panel/panel_sweeps/NVDA_full_paper_grid_800_asian_call_step_robust,,,,,cvar
proto_source=vanilla_k=50_weighted=1_learnw=0,proto,3,-0.0375722410778204,0.0033111084614704,-0.1261633306741714,-0.1706214199463526,0.9207459207459208,0.7936871846516927,0.0207940644274155,0.0,0.0,0.0,0.0,14.0,0.1592105579141214,0.0347352024922118,0.3045171339563863,,True,True,True,0.0006787702441215,-0.0004673413932323,-0.0005749650299549,-2.8626372416809542e-05,0.0094974189996719,-4.838903745013612e-05,-0.0004989653825759,-0.0034684191147486,-0.2898212898212899,-0.0955710955710957,-0.0940170940170941,0.0287490287490286,NVDA,/Users/yaniszaim/deephedging/.deephedging_real_runs/final_paper_asian_panel/panel_sweeps/NVDA_full_paper_grid_800_asian_call_step_robust,vanilla,50.0,True,False,cvar
proto_source=spot_delta_k=10_weighted=0_learnw=0,proto,3,-0.0376178833345572,0.0037281337427981,-0.1244838957985242,-0.2031451215346654,0.8702408702408703,1.0,0.0557697601616382,0.209013209013209,0.2066239316239315,0.0023892773892773,0.8873348873348874,587.3333333333334,0.1601757002891131,0.116958722741433,0.7702492211838007,,True,True,True,0.0006331279873847,-0.0005129836499691,-0.0006206072866916,-7.426862915356491e-05,-0.0230262825886408,-0.0325720906257629,-0.0330226669708887,-0.0359921207030614,-0.2393162393162393,-0.0450660450660451,-0.0435120435120435,0.0792540792540792,NVDA,/Users/yaniszaim/deephedging/.deephedging_real_runs/final_paper_asian_panel/panel_sweeps/NVDA_full_paper_grid_800_asian_call_step_robust,spot_delta,10.0,False,False,cvar
proto_source=vanilla_k=50_weighted=0_learnw=0,proto,3,-0.0376519411802291,0.0025023132852271,-0.1267012690504391,-0.1716609845558802,0.9518259518259518,0.6358450551827749,0.017698174342513,0.0549728049728049,0.0549728049728049,0.0,0.3333333333333333,3.3333333333333335,0.1626547968021602,0.0582943925233644,0.3333333333333333,,True,True,True,0.0005990701417128,-0.000547041495641,-0.0006546651323636,-0.0001083264748255,0.0084578543901443,-0.0010879536469777,-0.0015385299921035,-0.0045079837242762,-0.3209013209013208,-0.1266511266511266,-0.125097125097125,-0.0023310023310022,NVDA,/Users/yaniszaim/deephedging/.deephedging_real_runs/final_paper_asian_panel/panel_sweeps/NVDA_full_paper_grid_800_asian_call_step_robust,vanilla,50.0,False,False,cvar
proto_source=spot_delta_k=100_weighted=1_learnw=0,proto,3,-0.0376561097800731,0.0018818574586816,-0.1286738658944765,-0.1741411735614141,0.8212898212898213,0.7325494289398193,0.0278234624614318,0.0005633255633255,0.0005633255633255,0.0,0.0038850038850038,37.333333333333336,0.1541734321294149,0.0002141744548286,0.0062305295950155,,True,True,True,0.0005949015418688,-0.000551210095485,-0.0006588337322076,-0.0001124950746695,0.0059776653846104,-0.0035681426525115,-0.0040187189976374,-0.00698817272981,-0.1903651903651904,0.0038850038850037,0.0054390054390054,0.1282051282051282,NVDA,/Users/yaniszaim/deephedging/.deephedging_real_runs/final_paper_asian_panel/panel_sweeps/NVDA_full_paper_grid_800_asian_call_step_robust,spot_delta,100.0,True,False,cvar
proto_source=spot_delta_k=10_weighted=1_learnw=0,proto,3,-0.0379445453484853,0.0029323869277607,-0.1343111157417297,-0.1816925158103307,0.8593628593628594,1.0,0.0359741480400164,0.1384421134421134,0.1376068376068376,0.0008352758352758,0.393939393939394,544.3333333333334,0.1632815347873022,0.0817757009345794,0.5007788161993769,,True,True,True,0.0003064659734566,-0.0008396456638972,-0.0009472693006197,-0.0004009306430816,-0.0015736768643061,-0.0111194849014282,-0.011570061246554,-0.0145395149787267,-0.2284382284382284,-0.0341880341880342,-0.0326340326340326,0.0901320901320901,NVDA,/Users/yaniszaim/deephedging/.deephedging_real_runs/final_paper_asian_panel/panel_sweeps/NVDA_full_paper_grid_800_asian_call_step_robust,spot_delta,10.0,True,False,cvar
proto_source=vanilla_k=25_weighted=1_learnw=0,proto,3,-0.0381774567067623,0.0015175182636829,-0.1278270001212755,-0.1734227985143661,0.9308469308469308,0.8892510334650675,0.0325907288740078,0.0371017871017871,0.0165501165501165,0.0205516705516705,0.5687645687645687,5.0,0.1617639163147797,0.0389602803738317,0.6246105919003115,,True,True,True,7.355461517969536e-05,-0.0010725570221742,-0.0011801806588967,-0.0006338420013586,0.0066960404316584,-0.0028497676054636,-0.0033003439505895,-0.0062697976827621,-0.2999222999223,-0.1056721056721058,-0.1041181041181041,0.0186480186480185,NVDA,/Users/yaniszaim/deephedging/.deephedging_real_runs/final_paper_asian_panel/panel_sweeps/NVDA_full_paper_grid_800_asian_call_step_robust,vanilla,25.0,True,False,cvar
unhedged,baseline,3,-0.038251011321942,0.0030710388460735,-0.1335646311442057,-0.1801188389460245,0.6309246309246309,0.0,0.0,0.0,0.0,0.0,0.0,,,,,,True,True,True,0.0,-0.0011461116373538,-0.0012537352740764,-0.0007073966165383,0.0,-0.009545808037122,-0.0099963843822479,-0.0129658381144205,0.0,0.1942501942501941,0.1958041958041958,0.3185703185703186,NVDA,/Users/yaniszaim/deephedging/.deephedging_real_runs/final_paper_asian_panel/panel_sweeps/NVDA_full_paper_grid_800_asian_call_step_robust,,,,,
proto_source=spot_delta_k=50_weighted=1_learnw=0,proto,3,-0.0383236656586329,0.0035616939831955,-0.1260102694233258,-0.1750377217928568,0.926961926961927,0.9966297149658204,0.0355033396432797,0.0335664335664335,0.0002719502719502,0.0332944832944832,0.3395493395493396,193.33333333333337,0.1596423212733015,0.0338006230529595,0.3419003115264797,,True,True,True,-7.265433669090271e-05,-0.0012187659740447,-0.0013263896107673,-0.0007800509532292,0.0050811171531677,-0.0044646908839543,-0.0049152672290802,-0.0078847209612528,-0.2960372960372961,-0.1017871017871019,-0.1002331002331002,0.0225330225330224,NVDA,/Users/yaniszaim/deephedging/.deephedging_real_runs/final_paper_asian_panel/panel_sweeps/NVDA_full_paper_grid_800_asian_call_step_robust,spot_delta,50.0,True,False,cvar
proto_source=spot_delta_k=25_weighted=1_learnw=0,proto,3,-0.0384308199087778,0.0040861764567516,-0.130361740787824,-0.1750791072845459,0.8508158508158509,0.9950567881266276,0.026076233635346,0.0308469308469308,0.0303224553224553,0.0005244755244755,0.1717171717171717,256.3333333333333,0.1603653357696438,0.0713979750778816,0.5404984423676013,,True,True,True,-0.0001798085868358,-0.0013259202241897,-0.0014335438609123,-0.0008872052033742,0.0050397316614786,-0.0045060763756434,-0.0049566527207692,-0.0079261064529418,-0.2198912198912199,-0.0256410256410257,-0.0240870240870241,0.0986790986790986,NVDA,/Users/yaniszaim/deephedging/.deephedging_real_runs/final_paper_asian_panel/panel_sweeps/NVDA_full_paper_grid_800_asian_call_step_robust,spot_delta,25.0,True,False,cvar
proto_source=vanilla_k=10_weighted=0_learnw=0,proto,3,-0.0391026958823204,0.0043882712924511,-0.1315736810366312,-0.1784666081269582,0.8811188811188811,1.0,0.032064630339543,0.0023892773892773,5.8275058275058275e-05,0.0023310023310023,0.0147630147630147,304.6666666666667,0.1592078538622846,0.0077102803738317,0.1051401869158878,,True,True,True,-0.0008516845603783,-0.0019977961977322,-0.0021054198344548,-0.0015590811769167,0.0016522308190663,-0.0078935772180557,-0.0083441535631815,-0.0113136072953542,-0.2501942501942502,-0.055944055944056,-0.0543900543900544,0.0683760683760683,NVDA,/Users/yaniszaim/deephedging/.deephedging_real_runs/final_paper_asian_panel/panel_sweeps/NVDA_full_paper_grid_800_asian_call_step_robust,vanilla,10.0,False,False,cvar
proto_source=vanilla_k=100_weighted=0_learnw=0,proto,3,-0.0392974478503068,0.0051871014195302,-0.1311442057291666,-0.1758986363808314,0.9324009324009324,0.7033280730247498,0.0426548328250646,0.029020979020979,0.029020979020979,0.0,0.2843822843822843,99.0,0.1625637131541346,0.04375,0.3161993769470405,,True,True,True,-0.0010464365283648,-0.0021925481657187,-0.0023001718024412,-0.0017538331449031,0.0042202025651931,-0.0053256054719288,-0.0057761818170547,-0.0087456355492273,-0.3014763014763014,-0.1072261072261072,-0.1056721056721056,0.0170940170940171,NVDA,/Users/yaniszaim/deephedging/.deephedging_real_runs/final_paper_asian_panel/panel_sweeps/NVDA_full_paper_grid_800_asian_call_step_robust,vanilla,100.0,False,False,cvar
proto_source=spot_delta_k=100_weighted=0_learnw=0,proto,3,-0.0394493490457534,0.0031035703540024,-0.1388689408699671,-0.1814392606417338,0.7995337995337994,1.0,0.0291362510373195,0.0462315462315462,0.0013791763791763,0.0448523698523698,0.303030303030303,62.666666666666664,0.1546359294189598,0.0222546728971962,0.2133956386292834,,True,True,True,-0.0011983377238114,-0.0023444493611653,-0.0024520729978879,-0.0019057343403498,-0.0013204216957092,-0.0108662297328313,-0.0113168060779571,-0.0142862598101297,-0.1686091686091685,0.0256410256410256,0.0271950271950273,0.14996114996115,NVDA,/Users/yaniszaim/deephedging/.deephedging_real_runs/final_paper_asian_panel/panel_sweeps/NVDA_full_paper_grid_800_asian_call_step_robust,spot_delta,100.0,False,False,cvar
proto_source=vanilla_k=10_weighted=1_learnw=0,proto,3,-0.0396208614110946,0.0046500758689514,-0.136214855313301,-0.1814976582924524,0.8632478632478633,0.8716232379277548,0.0471893114348252,0.0458041958041958,0.0046620046620046,0.0411421911421911,0.432012432012432,69.66666666666667,0.1593764412229318,0.0219626168224299,0.3278816199376947,,True,True,True,-0.0013698500891526,-0.0025159617265065,-0.0026235853632291,-0.002077246705691,-0.0013788193464279,-0.0109246273835499,-0.0113752037286758,-0.0143446574608484,-0.2323232323232323,-0.0380730380730381,-0.0365190365190365,0.0862470862470862,NVDA,/Users/yaniszaim/deephedging/.deephedging_real_runs/final_paper_asian_panel/panel_sweeps/NVDA_full_paper_grid_800_asian_call_step_robust,vanilla,10.0,True,False,cvar
vanilla,vanilla,3,-0.0153664782022436,0.0001091401945979,-0.0486060857772827,-0.0627096084256966,0.9279633267845449,0.9187817374865214,0.0232053597768147,0.0,0.0,0.0,0.0,66.66666666666667,0.0571107432742913,0.0,0.0,,True,True,True,0.000625477793316,0.0003166605407992,0.0003171563148498,0.0,0.0049396256605784,0.0017265044152736,0.0018537081778049,0.0,-0.2514734774066798,-0.0779305828421742,-0.0753110674525211,0.0,QQQ,/Users/yaniszaim/deephedging/.deephedging_real_runs/final_paper_asian_panel/panel_sweeps/QQQ_full_paper_grid_800_asian_call_step_robust,,,,,cvar
proto_source=spot_delta_k=50_weighted=0_learnw=0,proto,2,-0.0155747225508093,0.0002403542574345,-0.0479778986424207,-0.0583347491919994,0.918467583497053,0.7581852674484253,0.0219471091404557,0.0,0.0,0.0,0.0,14.5,0.0575156556116417,0.0,0.0,,True,True,True,0.0004172334447503,0.0001084161922335,0.0001089119662841,-0.0002082443485657,0.0093144848942756,0.0061013636489709,0.0062285674115021,0.0043748592336972,-0.241977734119188,-0.0684348395546824,-0.0658153241650293,0.0094957432874918,QQQ,/Users/yaniszaim/deephedging/.deephedging_real_runs/final_paper_asian_panel/panel_sweeps/QQQ_full_paper_grid_800_asian_call_step_robust,spot_delta,50.0,False,False,cvar
proto_source=spot_delta_k=25_weighted=0_learnw=0,proto,3,-0.0156132141128182,0.0001939815466353,-0.0496198634306589,-0.0629382207989692,0.9017681728880156,0.6861931582291921,0.0217713715198139,0.0001800916830386,0.0001800916830386,0.0,0.0019646365422396,60.666666666666664,0.0563228073606437,8.21827744904668e-05,0.0019723865877712,,True,True,True,0.0003787418827414,6.992463022470474e-05,7.042040427525723e-05,-0.0002467359105745,0.0047110132873058,0.001497892042001,0.0016250958045323,-0.0002286123732725,-0.2252783235101506,-0.051735428945645,-0.0491159135559919,0.0261951538965291,QQQ,/Users/yaniszaim/deephedging/.deephedging_real_runs/final_paper_asian_panel/panel_sweeps/QQQ_full_paper_grid_800_asian_call_step_robust,spot_delta,25.0,False,False,cvar
spot_delta,baseline,3,-0.0156831387430429,0.0003824450709017,-0.0499091573059558,-0.0644361128409703,0.8500327439423706,0.6425193349520365,0.0204287202407916,0.0,0.0,0.0,0.0,,,,,,True,True,True,0.0003088172525167,0.0,4.957740505524832e-07,-0.0003166605407992,0.0032131212453047,0.0,0.0001272037625312,-0.0017265044152736,-0.1735428945645055,0.0,0.0026195153896531,0.0779305828421742,QQQ,/Users/yaniszaim/deephedging/.deephedging_real_runs/final_paper_asian_panel/panel_sweeps/QQQ_full_paper_grid_800_asian_call_step_robust,,,,,
spot_delta_band,baseline,3,-0.0156836345170935,0.0003361479261538,-0.0498513296246528,-0.0645633166035016,0.8526522593320237,0.575852652390798,0.0142712754507859,0.0,0.0,0.0,0.0,,,,,0.0666666666666666,True,True,True,0.0003083214784661,-4.957740505524832e-07,0.0,-0.0003171563148498,0.0030859174827734,-0.0001272037625312,0.0,-0.0018537081778049,-0.1761624099541586,-0.0026195153896531,0.0,0.0753110674525211,QQQ,/Users/yaniszaim/deephedging/.deephedging_real_runs/final_paper_asian_panel/panel_sweeps/QQQ_full_paper_grid_800_asian_call_step_robust,,,,,
proto_source=spot_delta_k=50_weighted=1_learnw=0,proto,2,-0.0156898931600153,0.0004666308089218,-0.0485403656959533,-0.0598846916109323,0.9341846758349706,0.7305292189121246,0.0192397912032902,0.0,0.0,0.0,0.0,15.5,0.0575378189864568,0.0,0.0,,True,True,True,0.0003020628355443,-6.754416972398758e-06,-6.258642921846275e-06,-0.0003234149577716,0.0077645424753427,0.004551421230038,0.0046786249925692,0.0028249168147643,-0.2576948264571055,-0.0841519318925999,-0.0815324165029468,-0.0062213490504257,QQQ,/Users/yaniszaim/deephedging/.deephedging_real_runs/final_paper_asian_panel/panel_sweeps/QQQ_full_paper_grid_800_asian_call_step_robust,spot_delta,50.0,True,False,cvar
proto_source=vanilla_k=50_weighted=0_learnw=0,proto,2,-0.0157146323472261,0.0002089377331366,-0.049688072502613,-0.0603851079940795,0.9292730844793712,0.7807107865810394,0.0222035115584731,0.1353634577603143,0.1353634577603143,0.0,0.5,276.0,0.0694104767004413,0.1074704142011834,0.5,,True,True,True,0.0002773236483335,-3.149360418319702e-05,-3.099783013264454e-05,-0.0003481541449824,0.0072641260921955,0.0040510048468907,0.004178208609422,0.002324500431617,-0.2527832351015062,-0.0792403405370006,-0.0766208251473475,-0.0013097576948264,QQQ,/Users/yaniszaim/deephedging/.deephedging_real_runs/final_paper_asian_panel/panel_sweeps/QQQ_full_paper_grid_800_asian_call_step_robust,vanilla,50.0,False,False,cvar
proto_source=vanilla_k=50_weighted=1_learnw=0,proto,2,-0.0157305891625583,0.0004419735854539,-0.0495047736912965,-0.0605756342411041,0.9214145383104124,0.809592604637146,0.0253257378935813,0.1363212180746562,0.1363212180746562,0.0,0.5,9.5,0.0722222094034089,0.1334812623274161,0.5,,True,True,True,0.0002613668330013,-4.745041951537132e-05,-4.695464546481884e-05,-0.0003641109603146,0.0070735998451709,0.0038604785998662,0.0039876823623975,0.0021339741845925,-0.2449246889325474,-0.0713817943680419,-0.0687622789783888,0.0065487884741323,QQQ,/Users/yaniszaim/deephedging/.deephedging_real_runs/final_paper_asian_panel/panel_sweeps/QQQ_full_paper_grid_800_asian_call_step_robust,vanilla,50.0,True,False,cvar
proto_source=spot_delta_k=100_weighted=1_learnw=0,proto,2,-0.0157633353956043,0.0002025781688231,-0.0501857981085777,-0.0617254134267568,0.8939096267190569,0.6492115259170532,0.0128483711741864,0.0,0.0,0.0,0.0,39.0,0.0575287170195952,0.0,0.0,,True,True,True,0.0002286205999553,-8.019665256142616e-05,-7.970087851087368e-05,-0.0003968571933607,0.0059238206595182,0.0027106994142134,0.0028379031767447,0.0009841949989398,-0.2174197773411919,-0.0438768827766863,-0.0412573673870332,0.0340537000654879,QQQ,/Users/yaniszaim/deephedging/.deephedging_real_runs/final_paper_asian_panel/panel_sweeps/QQQ_full_paper_grid_800_asian_call_step_robust,spot_delta,100.0,True,False,cvar
proto_source=spot_delta_k=10_weighted=1_learnw=0,proto,3,-0.0157731417566537,0.0003934485578425,-0.0476401915152867,-0.0612848661839962,0.9476096922069418,0.9039844473203024,0.0239685208847125,0.0153896529142108,0.0135396201702685,0.0018500327439423,0.1021611001964636,11.0,0.0603432015256673,0.0270216962524654,0.2110453648915187,,True,True,True,0.0002188142389059,-9.000301361083984e-05,-8.950723956028736e-05,-0.0004066635544101,0.0063643679022789,0.0031512466569741,0.0032784504195054,0.0014247422417004,-0.2711198428290767,-0.0975769482645712,-0.094957432874918,-0.0196463654223969,QQQ,/Users/yaniszaim/deephedging/.deephedging_real_runs/final_paper_asian_panel/panel_sweeps/QQQ_full_paper_grid_800_asian_call_step_robust,spot_delta,10.0,True,False,cvar
proto_source=vanilla_k=25_weighted=0_learnw=0,proto,2,-0.0158004015684127,0.0001589173264883,-0.0507155392318963,-0.0624925959855318,0.9214145383104126,0.5645360946655273,0.0148229198530316,0.0,0.0,0.0,0.0,2.0,0.0580163367744535,0.0,0.0,,True,True,True,0.0001915544271469,-0.0001172628253698,-0.0001167670513192,-0.0004339233661691,0.0051566381007432,0.0019435168554385,0.0020707206179698,0.0002170124401648,-0.2449246889325476,-0.071381794368042,-0.0687622789783889,0.0065487884741322,QQQ,/Users/yaniszaim/deephedging/.deephedging_real_runs/final_paper_asian_panel/panel_sweeps/QQQ_full_paper_grid_800_asian_call_step_robust,vanilla,25.0,False,False,cvar
proto_source=vanilla_k=100_weighted=0_learnw=0,proto,2,-0.0158997806720435,0.0005329501921427,-0.0492449283599853,-0.0606362987309694,0.899803536345776,1.0,0.0165150980465114,0.0273575638506876,0.0273575638506876,0.0,0.1954813359528487,528.0,0.0582420211797717,0.001775147928994,0.0059171597633136,,True,True,True,9.217532351613043e-05,-0.0002166419290006,-0.00021614615495,-0.0005333024697999,0.0070129353553056,0.0037998141100009,0.0039270178725322,0.0020733096947272,-0.2233136869679109,-0.0497707924034054,-0.0471512770137523,0.0281597904387688,QQQ,/Users/yaniszaim/deephedging/.deephedging_real_runs/final_paper_asian_panel/panel_sweeps/QQQ_full_paper_grid_800_asian_call_step_robust,vanilla,100.0,False,False,cvar
proto_source=spot_delta_k=25_weighted=1_learnw=0,proto,3,-0.0159118535617987,0.0002400911535249,-0.0507478614648183,-0.0648474420110384,0.9384413883431564,0.458892360329628,0.01368882219928,0.0284381139489194,0.0284381139489194,0.0,0.1650294695481336,107.0,0.0573647515920102,0.0087771203155818,0.1380670611439842,,True,True,True,8.010243376095974e-05,-0.0002287148187557,-0.0002282190447052,-0.000545375359555,0.0028017920752366,-0.0004113291700681,-0.0002841254075368,-0.0021378335853417,-0.2619515389652914,-0.0884086444007858,-0.0857891290111327,-0.0104780615586116,QQQ,/Users/yaniszaim/deephedging/.deephedging_real_runs/final_paper_asian_panel/panel_sweeps/QQQ_full_paper_grid_800_asian_call_step_robust,spot_delta,25.0,True,False,cvar
proto_source=vanilla_k=10_weighted=1_learnw=0,proto,2,-0.0159203694202005,0.0004601006815807,-0.0504055429250001,-0.0620896946638822,0.9469548133595284,0.6012701541185379,0.0147687741555273,0.031237721021611,0.031237721021611,0.0,0.1689587426326129,236.0,0.0598800143501556,0.0128698224852071,0.0719921104536489,,True,True,True,7.158657535910606e-05,-0.0002372306771576,-0.000236734903107,-0.0005538912179569,0.0055595394223928,0.002346418177088,0.0024736219396193,0.0006199137618144,-0.2704649639816634,-0.0969220694171578,-0.0943025540275047,-0.0189914865749836,QQQ,/Users/yaniszaim/deephedging/.deephedging_real_runs/final_paper_asian_panel/panel_sweeps/QQQ_full_paper_grid_800_asian_call_step_robust,vanilla,10.0,True,False,cvar
unhedged,baseline,3,-0.0159919559955596,0.0001895290653449,-0.0525308926900227,-0.0676492340862751,0.676489849377865,0.0,0.0,0.0,0.0,0.0,0.0,,,,,,True,True,True,0.0,-0.0003088172525167,-0.0003083214784661,-0.000625477793316,0.0,-0.0032131212453047,-0.0030859174827734,-0.0049396256605784,0.0,0.1735428945645055,0.1761624099541586,0.2514734774066798,QQQ,/Users/yaniszaim/deephedging/.deephedging_real_runs/final_paper_asian_panel/panel_sweeps/QQQ_full_paper_grid_800_asian_call_step_robust,,,,,
proto_source=vanilla_k=25_weighted=1_learnw=0,proto,2,-0.0160773973912,6.070990110191092e-05,-0.0494095232337713,-0.060595728456974,0.9145383104125736,0.7478673458099365,0.026029709726572,0.175,0.175,0.0,0.5,218.5,0.0720144076963071,0.130991124260355,0.5,,True,True,True,-8.544139564037323e-05,-0.0003942586481571,-0.0003937628741065,-0.0007109191889564,0.007053505629301,0.0038403843839963,0.0039675881465276,0.0021138799687226,-0.2380484610347086,-0.0645055664702031,-0.06188605108055,0.0134250163719711,QQQ,/Users/yaniszaim/deephedging/.deephedging_real_runs/final_paper_asian_panel/panel_sweeps/QQQ_full_paper_grid_800_asian_call_step_robust,vanilla,25.0,True,False,cvar
proto_source=spot_delta_k=100_weighted=0_learnw=0,proto,2,-0.0162949161604046,0.0007046597456987,-0.0496350690722465,-0.062300868332386,0.9675834970530452,0.7628577053546906,0.026390416547656,0.0,0.0,0.0,0.0,23.0,0.0575092876702547,0.0,0.0,,True,True,True,-0.0003029601648449,-0.0006117774173617,-0.0006112816433111,-0.000928437958161,0.005348365753889,0.0021352445085843,0.0022624482711156,0.0004087400933106,-0.2910936476751802,-0.1175507531106746,-0.1149312377210215,-0.0396201702685004,QQQ,/Users/yaniszaim/deephedging/.deephedging_real_runs/final_paper_asian_panel/panel_sweeps/QQQ_full_paper_grid_800_asian_call_step_robust,spot_delta,100.0,False,False,cvar
proto_source=spot_delta_k=10_weighted=0_learnw=0,proto,3,-0.016709340425829,0.0021603890741471,-0.0506197075049082,-0.0648743460575739,0.9489194499017682,0.8986373742421468,0.026309580852588,0.075,0.0,0.075,0.3333333333333333,6.666666666666667,0.0566485429535155,0.0003451676528599,0.0046022353714661,,True,True,True,-0.0007173844302694,-0.0010262016827861,-0.0010257059087355,-0.0013428622235854,0.0027748880287011,-0.0004382332166036,-0.0003110294540723,-0.0021647376318772,-0.2724296005239032,-0.0988867059593976,-0.0962671905697445,-0.0209561231172233,QQQ,/Users/yaniszaim/deephedging/.deephedging_real_runs/final_paper_asian_panel/panel_sweeps/QQQ_full_paper_grid_800_asian_call_step_robust,spot_delta,10.0,False,False,cvar
proto_source=vanilla_k=100_weighted=1_learnw=0,proto,2,-0.0171296577900648,0.0013953978604986,-0.0525561939924955,-0.0651815962046384,0.9194499017681728,0.5771152973175049,0.0292493142187595,0.0,0.0,0.0,0.0,49.5,0.0592919172439724,0.0,0.0,,True,True,True,-0.0011377017945051,-0.0014465190470218,-0.0014460232729713,-0.0017631795878211,0.0024676378816366,-0.0007454833636681,-0.0006182796011368,-0.0024719877789417,-0.2429600523903078,-0.0694171578258022,-0.0667976424361491,0.0085134250163719,QQQ,/Users/yaniszaim/deephedging/.deephedging_real_runs/final_paper_asian_panel/panel_sweeps/QQQ_full_paper_grid_800_asian_call_step_robust,vanilla,100.0,True,False,cvar
proto_source=vanilla_k=10_weighted=0_learnw=0,proto,2,-0.0173267358914017,0.0004597417748238,-0.05327033624053,-0.0648343451321125,0.9155206286836934,1.0,0.0473448000848293,0.0993369351669941,0.0906434184675835,0.0086935166994106,0.6463654223968566,367.0,0.0681792091465641,0.0657790927021696,0.6173570019723866,,True,True,True,-0.001334779895842,-0.0016435971483588,-0.0016431013743082,-0.0019602576891581,0.0028148889541625,-0.0003982322911421,-0.0002710285286108,-0.0021247367064158,-0.2390307793058284,-0.0654878847413228,-0.0628683693516697,0.0124426981008514,QQQ,/Users/yaniszaim/deephedging/.deephedging_real_runs/final_paper_asian_panel/panel_sweeps/QQQ_full_paper_grid_800_asian_call_step_robust,vanilla,10.0,False,False,cvar
vanilla,vanilla,3,-0.0119819544876615,0.0002707643951997,-0.038073731213808,-0.0532134274641672,0.9528487229862476,0.5258069833119711,0.0132479649037122,0.0,0.0,0.0,0.0,51.0,0.0438073049734036,0.0,0.0,,True,True,True,0.0002156635746359,5.76116144657135e-05,7.843443502982515e-05,0.0,0.0021800572673479,0.0009764209389686,0.0009319397310415,0.0,-0.2671905697445973,-0.1001964636542238,-0.0962671905697445,0.0,SPY,/Users/yaniszaim/deephedging/.deephedging_real_runs/final_paper_asian_panel/panel_sweeps/SPY_full_paper_grid_800_asian_call_step_robust,,,,,cvar
proto_source=spot_delta_k=100_weighted=0_learnw=0,proto,3,-0.0120151673133174,0.0001503121322053,-0.0382748012741406,-0.0522225586076577,0.9194499017681728,0.60810653368632,0.016639328872164,0.0022920759659463,0.0,0.0022920759659463,0.0045841519318926,39.333333333333336,0.0435946744106609,0.0011505588428665,0.0026298487836949,,True,True,True,0.00018245074898,2.4398788809776303e-05,4.522160937388796e-05,-3.3212825655937195e-05,0.0031709261238574,0.0019672897954781,0.0019228085875511,0.0009908688565095,-0.2337917485265226,-0.0667976424361491,-0.0628683693516698,0.0333988212180746,SPY,/Users/yaniszaim/deephedging/.deephedging_real_runs/final_paper_asian_panel/panel_sweeps/SPY_full_paper_grid_800_asian_call_step_robust,spot_delta,100.0,False,False,cvar
proto_source=spot_delta_k=25_weighted=1_learnw=0,proto,3,-0.0120215993374586,0.0002884054658651,-0.0374795079231262,-0.0524160973727703,0.9554682383759004,0.4572885433832804,0.0109232837955156,0.0,0.0,0.0,0.0,6.333333333333333,0.0437626301854228,0.0,0.0,,True,True,True,0.0001760187248388,1.7966764668623028e-05,3.878958523273468e-05,-3.964484979709047e-05,0.0029773873587449,0.0017737510303656,0.0017292698224385,0.0007973300913969,-0.2698100851342502,-0.1028159790438767,-0.0988867059593974,-0.0026195153896528,SPY,/Users/yaniszaim/deephedging/.deephedging_real_runs/final_paper_asian_panel/panel_sweeps/SPY_full_paper_grid_800_asian_call_step_robust,spot_delta,25.0,True,False,cvar
spot_delta,baseline,3,-0.0120395661021272,0.000131296221659,-0.0387073881924152,-0.0541898484031359,0.8526522593320237,0.6168549855550131,0.0184921603649854,0.0,0.0,0.0,0.0,,,,,,True,True,True,0.0001580519601702,0.0,2.0822820564111652e-05,-5.76116144657135e-05,0.0012036363283793,0.0,-4.448120792706345e-05,-0.0009764209389686,-0.1669941060903734,0.0,0.0039292730844793,0.1001964636542238,SPY,/Users/yaniszaim/deephedging/.deephedging_real_runs/final_paper_asian_panel/panel_sweeps/SPY_full_paper_grid_800_asian_call_step_robust,,,,,
proto_source=spot_delta_k=50_weighted=1_learnw=0,proto,3,-0.0120424786582589,0.0003161293486806,-0.0374062351882457,-0.0527157398561636,0.9489194499017682,0.4632187783718109,0.0113839230810602,0.0,0.0,0.0,0.0,8.333333333333334,0.0437144282553345,0.0,0.0,,True,True,True,0.0001551394040385,-2.9125561316813847e-06,1.7910264432430267e-05,-6.0524170597394886e-05,0.0026777448753515,0.0014741085469722,0.0014296273390452,0.0004976876080036,-0.263261296660118,-0.0962671905697445,-0.0923379174852652,0.0039292730844793,SPY,/Users/yaniszaim/deephedging/.deephedging_real_runs/final_paper_asian_panel/panel_sweeps/SPY_full_paper_grid_800_asian_call_step_robust,spot_delta,50.0,True,False,cvar
proto_source=spot_delta_k=10_weighted=1_learnw=0,proto,3,-0.0120436990012725,0.0001392794628264,-0.0377328167359034,-0.0520692219336827,0.9390962671905696,0.7689230442047119,0.0175521311660607,0.0816797642436149,0.0816797642436149,0.0,0.3097576948264571,206.0,0.0435546590960422,0.0001314924391847,0.0032873109796186,,True,True,True,0.0001539190610249,-4.132899145286445e-06,1.6689921418825207e-05,-6.174451361099995e-05,0.0033242627978324,0.0021206264694531,0.0020761452615261,0.0011442055304845,-0.2534381139489194,-0.086444007858546,-0.0825147347740666,0.0137524557956778,SPY,/Users/yaniszaim/deephedging/.deephedging_real_runs/final_paper_asian_panel/panel_sweeps/SPY_full_paper_grid_800_asian_call_step_robust,spot_delta,10.0,True,False,cvar
spot_delta_band,baseline,3,-0.0120603889226913,0.0001507603637461,-0.0384966733554999,-0.0541453671952088,0.856581532416503,0.5935216546058655,0.0146709845090905,0.0,0.0,0.0,0.0,,,,,0.0233333333333333,True,True,True,0.0001372291396061,-2.0822820564111652e-05,0.0,-7.843443502982515e-05,0.0012481175363063,4.448120792706345e-05,0.0,-0.0009319397310415,-0.1709233791748527,-0.0039292730844793,0.0,0.0962671905697445,SPY,/Users/yaniszaim/deephedging/.deephedging_real_runs/final_paper_asian_panel/panel_sweeps/SPY_full_paper_grid_800_asian_call_step_robust,,,,,
proto_source=spot_delta_k=100_weighted=1_learnw=0,proto,3,-0.0120606087148189,0.0002846188279184,-0.0381156027317047,-0.0531353962918122,0.9390962671905696,0.3811472058296203,0.0094958898456146,0.0,0.0,0.0,0.0,40.0,0.0435177748215695,0.0,0.0,,True,True,True,0.0001370093474785,-2.1042612691720905e-05,-2.1979212760925293e-07,-7.86542271574344e-05,0.0022580884397029,0.0010544521113236,0.0010099709033966,7.803117235501145e-05,-0.2534381139489194,-0.086444007858546,-0.0825147347740666,0.0137524557956778,SPY,/Users/yaniszaim/deephedging/.deephedging_real_runs/final_paper_asian_panel/panel_sweeps/SPY_full_paper_grid_800_asian_call_step_robust,spot_delta,100.0,True,False,cvar
proto_source=spot_delta_k=25_weighted=0_learnw=0,proto,3,-0.0120721695323785,0.0002571842862167,-0.0384986139833927,-0.0531087492903073,0.9318925998690242,0.8459584712982178,0.0108098003547638,0.0129829731499672,0.0129011132940406,8.185985592665356e-05,0.0635232481990831,271.6666666666667,0.0434274955015056,0.0012820512820512,0.0052596975673898,,True,True,True,0.0001254485299189,-3.260343025128162e-05,-1.1780609687169973e-05,-9.021504471699512e-05,0.0022847354412078,0.0010810991128285,0.0010366179049015,0.0001046781738599,-0.2462344466273739,-0.0792403405370004,-0.0753110674525211,0.0209561231172233,SPY,/Users/yaniszaim/deephedging/.deephedging_real_runs/final_paper_asian_panel/panel_sweeps/SPY_full_paper_grid_800_asian_call_step_robust,spot_delta,25.0,False,False,cvar
proto_source=spot_delta_k=10_weighted=0_learnw=0,proto,3,-0.0121438084170222,0.0003327723577043,-0.0386492826044559,-0.053763182212909,0.967910936476752,0.355477253595988,0.0094971796497702,0.0,0.0,0.0,0.0,42.666666666666664,0.0434479741263203,0.0,0.0,,True,True,True,5.3809645275274334e-05,-0.0001042423148949,-8.341949433088303e-05,-0.0001618539293607,0.0016303025186061,0.0004266661902268,0.0003821849822998,-0.0005497547487417,-0.2822527832351016,-0.1152586771447281,-0.1113294040602488,-0.0150622134905042,SPY,/Users/yaniszaim/deephedging/.deephedging_real_runs/final_paper_asian_panel/panel_sweeps/SPY_full_paper_grid_800_asian_call_step_robust,spot_delta,10.0,False,False,cvar
proto_source=vanilla_k=100_weighted=1_learnw=0,proto,3,-0.0121805487821499,0.0003997402839154,-0.0375995568931102,-0.0533493297795454,0.9332023575638508,0.7395637035369873,0.0192354578369607,0.0222167648984937,0.0222167648984937,0.0,0.2698100851342501,407.3333333333333,0.045573456502698,0.0068869165023011,0.1117685733070348,,True,True,True,1.706928014755249e-05,-0.0001409826800227,-0.0001201598594586,-0.0001985942944884,0.0020441549519697,0.0008405186235904,0.0007960374156634,-0.0001359023153781,-0.2475442043222004,-0.080550098231827,-0.0766208251473477,0.0196463654223968,SPY,/Users/yaniszaim/deephedging/.deephedging_real_runs/final_paper_asian_panel/panel_sweeps/SPY_full_paper_grid_800_asian_call_step_robust,vanilla,100.0,True,False,cvar
unhedged,baseline,3,-0.0121976180622975,0.000217637950691,-0.0395159641901652,-0.0553934847315152,0.6856581532416502,0.0,0.0,0.0,0.0,0.0,0.0,,,,,,True,True,True,0.0,-0.0001580519601702,-0.0001372291396061,-0.0002156635746359,0.0,-0.0012036363283793,-0.0012481175363063,-0.0021800572673479,0.0,0.1669941060903734,0.1709233791748527,0.2671905697445973,SPY,/Users/yaniszaim/deephedging/.deephedging_real_runs/final_paper_asian_panel/panel_sweeps/SPY_full_paper_grid_800_asian_call_step_robust,,,,,
proto_source=spot_delta_k=50_weighted=0_learnw=0,proto,3,-0.0122042810544371,0.000291233028095,-0.0389399074018001,-0.0541327719887097,0.914210870988867,0.5674161911010742,0.0087621559699376,0.0,0.0,0.0,0.0,248.0,0.0435404523345641,0.0,0.0,,True,True,True,-6.662992139657917e-06,-0.0001647149523099,-0.0001438921317458,-0.0002223265667756,0.0012607127428054,5.707641442616318e-05,1.2595206499099731e-05,-0.0009193445245424,-0.2285527177472167,-0.0615586116568432,-0.0576293385723639,0.0386378519973805,SPY,/Users/yaniszaim/deephedging/.deephedging_real_runs/final_paper_asian_panel/panel_sweeps/SPY_full_paper_grid_800_asian_call_step_robust,spot_delta,50.0,False,False,cvar
proto_source=vanilla_k=10_weighted=1_learnw=0,proto,3,-0.0122722520803411,0.0003792021581396,-0.0383471777041753,-0.053641453385353,0.9482645710543548,0.6662500451008478,0.020960878736029,0.014210870988867,0.014210870988867,0.0,0.2848722986247544,268.3333333333333,0.0452311184769496,0.0083333333333333,0.3333333333333333,,True,True,True,-7.463401804367817e-05,-0.0002326859782139,-0.0002118631576498,-0.0002902975926796,0.0017520313461621,0.0005483950177828,0.0005039138098557,-0.0004280259211858,-0.2626064178127046,-0.0956123117223312,-0.0916830386378518,0.0045841519318926,SPY,/Users/yaniszaim/deephedging/.deephedging_real_runs/final_paper_asian_panel/panel_sweeps/SPY_full_paper_grid_800_asian_call_step_robust,vanilla,10.0,True,False,cvar
proto_source=vanilla_k=100_weighted=0_learnw=0,proto,3,-0.0123836081475019,0.0004259864743427,-0.0390635098020235,-0.054973137875398,0.9397511460379828,0.4900755683581034,0.0112948203459382,0.0007694826457105,0.0007694826457105,0.0,0.0104780615586116,160.0,0.0443410640849489,0.0019888231426692,0.0223537146614069,,True,True,True,-0.0001859900852044,-0.0003440420453747,-0.0003232192248106,-0.0004016536598404,0.0004203468561172,-0.000783289472262,-0.0008277706801891,-0.0017597104112307,-0.2540929927963327,-0.0870988867059592,-0.0831696136214799,0.0130975769482646,SPY,/Users/yaniszaim/deephedging/.deephedging_real_runs/final_paper_asian_panel/panel_sweeps/SPY_full_paper_grid_800_asian_call_step_robust,vanilla,100.0,False,False,cvar
proto_source=vanilla_k=50_weighted=1_learnw=0,proto,3,-0.0124508511895934,0.000318051435881,-0.039753591020902,-0.0552050694823265,0.9515389652914212,0.3013257086277008,0.0097604456047217,0.0,0.0,0.0,0.0,122.0,0.0441426108296339,0.0,0.0,,True,True,True,-0.0002532331272959,-0.0004112850874662,-0.0003904622669021,-0.0004688967019319,0.0001884152491887,-0.0010152210791905,-0.0010597022871176,-0.0019916420181592,-0.2658808120497709,-0.0988867059593974,-0.094957432874918,0.0013097576948264,SPY,/Users/yaniszaim/deephedging/.deephedging_real_runs/final_paper_asian_panel/panel_sweeps/SPY_full_paper_grid_800_asian_call_step_robust,vanilla,50.0,True,False,cvar
proto_source=vanilla_k=25_weighted=0_learnw=0,proto,3,-0.0124700618907809,0.0004208454125828,-0.0392422534525394,-0.0547704150279363,0.9443352979698756,0.4637657950321833,0.0141230410275359,0.0109201047806155,0.0109201047806155,0.0,0.151931892599869,133.0,0.0441328988278212,0.0006245890861275,0.0151216305062458,,True,True,True,-0.0002724438284834,-0.0004304957886536,-0.0004096729680895,-0.0004881074031194,0.0006230697035789,-0.0005805666248003,-0.0006250478327274,-0.001556987563769,-0.2586771447282253,-0.0916830386378518,-0.0877537655533725,0.0085134250163719,SPY,/Users/yaniszaim/deephedging/.deephedging_real_runs/final_paper_asian_panel/panel_sweeps/SPY_full_paper_grid_800_asian_call_step_robust,vanilla,25.0,False,False,cvar
proto_source=vanilla_k=10_weighted=0_learnw=0,proto,3,-0.0125825526192784,0.0009393071299075,-0.0376296346386273,-0.0518734268844127,0.9698755730189914,0.8186924954255422,0.0283888587728142,0.0572855271774721,0.0572855271774721,0.0,0.6666666666666666,238.33333333333337,0.0528349442334317,0.0710880999342537,0.6666666666666666,,True,True,True,-0.0003849345569809,-0.0005429865171511,-0.000522163696587,-0.0006005981316169,0.0035200578471024,0.0023164215187231,0.0022719403107961,0.0013400005797545,-0.2842174197773411,-0.1172233136869677,-0.1132940406024883,-0.0170268500327438,SPY,/Users/yaniszaim/deephedging/.deephedging_real_runs/final_paper_asian_panel/panel_sweeps/SPY_full_paper_grid_800_asian_call_step_robust,vanilla,10.0,False,False,cvar
proto_source=vanilla_k=25_weighted=1_learnw=0,proto,3,-0.0126038482412695,0.0005541330323088,-0.0392738896111647,-0.0546551570296287,0.9430255402750491,0.6986311276753744,0.0176624795421957,0.0337262606417812,0.0337262606417812,0.0,0.3673870333988212,103.33333333333331,0.0477484203980596,0.0347633136094674,0.3339907955292571,,True,True,True,-0.000406230178972,-0.0005642821391423,-0.0005434593185782,-0.000621893753608,0.0007383277018864,-0.0004653086264928,-0.0005097898344198,-0.0014417295654614,-0.2573673870333989,-0.0903732809430254,-0.0864440078585461,0.0098231827111984,SPY,/Users/yaniszaim/deephedging/.deephedging_real_runs/final_paper_asian_panel/panel_sweeps/SPY_full_paper_grid_800_asian_call_step_robust,vanilla,25.0,True,False,cvar
proto_source=vanilla_k=50_weighted=0_learnw=0,proto,3,-0.0131117341419061,0.0017733531366065,-0.0389808858434359,-0.0535362449785073,0.974459724950884,0.7243556876977285,0.0296434418608744,0.0918795022920759,0.0918795022920759,0.0,0.3601833660772757,222.33333333333337,0.0447591239620777,0.0003451676528599,0.0065746219592373,,True,True,True,-0.0009141160796086,-0.0010721680397788,-0.0010513452192147,-0.0011297796542445,0.0018572397530078,0.0006536034246285,0.0006091222167015,-0.00032281751434,-0.2888015717092338,-0.1218074656188603,-0.117878192534381,-0.0216110019646365,SPY,/Users/yaniszaim/deephedging/.deephedging_real_runs/final_paper_asian_panel/panel_sweeps/SPY_full_paper_grid_800_asian_call_step_robust,vanilla,50.0,False,False,cvar
proto_source=spot_delta_k=10_weighted=0_learnw=0,proto,3,-0.0073459727379182,0.0010196120752218,-0.0287844010007878,-0.0439356639981269,0.8302180685358255,1.0,0.0264808315162857,0.0024143302180685,0.0009345794392523,0.0014797507788161,0.0179127725856697,239.0,0.0301889801278042,0.000508607198748,0.0093896713615023,,True,True,True,0.0004987881208459,0.0008263727650046,0.0007238551042973,0.0006237227159241,0.0017561030884583,-0.0004493668675422,-0.0002334328989187,0.0009386005500952,-0.3387850467289718,-0.0514018691588784,-0.0366043613707165,0.1409657320872275,TLT,/Users/yaniszaim/deephedging/.deephedging_real_runs/final_paper_asian_panel/panel_sweeps/TLT_full_paper_grid_800_asian_call_step_robust,spot_delta,10.0,False,False,cvar
proto_source=spot_delta_k=100_weighted=0_learnw=0,proto,3,-0.0073858097506066,0.0006172158337388,-0.0299003802239894,-0.0427428061763445,0.8722741433021807,0.9386771519978842,0.0270111554612716,0.0068146417445482,0.0062889408099688,0.0005257009345794,0.0654205607476635,407.3333333333333,0.0300206081370396,0.0012715179968701,0.0156494522691705,,True,True,True,0.0004589511081576,0.0007865357523163,0.000684018091609,0.0005838857032358,0.0029489609102408,0.0007434909542401,0.0009594249228636,0.0021314583718776,-0.380841121495327,-0.0934579439252336,-0.0786604361370717,0.0989096573208723,TLT,/Users/yaniszaim/deephedging/.deephedging_real_runs/final_paper_asian_panel/panel_sweeps/TLT_full_paper_grid_800_asian_call_step_robust,spot_delta,100.0,False,False,cvar
proto_source=spot_delta_k=50_weighted=0_learnw=0,proto,3,-0.0074144946411252,0.0005972198479795,-0.0287846681351462,-0.0438054651021957,0.8769470404984423,1.0,0.0259452511866887,0.0001557632398753,0.0,0.0001557632398753,0.0038940809968847,236.0,0.030298456656404,0.0003716744913928,0.0086071987480438,,True,True,True,0.000430266217639,0.0007578508617977,0.0006553332010904,0.0005552008127172,0.0018863019843896,-0.000319167971611,-0.0001032340029875,0.0010687994460264,-0.3855140186915887,-0.0981308411214952,-0.0833333333333333,0.0942367601246106,TLT,/Users/yaniszaim/deephedging/.deephedging_real_runs/final_paper_asian_panel/panel_sweeps/TLT_full_paper_grid_800_asian_call_step_robust,spot_delta,50.0,False,False,cvar
proto_source=spot_delta_k=100_weighted=1_learnw=0,proto,3,-0.0074363571281234,0.0007051977952729,-0.0293739702242116,-0.0438664530714352,0.8605919003115265,0.9114028612772624,0.023532231648763,0.0004283489096573,0.0001752336448598,0.0002531152647975,0.0054517133956386,252.33333333333337,0.0302618329047191,0.0006259780907668,0.0054773082942097,,True,True,True,0.0004084037306408,0.0007359883747994,0.0006334707140922,0.000533338325719,0.00182531401515,-0.0003801559408505,-0.000164221972227,0.0010078114767869,-0.3691588785046729,-0.0817757009345795,-0.0669781931464176,0.1105919003115264,TLT,/Users/yaniszaim/deephedging/.deephedging_real_runs/final_paper_asian_panel/panel_sweeps/TLT_full_paper_grid_800_asian_call_step_robust,spot_delta,100.0,True,False,cvar
proto_source=spot_delta_k=10_weighted=1_learnw=0,proto,3,-0.0074441097676754,0.0009743212280036,-0.0300037509140869,-0.0433301590383052,0.8730529595015577,0.8984033068021139,0.0154219058652718,0.0002141744548286,0.0,0.0002141744548286,0.0046728971962616,316.0,0.0304257719809661,5.868544600938968e-05,0.001564945226917,,True,True,True,0.0004006510910888,0.0007282357352475,0.0006257180745402,0.000525585686167,0.00236160804828,0.0001561380922794,0.0003720720609029,0.0015441055099169,-0.3816199376947041,-0.0942367601246106,-0.0794392523364487,0.0981308411214952,TLT,/Users/yaniszaim/deephedging/.deephedging_real_runs/final_paper_asian_panel/panel_sweeps/TLT_full_paper_grid_800_asian_call_step_robust,spot_delta,10.0,True,False,cvar
proto_source=spot_delta_k=25_weighted=1_learnw=0,proto,3,-0.007580317556858,0.0008860362533824,-0.0290554974538584,-0.044032335281372,0.8271028037383177,0.8636921842892965,0.0204632670308152,0.0010708722741433,0.0001168224299065,0.0009540498442367,0.0132398753894081,314.0,0.0303315097197499,0.0011345852895148,0.0203442879499217,,True,True,True,0.0002644433019061,0.0005920279460648,0.0004895102853576,0.0003893778969844,0.0016594318052132,-0.0005460381507873,-0.0003301041821638,0.0008419292668501,-0.3356697819314641,-0.0482866043613706,-0.0334890965732087,0.1440809968847353,TLT,/Users/yaniszaim/deephedging/.deephedging_real_runs/final_paper_asian_panel/panel_sweeps/TLT_full_paper_grid_800_asian_call_step_robust,spot_delta,25.0,True,False,cvar
proto_source=spot_delta_k=25_weighted=0_learnw=0,proto,3,-0.0076796292948226,0.0003195003509669,-0.0296185437589883,-0.0430629116793473,0.8730529595015577,0.9360732833544412,0.0204555224627256,0.0384929906542056,0.0383372274143302,0.0001557632398753,0.2484423676012461,255.66666666666663,0.0304061230959396,0.0002347417840375,0.0039123630672926,,True,True,True,0.0001651315639416,0.0004927162081003,0.000390198547393,0.0002900661590198,0.002628855407238,0.0004233854512373,0.0006393194198608,0.0018113528688748,-0.3816199376947041,-0.0942367601246106,-0.0794392523364487,0.0981308411214952,TLT,/Users/yaniszaim/deephedging/.deephedging_real_runs/final_paper_asian_panel/panel_sweeps/TLT_full_paper_grid_800_asian_call_step_robust,spot_delta,25.0,False,False,cvar
proto_source=spot_delta_k=50_weighted=1_learnw=0,proto,3,-0.007733354344964,0.0007105267747025,-0.0306772588441769,-0.04507968450586,0.809190031152648,0.9834237496058146,0.007888491731137,0.0006425233644859,0.0006035825545171,3.8940809968847354e-05,0.0085669781931464,122.66666666666669,0.0306377179558055,0.000254303599374,0.0070422535211267,,True,True,True,0.0001114065138002,0.0004389911579589,0.0003364734972516,0.0002363411088784,0.0006120825807253,-0.0015933873752752,-0.0013774534066518,-0.0002054199576377,-0.3177570093457944,-0.0303738317757009,-0.015576323987539,0.161993769470405,TLT,/Users/yaniszaim/deephedging/.deephedging_real_runs/final_paper_asian_panel/panel_sweeps/TLT_full_paper_grid_800_asian_call_step_robust,spot_delta,50.0,True,False,cvar
proto_source=vanilla_k=100_weighted=0_learnw=0,proto,3,-0.0078049149985114,0.0008614833769717,-0.0319029902418454,-0.0450301207602024,0.8450155763239876,0.4284454683462779,0.0048810276978959,0.0,0.0,0.0,0.0,219.66666666666663,0.0308968332215833,0.0,0.0,,True,True,True,3.9845860252778025e-05,0.0003674305044114,0.0002649128437042,0.000164780455331,0.0006616463263829,-0.0015438236296176,-0.0013278896609942,-0.0001558562119801,-0.353582554517134,-0.0661993769470405,-0.0514018691588786,0.1261682242990653,TLT,/Users/yaniszaim/deephedging/.deephedging_real_runs/final_paper_asian_panel/panel_sweeps/TLT_full_paper_grid_800_asian_call_step_robust,vanilla,100.0,False,False,cvar
proto_source=vanilla_k=25_weighted=0_learnw=0,proto,3,-0.0078402760749061,0.00113813645956,-0.0318698586896061,-0.0445863008499145,0.8761682242990654,0.4670017659664154,0.0078482834311823,0.0006814641744548,0.0,0.0006814641744548,0.0015576323987538,37.666666666666664,0.0310165594464914,0.0001956181533646,0.001564945226917,,True,True,True,4.484783858060837e-06,0.0003320694280167,0.0002295517673095,0.0001294193789362,0.0011054662366708,-0.0011000037193298,-0.0008840697507063,0.0002879636983076,-0.3847352024922117,-0.0973520249221183,-0.0825545171339564,0.0950155763239876,TLT,/Users/yaniszaim/deephedging/.deephedging_real_runs/final_paper_asian_panel/panel_sweeps/TLT_full_paper_grid_800_asian_call_step_robust,vanilla,25.0,False,False,cvar
unhedged,baseline,3,-0.0078447608587642,0.0009254539577509,-0.0326710164546966,-0.0456917670865853,0.4914330218068536,0.0,0.0,0.0,0.0,0.0,0.0,,,,,,True,True,True,0.0,0.0003275846441586,0.0002250669834514,0.0001249345950782,0.0,-0.0022054699560006,-0.0019895359873771,-0.0008175025383631,0.0,0.2873831775700934,0.3021806853582553,0.4797507788161994,TLT,/Users/yaniszaim/deephedging/.deephedging_real_runs/final_paper_asian_panel/panel_sweeps/TLT_full_paper_grid_800_asian_call_step_robust,,,,,
proto_source=vanilla_k=50_weighted=1_learnw=0,proto,3,-0.0078907090549667,0.0009620354805193,-0.0321284949158628,-0.0450458750128746,0.9174454828660435,0.3902328709761302,0.0057937394206722,0.0,0.0,0.0,0.0,14.333333333333334,0.0312202200689353,0.0,0.0,,True,True,True,-4.594819620251656e-05,0.0002816364479561,0.0001791187872489,7.898639887571335e-05,0.0006458920737107,-0.0015595778822898,-0.0013436439136664,-0.0001716104646523,-0.4260124610591899,-0.1386292834890965,-0.1238317757009346,0.0537383177570094,TLT,/Users/yaniszaim/deephedging/.deephedging_real_runs/final_paper_asian_panel/panel_sweeps/TLT_full_paper_grid_800_asian_call_step_robust,vanilla,50.0,True,False,cvar
proto_source=vanilla_k=10_weighted=0_learnw=0,proto,3,-0.0079038180410861,0.0009537573505981,-0.0321425198887785,-0.0451110191643238,0.8839563862928349,0.3181313425302505,0.0076374532654881,0.0,0.0,0.0,0.0,24.666666666666668,0.0311478996967586,0.0,0.0,,True,True,True,-5.905718232194525e-05,0.0002685274618367,0.0001660098011294,6.587741275628466e-05,0.0005807479222615,-0.001624722033739,-0.0014087880651156,-0.0002367546161015,-0.3925233644859813,-0.1051401869158878,-0.0903426791277259,0.087227414330218,TLT,/Users/yaniszaim/deephedging/.deephedging_real_runs/final_paper_asian_panel/panel_sweeps/TLT_full_paper_grid_800_asian_call_step_robust,vanilla,10.0,False,False,cvar
proto_source=vanilla_k=10_weighted=1_learnw=0,proto,3,-0.0079045752063393,0.0009618032759594,-0.0323262101970613,-0.0450321535269419,0.9088785046728972,0.3528560549020767,0.006853650479267,0.0,0.0,0.0,0.0,6.333333333333333,0.0310908590396866,0.0,0.0,,True,True,True,-5.981434757510763e-05,0.0002677702965835,0.0001652526358763,6.512024750312227e-05,0.0006596135596434,-0.0015458563963572,-0.0013299224277337,-0.0001578889787197,-0.4174454828660436,-0.1300623052959502,-0.1152647975077882,0.0623052959501557,TLT,/Users/yaniszaim/deephedging/.deephedging_real_runs/final_paper_asian_panel/panel_sweeps/TLT_full_paper_grid_800_asian_call_step_robust,vanilla,10.0,True,False,cvar
proto_source=vanilla_k=25_weighted=1_learnw=0,proto,3,-0.007944049158444,0.0012039993423409,-0.0319450889714062,-0.0451227153340975,0.8457943925233645,0.6481274863084158,0.0092229850900669,1.9470404984423677e-05,0.0,1.9470404984423677e-05,0.0007788161993769,128.0,0.0308964286471829,7.824726134585289e-05,0.001564945226917,,True,True,True,-9.928829967975616e-05,0.0002282963444789,0.0001257786837716,2.564629539847374e-05,0.0005690517524878,-0.0016364182035128,-0.0014204842348893,-0.0002484507858753,-0.3543613707165109,-0.0669781931464175,-0.0521806853582555,0.1253894080996884,TLT,/Users/yaniszaim/deephedging/.deephedging_real_runs/final_paper_asian_panel/panel_sweeps/TLT_full_paper_grid_800_asian_call_step_robust,vanilla,25.0,True,False,cvar
vanilla,vanilla,3,-0.0079696954538424,0.0008237312134074,-0.032103832035015,-0.0448742645482222,0.971183800623053,0.2453525563081105,0.0066680721162507,0.0,0.0,0.0,0.0,33.0,0.0314348046629068,0.0,0.0,,True,True,True,-0.0001249345950782,0.0002026500490804,0.0001001323883732,0.0,0.0008175025383631,-0.0013879674176375,-0.001172033449014,0.0,-0.4797507788161994,-0.1923676012461059,-0.177570093457944,0.0,TLT,/Users/yaniszaim/deephedging/.deephedging_real_runs/final_paper_asian_panel/panel_sweeps/TLT_full_paper_grid_800_asian_call_step_robust,,,,,cvar
proto_source=vanilla_k=50_weighted=0_learnw=0,proto,3,-0.0080365884738663,0.0007995145259442,-0.0324185227975249,-0.0453521373371283,0.8738317757009346,0.4703392088413238,0.0138960148518284,0.0008372274143302,0.0,0.0008372274143302,0.0023364485981308,123.66666666666669,0.0311807055200278,0.0003129890453834,0.001564945226917,,True,True,True,-0.0001918276151021,0.0001357570290565,3.3239368349313736e-05,-6.68930200239011e-05,0.000339629749457,-0.0018658402065436,-0.0016499062379201,-0.000477872788906,-0.382398753894081,-0.0950155763239876,-0.0802180685358256,0.0973520249221183,TLT,/Users/yaniszaim/deephedging/.deephedging_real_runs/final_paper_asian_panel/panel_sweeps/TLT_full_paper_grid_800_asian_call_step_robust,vanilla,50.0,False,False,cvar
spot_delta_band,baseline,3,-0.0080698278422156,0.001021341890041,-0.0303250604930023,-0.0437022310992082,0.7936137071651089,0.4322520196437835,0.0096874327088395,0.0,0.0,0.0,0.0,,,,,0.15,True,True,True,-0.0002250669834514,0.0001025176607072,0.0,-0.0001001323883732,0.0019895359873771,-0.0002159339686234,0.0,0.001172033449014,-0.3021806853582553,-0.0147975077881619,0.0,0.177570093457944,TLT,/Users/yaniszaim/deephedging/.deephedging_real_runs/final_paper_asian_panel/panel_sweeps/TLT_full_paper_grid_800_asian_call_step_robust,,,,,
proto_source=vanilla_k=100_weighted=1_learnw=0,proto,3,-0.0080724308888117,0.0010397144990264,-0.0319697236952682,-0.0455983070035775,0.8512461059190031,0.3419705132643382,0.0133478197579582,0.0,0.0,0.0,0.0,41.333333333333336,0.0310980086696023,0.0,0.0,,True,True,True,-0.0002276700300474,9.991461411118507e-05,-2.6030465960502625e-06,-0.0001027354349692,9.34600830078125e-05,-0.0021120098729928,-0.0018960759043693,-0.0007240424553553,-0.3598130841121494,-0.072429906542056,-0.0576323987538941,0.1199376947040499,TLT,/Users/yaniszaim/deephedging/.deephedging_real_runs/final_paper_asian_panel/panel_sweeps/TLT_full_paper_grid_800_asian_call_step_robust,vanilla,100.0,True,False,cvar
spot_delta,baseline,3,-0.0081723455029229,0.0011152861218729,-0.030094918080916,-0.0434862971305847,0.778816199376947,0.582252025604248,0.0204588156193494,0.0,0.0,0.0,0.0,,,,,,True,True,True,-0.0003275846441586,0.0,-0.0001025176607072,-0.0002026500490804,0.0022054699560006,0.0,0.0002159339686234,0.0013879674176375,-0.2873831775700934,0.0,0.0147975077881619,0.1923676012461059,TLT,/Users/yaniszaim/deephedging/.deephedging_real_runs/final_paper_asian_panel/panel_sweeps/TLT_full_paper_grid_800_asian_call_step_robust,,,,,
proto_source=spot_delta_k=10_weighted=0_learnw=0,proto,3,-0.0152629967778921,0.0006515249385059,-0.0645268037915229,-0.0906342566013336,0.8766458766458767,0.9512816468874612,0.0122414869256317,0.0022522522522522,0.0015246015246015,0.0007276507276507,0.0207900207900207,432.0,0.0658360990674959,0.0030381944444444,0.0249999999999999,,True,True,True,3.886719544729175e-06,0.0002593410511811,0.0001670951023697,0.0001186539108554,0.0021984154979387,0.0006571685274441,0.0007794871926307,-0.0023946563402811,-0.3832293832293832,-0.1198891198891199,-0.1115731115731115,0.0921690921690921,XLE,/Users/yaniszaim/deephedging/.deephedging_real_runs/final_paper_asian_panel/panel_sweeps/XLE_full_paper_grid_800_asian_call_step_robust,spot_delta,10.0,False,False,cvar
unhedged,baseline,3,-0.0152668834974368,0.0006830323107328,-0.066614031791687,-0.0928326720992724,0.4934164934164934,0.0,0.0,0.0,0.0,0.0,0.0,,,,,,True,True,True,0.0,0.0002554543316364,0.000163208382825,0.0001147671913107,0.0,-0.0015412469704945,-0.001418928305308,-0.0045930718382199,0.0,0.2633402633402632,0.2716562716562716,0.4753984753984754,XLE,/Users/yaniszaim/deephedging/.deephedging_real_runs/final_paper_asian_panel/panel_sweeps/XLE_full_paper_grid_800_asian_call_step_robust,,,,,
proto_source=spot_delta_k=25_weighted=0_learnw=0,proto,3,-0.0152959935367107,0.000465246306497,-0.0630360121528307,-0.0869580656290054,0.907830907830908,0.7814120848973592,0.017924677580595,1.7325017325017327e-05,0.0,1.7325017325017327e-05,0.0006930006930006,85.0,0.0658056619769583,0.0003645833333333,0.0041666666666666,,True,True,True,-2.911003927389723e-05,0.0002263442923625,0.0001340983435511,8.565715203682524e-05,0.0058746064702669,0.0043333594997723,0.0044556781649589,0.001281534632047,-0.4144144144144144,-0.1510741510741512,-0.1427581427581428,0.0609840609840609,XLE,/Users/yaniszaim/deephedging/.deephedging_real_runs/final_paper_asian_panel/panel_sweeps/XLE_full_paper_grid_800_asian_call_step_robust,spot_delta,25.0,False,False,cvar
proto_source=spot_delta_k=25_weighted=1_learnw=0,proto,3,-0.0153343497465054,0.000720593520496,-0.0651998519897461,-0.0907082284490267,0.8828828828828829,0.5801263948281606,0.0052408700188,0.0001039501039501,0.0,0.0001039501039501,0.0006930006930006,10.666666666666666,0.0660918844703378,0.0001736111111111,0.0013888888888888,,True,True,True,-6.746624906857693e-05,0.0001879880825678,9.57421337564792e-05,4.730094224214554e-05,0.0021244436502456,0.000583196679751,0.0007055153449376,-0.0024686281879743,-0.3894663894663894,-0.1261261261261261,-0.1178101178101177,0.085932085932086,XLE,/Users/yaniszaim/deephedging/.deephedging_real_runs/final_paper_asian_panel/panel_sweeps/XLE_full_paper_grid_800_asian_call_step_robust,spot_delta,25.0,True,False,cvar
vanilla,vanilla,3,-0.0153816506887475,0.0006641069962158,-0.0630928017199039,-0.0882396002610524,0.9688149688149688,0.5391152501106262,0.0136874389524261,0.0,0.0,0.0,0.0,106.66666666666669,0.0665892777483289,0.0,0.0,,True,True,True,-0.0001147671913107,0.0001406871403257,4.844119151433367e-05,0.0,0.0045930718382199,0.0030518248677253,0.0031741435329119,0.0,-0.4753984753984754,-0.2120582120582121,-0.2037422037422037,0.0,XLE,/Users/yaniszaim/deephedging/.deephedging_real_runs/final_paper_asian_panel/panel_sweeps/XLE_full_paper_grid_800_asian_call_step_robust,,,,,cvar
proto_source=spot_delta_k=10_weighted=1_learnw=0,proto,3,-0.0153878045578797,0.0007646168806657,-0.0627474660674731,-0.0888937413692474,0.9272349272349272,0.8442686597506205,0.0153575120493769,0.0006410256410256,0.0002598752598752,0.0003811503811503,0.0117810117810117,9.333333333333334,0.0662877586295621,0.0002256944444444,0.0034722222222222,,True,True,True,-0.0001209210604429,0.0001345332711935,4.2287322382131634e-05,-6.153869132202033e-06,0.0039389307300249,0.0023976837595303,0.0025200024247169,-0.0006541411081949,-0.4338184338184338,-0.1704781704781706,-0.1621621621621621,0.0415800415800415,XLE,/Users/yaniszaim/deephedging/.deephedging_real_runs/final_paper_asian_panel/panel_sweeps/XLE_full_paper_grid_800_asian_call_step_robust,spot_delta,10.0,True,False,cvar
proto_source=spot_delta_k=100_weighted=0_learnw=0,proto,3,-0.0153960619742671,0.0007196434431888,-0.0619750370581944,-0.0873212218284607,0.8863478863478864,0.7567789455254873,0.0160345810775955,0.002027027027027,0.0017844767844767,0.0002425502425502,0.0069300069300069,58.333333333333336,0.0658761149428577,0.0002777777777777,0.0006944444444444,,True,True,True,-0.0001291784768303,0.0001262758548061,3.402990599473375e-05,-1.4411285519599916e-05,0.0055114502708117,0.0039702033003171,0.0040925219655036,0.0009183784325917,-0.3929313929313929,-0.1295911295911297,-0.1212751212751213,0.0824670824670824,XLE,/Users/yaniszaim/deephedging/.deephedging_real_runs/final_paper_asian_panel/panel_sweeps/XLE_full_paper_grid_800_asian_call_step_robust,spot_delta,100.0,False,False,cvar
proto_source=spot_delta_k=100_weighted=1_learnw=0,proto,3,-0.0154254951824744,0.0005710636798817,-0.0683302084604899,-0.0953271314501762,0.8295218295218295,0.6432228783766428,0.048383771131436,0.0,0.0,0.0,0.0,60.666666666666664,0.0656889446654046,0.0,0.0,,True,True,True,-0.0001586116850376,9.684264659881592e-05,4.5966977874432186e-06,-4.384449372689045e-05,-0.0024944593509038,-0.0040357063213984,-0.0039133876562118,-0.0070875311891237,-0.336105336105336,-0.0727650727650728,-0.0644490644490644,0.1392931392931393,XLE,/Users/yaniszaim/deephedging/.deephedging_real_runs/final_paper_asian_panel/panel_sweeps/XLE_full_paper_grid_800_asian_call_step_robust,spot_delta,100.0,True,False,cvar
proto_source=spot_delta_k=50_weighted=1_learnw=0,proto,3,-0.0154284934202829,0.000493570404343,-0.0626837400098641,-0.0901429305473963,0.9203049203049204,0.7595716019471487,0.0177012473965684,6.930006930006931e-05,0.0,6.930006930006931e-05,0.002079002079002,67.33333333333333,0.066095545646631,0.0009201388888888,0.0111111111111111,,True,True,True,-0.0001616099228461,9.384440879027164e-05,1.5984599788989443e-06,-4.684273153543472e-05,0.002689741551876,0.0011484945813814,0.001270813246568,-0.0019033302863439,-0.4268884268884269,-0.1635481635481637,-0.1552321552321552,0.0485100485100484,XLE,/Users/yaniszaim/deephedging/.deephedging_real_runs/final_paper_asian_panel/panel_sweeps/XLE_full_paper_grid_800_asian_call_step_robust,spot_delta,50.0,True,False,cvar
spot_delta_band,baseline,3,-0.0154300918802618,0.0007515276467368,-0.0643558129668235,-0.0914137437939643,0.7650727650727651,0.5072356561819712,0.0115783798197905,0.0,0.0,0.0,0.0,,,,,0.0833333333333333,True,True,True,-0.000163208382825,9.22459488113727e-05,0.0,-4.844119151433367e-05,0.001418928305308,-0.0001223186651865,0.0,-0.0031741435329119,-0.2716562716562716,-0.0083160083160084,0.0,0.2037422037422037,XLE,/Users/yaniszaim/deephedging/.deephedging_real_runs/final_paper_asian_panel/panel_sweeps/XLE_full_paper_grid_800_asian_call_step_robust,,,,,
proto_source=spot_delta_k=50_weighted=0_learnw=0,proto,3,-0.0154374136279026,0.0011740561065069,-0.0639419903357823,-0.0894067212939262,0.857934857934858,0.9787850777308146,0.0212819725275039,0.0004331254331254,0.0003291753291753,0.0001039501039501,0.0027720027720027,133.0,0.0656354951473573,0.0010937499999999,0.0069444444444444,,True,True,True,-0.0001705301304658,8.492420117060459e-05,-7.321747640768109e-06,-5.5762939155101776e-05,0.0034259508053461,0.0018847038348515,0.0020070225000381,-0.0011671210328737,-0.3645183645183645,-0.1011781011781013,-0.0928620928620929,0.1108801108801108,XLE,/Users/yaniszaim/deephedging/.deephedging_real_runs/final_paper_asian_panel/panel_sweeps/XLE_full_paper_grid_800_asian_call_step_robust,spot_delta,50.0,False,False,cvar
proto_source=vanilla_k=100_weighted=0_learnw=0,proto,3,-0.0154408055047194,0.0009775850975252,-0.0627204577128092,-0.0885097086429596,0.8523908523908524,0.6465801075100899,0.0239196855885287,0.0016632016632016,0.0016632016632016,0.0,0.0159390159390159,133.0,0.0685759190632444,0.0029861111111111,0.0256944444444444,,True,True,True,-0.0001739220072825,8.153232435385502e-05,-1.071362445751768e-05,-5.915481597185135e-05,0.0043229634563128,0.0027817164858182,0.0029040351510047,-0.0002701083819071,-0.358974358974359,-0.0956340956340957,-0.0873180873180873,0.1164241164241164,XLE,/Users/yaniszaim/deephedging/.deephedging_real_runs/final_paper_asian_panel/panel_sweeps/XLE_full_paper_grid_800_asian_call_step_robust,vanilla,100.0,False,False,cvar
proto_source=vanilla_k=10_weighted=1_learnw=0,proto,3,-0.0155073646456003,0.0008018566742346,-0.065058659762144,-0.0899359708031018,0.8475398475398475,0.5144719978173574,0.0148426936939358,0.0043312543312543,0.0043312543312543,0.0,0.0401940401940401,176.0,0.069662832332568,0.0250694444444444,0.1756944444444444,,True,True,True,-0.0002404811481634,1.4973183472951831e-05,-7.727276533842087e-05,-0.0001257139568527,0.0028967012961705,0.0013554543256759,0.0014777729908625,-0.0016963705420494,-0.354123354123354,-0.0907830907830907,-0.0824670824670823,0.1212751212751214,XLE,/Users/yaniszaim/deephedging/.deephedging_real_runs/final_paper_asian_panel/panel_sweeps/XLE_full_paper_grid_800_asian_call_step_robust,vanilla,10.0,True,False,cvar
spot_delta,baseline,3,-0.0155223378290732,0.0008130682071907,-0.0633007238308588,-0.0912914251287778,0.7567567567567567,0.590568999449412,0.0215559278925259,0.0,0.0,0.0,0.0,,,,,,True,True,True,-0.0002554543316364,0.0,-9.22459488113727e-05,-0.0001406871403257,0.0015412469704945,0.0,0.0001223186651865,-0.0030518248677253,-0.2633402633402632,0.0,0.0083160083160084,0.2120582120582121,XLE,/Users/yaniszaim/deephedging/.deephedging_real_runs/final_paper_asian_panel/panel_sweeps/XLE_full_paper_grid_800_asian_call_step_robust,,,,,
proto_source=vanilla_k=25_weighted=0_learnw=0,proto,3,-0.0156242412825425,0.0009016217321393,-0.064503929267327,-0.0904606903592745,0.8717948717948718,0.8639260530471802,0.0143375989670554,0.0001212751212751,0.0001212751212751,0.0,0.0041580041580041,354.3333333333333,0.0672405979836152,0.0003819444444444,0.0090277777777777,,True,True,True,-0.0003573577851057,-0.0001019034534692,-0.0001941494022806,-0.0002425905937949,0.0023719817399978,0.0008307347695032,0.0009530534346898,-0.0022210900982221,-0.3783783783783783,-0.1150381150381151,-0.1067221067221066,0.097020097020097,XLE,/Users/yaniszaim/deephedging/.deephedging_real_runs/final_paper_asian_panel/panel_sweeps/XLE_full_paper_grid_800_asian_call_step_robust,vanilla,25.0,False,False,cvar
proto_source=vanilla_k=10_weighted=0_learnw=0,proto,3,-0.0156375331183274,0.0004484870321572,-0.0634385272860527,-0.0882237255573272,0.945945945945946,0.5434319575627645,0.0164496389528115,0.057085932085932,0.057085932085932,0.0,0.3305613305613306,192.0,0.0699331711774381,0.0269270833333333,0.3298611111111111,,True,True,True,-0.0003706496208906,-0.0001151952892541,-0.0002074412380655,-0.0002558824295798,0.0046089465419451,0.0030676995714505,0.0031900182366371,1.587470372517441e-05,-0.4525294525294525,-0.1891891891891892,-0.1808731808731808,0.0228690228690229,XLE,/Users/yaniszaim/deephedging/.deephedging_real_runs/final_paper_asian_panel/panel_sweeps/XLE_full_paper_grid_800_asian_call_step_robust,vanilla,10.0,False,False,cvar
proto_source=vanilla_k=25_weighted=1_learnw=0,proto,3,-0.0156828432033459,0.0004221073236738,-0.0618482455611228,-0.0855284954110781,0.9147609147609148,1.0,0.0293102202316125,0.0814275814275814,0.0814275814275814,0.0,0.9487179487179488,270.6666666666667,0.0715844448664122,0.0423263888888888,0.3472222222222222,,True,True,True,-0.000415959705909,-0.0001605053742726,-0.000252751323084,-0.0003011925145983,0.0073041766881942,0.0057629297176996,0.0058852483828862,0.0027111048499743,-0.4213444213444213,-0.1580041580041581,-0.1496881496881497,0.054054054054054,XLE,/Users/yaniszaim/deephedging/.deephedging_real_runs/final_paper_asian_panel/panel_sweeps/XLE_full_paper_grid_800_asian_call_step_robust,vanilla,25.0,True,False,cvar
proto_source=vanilla_k=50_weighted=1_learnw=0,proto,3,-0.0158240776509046,0.0005785752558108,-0.0624395397802194,-0.0856808722019195,0.9424809424809424,0.8665819565455118,0.0273959593226512,0.0429660429660429,0.0429660429660429,0.0,0.2875952875952876,209.0,0.0682127039469778,0.0014583333333333,0.0284722222222222,,True,True,True,-0.0005571941534678,-0.0003017398218313,-0.0003939857706427,-0.000442426962157,0.0071517998973528,0.0056105529268582,0.0057328715920448,0.0025587280591328,-0.449064449064449,-0.1857241857241858,-0.1774081774081773,0.0263340263340263,XLE,/Users/yaniszaim/deephedging/.deephedging_real_runs/final_paper_asian_panel/panel_sweeps/XLE_full_paper_grid_800_asian_call_step_robust,vanilla,50.0,True,False,cvar
proto_source=vanilla_k=100_weighted=1_learnw=0,proto,3,-0.0160582866519689,0.0001189433146183,-0.0643272126714388,-0.0898224040865898,0.851004851004851,0.8549849589665731,0.0361238680779933,0.0049896049896049,0.0049896049896049,0.0,0.1933471933471933,39.333333333333336,0.0689625358763668,0.0001909722222222,0.0034722222222222,,True,True,True,-0.0007914031545321,-0.0005359488228956,-0.000628194771707,-0.0006766359632213,0.0030102680126826,0.001469021042188,0.0015913397073745,-0.0015828038255373,-0.3575883575883575,-0.0942480942480943,-0.0859320859320859,0.1178101178101178,XLE,/Users/yaniszaim/deephedging/.deephedging_real_runs/final_paper_asian_panel/panel_sweeps/XLE_full_paper_grid_800_asian_call_step_robust,vanilla,100.0,True,False,cvar
proto_source=vanilla_k=50_weighted=0_learnw=0,proto,3,-0.0163157054533561,0.0010541268271806,-0.0625342515607674,-0.0861586133639017,0.9223839223839224,0.96068541208903,0.037196896970272,0.0332813582813582,0.0332813582813582,0.0,0.2903672903672904,146.66666666666666,0.0711572015324814,0.0277430555555555,0.2541666666666666,,True,True,True,-0.0010488219559192,-0.0007933676242828,-0.0008856135730942,-0.0009340547646085,0.0066740587353706,0.005132811764876,0.0052551304300626,0.0020809868971506,-0.4289674289674289,-0.1656271656271657,-0.1573111573111573,0.0464310464310464,XLE,/Users/yaniszaim/deephedging/.deephedging_real_runs/final_paper_asian_panel/panel_sweeps/XLE_full_paper_grid_800_asian_call_step_robust,vanilla,50.0,False,False,cvar
spot_delta_band,baseline,3,-0.0130590349435806,0.0008347695344203,-0.0430771429091692,-0.06192555402716,0.8040935672514621,0.656938632329305,0.0231841516991456,0.0,0.0,0.0,0.0,,,,,0.0333333333333333,True,True,True,0.0002846447750926,3.135328491528887e-05,0.0,0.0001970020433266,0.0043358244001865,0.000651561965545,0.0,0.0023299828171729,-0.2032163742690058,-0.0043859649122808,0.0,0.1206140350877191,XLF,/Users/yaniszaim/deephedging/.deephedging_real_runs/final_paper_asian_panel/panel_sweeps/XLF_full_paper_grid_800_asian_call_step_robust,,,,,
spot_delta,baseline,3,-0.0130903882284959,0.0008413003912232,-0.0430829208344221,-0.062577115992705,0.7997076023391813,0.6902719736099243,0.0357011593878269,0.0,0.0,0.0,0.0,,,,,,True,True,True,0.0002532914901773,0.0,-3.135328491528887e-05,0.0001656487584114,0.0036842624346415,0.0,-0.000651561965545,0.0016784208516279,-0.198830409356725,0.0,0.0043859649122808,0.125,XLF,/Users/yaniszaim/deephedging/.deephedging_real_runs/final_paper_asian_panel/panel_sweeps/XLF_full_paper_grid_800_asian_call_step_robust,,,,,
proto_source=spot_delta_k=10_weighted=0_learnw=0,proto,3,-0.0131808584555983,0.0008266650845514,-0.0423822480564316,-0.0623896718025207,0.8808479532163743,0.7372584939002991,0.020239753027757,3.654970760233918e-05,0.0,3.654970760233918e-05,0.0014619883040935,76.0,0.0494201036698626,1.8355359765051395e-05,0.000734214390602,,True,True,True,0.0001628212630748,-9.047022710243804e-05,-0.0001218235120177,7.517853130896944e-05,0.0038717066248257,0.0001874441901842,-0.0004641177753607,0.0018658650418122,-0.2799707602339181,-0.081140350877193,-0.0767543859649122,0.0438596491228069,XLF,/Users/yaniszaim/deephedging/.deephedging_real_runs/final_paper_asian_panel/panel_sweeps/XLF_full_paper_grid_800_asian_call_step_robust,spot_delta,10.0,False,False,cvar
vanilla,vanilla,3,-0.0132560369869073,0.0007296368614859,-0.0423036928599079,-0.064255536844333,0.9247076023391811,0.4422511259714762,0.0110190293829267,0.0,0.0,0.0,0.0,39.0,0.0495150728562536,0.0,0.0,,True,True,True,8.764273176590544e-05,-0.0001656487584114,-0.0001970020433266,0.0,0.0020058415830135,-0.0016784208516279,-0.0023299828171729,0.0,-0.323830409356725,-0.125,-0.1206140350877191,0.0,XLF,/Users/yaniszaim/deephedging/.deephedging_real_runs/final_paper_asian_panel/panel_sweeps/XLF_full_paper_grid_800_asian_call_step_robust,,,,,cvar
proto_source=spot_delta_k=25_weighted=1_learnw=0,proto,3,-0.0133350413913528,0.0006430185140042,-0.0424141365413864,-0.0626162675519784,0.8961988304093568,1.0,0.0293150286500652,0.0017909356725146,0.0001461988304093,0.0016447368421052,0.0153508771929824,135.33333333333334,0.0492865838013511,0.0002386196769456,0.0022026431718061,,True,True,True,8.638327320417347e-06,-0.0002446531628568,-0.0002760064477721,-7.900440444548809e-05,0.0036451108753681,-3.915155927339264e-05,-0.0006907135248184,0.0016392692923545,-0.2953216374269005,-0.0964912280701755,-0.0921052631578946,0.0285087719298244,XLF,/Users/yaniszaim/deephedging/.deephedging_real_runs/final_paper_asian_panel/panel_sweeps/XLF_full_paper_grid_800_asian_call_step_robust,spot_delta,25.0,True,False,cvar
unhedged,baseline,3,-0.0133436797186732,0.0007800196184028,-0.0435596307118733,-0.0662613784273465,0.6008771929824562,0.0,0.0,0.0,0.0,0.0,0.0,,,,,,True,True,True,0.0,-0.0002532914901773,-0.0002846447750926,-8.764273176590544e-05,0.0,-0.0036842624346415,-0.0043358244001865,-0.0020058415830135,0.0,0.198830409356725,0.2032163742690058,0.323830409356725,XLF,/Users/yaniszaim/deephedging/.deephedging_real_runs/final_paper_asian_panel/panel_sweeps/XLF_full_paper_grid_800_asian_call_step_robust,,,,,
proto_source=spot_delta_k=25_weighted=0_learnw=0,proto,3,-0.0133476083477338,0.0010956345680974,-0.0421901481846968,-0.0616465471684932,0.9247076023391811,0.983283539613088,0.0284748586515585,0.0013706140350877,0.0,0.0013706140350877,0.0241228070175438,14.0,0.0496312133203808,0.0002936857562408,0.0029368575624082,,True,True,True,-3.928629060586872e-06,-0.0002572201192378,-0.0002885734041531,-9.157136082649232e-05,0.0046148312588532,0.0009305688242117,0.0002790068586667,0.0026089896758397,-0.323830409356725,-0.125,-0.1206140350877191,0.0,XLF,/Users/yaniszaim/deephedging/.deephedging_real_runs/final_paper_asian_panel/panel_sweeps/XLF_full_paper_grid_800_asian_call_step_robust,spot_delta,25.0,False,False,cvar
proto_source=vanilla_k=50_weighted=1_learnw=0,proto,3,-0.0133650644371906,0.0006122901022824,-0.0420709395160277,-0.0616771640876928,0.875,0.8977660735448202,0.0304760485887527,0.1239583333333333,0.1239583333333333,0.0,0.6023391812865496,325.0,0.0540076423861994,0.028946402349486,0.2092511013215859,,True,True,True,-2.138471851746183e-05,-0.0002746762086947,-0.00030602949361,-0.0001090274502833,0.0045842143396536,0.0008999519050121,0.0002483899394671,0.0025783727566401,-0.2741228070175437,-0.0752923976608187,-0.0709064327485379,0.0497076023391812,XLF,/Users/yaniszaim/deephedging/.deephedging_real_runs/final_paper_asian_panel/panel_sweeps/XLF_full_paper_grid_800_asian_call_step_robust,vanilla,50.0,True,False,cvar
proto_source=spot_delta_k=50_weighted=0_learnw=0,proto,3,-0.0134436897933483,0.0001525572417847,-0.0427273893728852,-0.0624740831553936,0.9115497076023392,0.9393653273582458,0.0285875182598829,0.0022843567251461,0.000219298245614,0.0020650584795321,0.0116959064327485,179.66666666666666,0.0501136456837839,0.005029368575624,0.026431718061674,,True,True,True,-0.000100010074675,-0.0003533015648523,-0.0003846548497676,-0.0001876528064409,0.0037872952719529,0.0001030328373114,-0.0005485291282335,0.0017814536889394,-0.310672514619883,-0.1118421052631579,-0.1074561403508771,0.013157894736842,XLF,/Users/yaniszaim/deephedging/.deephedging_real_runs/final_paper_asian_panel/panel_sweeps/XLF_full_paper_grid_800_asian_call_step_robust,spot_delta,50.0,False,False,cvar
proto_source=spot_delta_k=50_weighted=1_learnw=0,proto,3,-0.0134599174683292,0.000475143048197,-0.0422921665012836,-0.0640541054308414,0.9283625730994152,0.7354356646537781,0.0148668875917792,0.0006578947368421,0.0,0.0006578947368421,0.0036549707602339,51.333333333333336,0.0492588163354015,0.0002019089574155,0.0036710719530102,,True,True,True,-0.000116237749656,-0.0003695292398333,-0.0004008825247486,-0.0002038804814219,0.002207272996505,-0.0014769894381364,-0.0021285514036814,0.0002014314134915,-0.327485380116959,-0.128654970760234,-0.1242690058479532,-0.003654970760234,XLF,/Users/yaniszaim/deephedging/.deephedging_real_runs/final_paper_asian_panel/panel_sweeps/XLF_full_paper_grid_800_asian_call_step_robust,spot_delta,50.0,True,False,cvar
proto_source=spot_delta_k=10_weighted=1_learnw=0,proto,3,-0.0134880604843298,0.0011626183165123,-0.0424622719486554,-0.063802300641934,0.9137426900584794,0.9281941652297974,0.028763422742486,0.0014619883040935,0.0008589181286549,0.0006030701754385,0.0314327485380116,233.66666666666663,0.049729922369065,0.0004405286343612,0.0080763582966226,,True,True,True,-0.0001443807656566,-0.0003976722558339,-0.0004290255407492,-0.0002320234974225,0.0024590777854124,-0.001225184649229,-0.001876746614774,0.0004532362023989,-0.3128654970760232,-0.1140350877192981,-0.1096491228070173,0.0109649122807018,XLF,/Users/yaniszaim/deephedging/.deephedging_real_runs/final_paper_asian_panel/panel_sweeps/XLF_full_paper_grid_800_asian_call_step_robust,spot_delta,10.0,True,False,cvar
proto_source=spot_delta_k=100_weighted=1_learnw=0,proto,3,-0.013829027613004,0.0011577266628629,-0.0433544181287288,-0.0651180098454157,0.8969298245614036,0.81607719262441,0.0175601864854494,0.0036184210526315,0.0,0.0036184210526315,0.0116959064327485,16.0,0.0496949122002465,0.0006240822320117,0.0051395007342143,,True,True,True,-0.0004853478943308,-0.0007386393845081,-0.0007699926694234,-0.0005729906260967,0.0011433685819307,-0.0025408938527107,-0.0031924558182557,-0.0008624730010827,-0.2960526315789473,-0.0972222222222223,-0.0928362573099415,0.0277777777777776,XLF,/Users/yaniszaim/deephedging/.deephedging_real_runs/final_paper_asian_panel/panel_sweeps/XLF_full_paper_grid_800_asian_call_step_robust,spot_delta,100.0,True,False,cvar
proto_source=vanilla_k=10_weighted=0_learnw=0,proto,3,-0.0139901787042617,0.0016673264454945,-0.042924798404177,-0.0637078223129113,0.9144736842105262,0.7528291940689087,0.0240554542591174,0.0327302631578947,0.0327302631578947,0.0,0.3333333333333333,49.0,0.0545655845838397,0.0326541850220264,0.3333333333333333,,True,True,True,-0.0006464989855885,-0.0008997904757658,-0.0009311437606811,-0.0007341417173544,0.0025535561144351,-0.0011307063202063,-0.0017822682857513,0.0005477145314216,-0.31359649122807,-0.1147660818713449,-0.1103801169590641,0.010233918128655,XLF,/Users/yaniszaim/deephedging/.deephedging_real_runs/final_paper_asian_panel/panel_sweeps/XLF_full_paper_grid_800_asian_call_step_robust,vanilla,10.0,False,False,cvar
proto_source=vanilla_k=50_weighted=0_learnw=0,proto,3,-0.0141690090919534,0.0011443153964743,-0.0430208928883075,-0.0639803806940714,0.939327485380117,0.95669154326121,0.0245840512216091,0.0015350877192982,0.0014985380116959,3.654970760233918e-05,0.0131578947368421,350.3333333333333,0.0522667757479033,0.0036710719530102,0.0220264317180616,,True,True,True,-0.0008253293732802,-0.0010786208634575,-0.0011099741483728,-0.0009129721050461,0.002280997733275,-0.0014032647013664,-0.0020548266669114,0.0002751561502615,-0.3384502923976608,-0.1396198830409357,-0.1352339181286549,-0.0146198830409357,XLF,/Users/yaniszaim/deephedging/.deephedging_real_runs/final_paper_asian_panel/panel_sweeps/XLF_full_paper_grid_800_asian_call_step_robust,vanilla,50.0,False,False,cvar
proto_source=vanilla_k=100_weighted=0_learnw=0,proto,3,-0.0141754491875569,0.0012475688706401,-0.0437346007674932,-0.0647976982096831,0.9239766081871345,1.0,0.0351089133570591,0.0443347953216374,0.0442434210526315,9.137426900584796e-05,0.3662280701754385,515.6666666666666,0.0600001375118431,0.0770190895741556,0.5477239353891337,,True,True,True,-0.0008317694688836,-0.0010850609590609,-0.0011164142439762,-0.0009194122006495,0.0014636802176634,-0.002220582216978,-0.002872144182523,-0.00054216136535,-0.3230994152046782,-0.1242690058479532,-0.1198830409356723,0.0007309941520468,XLF,/Users/yaniszaim/deephedging/.deephedging_real_runs/final_paper_asian_panel/panel_sweeps/XLF_full_paper_grid_800_asian_call_step_robust,vanilla,100.0,False,False,cvar
proto_source=vanilla_k=10_weighted=1_learnw=0,proto,3,-0.0141824977472424,0.0015298435547555,-0.0453642647092541,-0.0676687707503636,0.8881578947368421,0.6946133971214294,0.0235694986768066,0.0317799707602339,0.0,0.0317799707602339,0.3289473684210526,2.6666666666666665,0.0527482014119135,1.8355359765051395e-05,0.000734214390602,,True,True,True,-0.0008388180285692,-0.0010921095187465,-0.0011234628036618,-0.0009264607603351,-0.0014073923230171,-0.0050916547576586,-0.0057432167232036,-0.0034132339060306,-0.2872807017543859,-0.0884502923976608,-0.08406432748538,0.0365497076023391,XLF,/Users/yaniszaim/deephedging/.deephedging_real_runs/final_paper_asian_panel/panel_sweeps/XLF_full_paper_grid_800_asian_call_step_robust,vanilla,10.0,True,False,cvar
proto_source=vanilla_k=100_weighted=1_learnw=0,proto,3,-0.0141972641771038,0.0006898591891003,-0.0426558901866277,-0.0620796966056029,0.9261695906432748,1.0,0.0397820180902878,0.148062865497076,0.1475511695906432,0.0005116959064327,0.763888888888889,162.66666666666666,0.0634146218750285,0.114665932452276,0.6336270190895742,,True,True,True,-0.0008535844584306,-0.0011068759486079,-0.0011382292335232,-0.0009412271901965,0.0041816818217436,0.0004974193871021,-0.0001541425784428,0.0021758402387301,-0.3252923976608186,-0.1264619883040936,-0.1220760233918127,-0.0014619883040936,XLF,/Users/yaniszaim/deephedging/.deephedging_real_runs/final_paper_asian_panel/panel_sweeps/XLF_full_paper_grid_800_asian_call_step_robust,vanilla,100.0,True,False,cvar
proto_source=spot_delta_k=100_weighted=0_learnw=0,proto,3,-0.0142047305901845,0.0003961176547815,-0.0435376356666286,-0.0637491842110951,0.9415204678362572,0.8046270112196604,0.0451988323281208,0.0581871345029239,0.0069261695906432,0.0512609649122806,0.3940058479532163,20.666666666666668,0.0506355770477934,0.0064977973568281,0.040381791483113,,True,True,True,-0.0008610508715113,-0.0011143423616886,-0.0011456956466039,-0.0009486936032772,0.0025121942162513,-0.0011720682183901,-0.0018236301839351,0.0005063526332378,-0.3406432748538011,-0.141812865497076,-0.1374269005847952,-0.016812865497076,XLF,/Users/yaniszaim/deephedging/.deephedging_real_runs/final_paper_asian_panel/panel_sweeps/XLF_full_paper_grid_800_asian_call_step_robust,spot_delta,100.0,False,False,cvar
proto_source=vanilla_k=25_weighted=0_learnw=0,proto,3,-0.0142204910516738,0.001897691257803,-0.0435951401789983,-0.0640028615792592,0.9159356725146198,0.9257107377052308,0.0284099591275056,0.041922514619883,0.0002558479532163,0.0416666666666666,0.3347953216374268,234.66666666666663,0.056254047450299,0.0416666666666666,0.3333333333333333,,True,True,True,-0.0008768113330006,-0.0011301028231779,-0.0011614561080932,-0.0009644540647665,0.0022585168480873,-0.0014257455865542,-0.0020773075520992,0.0002526752650737,-0.3150584795321636,-0.1162280701754385,-0.1118421052631577,0.0087719298245614,XLF,/Users/yaniszaim/deephedging/.deephedging_real_runs/final_paper_asian_panel/panel_sweeps/XLF_full_paper_grid_800_asian_call_step_robust,vanilla,25.0,False,False,cvar
proto_source=vanilla_k=25_weighted=1_learnw=0,proto,3,-0.0143274602790673,0.0020088451901717,-0.0453101269279917,-0.0665193721652031,0.908625730994152,0.8632601499557495,0.0374299565640588,0.009375,0.0093201754385964,5.482456140350877e-05,0.0921052631578947,347.0,0.0513544761605845,0.000734214390602,0.0095447870778267,,True,True,True,-0.0009837805603941,-0.0012370720505714,-0.0012684253354867,-0.00107142329216,-0.0002579937378565,-0.003942256172498,-0.004593818138043,-0.00226383532087,-0.3077485380116959,-0.1089181286549708,-0.10453216374269,0.0160818713450291,XLF,/Users/yaniszaim/deephedging/.deephedging_real_runs/final_paper_asian_panel/panel_sweeps/XLF_full_paper_grid_800_asian_call_step_robust,vanilla,25.0,True,False,cvar
proto_source=spot_delta_k=10_weighted=1_learnw=0,proto,3,-0.0147606888785958,0.0003667485209927,-0.0464247196912765,-0.0590933784842491,0.8909657320872274,0.7609031597773234,0.0297708722452322,0.000739875389408,0.0002920560747663,0.0004478193146417,0.0023364485981308,132.33333333333334,0.0590283641974107,0.000254303599374,0.001564945226917,,True,True,True,0.0005735342080394,0.0004114961872498,0.0004017887016137,0.000184611727794,0.0067515050371487,0.0018541514873504,0.0020971372723579,0.0026574830214182,-0.2461059190031151,-0.0451713395638628,-0.042834890965732,0.0677570093457944,XLK,/Users/yaniszaim/deephedging/.deephedging_real_runs/final_paper_asian_panel/panel_sweeps/XLK_full_paper_grid_800_asian_call_step_robust,spot_delta,10.0,True,False,cvar
proto_source=spot_delta_k=25_weighted=0_learnw=0,proto,3,-0.0149094189206759,7.421146206987487e-05,-0.0489107002193729,-0.0615266946454842,0.9104361370716512,0.8981775244077047,0.0239664670079946,1.9470404984423677e-05,0.0,1.9470404984423677e-05,0.0007788161993769,107.0,0.0587879352783784,0.0,0.0,,True,True,True,0.0004248041659593,0.0002627661451697,0.0002530586595336,3.588168571392811e-05,0.0043181888759136,-0.0005791646738847,-0.0003361788888772,0.000224166860183,-0.2655763239875389,-0.0646417445482866,-0.0623052959501557,0.0482866043613706,XLK,/Users/yaniszaim/deephedging/.deephedging_real_runs/final_paper_asian_panel/panel_sweeps/XLK_full_paper_grid_800_asian_call_step_robust,spot_delta,25.0,False,False,cvar
proto_source=spot_delta_k=10_weighted=0_learnw=0,proto,3,-0.014918725627164,5.285293837151671e-05,-0.0478297918414076,-0.0615937324861685,0.8901869158878505,0.8726898233095804,0.0292653975387414,1.9470404984423677e-05,0.0,1.9470404984423677e-05,0.0007788161993769,178.33333333333334,0.0587624164269318,0.0001173708920187,0.0023474178403755,,True,True,True,0.0004154974594712,0.0002534594386816,0.0002437519530455,2.657497922579563e-05,0.0042511510352293,-0.0006462025145689,-0.0004032167295614,0.0001571290194988,-0.2453271028037382,-0.0443925233644859,-0.042056074766355,0.0685358255451713,XLK,/Users/yaniszaim/deephedging/.deephedging_real_runs/final_paper_asian_panel/panel_sweeps/XLK_full_paper_grid_800_asian_call_step_robust,spot_delta,10.0,False,False,cvar
proto_source=spot_delta_k=100_weighted=1_learnw=0,proto,3,-0.0149319233993689,7.928623076499485e-05,-0.0471674642836054,-0.0597790293395519,0.9049844236760124,0.8440828124682108,0.0221096699436505,3.8940809968847354e-05,0.0,3.8940809968847354e-05,0.0007788161993769,86.66666666666667,0.058980145479242,0.0,0.0,,True,True,True,0.0004022996872663,0.0002402616664767,0.0002305541808406,1.3377207020919685e-05,0.0060658541818459,0.0011685006320476,0.0014114864170551,0.0019718321661154,-0.2601246105919002,-0.0591900311526478,-0.056853582554517,0.0537383177570094,XLK,/Users/yaniszaim/deephedging/.deephedging_real_runs/final_paper_asian_panel/panel_sweeps/XLK_full_paper_grid_800_asian_call_step_robust,spot_delta,100.0,True,False,cvar
vanilla,vanilla,3,-0.0149453006063898,0.000188286546082,-0.046786576261123,-0.0617508615056673,0.9587227414330218,0.7458864947160085,0.0186567014704148,0.0,0.0,0.0,0.0,161.33333333333334,0.0597732980797688,0.0,0.0,,True,True,True,0.0003889224802454,0.0002268844594558,0.0002171769738197,0.0,0.0040940220157305,-0.0008033315340677,-0.0005603457490603,0.0,-0.3138629283489096,-0.1129283489096573,-0.1105919003115264,0.0,XLK,/Users/yaniszaim/deephedging/.deephedging_real_runs/final_paper_asian_panel/panel_sweeps/XLK_full_paper_grid_800_asian_call_step_robust,,,,,cvar
proto_source=spot_delta_k=50_weighted=0_learnw=0,proto,3,-0.0150083629414439,8.459960262788789e-05,-0.046761928871274,-0.060177806764841,0.9065420560747663,0.8940752943356832,0.0226037371903657,9.735202492211838e-05,9.735202492211838e-05,0.0,0.0015576323987538,216.0,0.0589052440471078,9.780907668231612e-05,0.001564945226917,,True,True,True,0.0003258601451913,0.0001638221244017,0.0001541146387656,-6.306233505407911e-05,0.0056670767565568,0.0007697232067584,0.0010127089917659,0.0015730547408262,-0.2616822429906542,-0.0607476635514019,-0.058411214953271,0.0521806853582553,XLK,/Users/yaniszaim/deephedging/.deephedging_real_runs/final_paper_asian_panel/panel_sweeps/XLK_full_paper_grid_800_asian_call_step_robust,spot_delta,50.0,False,False,cvar
proto_source=vanilla_k=10_weighted=1_learnw=0,proto,3,-0.0150094171985983,0.0004430131367549,-0.0469811591009299,-0.0620692918697992,0.8956386292834891,0.7643075486024221,0.022338803547124,0.1604750778816199,0.1604750778816199,0.0,0.6666666666666666,69.66666666666667,0.0683303297073062,0.0819444444444444,0.6635367762128325,,True,True,True,0.0003248058880368,0.0001627678672472,0.0001530603816111,-6.411659220854384e-05,0.0037755916515986,-0.0011217618981997,-0.0008787761131922,-0.0003184303641319,-0.2507788161993769,-0.0498442367601246,-0.0475077881619937,0.0630841121495326,XLK,/Users/yaniszaim/deephedging/.deephedging_real_runs/final_paper_asian_panel/panel_sweeps/XLK_full_paper_grid_800_asian_call_step_robust,vanilla,10.0,True,False,cvar
proto_source=spot_delta_k=100_weighted=0_learnw=0,proto,3,-0.0150178453574577,0.000244933996582,-0.0455145356555779,-0.0596427284181118,0.9338006230529596,1.0,0.0217716892560323,0.0001557632398753,0.0,0.0001557632398753,0.0023364485981308,32.333333333333336,0.0588677475786533,0.000215179968701,0.001564945226917,,True,True,True,0.0003163777291774,0.0001543397083878,0.0001446322227517,-7.254475106795513e-05,0.0062021551032861,0.0013048015534877,0.0015477873384952,0.0021081330875555,-0.2889408099688473,-0.088006230529595,-0.0856697819314641,0.0249221183800623,XLK,/Users/yaniszaim/deephedging/.deephedging_real_runs/final_paper_asian_panel/panel_sweeps/XLK_full_paper_grid_800_asian_call_step_robust,spot_delta,100.0,False,False,cvar
spot_delta_band,baseline,3,-0.0151624775802095,0.0001632422545448,-0.0471167468776305,-0.061190515756607,0.8481308411214954,0.597874661286672,0.0169031353046496,0.0,0.0,0.0,0.0,,,,,0.0333333333333333,True,True,True,0.0001717455064256,9.70748563607418e-06,0.0,-0.0002171769738197,0.0046543677647908,-0.0002429857850074,0.0,0.0005603457490603,-0.2032710280373831,-0.0023364485981308,0.0,0.1105919003115264,XLK,/Users/yaniszaim/deephedging/.deephedging_real_runs/final_paper_asian_panel/panel_sweeps/XLK_full_paper_grid_800_asian_call_step_robust,,,,,
spot_delta,baseline,3,-0.0151721850658456,0.0001258725450553,-0.0466232138375441,-0.0609475299715995,0.8457943925233645,0.6312080025672913,0.0247926302254199,0.0,0.0,0.0,0.0,,,,,,True,True,True,0.0001620380207896,0.0,-9.70748563607418e-06,-0.0002268844594558,0.0048973535497983,0.0,0.0002429857850074,0.0008033315340677,-0.2009345794392523,0.0,0.0023364485981308,0.1129283489096573,XLK,/Users/yaniszaim/deephedging/.deephedging_real_runs/final_paper_asian_panel/panel_sweeps/XLK_full_paper_grid_800_asian_call_step_robust,,,,,
proto_source=spot_delta_k=25_weighted=1_learnw=0,proto,3,-0.0151986796408891,0.0001548281255077,-0.0478355720639228,-0.0627127140760421,0.9283489096573208,0.6552096704641978,0.0131177771836519,0.0014408099688473,0.0014408099688473,0.0,0.0350467289719626,57.333333333333336,0.0592134358935679,0.0,0.0,,True,True,True,0.0001355434457461,-2.6494575043519916e-05,-3.62020606795941e-05,-0.0002533790344993,0.0031321694453557,-0.0017651841044425,-0.0015221983194351,-0.0009618525703748,-0.2834890965732086,-0.0825545171339563,-0.0802180685358254,0.0303738317757009,XLK,/Users/yaniszaim/deephedging/.deephedging_real_runs/final_paper_asian_panel/panel_sweeps/XLK_full_paper_grid_800_asian_call_step_robust,spot_delta,25.0,True,False,cvar
proto_source=spot_delta_k=50_weighted=1_learnw=0,proto,3,-0.0152811957523226,0.000259709189417,-0.0468514391531546,-0.0608825671176115,0.9384735202492211,0.6183350880940756,0.0215010400861501,0.0,0.0,0.0,0.0,28.333333333333332,0.0592796670862784,0.0,0.0,,True,True,True,5.302733431259733e-05,-0.000109010686477,-0.0001187181721131,-0.0003358951459328,0.0049623164037863,6.496285398801399e-05,0.0003079486389954,0.0008682943880558,-0.2936137071651089,-0.0926791277258566,-0.0903426791277257,0.0202492211838006,XLK,/Users/yaniszaim/deephedging/.deephedging_real_runs/final_paper_asian_panel/panel_sweeps/XLK_full_paper_grid_800_asian_call_step_robust,spot_delta,50.0,True,False,cvar
proto_source=vanilla_k=50_weighted=0_learnw=0,proto,3,-0.0153337434555093,0.0001083239923569,-0.0474088738361994,-0.0621541005869706,0.9182242990654204,0.8302345077196757,0.0183893013745546,0.0890381619937694,0.0890381619937694,0.0,0.3130841121495327,120.0,0.0627895030555649,0.0289123630672926,0.3020344287949921,,True,True,True,4.796311259269714e-07,-0.0001615583896636,-0.0001712658752997,-0.0003884428491195,0.0036907829344272,-0.001206570615371,-0.0009635848303635,-0.0004032390813032,-0.2733644859813082,-0.0724299065420559,-0.070093457943925,0.0404984423676013,XLK,/Users/yaniszaim/deephedging/.deephedging_real_runs/final_paper_asian_panel/panel_sweeps/XLK_full_paper_grid_800_asian_call_step_robust,vanilla,50.0,False,False,cvar
unhedged,baseline,3,-0.0153342230866352,0.0002129871513216,-0.0499438782533009,-0.0658448835213979,0.6448598130841122,0.0,0.0,0.0,0.0,0.0,0.0,,,,,,True,True,True,0.0,-0.0001620380207896,-0.0001717455064256,-0.0003889224802454,0.0,-0.0048973535497983,-0.0046543677647908,-0.0040940220157305,0.0,0.2009345794392523,0.2032710280373831,0.3138629283489096,XLK,/Users/yaniszaim/deephedging/.deephedging_real_runs/final_paper_asian_panel/panel_sweeps/XLK_full_paper_grid_800_asian_call_step_robust,,,,,
proto_source=vanilla_k=100_weighted=0_learnw=0,proto,3,-0.015835222788155,0.0007131183543446,-0.0487549556419253,-0.0629473651448885,0.9267912772585668,0.7542947133382162,0.0248782917236288,0.0006619937694704,0.0004283489096573,0.000233644859813,0.0085669781931464,63.0,0.0615013287288168,0.0012128325508607,0.0203442879499217,,True,True,True,-0.0005009997015198,-0.0006630377223094,-0.0006727452079455,-0.0008899221817652,0.0028975183765093,-0.0019998351732889,-0.0017568493882815,-0.0011965036392211,-0.2819314641744547,-0.0809968847352023,-0.0786604361370715,0.0319314641744549,XLK,/Users/yaniszaim/deephedging/.deephedging_real_runs/final_paper_asian_panel/panel_sweeps/XLK_full_paper_grid_800_asian_call_step_robust,vanilla,100.0,False,False,cvar
proto_source=vanilla_k=25_weighted=0_learnw=0,proto,3,-0.0160189016411701,0.0002150140416013,-0.0483807236577073,-0.063530063877503,0.8940809968847353,1.0,0.0283998201290766,0.094119937694704,0.0889797507788162,0.0051401869158878,0.4330218068535825,256.0,0.0668698971407088,0.0330007824726134,0.4280125195618153,,True,True,True,-0.0006846785545349,-0.0008467165753245,-0.0008564240609606,-0.0010736010347803,0.0023148196438948,-0.0025825339059035,-0.002339548120896,-0.0017792023718357,-0.249221183800623,-0.0482866043613707,-0.0459501557632399,0.0646417445482865,XLK,/Users/yaniszaim/deephedging/.deephedging_real_runs/final_paper_asian_panel/panel_sweeps/XLK_full_paper_grid_800_asian_call_step_robust,vanilla,25.0,False,False,cvar
proto_source=vanilla_k=100_weighted=1_learnw=0,proto,3,-0.0162702736755212,0.0013674688312991,-0.0503693811595439,-0.0659330015381177,0.8995327102803738,0.7027284999688467,0.0274731218814849,0.0419197819314641,0.0419003115264797,1.9470404984423677e-05,0.2087227414330218,111.33333333333331,0.0620422676492173,0.0023278560250391,0.0391236306729264,,True,True,True,-0.0009360505888859,-0.0010980886096755,-0.0011077960953116,-0.0013249730691313,-8.811801671981812e-05,-0.0049854715665181,-0.0047424857815106,-0.0041821400324503,-0.2546728971962616,-0.0537383177570093,-0.0514018691588784,0.0591900311526479,XLK,/Users/yaniszaim/deephedging/.deephedging_real_runs/final_paper_asian_panel/panel_sweeps/XLK_full_paper_grid_800_asian_call_step_robust,vanilla,100.0,True,False,cvar
proto_source=vanilla_k=25_weighted=1_learnw=0,proto,3,-0.0162913979341586,0.0013758527390079,-0.0488697899505496,-0.0644301896293958,0.9221183800623052,0.9350000023841858,0.0377692071100076,0.0544003115264797,0.0522780373831775,0.0021222741433021,0.4182242990654206,24.0,0.0677758500293948,0.0700508607198748,0.3333333333333333,,True,True,True,-0.0009571748475233,-0.0011192128683129,-0.001128920353949,-0.0013460973277688,0.0014146938920021,-0.0034826596577962,-0.0032396738727887,-0.0026793281237284,-0.277258566978193,-0.0763239875389407,-0.0739875389408099,0.0366043613707165,XLK,/Users/yaniszaim/deephedging/.deephedging_real_runs/final_paper_asian_panel/panel_sweeps/XLK_full_paper_grid_800_asian_call_step_robust,vanilla,25.0,True,False,cvar
proto_source=vanilla_k=50_weighted=1_learnw=0,proto,3,-0.01641629387935,0.0016115415578394,-0.048220301605761,-0.0636535125474135,0.9221183800623054,0.6667341987291971,0.0337371627489725,0.0739096573208722,0.0739096573208722,0.0,0.3333333333333333,258.3333333333333,0.0623847455461108,0.009839593114241,0.149452269170579,,True,True,True,-0.0010820707927147,-0.0012441088135043,-0.0012538162991404,-0.0014709932729601,0.0021913709739843,-0.0027059825758139,-0.0024629967908064,-0.0019026510417461,-0.2772585669781932,-0.0763239875389408,-0.07398753894081,0.0366043613707164,XLK,/Users/yaniszaim/deephedging/.deephedging_real_runs/final_paper_asian_panel/panel_sweeps/XLK_full_paper_grid_800_asian_call_step_robust,vanilla,50.0,True,False,cvar
proto_source=vanilla_k=10_weighted=0_learnw=0,proto,3,-0.017171612009406,0.0019391418436939,-0.0475367368509372,-0.0623193892339865,0.957165109034268,1.0,0.0520172386119763,0.1047313084112149,0.1047313084112149,0.0,0.8387850467289719,343.3333333333333,0.0760014406898451,0.1303599374021909,0.8865414710485133,,True,True,True,-0.0018373889227708,-0.0019994269435604,-0.0020091344291965,-0.0022263114030162,0.0035254942874113,-0.0013718592623869,-0.0011288734773794,-0.0005685277283191,-0.3123052959501557,-0.1113707165109034,-0.1090342679127726,0.0015576323987538,XLK,/Users/yaniszaim/deephedging/.deephedging_real_runs/final_paper_asian_panel/panel_sweeps/XLK_full_paper_grid_800_asian_call_step_robust,vanilla,10.0,False,False,cvar
proto_source=spot_delta_k=25_weighted=0_learnw=0,proto,3,-0.010139735105137,0.0008363404411612,-0.03327399569874,-0.0492660937209924,0.8450704225352114,0.8499835332234701,0.0344406863053639,0.0011737089201877,0.0011737089201877,0.0,0.0093896713615023,395.0,0.0424248446346957,0.0004323899371069,0.0039308176100628,,True,True,True,0.0002515924473603,0.0002551286791761,0.000246500596404,0.0001887974018851,0.0056196277340253,0.0019173634548981,0.0019395525256792,0.0029388976593812,-0.2762128325508608,-0.0477308294209704,-0.0469483568075118,0.0993740219092329,XLV,/Users/yaniszaim/deephedging/.deephedging_real_runs/final_paper_asian_panel/panel_sweeps/XLV_full_paper_grid_800_asian_call_step_robust,spot_delta,25.0,False,False,cvar
proto_source=spot_delta_k=10_weighted=0_learnw=0,proto,3,-0.0101750148460268,0.000627998934053,-0.0337037995147208,-0.0498260234793027,0.9006259780907668,0.911963939666748,0.0218319448952873,0.0003325508607198,0.0001173708920187,0.000215179968701,0.001564945226917,237.33333333333337,0.0423913663950508,7.861635220125786e-05,0.0007861635220125,,True,True,True,0.0002163127064704,0.0002198489382863,0.0002112208555142,0.0001535176609953,0.0050596979757149,0.0013574336965878,0.0013796227673689,0.0023789679010709,-0.3317683881064163,-0.1032863849765258,-0.1025039123630673,0.0438184663536774,XLV,/Users/yaniszaim/deephedging/.deephedging_real_runs/final_paper_asian_panel/panel_sweeps/XLV_full_paper_grid_800_asian_call_step_robust,spot_delta,10.0,False,False,cvar
proto_source=spot_delta_k=50_weighted=0_learnw=0,proto,3,-0.0103205693885684,0.0008012122787444,-0.0340554434806108,-0.0522148981690406,0.9295774647887324,0.9041606585184732,0.0148517821605006,0.0003129890453834,0.0,0.0003129890453834,0.0007824726134585,131.0,0.0427547618132611,0.0005896226415094,0.0023584905660377,,True,True,True,7.07581639289856e-05,7.429439574480057e-05,6.566631297270399e-05,7.963118453821125e-06,0.002670823285977,-0.00103144099315,-0.001009251922369,-9.906788667045365e-06,-0.3607198748043818,-0.1322378716744914,-0.1314553990610328,0.0148669796557119,XLV,/Users/yaniszaim/deephedging/.deephedging_real_runs/final_paper_asian_panel/panel_sweeps/XLV_full_paper_grid_800_asian_call_step_robust,spot_delta,50.0,False,False,cvar
vanilla,vanilla,3,-0.0103285325070222,0.0008239944846684,-0.0342092152374486,-0.0522049913803736,0.9444444444444444,0.687472383181254,0.0173668004572391,0.0,0.0,0.0,0.0,82.0,0.0431905635011692,0.0,0.0,,True,True,True,6.279504547516447e-05,6.633127729097944e-05,5.7703194518882867e-05,0.0,0.002680730074644,-0.001021534204483,-0.0009993451337019,0.0,-0.3755868544600937,-0.1471048513302033,-0.1463223787167448,0.0,XLV,/Users/yaniszaim/deephedging/.deephedging_real_runs/final_paper_asian_panel/panel_sweeps/XLV_full_paper_grid_800_asian_call_step_robust,,,,,cvar
proto_source=spot_delta_k=100_weighted=1_learnw=0,proto,3,-0.0103350654244422,0.0009478835284062,-0.034046074685951,-0.0522129523257414,0.9107981220657276,0.7545043627421061,0.0143014459560314,0.0062793427230046,0.0060446009389671,0.0002347417840375,0.0758998435054773,160.33333333333334,0.042900476384287,0.0,0.0,,True,True,True,5.626212805509567e-05,5.979835987091065e-05,5.117027709881407e-05,-6.532917420068798e-06,0.0026727691292762,-0.0010294951498508,-0.0010073060790697,-7.96094536781311e-06,-0.3419405320813771,-0.1134585289514866,-0.1126760563380281,0.0336463223787166,XLV,/Users/yaniszaim/deephedging/.deephedging_real_runs/final_paper_asian_panel/panel_sweeps/XLV_full_paper_grid_800_asian_call_step_robust,spot_delta,100.0,True,False,cvar
proto_source=spot_delta_k=25_weighted=1_learnw=0,proto,3,-0.0103495931252837,0.0007474298834995,-0.0347108313192923,-0.052954771866401,0.9507042253521126,0.6355605920155843,0.0097268394504984,3.912363067292645e-05,0.0,3.912363067292645e-05,0.0007824726134585,4.333333333333333,0.0428272839915007,0.0,0.0,,True,True,True,4.173442721366882e-05,4.5270659029483795e-05,3.664257625738722e-05,-2.1060618261495648e-05,0.0019309495886166,-0.0017713146905104,-0.0017491256197293,-0.0007497804860274,-0.3818466353677621,-0.1533646322378716,-0.1525821596244131,-0.0062597809076683,XLV,/Users/yaniszaim/deephedging/.deephedging_real_runs/final_paper_asian_panel/panel_sweeps/XLV_full_paper_grid_800_asian_call_step_robust,spot_delta,25.0,True,False,cvar
proto_source=spot_delta_k=10_weighted=1_learnw=0,proto,3,-0.0103576403732101,0.0008040175976171,-0.0341565860435366,-0.0528664092222849,0.9561815336463224,0.6355149547259012,0.0145138256872693,9.780907668231612e-05,9.780907668231612e-05,0.0,0.0007824726134585,150.66666666666666,0.0428236275971662,0.0001179245283018,0.0007861635220125,,True,True,True,3.368717928727526e-05,3.722341110309023e-05,2.8595328330993652e-05,-2.9107866187889218e-05,0.0020193122327327,-0.0016829520463943,-0.0016607629756132,-0.0006614178419113,-0.3873239436619717,-0.1588419405320813,-0.1580594679186228,-0.0117370892018779,XLV,/Users/yaniszaim/deephedging/.deephedging_real_runs/final_paper_asian_panel/panel_sweeps/XLV_full_paper_grid_800_asian_call_step_robust,spot_delta,10.0,True,False,cvar
proto_source=spot_delta_k=100_weighted=0_learnw=0,proto,3,-0.0103758042678236,0.0009271378567534,-0.0340694583331545,-0.0524765104055404,0.9092331768388108,0.632030169169108,0.011149668910851,0.000215179968701,0.0,0.000215179968701,0.0007824726134585,182.33333333333337,0.0426550208558709,7.861635220125786e-05,0.0015723270440251,,True,True,True,1.5523284673690796e-05,1.9059516489505768e-05,1.0431433717409191e-05,-4.7271760801473675e-05,0.0024092110494772,-0.0012930532296498,-0.0012708641588687,-0.0002715190251668,-0.3403755868544601,-0.1118935837245697,-0.1111111111111111,0.0352112676056336,XLV,/Users/yaniszaim/deephedging/.deephedging_real_runs/final_paper_asian_panel/panel_sweeps/XLV_full_paper_grid_800_asian_call_step_robust,spot_delta,100.0,False,False,cvar
spot_delta_band,baseline,3,-0.0103862357015411,0.0010499810787182,-0.0329081366459528,-0.0512056462466716,0.7981220657276995,0.5876089731852213,0.0172807946801185,0.0,0.0,0.0,0.0,,,,,0.02,True,True,True,5.0918509562816044e-06,8.628082772096576e-06,0.0,-5.7703194518882867e-05,0.003680075208346,-2.2189070781074297e-05,0.0,0.0009993451337019,-0.2292644757433489,-0.0007824726134585,0.0,0.1463223787167448,XLV,/Users/yaniszaim/deephedging/.deephedging_real_runs/final_paper_asian_panel/panel_sweeps/XLV_full_paper_grid_800_asian_call_step_robust,,,,,
unhedged,baseline,3,-0.0103913275524973,0.0008373539293764,-0.0358633796374003,-0.0548857214550177,0.5688575899843505,0.0,0.0,0.0,0.0,0.0,0.0,,,,,,True,True,True,0.0,3.536231815814972e-06,-5.0918509562816044e-06,-6.279504547516447e-05,0.0,-0.0037022642791271,-0.003680075208346,-0.002680730074644,0.0,0.2284820031298904,0.2292644757433489,0.3755868544600937,XLV,/Users/yaniszaim/deephedging/.deephedging_real_runs/final_paper_asian_panel/panel_sweeps/XLV_full_paper_grid_800_asian_call_step_robust,,,,,
spot_delta,baseline,3,-0.0103948637843132,0.0010225146521987,-0.0331113596136371,-0.0511834571758906,0.797339593114241,0.60760897397995,0.0221494951595862,0.0,0.0,0.0,0.0,,,,,,True,True,True,-3.536231815814972e-06,0.0,-8.628082772096576e-06,-6.633127729097944e-05,0.0037022642791271,0.0,2.2189070781074297e-05,0.001021534204483,-0.2284820031298904,0.0,0.0007824726134585,0.1471048513302033,XLV,/Users/yaniszaim/deephedging/.deephedging_real_runs/final_paper_asian_panel/panel_sweeps/XLV_full_paper_grid_800_asian_call_step_robust,,,,,
proto_source=spot_delta_k=50_weighted=1_learnw=0,proto,3,-0.0104481019079685,0.0008343413913461,-0.03495605631421,-0.0540321630736192,0.9593114241001564,0.7489361564318339,0.0085869229709108,0.0010367762128325,0.0,0.0010367762128325,0.0023474178403755,4.0,0.042902782440988,0.0002948113207547,0.0007861635220125,,True,True,True,-5.6774355471134186e-05,-5.3238123655319214e-05,-6.186620642741579e-05,-0.0001195694009462,0.0008535583813985,-0.0028487058977286,-0.0028265168269475,-0.0018271716932455,-0.3904538341158059,-0.1619718309859155,-0.1611893583724569,-0.0148669796557121,XLV,/Users/yaniszaim/deephedging/.deephedging_real_runs/final_paper_asian_panel/panel_sweeps/XLV_full_paper_grid_800_asian_call_step_robust,spot_delta,50.0,True,False,cvar
proto_source=vanilla_k=100_weighted=1_learnw=0,proto,3,-0.0104656542340914,0.0008134018008665,-0.0355080406491955,-0.0537330408891042,0.8998435054773083,0.3967068096001943,0.0100179195093611,0.0,0.0,0.0,0.0,50.666666666666664,0.0431648502056486,0.0,0.0,,True,True,True,-7.432668159405333e-05,-7.079044977823835e-05,-7.941853255033493e-05,-0.0001371217270692,0.0011526805659135,-0.0025495837132136,-0.0025273946424325,-0.0015280495087305,-0.3309859154929577,-0.1025039123630673,-0.1017214397496087,0.044600938967136,XLV,/Users/yaniszaim/deephedging/.deephedging_real_runs/final_paper_asian_panel/panel_sweeps/XLV_full_paper_grid_800_asian_call_step_robust,vanilla,100.0,True,False,cvar
proto_source=vanilla_k=50_weighted=0_learnw=0,proto,3,-0.0104701525221268,0.000855298910965,-0.0343568089107672,-0.0527297382553418,0.9131455399061034,0.834228495756785,0.0212933092067639,9.780907668231612e-05,9.780907668231612e-05,0.0,0.0007824726134585,74.0,0.0437468953754565,0.0001375786163522,0.0015723270440251,,True,True,True,-7.882496962944609e-05,-7.528873781363112e-05,-8.391682058572769e-05,-0.0001416200151046,0.0021559831996758,-0.0015462810794512,-0.0015240920086701,-0.0005247468749682,-0.3442879499217528,-0.1158059467918624,-0.1150234741784038,0.0312989045383409,XLV,/Users/yaniszaim/deephedging/.deephedging_real_runs/final_paper_asian_panel/panel_sweeps/XLV_full_paper_grid_800_asian_call_step_robust,vanilla,50.0,False,False,cvar
proto_source=vanilla_k=50_weighted=1_learnw=0,proto,3,-0.0105675384402275,0.0008048886114227,-0.035813241576155,-0.0546413101255893,0.8849765258215961,0.2904026657342911,0.0108756415235499,0.0,0.0,0.0,0.0,2.3333333333333335,0.0432032154477201,0.0,0.0,,True,True,True,-0.0001762108877301,-0.0001726746559143,-0.0001813027386864,-0.0002390059332052,0.0002444113294283,-0.0034578529496987,-0.0034356638789176,-0.0024363187452157,-0.3161189358372456,-0.0876369327073551,-0.0868544600938966,0.0594679186228481,XLV,/Users/yaniszaim/deephedging/.deephedging_real_runs/final_paper_asian_panel/panel_sweeps/XLV_full_paper_grid_800_asian_call_step_robust,vanilla,50.0,True,False,cvar
proto_source=vanilla_k=100_weighted=0_learnw=0,proto,3,-0.010598157842954,0.0009008852644091,-0.0352243368203441,-0.0530251475671927,0.9209702660406884,0.6279726525147756,0.0205525439232587,1.9561815336463226e-05,1.9561815336463226e-05,0.0,0.0007824726134585,33.0,0.0439793820178382,0.001316823899371,0.0511006289308176,,True,True,True,-0.0002068302904566,-0.0002032940586407,-0.0002119221414128,-0.0002696253359317,0.001860573887825,-0.0018416903913021,-0.001819501320521,-0.000820156186819,-0.352112676056338,-0.1236306729264475,-0.122848200312989,0.0234741784037557,XLV,/Users/yaniszaim/deephedging/.deephedging_real_runs/final_paper_asian_panel/panel_sweeps/XLV_full_paper_grid_800_asian_call_step_robust,vanilla,100.0,False,False,cvar
proto_source=vanilla_k=25_weighted=0_learnw=0,proto,3,-0.0105998320505023,0.0008200577756417,-0.0349622949336965,-0.0539591982960701,0.905320813771518,0.5326264699300131,0.0162842841818928,0.0,0.0,0.0,0.0,65.66666666666667,0.0435688878192255,0.0,0.0,,True,True,True,-0.0002085044980049,-0.000204968266189,-0.0002135963489611,-0.00027129954348,0.0009265231589476,-0.0027757411201794,-0.0027535520493984,-0.0017542069156964,-0.3364632237871674,-0.107981220657277,-0.1071987480438184,0.0391236306729263,XLV,/Users/yaniszaim/deephedging/.deephedging_real_runs/final_paper_asian_panel/panel_sweeps/XLV_full_paper_grid_800_asian_call_step_robust,vanilla,25.0,False,False,cvar
proto_source=vanilla_k=10_weighted=0_learnw=0,proto,3,-0.010620248503983,0.0005935256683856,-0.035249665689965,-0.0546636842191219,0.92018779342723,0.576319028933843,0.013451177937289,0.000215179968701,0.0,0.000215179968701,0.001564945226917,2.6666666666666665,0.043113010309947,0.0,0.0,,True,True,True,-0.0002289209514856,-0.0002253847196698,-0.0002340128024419,-0.0002917159969607,0.0002220372358957,-0.0034802270432313,-0.0034580379724502,-0.0024586928387482,-0.3513302034428794,-0.122848200312989,-0.1220657276995305,0.0242566510172143,XLV,/Users/yaniszaim/deephedging/.deephedging_real_runs/final_paper_asian_panel/panel_sweeps/XLV_full_paper_grid_800_asian_call_step_robust,vanilla,10.0,False,False,cvar
proto_source=vanilla_k=10_weighted=1_learnw=0,proto,3,-0.0109766675159335,0.001398799740938,-0.0357676331574718,-0.0541849968334039,0.9147104851330204,0.5370913445949554,0.0220386621852715,0.0,0.0,0.0,0.0,4.0,0.0446271361255397,0.0,0.0,,True,True,True,-0.0005853399634361,-0.0005818037316203,-0.0005904318143924,-0.0006481350089112,0.0007007246216138,-0.0030015396575133,-0.0029793505867322,-0.0019800054530302,-0.3458528951486698,-0.1173708920187793,-0.1165884194053208,0.0297339593114239,XLV,/Users/yaniszaim/deephedging/.deephedging_real_runs/final_paper_asian_panel/panel_sweeps/XLV_full_paper_grid_800_asian_call_step_robust,vanilla,10.0,True,False,cvar
proto_source=vanilla_k=25_weighted=1_learnw=0,proto,3,-0.0110418610274791,0.0012575366437726,-0.0357951149344444,-0.0541290864348411,0.9014084507042254,0.9369712273279824,0.0255566438039143,0.0043622848200312,0.0041862284820031,0.0001760563380281,0.0336463223787167,244.0,0.0443423002957711,0.0010809748427672,0.0086477987421383,,True,True,True,-0.0006505334749817,-0.0006469972431659,-0.000655625325938,-0.0007133285204569,0.0007566350201765,-0.0029456292589505,-0.0029234401881694,-0.0019240950544675,-0.3325508607198748,-0.1040688575899844,-0.1032863849765258,0.0430359937402189,XLV,/Users/yaniszaim/deephedging/.deephedging_real_runs/final_paper_asian_panel/panel_sweeps/XLV_full_paper_grid_800_asian_call_step_robust,vanilla,25.0,True,False,cvar
