model,split,seed,model_family,gains_mean,gains_std,gains_p01,gains_p05,gains_cvar05,gains_p50,gains_p95,shortfall_prob,payoff_mean,pnl_mean,cost_mean,action_abs_mean,action_abs_max,delta_abs_mean,delta_abs_max,pct_at_any_position_bound,pct_at_upper_position_bound,pct_at_lower_position_bound,pct_paths_touch_any_position_bound,selected_band,baseline_selection_metric,risk_measure,artifact_dir,selected_epoch,selected_score,selection_metric,selected_val_action_abs_mean,selected_val_delta_abs_mean,selected_val_pct_at_any_position_bound,selected_val_pct_paths_touch_any_position_bound,n_paths,n_steps,n_inst,prototype_source,n_prototypes,weighted_similarity,learn_distance_feature_weights,proto_action_norm_mean,proto_action_norm_max
unhedged,train,1234,baseline,-0.025103311985731125,0.03208998218178749,-0.13731516361236573,-0.08448334336280823,-0.11885851621627808,-0.013945400714874268,-0.0,0.6291234684260132,-0.025103311985731125,0.0,0.0,0.0,0.0,0.0,0.0,0.0,0.0,0.0,0.0,,,,,,,,,,,,,,,,,,,,
spot_delta,train,1234,baseline,-0.02492811344563961,0.03212015703320503,-0.13806303784251214,-0.08590377122163773,-0.11730914562940598,-0.015381583478301764,0.006374576408416032,0.797832233741753,-0.025103311985731125,0.00046107289381325245,0.00028587671113200486,0.035618435591459274,0.6902719736099243,0.2566879391670227,0.6902719736099243,0.0,0.0,0.0,0.0,,,,,,,,,,,,,,,,,,,,
spot_delta_band,train,1234,baseline,-0.024910129606723785,0.031576331704854965,-0.13611780613660812,-0.08538675643503665,-0.11627883464097977,-0.014818201307207346,0.004651929182000458,0.8105560791705938,-0.025103311985731125,0.000329150672769174,0.0001359709131065756,0.016970178112387657,0.6402719616889954,0.2520642578601837,0.6402719616889954,0.0,0.0,0.0,0.0,0.05,gains_mean,,,,,,,,,,,,,,,,,,
unhedged,val,1234,baseline,-0.023097975179553032,0.02853785641491413,-0.11231029868125915,-0.0777220606803894,-0.10312295705080032,-0.014392077922821045,0.0,0.6167400881057269,-0.023097975179553032,0.0,0.0,0.0,0.0,0.0,0.0,0.0,0.0,0.0,0.0,,,,,,,,,,,,,,,,,,,,
spot_delta,val,1234,baseline,-0.022730683907866478,0.027821647003293037,-0.11730342254042625,-0.07360151410102844,-0.09914311021566391,-0.014668774325400591,0.005069408379495126,0.8281938325991189,-0.023097975179553032,0.0006536194705404341,0.00028632613248191774,0.03564300760626793,0.6281219720840454,0.25639498233795166,0.6443529725074768,0.0,0.0,0.0,0.0,,,,,,,,,,,,,,,,,,,,
spot_delta_band,val,1234,baseline,-0.022663328796625137,0.027449944987893105,-0.11565656922757625,-0.0756688505411148,-0.09881838411092758,-0.01453102845698595,0.004220625991001722,0.8303964757709251,-0.023097975179553032,0.0005705083021894097,0.00013586039131041616,0.016934506595134735,0.5781219601631165,0.2520100176334381,0.5943529605865479,0.0,0.0,0.0,0.0,0.05,gains_mean,,,,,,,,,,,,,,,,,,
unhedged,test,1234,baseline,-0.024232489988207817,0.030362827703356743,-0.1248724639415741,-0.0804828405380249,-0.10932158678770065,-0.013207614421844482,0.0,0.6359649122807017,-0.024232489988207817,0.0,0.0,0.0,0.0,0.0,0.0,0.0,0.0,0.0,0.0,,,,,,,,,,,,,,,,,,,,
spot_delta,test,1234,baseline,-0.024066543206572533,0.0298417080193758,-0.1170963253825903,-0.08320805057883263,-0.10559983551502228,-0.01479654386639595,0.006346212583594024,0.8267543859649122,-0.024232489988207817,0.0004516290791798383,0.00028568017296493053,0.03558596223592758,0.6351810097694397,0.2571134865283966,0.6902719736099243,0.0,0.0,0.0,0.0,,,,,,,,,,,,,,,,,,,,
spot_delta_band,test,1234,baseline,-0.023979727178812027,0.029421823099255562,-0.1180479045957327,-0.0819968543946743,-0.10502661019563675,-0.01493653329089284,0.004251619451679289,0.8048245614035088,-0.024232489988207817,0.0003862947633024305,0.00013353001850191504,0.016662590205669403,0.5851809978485107,0.25230634212493896,0.6402719616889954,0.0,0.0,0.0,0.0,0.05,gains_mean,,,,,,,,,,,,,,,,,,
vanilla,train,1234,vanilla,-0.024940000846982002,0.030710643157362938,-0.13328635677695275,-0.08192042224109172,-0.11525081098079681,-0.013473555911332369,-0.0003068290126975626,0.9976437323279924,-0.025103311985731125,0.0003402040747459978,0.00017689527885522693,0.016328589990735054,0.03759300708770752,0.16093884408473969,0.6531098484992981,0.0,0.0,0.0,0.0,,,cvar,/Users/yaniszaim/deephedging/.deephedging_real_runs/final_paper_notebook/panel_sweeps/XLF_full_paper_grid_800_step_robust/model_artifacts/seed_1234/risk_cvar/vanilla,203.0,0.08953975324053318,val_loss,0.014169671572744846,0.13268674910068512,0.0,0.0,2122.0,20.0,2.0,,,,,,
vanilla,val,1234,vanilla,-0.022976482287049294,0.027271045371890068,-0.10871386125683785,-0.07543020695447922,-0.10002072155475616,-0.01401902874931693,-0.0002869799951440656,0.9977973568281938,-0.023097975179553032,0.00029684114269912243,0.0001753484975779429,0.01631254144012928,0.03720182180404663,0.1608196198940277,0.6494890451431274,0.0,0.0,0.0,0.0,,,cvar,/Users/yaniszaim/deephedging/.deephedging_real_runs/final_paper_notebook/panel_sweeps/XLF_full_paper_grid_800_step_robust/model_artifacts/seed_1234/risk_cvar/vanilla,203.0,0.08953975324053318,val_loss,0.014169671572744846,0.13268674910068512,0.0,0.0,454.0,20.0,2.0,,,,,,
vanilla,test,1234,vanilla,-0.024017946794629097,0.02908254787325859,-0.12101796306669713,-0.07811474986374378,-0.10595645010471344,-0.01288150530308485,-0.00030374353082152084,1.0,-0.024232489988207817,0.0003904593177139759,0.00017591536743566394,0.016315896064043045,0.036298394203186035,0.16085150837898254,0.6521459221839905,0.0,0.0,0.0,0.0,,,cvar,/Users/yaniszaim/deephedging/.deephedging_real_runs/final_paper_notebook/panel_sweeps/XLF_full_paper_grid_800_step_robust/model_artifacts/seed_1234/risk_cvar/vanilla,203.0,0.08953975324053318,val_loss,0.014169671572744846,0.13268674910068512,0.0,0.0,456.0,20.0,2.0,,,,,,
proto_source=spot_delta_k=10_weighted=0_learnw=0,train,1234,proto,-0.02447078563272953,0.03019467182457447,-0.1292967441678047,-0.08132365830242634,-0.11290491372346878,-0.014271989930421114,0.0026237788493745024,0.8656927426955702,-0.025103311985731125,0.0025854636915028095,0.0019529392011463642,0.04326600208878517,0.4810137152671814,0.41568419337272644,1.0,0.011969839773798303,0.002780395852968897,0.009189443920829406,0.13760603204524033,,,cvar,/Users/yaniszaim/deephedging/.deephedging_real_runs/final_paper_notebook/panel_sweeps/XLF_full_paper_grid_800_step_robust/model_artifacts/seed_1234/risk_cvar/proto_source_spot_delta_k_10_weighted_0_learnw_0,44.0,0.08938628332254514,val_loss,0.033819444477558136,0.21351736783981323,0.001211453744493392,0.01762114537444934,2122.0,20.0,2.0,spot_delta,10.0,False,False,0.24347183108329773,0.5608859658241272
proto_source=spot_delta_k=10_weighted=0_learnw=0,val,1234,proto,-0.022462937980890274,0.02706998772919178,-0.10918226428329944,-0.07301937229931355,-0.09785178303718567,-0.013707664795219898,0.002683485578745598,0.8612334801762115,-0.023097975179553032,0.002593012060970068,0.0019579750951379538,0.04290739819407463,0.48016902804374695,0.42095398902893066,1.0,0.011233480176211454,0.001762114537444934,0.00947136563876652,0.13656387665198239,,,cvar,/Users/yaniszaim/deephedging/.deephedging_real_runs/final_paper_notebook/panel_sweeps/XLF_full_paper_grid_800_step_robust/model_artifacts/seed_1234/risk_cvar/proto_source_spot_delta_k_10_weighted_0_learnw_0,44.0,0.08938628332254514,val_loss,0.033819444477558136,0.21351736783981323,0.001211453744493392,0.01762114537444934,454.0,20.0,2.0,spot_delta,10.0,False,False,0.24347183108329773,0.5608859658241272
proto_source=spot_delta_k=10_weighted=0_learnw=0,test,1234,proto,-0.023709861561655998,0.02876357175409794,-0.11757260486483574,-0.0768571849912405,-0.1046169325709343,-0.013633746188133955,0.0023063859553076327,0.8640350877192983,-0.024232489988207817,0.002472106833010912,0.0019494796870276332,0.04269477352499962,0.48047077655792236,0.4161766469478607,1.0,0.011348684210526316,0.0017543859649122807,0.009594298245614035,0.12938596491228072,,,cvar,/Users/yaniszaim/deephedging/.deephedging_real_runs/final_paper_notebook/panel_sweeps/XLF_full_paper_grid_800_step_robust/model_artifacts/seed_1234/risk_cvar/proto_source_spot_delta_k_10_weighted_0_learnw_0,44.0,0.08938628332254514,val_loss,0.033819444477558136,0.21351736783981323,0.001211453744493392,0.01762114537444934,456.0,20.0,2.0,spot_delta,10.0,False,False,0.24347183108329773,0.5608859658241272
proto_source=spot_delta_k=10_weighted=1_learnw=0,train,1234,proto,-0.027689652517437935,0.02988271415233612,-0.134149928689003,-0.08328507803380489,-0.11571402102708817,-0.016905279830098152,-0.0026274973875842996,0.9976437323279924,-0.025103311985731125,0.0014759383630007505,0.004062282387167215,0.06533878296613693,0.22009272873401642,0.5240058898925781,1.0,0.09380301602262017,0.015951932139491046,0.07785108388312913,1.0,,,cvar,/Users/yaniszaim/deephedging/.deephedging_real_runs/final_paper_notebook/panel_sweeps/XLF_full_paper_grid_800_step_robust/model_artifacts/seed_1234/risk_cvar/proto_source_spot_delta_k_10_weighted_1_learnw_0,15.0,0.08940117148682476,val_loss,0.03428047522902489,0.16977554559707642,0.0,0.0,2122.0,20.0,2.0,spot_delta,10.0,True,False,0.14899443089962006,0.285083532333374
proto_source=spot_delta_k=10_weighted=1_learnw=0,val,1234,proto,-0.025712918490171432,0.026442162692546844,-0.11036601647734642,-0.0762623492628336,-0.10035703331232071,-0.01707036141306162,-0.002581843943335119,0.9933920704845814,-0.023097975179553032,0.0014558016555383801,0.004070745315402746,0.06555502116680145,0.21901607513427734,0.5239939093589783,1.0,0.09355726872246696,0.016464757709251102,0.07709251101321586,1.0,,,cvar,/Users/yaniszaim/deephedging/.deephedging_real_runs/final_paper_notebook/panel_sweeps/XLF_full_paper_grid_800_step_robust/model_artifacts/seed_1234/risk_cvar/proto_source_spot_delta_k_10_weighted_1_learnw_0,15.0,0.08940117148682476,val_loss,0.03428047522902489,0.16977554559707642,0.0,0.0,454.0,20.0,2.0,spot_delta,10.0,True,False,0.14899443089962006,0.285083532333374
proto_source=spot_delta_k=10_weighted=1_learnw=0,test,1234,proto,-0.026768457144498825,0.028358761221170425,-0.12314978875219822,-0.07883222214877605,-0.10662662237882614,-0.015820365399122238,-0.002785142627544701,0.9978070175438597,-0.024232489988207817,0.001544201048091054,0.004080167971551418,0.06550143659114838,0.21915176510810852,0.5245073437690735,1.0,0.09270833333333334,0.01425438596491228,0.07845394736842105,1.0,,,cvar,/Users/yaniszaim/deephedging/.deephedging_real_runs/final_paper_notebook/panel_sweeps/XLF_full_paper_grid_800_step_robust/model_artifacts/seed_1234/risk_cvar/proto_source_spot_delta_k_10_weighted_1_learnw_0,15.0,0.08940117148682476,val_loss,0.03428047522902489,0.16977554559707642,0.0,0.0,456.0,20.0,2.0,spot_delta,10.0,True,False,0.14899443089962006,0.285083532333374
proto_source=spot_delta_k=25_weighted=0_learnw=0,train,1234,proto,-0.025041650980710983,0.03162451088428497,-0.13587369203567504,-0.08382401466369628,-0.11756432801485062,-0.013870069291442633,6.96930015692465e-05,0.9354382657869934,-0.025103311985731125,0.0001165853682323359,5.49273427168373e-05,0.005856677889823914,0.06204177439212799,0.0629703626036644,0.26163536310195923,0.0,0.0,0.0,0.0,,,cvar,/Users/yaniszaim/deephedging/.deephedging_real_runs/final_paper_notebook/panel_sweeps/XLF_full_paper_grid_800_step_robust/model_artifacts/seed_1234/risk_cvar/proto_source_spot_delta_k_25_weighted_0_learnw_0,12.0,0.08940207496052607,val_loss,0.00566932512447238,0.06217119097709656,0.0,0.0,2122.0,20.0,2.0,spot_delta,25.0,False,False,0.1128137856721878,0.15598922967910767
proto_source=spot_delta_k=25_weighted=0_learnw=0,val,1234,proto,-0.02304992824792862,0.028083499521017075,-0.11096619389951229,-0.07678017988801002,-0.10192089527845383,-0.014304975513368845,3.853084454021618e-05,0.9427312775330396,-0.023097975179553032,0.0001013302753563039,5.3283354645827785e-05,0.0058324337005615234,0.06101541221141815,0.06305214762687683,0.26152729988098145,0.0,0.0,0.0,0.0,,,cvar,/Users/yaniszaim/deephedging/.deephedging_real_runs/final_paper_notebook/panel_sweeps/XLF_full_paper_grid_800_step_robust/model_artifacts/seed_1234/risk_cvar/proto_source_spot_delta_k_25_weighted_0_learnw_0,12.0,0.08940207496052607,val_loss,0.00566932512447238,0.06217119097709656,0.0,0.0,454.0,20.0,2.0,spot_delta,25.0,False,False,0.1128137856721878,0.15598922967910767
proto_source=spot_delta_k=25_weighted=0_learnw=0,test,1234,proto,-0.024165643379092216,0.0298753771930933,-0.12330005243420601,-0.07949887216091156,-0.10804636776447296,-0.01312169898301363,-1.4750105947314296e-05,0.9539473684210527,-0.024232489988207817,0.00012081075692549348,5.3961342928232625e-05,0.0058189150877296925,0.05730414390563965,0.06287611275911331,0.2610509693622589,0.0,0.0,0.0,0.0,,,cvar,/Users/yaniszaim/deephedging/.deephedging_real_runs/final_paper_notebook/panel_sweeps/XLF_full_paper_grid_800_step_robust/model_artifacts/seed_1234/risk_cvar/proto_source_spot_delta_k_25_weighted_0_learnw_0,12.0,0.08940207496052607,val_loss,0.00566932512447238,0.06217119097709656,0.0,0.0,456.0,20.0,2.0,spot_delta,25.0,False,False,0.1128137856721878,0.15598922967910767
proto_source=spot_delta_k=25_weighted=1_learnw=0,train,1234,proto,-0.025092924013733864,0.02981693670153618,-0.1334851223230362,-0.07969391867518424,-0.11301247775554657,-0.014784326311200857,0.000960733686224551,0.9114043355325165,-0.025103311985731125,0.0007857535383664072,0.0007753677782602608,0.03541000932455063,0.16178816556930542,0.34596046805381775,1.0,0.08625117813383601,0.08625117813383601,0.0,0.8897266729500471,,,cvar,/Users/yaniszaim/deephedging/.deephedging_real_runs/final_paper_notebook/panel_sweeps/XLF_full_paper_grid_800_step_robust/model_artifacts/seed_1234/risk_cvar/proto_source_spot_delta_k_25_weighted_1_learnw_0,26.0,0.08899372279644012,val_loss,0.026557207107543945,0.1467079222202301,0.0,0.0,2122.0,20.0,2.0,spot_delta,25.0,True,False,0.1270250678062439,0.20039869844913483
proto_source=spot_delta_k=25_weighted=1_learnw=0,val,1234,proto,-0.023364046588540077,0.026182878762483597,-0.11111917302012443,-0.07187159694731235,-0.09791053086519241,-0.015229792799800634,0.00032185950549319187,0.9251101321585903,-0.023097975179553032,0.0005122171714901924,0.0007782891043461859,0.03532299026846886,0.159143328666687,0.3471948206424713,1.0,0.08612334801762114,0.08612334801762114,0.0,0.8766519823788547,,,cvar,/Users/yaniszaim/deephedging/.deephedging_real_runs/final_paper_notebook/panel_sweeps/XLF_full_paper_grid_800_step_robust/model_artifacts/seed_1234/risk_cvar/proto_source_spot_delta_k_25_weighted_1_learnw_0,26.0,0.08899372279644012,val_loss,0.026557207107543945,0.1467079222202301,0.0,0.0,454.0,20.0,2.0,spot_delta,25.0,True,False,0.1270250678062439,0.20039869844913483
proto_source=spot_delta_k=25_weighted=1_learnw=0,test,1234,proto,-0.024399343878030777,0.02823554538190365,-0.12049088627099991,-0.07912363670766354,-0.10561002790927887,-0.014017916284501553,0.0006116849253885448,0.9210526315789473,-0.024232489988207817,0.0006122041377238929,0.0007790588424541056,0.035305555909872055,0.1589134931564331,0.3461776375770569,1.0,0.0862390350877193,0.0862390350877193,0.0,0.8925438596491229,,,cvar,/Users/yaniszaim/deephedging/.deephedging_real_runs/final_paper_notebook/panel_sweeps/XLF_full_paper_grid_800_step_robust/model_artifacts/seed_1234/risk_cvar/proto_source_spot_delta_k_25_weighted_1_learnw_0,26.0,0.08899372279644012,val_loss,0.026557207107543945,0.1467079222202301,0.0,0.0,456.0,20.0,2.0,spot_delta,25.0,True,False,0.1270250678062439,0.20039869844913483
proto_source=spot_delta_k=50_weighted=0_learnw=0,train,1234,proto,-0.024756785482168198,0.030217118561267853,-0.1276967705786228,-0.0831561330705881,-0.11175432056188583,-0.014807364903390408,0.003455411549657582,0.8402450518378888,-0.025103311985731125,0.0007290278444997966,0.0003825030871666968,0.028373757377266884,0.2204381227493286,0.22958466410636902,0.9229744076728821,0.0,0.0,0.0,0.0,,,cvar,/Users/yaniszaim/deephedging/.deephedging_real_runs/final_paper_notebook/panel_sweeps/XLF_full_paper_grid_800_step_robust/model_artifacts/seed_1234/risk_cvar/proto_source_spot_delta_k_50_weighted_0_learnw_0,21.0,0.08902428794652223,val_loss,0.03720269352197647,0.14668282866477966,0.0,0.0,2122.0,20.0,2.0,spot_delta,50.0,False,False,0.11857118457555771,0.30504918098449707
proto_source=spot_delta_k=50_weighted=0_learnw=0,val,1234,proto,-0.022749729454517365,0.02706606313586235,-0.10810177758336068,-0.07567175067961215,-0.0984034612774849,-0.01470272708684206,0.003143363504204899,0.8348017621145375,-0.023097975179553032,0.0007270303904078901,0.0003787842288147658,0.028080621734261513,0.22043803334236145,0.23012152314186096,1.0,0.00011013215859030837,0.00011013215859030837,0.0,0.0022026431718061676,,,cvar,/Users/yaniszaim/deephedging/.deephedging_real_runs/final_paper_notebook/panel_sweeps/XLF_full_paper_grid_800_step_robust/model_artifacts/seed_1234/risk_cvar/proto_source_spot_delta_k_50_weighted_0_learnw_0,21.0,0.08902428794652223,val_loss,0.03720269352197647,0.14668282866477966,0.0,0.0,454.0,20.0,2.0,spot_delta,50.0,False,False,0.11857118457555771,0.30504918098449707
proto_source=spot_delta_k=50_weighted=0_learnw=0,test,1234,proto,-0.023686083033680916,0.02880675718188286,-0.1169940710067749,-0.07762252725660801,-0.10389190912246704,-0.013416799250990152,0.0035254149115644395,0.831140350877193,-0.024232489988207817,0.000925662403460592,0.0003792535571847111,0.028330475091934204,0.22043806314468384,0.22866101562976837,0.9244390726089478,0.0,0.0,0.0,0.0,,,cvar,/Users/yaniszaim/deephedging/.deephedging_real_runs/final_paper_notebook/panel_sweeps/XLF_full_paper_grid_800_step_robust/model_artifacts/seed_1234/risk_cvar/proto_source_spot_delta_k_50_weighted_0_learnw_0,21.0,0.08902428794652223,val_loss,0.03720269352197647,0.14668282866477966,0.0,0.0,456.0,20.0,2.0,spot_delta,50.0,False,False,0.11857118457555771,0.30504918098449707
proto_source=spot_delta_k=50_weighted=1_learnw=0,train,1234,proto,-0.024707816541194916,0.030277729034423828,-0.12867510303854943,-0.08282624185085297,-0.11237869411706924,-0.015140168368816376,0.004441279685124753,0.8567389255419415,-0.025103311985731125,0.0009589500841684639,0.0005634575500153005,0.04741806909441948,0.2658349275588989,0.37459272146224976,1.0,0.0026272384542884073,0.0026272384542884073,0.0,0.07917059377945335,,,cvar,/Users/yaniszaim/deephedging/.deephedging_real_runs/final_paper_notebook/panel_sweeps/XLF_full_paper_grid_800_step_robust/model_artifacts/seed_1234/risk_cvar/proto_source_spot_delta_k_50_weighted_1_learnw_0,282.0,0.08879596517909531,val_loss,0.03439229354262352,0.13508747518062592,5.506607929515419e-05,0.0022026431718061676,2122.0,20.0,2.0,spot_delta,50.0,True,False,0.09985705465078354,0.2658349275588989
proto_source=spot_delta_k=50_weighted=1_learnw=0,val,1234,proto,-0.0228593572974205,0.026767555624246597,-0.1029836155474186,-0.07499532140791416,-0.09671948105096817,-0.014872698578983545,0.002996521687600759,0.8634361233480177,-0.023097975179553032,0.0007934488821774721,0.00055483024334535,0.047156497836112976,0.2658349275588989,0.37524834275245667,1.0,0.002698237885462555,0.002698237885462555,0.0,0.07488986784140969,,,cvar,/Users/yaniszaim/deephedging/.deephedging_real_runs/final_paper_notebook/panel_sweeps/XLF_full_paper_grid_800_step_robust/model_artifacts/seed_1234/risk_cvar/proto_source_spot_delta_k_50_weighted_1_learnw_0,282.0,0.08879596517909531,val_loss,0.03439229354262352,0.13508747518062592,5.506607929515419e-05,0.0022026431718061676,454.0,20.0,2.0,spot_delta,50.0,True,False,0.09985705465078354,0.2658349275588989
proto_source=spot_delta_k=50_weighted=1_learnw=0,test,1234,proto,-0.02405274100601673,0.028361331671476364,-0.11404007859528065,-0.07613306492567062,-0.10310788452625275,-0.014242214150726795,0.00319503661012277,0.8530701754385965,-0.024232489988207817,0.0007419144967570901,0.0005621638265438378,0.04743083566427231,0.2658349275588989,0.3743608295917511,1.0,0.002412280701754386,0.002412280701754386,0.0,0.07894736842105263,,,cvar,/Users/yaniszaim/deephedging/.deephedging_real_runs/final_paper_notebook/panel_sweeps/XLF_full_paper_grid_800_step_robust/model_artifacts/seed_1234/risk_cvar/proto_source_spot_delta_k_50_weighted_1_learnw_0,282.0,0.08879596517909531,val_loss,0.03439229354262352,0.13508747518062592,5.506607929515419e-05,0.0022026431718061676,456.0,20.0,2.0,spot_delta,50.0,True,False,0.09985705465078354,0.2658349275588989
proto_source=spot_delta_k=100_weighted=0_learnw=0,train,1234,proto,-0.024842364713549614,0.030392710119485855,-0.13120398938655853,-0.08255423754453659,-0.11297866702079773,-0.014433634001761675,0.0016436035337392223,0.8699340245051838,-0.025103311985731125,0.0005120709538459778,0.00025112665025517344,0.022947588935494423,0.19166222214698792,0.198720321059227,0.875128984451294,0.0,0.0,0.0,0.0,,,cvar,/Users/yaniszaim/deephedging/.deephedging_real_runs/final_paper_notebook/panel_sweeps/XLF_full_paper_grid_800_step_robust/model_artifacts/seed_1234/risk_cvar/proto_source_spot_delta_k_100_weighted_0_learnw_0,114.0,0.08878268521279097,val_loss,0.03568650037050247,0.12091509252786636,0.0,0.0,2122.0,20.0,2.0,spot_delta,100.0,False,False,0.10270756483078003,0.19574329257011414
proto_source=spot_delta_k=100_weighted=0_learnw=0,val,1234,proto,-0.02272431179881096,0.027505436912178993,-0.11196602374315262,-0.07711578011512757,-0.09980317950248718,-0.014100698754191399,0.0018753372307401147,0.8458149779735683,-0.023097975179553032,0.0006221332587301731,0.0002484698488842696,0.02265028841793537,0.1916603147983551,0.19926977157592773,0.8292567729949951,0.0,0.0,0.0,0.0,,,cvar,/Users/yaniszaim/deephedging/.deephedging_real_runs/final_paper_notebook/panel_sweeps/XLF_full_paper_grid_800_step_robust/model_artifacts/seed_1234/risk_cvar/proto_source_spot_delta_k_100_weighted_0_learnw_0,114.0,0.08878268521279097,val_loss,0.03568650037050247,0.12091509252786636,0.0,0.0,454.0,20.0,2.0,spot_delta,100.0,False,False,0.10270756483078003,0.19574329257011414
proto_source=spot_delta_k=100_weighted=0_learnw=0,test,1234,proto,-0.023765457794070244,0.028914758935570717,-0.12128752544522285,-0.07584068551659584,-0.1044236347079277,-0.012949715834110975,0.0016606285353191197,0.8640350877192983,-0.024232489988207817,0.0007146127172745764,0.0002475799701642245,0.022659260779619217,0.19166141748428345,0.19854490458965302,0.85567307472229,0.0,0.0,0.0,0.0,,,cvar,/Users/yaniszaim/deephedging/.deephedging_real_runs/final_paper_notebook/panel_sweeps/XLF_full_paper_grid_800_step_robust/model_artifacts/seed_1234/risk_cvar/proto_source_spot_delta_k_100_weighted_0_learnw_0,114.0,0.08878268521279097,val_loss,0.03568650037050247,0.12091509252786636,0.0,0.0,456.0,20.0,2.0,spot_delta,100.0,False,False,0.10270756483078003,0.19574329257011414
proto_source=spot_delta_k=100_weighted=1_learnw=0,train,1234,proto,-0.024839986115694046,0.030636664479970932,-0.1296321628987789,-0.08334145359694957,-0.11363905668258667,-0.014873869251459837,0.003126982424873857,0.8491988689915174,-0.025103311985731125,0.0005309853586368263,0.0002676612639334053,0.0276817437261343,0.20568853616714478,0.23576457798480988,0.7341721653938293,0.0,0.0,0.0,0.0,,,cvar,/Users/yaniszaim/deephedging/.deephedging_real_runs/final_paper_notebook/panel_sweeps/XLF_full_paper_grid_800_step_robust/model_artifacts/seed_1234/risk_cvar/proto_source_spot_delta_k_100_weighted_1_learnw_0,18.0,0.08910700092092157,val_loss,0.03626338019967079,0.11431371420621872,0.0,0.0,2122.0,20.0,2.0,spot_delta,100.0,True,False,0.10887153446674347,0.20569156110286713
proto_source=spot_delta_k=100_weighted=1_learnw=0,val,1234,proto,-0.022773502394557,0.027427803725004196,-0.106942348331213,-0.07601464092731475,-0.09915585815906525,-0.013668079394847155,0.0027146757580339903,0.8414096916299559,-0.023097975179553032,0.000588651280850172,0.000264178728684783,0.02736305072903633,0.20568853616714478,0.2360706776380539,0.7203171849250793,0.0,0.0,0.0,0.0,,,cvar,/Users/yaniszaim/deephedging/.deephedging_real_runs/final_paper_notebook/panel_sweeps/XLF_full_paper_grid_800_step_robust/model_artifacts/seed_1234/risk_cvar/proto_source_spot_delta_k_100_weighted_1_learnw_0,18.0,0.08910700092092157,val_loss,0.03626338019967079,0.11431371420621872,0.0,0.0,454.0,20.0,2.0,spot_delta,100.0,True,False,0.10887153446674347,0.20569156110286713
proto_source=spot_delta_k=100_weighted=1_learnw=0,test,1234,proto,-0.02398122474551201,0.029163561761379242,-0.1187373273074627,-0.07842761278152466,-0.10555047541856766,-0.013514714315533638,0.0029436188633553684,0.8486842105263158,-0.024232489988207817,0.0005148969357833266,0.00026363032520748675,0.027568602934479713,0.20568853616714478,0.23522284626960754,0.7319124937057495,0.0,0.0,0.0,0.0,,,cvar,/Users/yaniszaim/deephedging/.deephedging_real_runs/final_paper_notebook/panel_sweeps/XLF_full_paper_grid_800_step_robust/model_artifacts/seed_1234/risk_cvar/proto_source_spot_delta_k_100_weighted_1_learnw_0,18.0,0.08910700092092157,val_loss,0.03626338019967079,0.11431371420621872,0.0,0.0,456.0,20.0,2.0,spot_delta,100.0,True,False,0.10887153446674347,0.20569156110286713
proto_source=vanilla_k=10_weighted=0_learnw=0,train,1234,proto,-0.026981612667441368,0.030293934047222137,-0.1322348703444004,-0.08281861729919911,-0.11586957424879074,-0.01616889238357544,-0.001244525110814731,0.9835061262959472,-0.025103311985731125,0.000507598917465657,0.002385901752859354,0.04590033367276192,0.07502982020378113,0.24362486600875854,1.0,1.1781338360037701e-05,1.1781338360037701e-05,0.0,0.000471253534401508,,,cvar,/Users/yaniszaim/deephedging/.deephedging_real_runs/final_paper_notebook/panel_sweeps/XLF_full_paper_grid_800_step_robust/model_artifacts/seed_1234/risk_cvar/proto_source_vanilla_k_10_weighted_0_learnw_0,136.0,0.08952317920047789,val_loss,0.013323196209967136,0.0908975824713707,0.0,0.0,2122.0,20.0,2.0,vanilla,10.0,False,False,0.05587552860379219,0.10554765909910202
proto_source=vanilla_k=10_weighted=0_learnw=0,val,1234,proto,-0.025226064026355743,0.027218343690037727,-0.11075686432421207,-0.07849969007074832,-0.10197827965021133,-0.01546669751405716,-0.001449729991145432,0.9801762114537445,-0.023097975179553032,0.00026030666776932776,0.0023883935064077377,0.045898787677288055,0.07502982020378113,0.24424538016319275,0.9605869054794312,0.0,0.0,0.0,0.0,,,cvar,/Users/yaniszaim/deephedging/.deephedging_real_runs/final_paper_notebook/panel_sweeps/XLF_full_paper_grid_800_step_robust/model_artifacts/seed_1234/risk_cvar/proto_source_vanilla_k_10_weighted_0_learnw_0,136.0,0.08952317920047789,val_loss,0.013323196209967136,0.0908975824713707,0.0,0.0,454.0,20.0,2.0,vanilla,10.0,False,False,0.05587552860379219,0.10554765909910202
proto_source=vanilla_k=10_weighted=0_learnw=0,test,1234,proto,-0.026085296645760536,0.028826458379626274,-0.12315170168876648,-0.07884493842720985,-0.10749258100986481,-0.014996526297181845,-0.0011515638616401702,0.9802631578947368,-0.024232489988207817,0.0005334877641871572,0.0023862950038164854,0.04588150233030319,0.07502982020378113,0.24312809109687805,0.9994427561759949,0.0,0.0,0.0,0.0,,,cvar,/Users/yaniszaim/deephedging/.deephedging_real_runs/final_paper_notebook/panel_sweeps/XLF_full_paper_grid_800_step_robust/model_artifacts/seed_1234/risk_cvar/proto_source_vanilla_k_10_weighted_0_learnw_0,136.0,0.08952317920047789,val_loss,0.013323196209967136,0.0908975824713707,0.0,0.0,456.0,20.0,2.0,vanilla,10.0,False,False,0.05587552860379219,0.10554765909910202
proto_source=vanilla_k=10_weighted=1_learnw=0,train,1234,proto,-0.0250322874635458,0.030086226761341095,-0.13026660338044166,-0.08127449452877045,-0.11346486955881119,-0.014612467959523201,0.0013724232383538013,0.8939679547596607,-0.025103311985731125,0.0004967674030922353,0.0004257468390278518,0.027377566322684288,0.19965332746505737,0.44483962655067444,1.0,0.30040056550424127,0.30040056550424127,0.0,1.0,,,cvar,/Users/yaniszaim/deephedging/.deephedging_real_runs/final_paper_notebook/panel_sweeps/XLF_full_paper_grid_800_step_robust/model_artifacts/seed_1234/risk_cvar/proto_source_vanilla_k_10_weighted_1_learnw_0,742.0,0.08963017389178275,val_loss,0.037110745906829834,0.1487327367067337,0.0,0.0,2122.0,20.0,2.0,vanilla,10.0,True,False,0.09738872945308685,0.22861286997795105
proto_source=vanilla_k=10_weighted=1_learnw=0,val,1234,proto,-0.023145200684666634,0.026462074369192123,-0.11205785676836967,-0.07210519313812255,-0.09826953709125519,-0.015327397733926773,0.0012936369748786077,0.9118942731277533,-0.023097975179553032,0.00037662682007066905,0.0004238516849000007,0.027364790439605713,0.19965335726737976,0.44533923268318176,1.0,0.30055066079295156,0.30055066079295156,0.0,1.0,,,cvar,/Users/yaniszaim/deephedging/.deephedging_real_runs/final_paper_notebook/panel_sweeps/XLF_full_paper_grid_800_step_robust/model_artifacts/seed_1234/risk_cvar/proto_source_vanilla_k_10_weighted_1_learnw_0,742.0,0.08963017389178275,val_loss,0.037110745906829834,0.1487327367067337,0.0,0.0,454.0,20.0,2.0,vanilla,10.0,True,False,0.09738872945308685,0.22861286997795105
proto_source=vanilla_k=10_weighted=1_learnw=0,test,1234,proto,-0.024202600121498108,0.0283486507833004,-0.11896317154169082,-0.07673804089426994,-0.10413005203008652,-0.014226541388779879,0.0014844422694295645,0.881578947368421,-0.024232489988207817,0.0004542060778476298,0.0004243171133566648,0.02736547961831093,0.19965332746505737,0.445118248462677,1.0,0.30021929824561405,0.30021929824561405,0.0,1.0,,,cvar,/Users/yaniszaim/deephedging/.deephedging_real_runs/final_paper_notebook/panel_sweeps/XLF_full_paper_grid_800_step_robust/model_artifacts/seed_1234/risk_cvar/proto_source_vanilla_k_10_weighted_1_learnw_0,742.0,0.08963017389178275,val_loss,0.037110745906829834,0.1487327367067337,0.0,0.0,456.0,20.0,2.0,vanilla,10.0,True,False,0.09738872945308685,0.22861286997795105
proto_source=vanilla_k=25_weighted=0_learnw=0,train,1234,proto,-0.024921081960201263,0.02990196831524372,-0.13208157062530518,-0.08083974123001099,-0.1132994219660759,-0.014022123534232378,-0.00014442975661950417,0.9618284637134779,-0.025103311985731125,0.0006262684473767877,0.0004440408374648541,0.02751120552420616,0.1442388892173767,0.31750234961509705,1.0,0.09247172478793592,0.09247172478793592,0.0,0.9778510838831291,,,cvar,/Users/yaniszaim/deephedging/.deephedging_real_runs/final_paper_notebook/panel_sweeps/XLF_full_paper_grid_800_step_robust/model_artifacts/seed_1234/risk_cvar/proto_source_vanilla_k_25_weighted_0_learnw_0,46.0,0.0896110204527655,val_loss,0.02095601335167885,0.1765606701374054,0.0003303964757709251,0.00881057268722467,2122.0,20.0,2.0,vanilla,25.0,False,False,0.09628307074308395,0.17100758850574493
proto_source=vanilla_k=25_weighted=0_learnw=0,val,1234,proto,-0.02296028472483158,0.02657650224864483,-0.10798014767467976,-0.0737180046737194,-0.09836216270923615,-0.013638634700328112,-3.243540413678511e-06,0.9493392070484582,-0.023097975179553032,0.000573625904507935,0.00043593524605967104,0.027489839121699333,0.13717657327651978,0.3169310688972473,1.0,0.0926762114537445,0.0926762114537445,0.0,0.986784140969163,,,cvar,/Users/yaniszaim/deephedging/.deephedging_real_runs/final_paper_notebook/panel_sweeps/XLF_full_paper_grid_800_step_robust/model_artifacts/seed_1234/risk_cvar/proto_source_vanilla_k_25_weighted_0_learnw_0,46.0,0.0896110204527655,val_loss,0.02095601335167885,0.1765606701374054,0.0003303964757709251,0.00881057268722467,454.0,20.0,2.0,vanilla,25.0,False,False,0.09628307074308395,0.17100758850574493
proto_source=vanilla_k=25_weighted=0_learnw=0,test,1234,proto,-0.023997478187084198,0.02835831232368946,-0.11781786568462849,-0.0763303954154253,-0.10511433333158493,-0.013063263613730669,-0.00015517615247517824,0.9627192982456141,-0.024232489988207817,0.0006741952383890748,0.00043918422306887805,0.027486838400363922,0.14472930133342743,0.31889811158180237,1.0,0.09479166666666666,0.09479166666666666,0.0,0.9890350877192983,,,cvar,/Users/yaniszaim/deephedging/.deephedging_real_runs/final_paper_notebook/panel_sweeps/XLF_full_paper_grid_800_step_robust/model_artifacts/seed_1234/risk_cvar/proto_source_vanilla_k_25_weighted_0_learnw_0,46.0,0.0896110204527655,val_loss,0.02095601335167885,0.1765606701374054,0.0003303964757709251,0.00881057268722467,456.0,20.0,2.0,vanilla,25.0,False,False,0.09628307074308395,0.17100758850574493
proto_source=vanilla_k=25_weighted=1_learnw=0,train,1234,proto,-0.025329679250717163,0.02981727011501789,-0.1294246232509613,-0.08053584471344948,-0.11321485787630081,-0.014358601998537779,-8.744308724999459e-05,0.9538171536286523,-0.025103311985731125,0.0007349103689193726,0.0009612812427803874,0.0350542813539505,0.1445641666650772,0.34153854846954346,1.0,0.127497643732328,0.127497643732328,0.0,1.0,,,cvar,/Users/yaniszaim/deephedging/.deephedging_real_runs/final_paper_notebook/panel_sweeps/XLF_full_paper_grid_800_step_robust/model_artifacts/seed_1234/risk_cvar/proto_source_vanilla_k_25_weighted_1_learnw_0,28.0,0.08980096800983083,val_loss,0.025069423019886017,0.15697525441646576,0.0029185022026431717,0.05726872246696035,2122.0,20.0,2.0,vanilla,25.0,True,False,0.1005840003490448,0.1908254623413086
proto_source=vanilla_k=25_weighted=1_learnw=0,val,1234,proto,-0.023578928783535957,0.026698973029851913,-0.10857154197990894,-0.07544193230569363,-0.0992637649178505,-0.01474556140601635,-4.300068248994955e-05,0.9493392070484582,-0.023097975179553032,0.00047744857147336006,0.0009584022336639464,0.03505158796906471,0.14404332637786865,0.34145498275756836,1.0,0.12681718061674008,0.12681718061674008,0.0,1.0,,,cvar,/Users/yaniszaim/deephedging/.deephedging_real_runs/final_paper_notebook/panel_sweeps/XLF_full_paper_grid_800_step_robust/model_artifacts/seed_1234/risk_cvar/proto_source_vanilla_k_25_weighted_1_learnw_0,28.0,0.08980096800983083,val_loss,0.025069423019886017,0.15697525441646576,0.0029185022026431717,0.05726872246696035,454.0,20.0,2.0,vanilla,25.0,True,False,0.1005840003490448,0.1908254623413086
proto_source=vanilla_k=25_weighted=1_learnw=0,test,1234,proto,-0.02447579614818096,0.02823001518845558,-0.11874735802412033,-0.07461418770253658,-0.10524988919496536,-0.013966065365821123,0.00011988173355348408,0.9451754385964912,-0.024232489988207817,0.0007184098940342665,0.0009617176838219166,0.03504897281527519,0.14421415328979492,0.3416740298271179,1.0,0.1275219298245614,0.1275219298245614,0.0,1.0,,,cvar,/Users/yaniszaim/deephedging/.deephedging_real_runs/final_paper_notebook/panel_sweeps/XLF_full_paper_grid_800_step_robust/model_artifacts/seed_1234/risk_cvar/proto_source_vanilla_k_25_weighted_1_learnw_0,28.0,0.08980096800983083,val_loss,0.025069423019886017,0.15697525441646576,0.0029185022026431717,0.05726872246696035,456.0,20.0,2.0,vanilla,25.0,True,False,0.1005840003490448,0.1908254623413086
proto_source=vanilla_k=50_weighted=0_learnw=0,train,1234,proto,-0.024725455790758133,0.029634661972522736,-0.1289256900548935,-0.08050100691616534,-0.11192645132541656,-0.014096080791205168,0.0005723248934373253,0.9245994344957588,-0.025103311985731125,0.000982040772214532,0.0006041873130016029,0.03235933184623718,0.1547084003686905,0.29941222071647644,1.0,0.07022855796418473,0.07022855796418473,0.0,0.9208294062205467,,,cvar,/Users/yaniszaim/deephedging/.deephedging_real_runs/final_paper_notebook/panel_sweeps/XLF_full_paper_grid_800_step_robust/model_artifacts/seed_1234/risk_cvar/proto_source_vanilla_k_50_weighted_0_learnw_0,20.0,0.09113205330019676,val_loss,0.03068198636174202,0.21516086161136627,0.01486784140969163,0.33480176211453744,2122.0,20.0,2.0,vanilla,50.0,False,False,0.09595278650522232,0.18186254799365997
proto_source=vanilla_k=50_weighted=0_learnw=0,val,1234,proto,-0.023032918572425842,0.026522044092416763,-0.1074532351642847,-0.074490562453866,-0.0985187515616417,-0.013898130040615797,0.0009391012514242864,0.9096916299559471,-0.023097975179553032,0.0006590557168237865,0.0005940008559264243,0.032211072742938995,0.15072305500507355,0.2991061210632324,1.0,0.07059471365638767,0.07059471365638767,0.0,0.9405286343612335,,,cvar,/Users/yaniszaim/deephedging/.deephedging_real_runs/final_paper_notebook/panel_sweeps/XLF_full_paper_grid_800_step_robust/model_artifacts/seed_1234/risk_cvar/proto_source_vanilla_k_50_weighted_0_learnw_0,20.0,0.09113205330019676,val_loss,0.03068198636174202,0.21516086161136627,0.01486784140969163,0.33480176211453744,454.0,20.0,2.0,vanilla,50.0,False,False,0.09595278650522232,0.18186254799365997
proto_source=vanilla_k=50_weighted=0_learnw=0,test,1234,proto,-0.02386588789522648,0.028346216306090355,-0.11679439023137092,-0.07392497546970844,-0.10463567078113556,-0.01311451569199562,0.0007901824719738215,0.918859649122807,-0.024232489988207817,0.0009711117600090802,0.0006045090267434716,0.03235391154885292,0.15471355617046356,0.29962313175201416,1.0,0.07033991228070176,0.07033991228070176,0.0,0.918859649122807,,,cvar,/Users/yaniszaim/deephedging/.deephedging_real_runs/final_paper_notebook/panel_sweeps/XLF_full_paper_grid_800_step_robust/model_artifacts/seed_1234/risk_cvar/proto_source_vanilla_k_50_weighted_0_learnw_0,20.0,0.09113205330019676,val_loss,0.03068198636174202,0.21516086161136627,0.01486784140969163,0.33480176211453744,456.0,20.0,2.0,vanilla,50.0,False,False,0.09595278650522232,0.18186254799365997
proto_source=vanilla_k=50_weighted=1_learnw=0,train,1234,proto,-0.02654953859746456,0.03105940669775009,-0.1334613360464573,-0.0838695254176855,-0.1168588399887085,-0.0163741335272789,0.0013035990879870893,0.911875589066918,-0.025103311985731125,0.00033976539270952344,0.0017859935760498047,0.03803063929080963,0.15007174015045166,0.27635806798934937,1.0,0.0028157398680490105,0.0028157398680490105,0.0,0.03722902921771913,,,cvar,/Users/yaniszaim/deephedging/.deephedging_real_runs/final_paper_notebook/panel_sweeps/XLF_full_paper_grid_800_step_robust/model_artifacts/seed_1234/risk_cvar/proto_source_vanilla_k_50_weighted_1_learnw_0,60.0,0.08981823281356285,val_loss,0.011592783033847809,0.050650522112846375,0.0022026431718061676,0.006607929515418502,2122.0,20.0,2.0,vanilla,50.0,True,False,0.08827801793813705,0.17177002131938934
proto_source=vanilla_k=50_weighted=1_learnw=0,val,1234,proto,-0.024480929598212242,0.027470998466014862,-0.11262900993227959,-0.07691478952765464,-0.10114146023988724,-0.016449587419629097,0.001014026213670147,0.9008810572687225,-0.023097975179553032,0.0004047276161145419,0.0017876819474622607,0.03830548748373985,0.1500988006591797,0.2794997990131378,1.0,0.0015418502202643172,0.0015418502202643172,0.0,0.022026431718061675,,,cvar,/Users/yaniszaim/deephedging/.deephedging_real_runs/final_paper_notebook/panel_sweeps/XLF_full_paper_grid_800_step_robust/model_artifacts/seed_1234/risk_cvar/proto_source_vanilla_k_50_weighted_1_learnw_0,60.0,0.08981823281356285,val_loss,0.011592783033847809,0.050650522112846375,0.0022026431718061676,0.006607929515418502,454.0,20.0,2.0,vanilla,50.0,True,False,0.08827801793813705,0.17177002131938934
proto_source=vanilla_k=50_weighted=1_learnw=0,test,1234,proto,-0.025671975687146187,0.02912214584648609,-0.12351033799350261,-0.08006453886628151,-0.10775504261255264,-0.014924890361726284,0.0006975882570259273,0.9320175438596491,-0.024232489988207817,0.00034791615325957537,0.0017874004552140832,0.03791359066963196,0.14974558353424072,0.2742280662059784,1.0,0.0015899122807017543,0.0015899122807017543,0.0,0.021929824561403508,,,cvar,/Users/yaniszaim/deephedging/.deephedging_real_runs/final_paper_notebook/panel_sweeps/XLF_full_paper_grid_800_step_robust/model_artifacts/seed_1234/risk_cvar/proto_source_vanilla_k_50_weighted_1_learnw_0,60.0,0.08981823281356285,val_loss,0.011592783033847809,0.050650522112846375,0.0022026431718061676,0.006607929515418502,456.0,20.0,2.0,vanilla,50.0,True,False,0.08827801793813705,0.17177002131938934
proto_source=vanilla_k=100_weighted=0_learnw=0,train,1234,proto,-0.025124283507466316,0.030441245064139366,-0.1341281409561634,-0.08142929971218109,-0.11487388610839844,-0.013797224964946508,0.0001621498871827463,0.9439208294062206,-0.025103311985731125,0.00043319177348166704,0.0004541651578620076,0.026071598753333092,0.1928090751171112,0.20726533234119415,1.0,0.004924599434495759,0.004924599434495759,0.0,0.12158341187558906,,,cvar,/Users/yaniszaim/deephedging/.deephedging_real_runs/final_paper_notebook/panel_sweeps/XLF_full_paper_grid_800_step_robust/model_artifacts/seed_1234/risk_cvar/proto_source_vanilla_k_100_weighted_0_learnw_0,211.0,0.09021477275663405,val_loss,0.029109545052051544,0.1836569905281067,0.0003303964757709251,0.00881057268722467,2122.0,20.0,2.0,vanilla,100.0,False,False,0.07461892068386078,0.2075013965368271
proto_source=vanilla_k=100_weighted=0_learnw=0,val,1234,proto,-0.02325092814862728,0.026963042095303535,-0.10805425576865672,-0.0743675086647272,-0.09936056286096573,-0.013370114378631115,0.00013563963875639704,0.947136563876652,-0.023097975179553032,0.0002915851364377886,0.0004445404338184744,0.025766951963305473,0.12614959478378296,0.20592506229877472,1.0,0.004295154185022026,0.004295154185022026,0.0,0.09911894273127753,,,cvar,/Users/yaniszaim/deephedging/.deephedging_real_runs/final_paper_notebook/panel_sweeps/XLF_full_paper_grid_800_step_robust/model_artifacts/seed_1234/risk_cvar/proto_source_vanilla_k_100_weighted_0_learnw_0,211.0,0.09021477275663405,val_loss,0.029109545052051544,0.1836569905281067,0.0003303964757709251,0.00881057268722467,454.0,20.0,2.0,vanilla,100.0,False,False,0.07461892068386078,0.2075013965368271
proto_source=vanilla_k=100_weighted=0_learnw=0,test,1234,proto,-0.024264369159936905,0.028830919414758682,-0.11923925802111626,-0.07737765833735466,-0.1061866506934166,-0.0133436294272542,0.00046870178630342707,0.9210526315789473,-0.024232489988207817,0.0004148785083089024,0.000446757476311177,0.02616666816174984,0.126064732670784,0.21129074692726135,1.0,0.004660087719298245,0.004660087719298245,0.0,0.1074561403508772,,,cvar,/Users/yaniszaim/deephedging/.deephedging_real_runs/final_paper_notebook/panel_sweeps/XLF_full_paper_grid_800_step_robust/model_artifacts/seed_1234/risk_cvar/proto_source_vanilla_k_100_weighted_0_learnw_0,211.0,0.09021477275663405,val_loss,0.029109545052051544,0.1836569905281067,0.0003303964757709251,0.00881057268722467,456.0,20.0,2.0,vanilla,100.0,False,False,0.07461892068386078,0.2075013965368271
proto_source=vanilla_k=100_weighted=1_learnw=0,train,1234,proto,-0.025647679343819618,0.03260283172130585,-0.13890281170606614,-0.08574127778410912,-0.12071423977613449,-0.014616760425269604,0.0009380665636854245,0.82186616399623,-0.025103311985731125,-0.00010655160440364853,0.0004378184676170349,0.010321768932044506,0.1602921336889267,0.14596986770629883,0.2505601644515991,0.0,0.0,0.0,0.0,,,cvar,/Users/yaniszaim/deephedging/.deephedging_real_runs/final_paper_notebook/panel_sweeps/XLF_full_paper_grid_800_step_robust/model_artifacts/seed_1234/risk_cvar/proto_source_vanilla_k_100_weighted_1_learnw_0,21.0,0.09001895800232887,val_loss,0.018672555685043335,0.09144550561904907,0.0,0.0,2122.0,20.0,2.0,vanilla,100.0,True,False,0.09718906134366989,0.2000230848789215
proto_source=vanilla_k=100_weighted=1_learnw=0,val,1234,proto,-0.02360888011753559,0.029085900634527206,-0.11339265309274196,-0.07941642701625824,-0.10473117977380753,-0.014312225859612226,0.0009726283664349462,0.7973568281938326,-0.023097975179553032,-7.364002522081137e-05,0.00043726316653192043,0.010322345420718193,0.16029204428195953,0.14598138630390167,0.2505601644515991,0.0,0.0,0.0,0.0,,,cvar,/Users/yaniszaim/deephedging/.deephedging_real_runs/final_paper_notebook/panel_sweeps/XLF_full_paper_grid_800_step_robust/model_artifacts/seed_1234/risk_cvar/proto_source_vanilla_k_100_weighted_1_learnw_0,21.0,0.09001895800232887,val_loss,0.018672555685043335,0.09144550561904907,0.0,0.0,454.0,20.0,2.0,vanilla,100.0,True,False,0.09718906134366989,0.2000230848789215
proto_source=vanilla_k=100_weighted=1_learnw=0,test,1234,proto,-0.02481919899582863,0.030811447650194168,-0.12597125992178917,-0.08115947805345058,-0.11082857847213745,-0.01420501247048378,0.0008681893959874287,0.8464912280701754,-0.024232489988207817,-0.0001492586306994781,0.00043744881986640394,0.010325216688215733,0.1602921038866043,0.14603878557682037,0.2505601644515991,0.0,0.0,0.0,0.0,,,cvar,/Users/yaniszaim/deephedging/.deephedging_real_runs/final_paper_notebook/panel_sweeps/XLF_full_paper_grid_800_step_robust/model_artifacts/seed_1234/risk_cvar/proto_source_vanilla_k_100_weighted_1_learnw_0,21.0,0.09001895800232887,val_loss,0.018672555685043335,0.09144550561904907,0.0,0.0,456.0,20.0,2.0,vanilla,100.0,True,False,0.09718906134366989,0.2000230848789215
unhedged,train,2345,baseline,-0.02521204575896263,0.03220018744468689,-0.13880874395370482,-0.0843789517879486,-0.11930162459611893,-0.013699710369110107,-0.0,0.6324222431668237,-0.02521204575896263,0.0,0.0,0.0,0.0,0.0,0.0,0.0,0.0,0.0,0.0,,,,,,,,,,,,,,,,,,,,
spot_delta,train,2345,baseline,-0.025048067793250084,0.03204067051410675,-0.13836843237280846,-0.08552914299070835,-0.11717157810926437,-0.01523711858317256,0.006212824140675358,0.8091423185673893,-0.02521204575896263,0.0004506047407630831,0.00028662552358582616,0.03570450842380524,0.6731039881706238,0.25671935081481934,0.6902719736099243,0.0,0.0,0.0,0.0,,,,,,,,,,,,,,,,,,,,
spot_delta_band,train,2345,baseline,-0.025007214397192,0.03152219206094742,-0.13611780613660812,-0.08500494584441184,-0.1162741556763649,-0.015179632231593132,0.004303691373206675,0.8143261074458058,-0.02521204575896263,0.00034071021946147084,0.00013587684952653944,0.016955168917775154,0.6231039762496948,0.25209903717041016,0.6402719616889954,0.0,0.0,0.0,0.0,0.05,gains_mean,,,,,,,,,,,,,,,,,,
unhedged,val,2345,baseline,-0.02417883649468422,0.030176078900694847,-0.11450842857360839,-0.07923130989074707,-0.10684039443731308,-0.013841032981872559,0.0,0.6277533039647577,-0.02417883649468422,0.0,0.0,0.0,0.0,0.0,0.0,0.0,0.0,0.0,0.0,,,,,,,,,,,,,,,,,,,,
spot_delta,val,2345,baseline,-0.02393808215856552,0.030135976150631905,-0.10488799400627613,-0.07639343068003654,-0.10490502417087555,-0.015454844571650028,0.00631284948904067,0.801762114537445,-0.02417883649468422,0.0005251986440271139,0.0002844402624759823,0.03539200872182846,0.6902719736099243,0.2565447688102722,0.6902719736099243,0.0,0.0,0.0,0.0,,,,,,,,,,,,,,,,,,,,
spot_delta_band,val,2345,baseline,-0.023897700011730194,0.02970637008547783,-0.10529025420546531,-0.07702433057129383,-0.1043979600071907,-0.014456473756581545,0.005459321849048136,0.8039647577092511,-0.02417883649468422,0.00041634333319962025,0.000135203983518295,0.01685892604291439,0.6402719616889954,0.2519826889038086,0.6402719616889954,0.0,0.0,0.0,0.0,0.05,gains_mean,,,,,,,,,,,,,,,,,,
unhedged,test,2345,baseline,-0.022650355473160744,0.02812483161687851,-0.12717349529266359,-0.07830142974853516,-0.10333944112062454,-0.013122737407684326,0.0,0.6096491228070176,-0.022650355473160744,0.0,0.0,0.0,0.0,0.0,0.0,0.0,0.0,0.0,0.0,,,,,,,,,,,,,,,,,,,,
spot_delta,test,2345,baseline,-0.022306228056550026,0.02789888344705105,-0.12560940235853196,-0.07688171602785587,-0.101223886013031,-0.015199726913124323,0.006852595019154251,0.8004385964912281,-0.022650355473160744,0.0006282004178501666,0.0002840731758624315,0.03543533757328987,0.6278989911079407,0.25681811571121216,0.6902719736099243,0.0,0.0,0.0,0.0,,,,,,,,,,,,,,,,,,,,
spot_delta_band,test,2345,baseline,-0.022298984229564667,0.027407050132751465,-0.12414888814091682,-0.07632553577423096,-0.10018009692430496,-0.014332468621432781,0.005156048689968884,0.8135964912280702,-0.022650355473160744,0.0004859910695813596,0.0001346213393844664,0.016807686537504196,0.5778989791870117,0.25217166543006897,0.6402719616889954,0.0,0.0,0.0,0.0,0.05,gains_mean,,,,,,,,,,,,,,,,,,
vanilla,train,2345,vanilla,-0.025161005556583405,0.03178105503320694,-0.13752226665616035,-0.08362904600799084,-0.11821453273296356,-0.01359240198507905,-9.36662632739173e-05,1.0,-0.02521204575896263,0.00010150788875762373,5.046853766543791e-05,0.004859371110796928,0.011806100606918335,0.049664225429296494,0.2075541913509369,0.0,0.0,0.0,0.0,,,cvar,/Users/yaniszaim/deephedging/.deephedging_real_runs/final_paper_notebook/panel_sweeps/XLF_full_paper_grid_800_step_robust/model_artifacts/seed_2345/risk_cvar/vanilla,93.0,0.09303063227562235,val_loss,0.004140866454690695,0.039938993752002716,0.0,0.0,2122.0,20.0,2.0,,,,,,
vanilla,val,2345,vanilla,-0.024114828556776047,0.029792634770274162,-0.11345427103340626,-0.07851775474846363,-0.10587551444768906,-0.013754948042333126,-7.985820338944917e-05,1.0,-0.02417883649468422,0.00011375080066500232,4.974083640263416e-05,0.004845696501433849,0.01068781316280365,0.04951722174882889,0.19811594486236572,0.0,0.0,0.0,0.0,,,cvar,/Users/yaniszaim/deephedging/.deephedging_real_runs/final_paper_notebook/panel_sweeps/XLF_full_paper_grid_800_step_robust/model_artifacts/seed_2345/risk_cvar/vanilla,93.0,0.09303063227562235,val_loss,0.004140866454690695,0.039938993752002716,0.0,0.0,454.0,20.0,2.0,,,,,,
vanilla,test,2345,vanilla,-0.02263253554701805,0.02773170918226242,-0.12604814097285272,-0.07760130800306797,-0.10239087790250778,-0.0130244973115623,-0.00010455746814841405,1.0,-0.022650355473160744,6.781750562367961e-05,5.000013698008843e-05,0.004857509862631559,0.010974127799272537,0.0495976097881794,0.20823529362678528,0.0,0.0,0.0,0.0,,,cvar,/Users/yaniszaim/deephedging/.deephedging_real_runs/final_paper_notebook/panel_sweeps/XLF_full_paper_grid_800_step_robust/model_artifacts/seed_2345/risk_cvar/vanilla,93.0,0.09303063227562235,val_loss,0.004140866454690695,0.039938993752002716,0.0,0.0,456.0,20.0,2.0,,,,,,
proto_source=spot_delta_k=10_weighted=0_learnw=0,train,2345,proto,-0.02533133327960968,0.032239027321338654,-0.14421384409070015,-0.08601715676486492,-0.11995673179626465,-0.01424357620999217,0.0018122404697351088,0.8586239396795476,-0.02521204575896263,0.0007470828131772578,0.0008663689950481057,0.024491814896464348,0.13992786407470703,0.13991768658161163,0.8419821262359619,0.0,0.0,0.0,0.0,,,cvar,/Users/yaniszaim/deephedging/.deephedging_real_runs/final_paper_notebook/panel_sweeps/XLF_full_paper_grid_800_step_robust/model_artifacts/seed_2345/risk_cvar/proto_source_spot_delta_k_10_weighted_0_learnw_0,311.0,0.09446600013412536,val_loss,0.02463005669414997,0.1383773684501648,0.0,0.0,2122.0,20.0,2.0,spot_delta,10.0,False,False,0.2803277373313904,0.6320080757141113
proto_source=spot_delta_k=10_weighted=0_learnw=0,val,2345,proto,-0.024167288094758987,0.029846593737602234,-0.11314386114478112,-0.07906054966151714,-0.10600506514310837,-0.014013383071869612,0.0023142567020840925,0.8612334801762115,-0.02417883649468422,0.0008682371699251235,0.0008566869073547423,0.02431243285536766,0.13855969905853271,0.13784806430339813,0.5923927426338196,0.0,0.0,0.0,0.0,,,cvar,/Users/yaniszaim/deephedging/.deephedging_real_runs/final_paper_notebook/panel_sweeps/XLF_full_paper_grid_800_step_robust/model_artifacts/seed_2345/risk_cvar/proto_source_spot_delta_k_10_weighted_0_learnw_0,311.0,0.09446600013412536,val_loss,0.02463005669414997,0.1383773684501648,0.0,0.0,454.0,20.0,2.0,spot_delta,10.0,False,False,0.2803277373313904,0.6320080757141113
proto_source=spot_delta_k=10_weighted=0_learnw=0,test,2345,proto,-0.022774646058678627,0.028110815212130547,-0.13038697838783264,-0.076830530539155,-0.10361170768737793,-0.013093814719468355,0.0016476406599394977,0.875,-0.022650355473160744,0.0007235918892547488,0.0008478820091113448,0.024178437888622284,0.1385597139596939,0.13932596147060394,0.7363669872283936,0.0,0.0,0.0,0.0,,,cvar,/Users/yaniszaim/deephedging/.deephedging_real_runs/final_paper_notebook/panel_sweeps/XLF_full_paper_grid_800_step_robust/model_artifacts/seed_2345/risk_cvar/proto_source_spot_delta_k_10_weighted_0_learnw_0,311.0,0.09446600013412536,val_loss,0.02463005669414997,0.1383773684501648,0.0,0.0,456.0,20.0,2.0,spot_delta,10.0,False,False,0.2803277373313904,0.6320080757141113
proto_source=spot_delta_k=10_weighted=1_learnw=0,train,2345,proto,-0.0246291421353817,0.030112238600850105,-0.13480757281184197,-0.0816774196922779,-0.11323191970586777,-0.014343938790261745,0.0027234032982960277,0.8459000942507069,-0.02521204575896263,0.002047613961622119,0.0014647073112428188,0.03930182382464409,0.36606067419052124,0.5672615766525269,1.0,0.31485626767200753,0.304064561734213,0.010791705937794533,0.9915174363807728,,,cvar,/Users/yaniszaim/deephedging/.deephedging_real_runs/final_paper_notebook/panel_sweeps/XLF_full_paper_grid_800_step_robust/model_artifacts/seed_2345/risk_cvar/proto_source_spot_delta_k_10_weighted_1_learnw_0,39.0,0.09623976527454767,val_loss,0.03296278789639473,0.16281838715076447,0.032323788546255505,0.6894273127753304,2122.0,20.0,2.0,spot_delta,10.0,True,False,0.23514485359191895,0.4754766523838043
proto_source=spot_delta_k=10_weighted=1_learnw=0,val,2345,proto,-0.02347981184720993,0.028700532391667366,-0.11049041360616683,-0.075814638286829,-0.10329978168010712,-0.013926311396062374,0.002782328962348398,0.8061674008810573,-0.02417883649468422,0.002157593611627817,0.0014585674507543445,0.03927198797464371,0.3548312187194824,0.5706111192703247,1.0,0.31883259911894274,0.30908590308370043,0.00974669603524229,1.0,,,cvar,/Users/yaniszaim/deephedging/.deephedging_real_runs/final_paper_notebook/panel_sweeps/XLF_full_paper_grid_800_step_robust/model_artifacts/seed_2345/risk_cvar/proto_source_spot_delta_k_10_weighted_1_learnw_0,39.0,0.09623976527454767,val_loss,0.03296278789639473,0.16281838715076447,0.032323788546255505,0.6894273127753304,454.0,20.0,2.0,spot_delta,10.0,True,False,0.23514485359191895,0.4754766523838043
proto_source=spot_delta_k=10_weighted=1_learnw=0,test,2345,proto,-0.022346673533320427,0.02549569495022297,-0.10703819766640663,-0.07268672622740269,-0.09485374391078949,-0.013958166353404522,0.00253378227353096,0.8662280701754386,-0.022650355473160744,0.0017859633080661297,0.0014822820667177439,0.039570774883031845,0.36712345480918884,0.573927104473114,1.0,0.3150219298245614,0.3059210526315789,0.009100877192982457,0.9978070175438597,,,cvar,/Users/yaniszaim/deephedging/.deephedging_real_runs/final_paper_notebook/panel_sweeps/XLF_full_paper_grid_800_step_robust/model_artifacts/seed_2345/risk_cvar/proto_source_spot_delta_k_10_weighted_1_learnw_0,39.0,0.09623976527454767,val_loss,0.03296278789639473,0.16281838715076447,0.032323788546255505,0.6894273127753304,456.0,20.0,2.0,spot_delta,10.0,True,False,0.23514485359191895,0.4754766523838043
proto_source=spot_delta_k=25_weighted=0_learnw=0,train,2345,proto,-0.024170543998479843,0.030018877238035202,-0.1277670867741108,-0.08005457855761051,-0.10887958854436874,-0.014934553764760494,0.004068188555538642,0.8411875589066918,-0.02521204575896263,0.0014477664371952415,0.00040626456029713154,0.03752077370882034,0.26586437225341797,0.3164728879928589,1.0,0.0033223374175306315,0.0033223374175306315,0.0,0.053251649387370405,,,cvar,/Users/yaniszaim/deephedging/.deephedging_real_runs/final_paper_notebook/panel_sweeps/XLF_full_paper_grid_800_step_robust/model_artifacts/seed_2345/risk_cvar/proto_source_spot_delta_k_25_weighted_0_learnw_0,69.0,0.09260664844885469,val_loss,0.03798975422978401,0.13706345856189728,0.0,0.0,2122.0,20.0,2.0,spot_delta,25.0,False,False,0.09816547483205795,0.26587507128715515
proto_source=spot_delta_k=25_weighted=0_learnw=0,val,2345,proto,-0.023726096376776695,0.028229467570781708,-0.10982532687485218,-0.07357577309012413,-0.0998104140162468,-0.014968596398830414,0.003590209945105016,0.8392070484581498,-0.02417883649468422,0.0008474492933601141,0.00039470623596571386,0.03660615533590317,0.2658630311489105,0.3159671723842621,1.0,0.002147577092511013,0.002147577092511013,0.0,0.05066079295154185,,,cvar,/Users/yaniszaim/deephedging/.deephedging_real_runs/final_paper_notebook/panel_sweeps/XLF_full_paper_grid_800_step_robust/model_artifacts/seed_2345/risk_cvar/proto_source_spot_delta_k_25_weighted_0_learnw_0,69.0,0.09260664844885469,val_loss,0.03798975422978401,0.13706345856189728,0.0,0.0,454.0,20.0,2.0,spot_delta,25.0,False,False,0.09816547483205795,0.26587507128715515
proto_source=spot_delta_k=25_weighted=0_learnw=0,test,2345,proto,-0.022139927372336388,0.026437092572450638,-0.11321779042482376,-0.07519964687526226,-0.09702067822217941,-0.013252205215394497,0.0041510125156491995,0.8552631578947368,-0.022650355473160744,0.0009107886580750346,0.0004003621870651841,0.037054210901260376,0.2658635377883911,0.3156312108039856,1.0,0.003125,0.003125,0.0,0.039473684210526314,,,cvar,/Users/yaniszaim/deephedging/.deephedging_real_runs/final_paper_notebook/panel_sweeps/XLF_full_paper_grid_800_step_robust/model_artifacts/seed_2345/risk_cvar/proto_source_spot_delta_k_25_weighted_0_learnw_0,69.0,0.09260664844885469,val_loss,0.03798975422978401,0.13706345856189728,0.0,0.0,456.0,20.0,2.0,spot_delta,25.0,False,False,0.09816547483205795,0.26587507128715515
proto_source=spot_delta_k=25_weighted=1_learnw=0,train,2345,proto,-0.02492690645158291,0.03214118629693985,-0.14030698135495184,-0.08293438553810119,-0.11876670271158218,-0.013927639927715063,0.0010403458494693024,0.8647502356267672,-0.02521204575896263,0.0004447727696970105,0.00015963116311468184,0.010897760279476643,0.24965524673461914,0.1480189561843872,1.0,0.0031927426955702166,0.0,0.0031927426955702166,0.014608859566446749,,,cvar,/Users/yaniszaim/deephedging/.deephedging_real_runs/final_paper_notebook/panel_sweeps/XLF_full_paper_grid_800_step_robust/model_artifacts/seed_2345/risk_cvar/proto_source_spot_delta_k_25_weighted_1_learnw_0,163.0,0.09282929902055222,val_loss,0.010054556652903557,0.0661088302731514,0.00022026431718061675,0.0022026431718061676,2122.0,20.0,2.0,spot_delta,25.0,True,False,0.12239722907543182,0.30423885583877563
proto_source=spot_delta_k=25_weighted=1_learnw=0,val,2345,proto,-0.02401512674987316,0.029401704668998718,-0.1106521513313055,-0.07765801846981049,-0.1045149713754654,-0.01366755785420537,0.0008683222491526972,0.8568281938325991,-0.02417883649468422,0.000293106451863423,0.0001293924724450335,0.01003015786409378,0.24965518712997437,0.1446722000837326,1.0,0.0005506607929515419,0.0,0.0005506607929515419,0.0022026431718061676,,,cvar,/Users/yaniszaim/deephedging/.deephedging_real_runs/final_paper_notebook/panel_sweeps/XLF_full_paper_grid_800_step_robust/model_artifacts/seed_2345/risk_cvar/proto_source_spot_delta_k_25_weighted_1_learnw_0,163.0,0.09282929902055222,val_loss,0.010054556652903557,0.0661088302731514,0.00022026431718061675,0.0022026431718061676,454.0,20.0,2.0,spot_delta,25.0,True,False,0.12239722907543182,0.30423885583877563
proto_source=spot_delta_k=25_weighted=1_learnw=0,test,2345,proto,-0.02235471084713936,0.027584010735154152,-0.12500173039734364,-0.07547269761562347,-0.10104033350944519,-0.013172139413654804,0.0008272565464721993,0.8706140350877193,-0.022650355473160744,0.0004602403787430376,0.00016459840117022395,0.010957098565995693,0.24965526163578033,0.14815197885036469,1.0,0.0030701754385964912,0.0,0.0030701754385964912,0.015350877192982455,,,cvar,/Users/yaniszaim/deephedging/.deephedging_real_runs/final_paper_notebook/panel_sweeps/XLF_full_paper_grid_800_step_robust/model_artifacts/seed_2345/risk_cvar/proto_source_spot_delta_k_25_weighted_1_learnw_0,163.0,0.09282929902055222,val_loss,0.010054556652903557,0.0661088302731514,0.00022026431718061675,0.0022026431718061676,456.0,20.0,2.0,spot_delta,25.0,True,False,0.12239722907543182,0.30423885583877563
proto_source=spot_delta_k=50_weighted=0_learnw=0,train,2345,proto,-0.025384167209267616,0.032008133828639984,-0.13796166941523552,-0.08251075446605682,-0.11922069638967514,-0.014470024034380913,0.0003073005980695597,0.9264844486333648,-0.02521204575896263,0.00024186632072087377,0.0004139884258620441,0.018016573041677475,0.3033432066440582,0.16247966885566711,1.0,0.013949104618284637,0.0,0.013949104618284637,0.0706880301602262,,,cvar,/Users/yaniszaim/deephedging/.deephedging_real_runs/final_paper_notebook/panel_sweeps/XLF_full_paper_grid_800_step_robust/model_artifacts/seed_2345/risk_cvar/proto_source_spot_delta_k_50_weighted_0_learnw_0,34.0,0.09323225993521528,val_loss,0.011518226005136967,0.09940892457962036,0.0019273127753303965,0.00881057268722467,2122.0,20.0,2.0,spot_delta,50.0,False,False,0.09080652892589569,0.32109805941581726
proto_source=spot_delta_k=50_weighted=0_learnw=0,val,2345,proto,-0.024553457275032997,0.03099730797111988,-0.11274870023131371,-0.07936809808015824,-0.11102983355522156,-0.013796940445899963,0.0006239515030756571,0.9008810572687225,-0.02417883649468422,9.901624252961483e-06,0.0003845193423330784,0.017304496839642525,0.3033430576324463,0.16063496470451355,1.0,0.012444933920704846,0.0,0.012444933920704846,0.05506607929515418,,,cvar,/Users/yaniszaim/deephedging/.deephedging_real_runs/final_paper_notebook/panel_sweeps/XLF_full_paper_grid_800_step_robust/model_artifacts/seed_2345/risk_cvar/proto_source_spot_delta_k_50_weighted_0_learnw_0,34.0,0.09323225993521528,val_loss,0.011518226005136967,0.09940892457962036,0.0019273127753303965,0.00881057268722467,454.0,20.0,2.0,spot_delta,50.0,False,False,0.09080652892589569,0.32109805941581726
proto_source=spot_delta_k=50_weighted=0_learnw=0,test,2345,proto,-0.022810963913798332,0.028181802481412888,-0.12603532671928405,-0.07531725987792015,-0.10585550963878632,-0.012989240232855082,0.00039514930540462956,0.9210526315789473,-0.022650355473160744,0.00021679124620277435,0.00037739903200417757,0.01702357828617096,0.30334317684173584,0.15378287434577942,1.0,0.010416666666666666,0.0,0.010416666666666666,0.04824561403508772,,,cvar,/Users/yaniszaim/deephedging/.deephedging_real_runs/final_paper_notebook/panel_sweeps/XLF_full_paper_grid_800_step_robust/model_artifacts/seed_2345/risk_cvar/proto_source_spot_delta_k_50_weighted_0_learnw_0,34.0,0.09323225993521528,val_loss,0.011518226005136967,0.09940892457962036,0.0019273127753303965,0.00881057268722467,456.0,20.0,2.0,spot_delta,50.0,False,False,0.09080652892589569,0.32109805941581726
proto_source=spot_delta_k=50_weighted=1_learnw=0,train,2345,proto,-0.024685395881533623,0.03068077564239502,-0.13115866616368294,-0.08134041801095007,-0.11374513059854507,-0.013897602912038565,0.001544557127635923,0.8878416588124411,-0.02521204575896263,0.0007847063825465739,0.00025805510813370347,0.029016179963946342,0.3946957588195801,0.2770247161388397,1.0,0.0012370405278039585,0.0012370405278039585,0.0,0.012723845428840716,,,cvar,/Users/yaniszaim/deephedging/.deephedging_real_runs/final_paper_notebook/panel_sweeps/XLF_full_paper_grid_800_step_robust/model_artifacts/seed_2345/risk_cvar/proto_source_spot_delta_k_50_weighted_1_learnw_0,106.0,0.09283963917754591,val_loss,0.030897079035639763,0.11134651303291321,0.0,0.0,2122.0,20.0,2.0,spot_delta,50.0,True,False,0.13031183183193207,0.3950534164905548
proto_source=spot_delta_k=50_weighted=1_learnw=0,val,2345,proto,-0.023781277239322662,0.028888018801808357,-0.10928420409560204,-0.07501992881298065,-0.10321259498596191,-0.013273263350129128,0.0018993226578459118,0.8700440528634361,-0.02417883649468422,0.0006543228519149125,0.00025675856159068644,0.02883358858525753,0.3256451487541199,0.2760593295097351,0.9651175141334534,0.0,0.0,0.0,0.0,,,cvar,/Users/yaniszaim/deephedging/.deephedging_real_runs/final_paper_notebook/panel_sweeps/XLF_full_paper_grid_800_step_robust/model_artifacts/seed_2345/risk_cvar/proto_source_spot_delta_k_50_weighted_1_learnw_0,106.0,0.09283963917754591,val_loss,0.030897079035639763,0.11134651303291321,0.0,0.0,454.0,20.0,2.0,spot_delta,50.0,True,False,0.13031183183193207,0.3950534164905548
proto_source=spot_delta_k=50_weighted=1_learnw=0,test,2345,proto,-0.022485343739390373,0.026436980813741684,-0.12377156913280488,-0.0738730188459158,-0.09990925341844559,-0.013559617567807436,0.000931930189835839,0.9057017543859649,-0.022650355473160744,0.00041947545832954347,0.000254465383477509,0.028628399595618248,0.3933178186416626,0.2768810987472534,1.0,0.0004385964912280702,0.0004385964912280702,0.0,0.0043859649122807015,,,cvar,/Users/yaniszaim/deephedging/.deephedging_real_runs/final_paper_notebook/panel_sweeps/XLF_full_paper_grid_800_step_robust/model_artifacts/seed_2345/risk_cvar/proto_source_spot_delta_k_50_weighted_1_learnw_0,106.0,0.09283963917754591,val_loss,0.030897079035639763,0.11134651303291321,0.0,0.0,456.0,20.0,2.0,spot_delta,50.0,True,False,0.13031183183193207,0.3950534164905548
proto_source=spot_delta_k=100_weighted=0_learnw=0,train,2345,proto,-0.027290811762213707,0.033041272312402725,-0.14800453558564186,-0.09013083316385746,-0.12521837651729584,-0.015569249633699656,-0.0004473136737942708,0.9575871819038643,-0.02521204575896263,0.0003005342441610992,0.002379298210144043,0.0382617749273777,0.17255333065986633,0.5284850001335144,1.0,0.20101319509896323,0.0,0.20101319509896323,0.6121583411875589,,,cvar,/Users/yaniszaim/deephedging/.deephedging_real_runs/final_paper_notebook/panel_sweeps/XLF_full_paper_grid_800_step_robust/model_artifacts/seed_2345/risk_cvar/proto_source_spot_delta_k_100_weighted_0_learnw_0,13.0,0.09364234862693212,val_loss,0.01731734722852707,0.1406894326210022,0.0030286343612334803,0.011013215859030838,2122.0,20.0,2.0,spot_delta,100.0,False,False,0.09906437993049622,0.1907341331243515
proto_source=spot_delta_k=100_weighted=0_learnw=0,val,2345,proto,-0.0262845940887928,0.030867837369441986,-0.12039199709892273,-0.08262456208467484,-0.11286240071058273,-0.015012864954769611,-0.0006681390106678025,0.9669603524229075,-0.02417883649468422,0.00028683801065199077,0.0023925933055579662,0.038089118897914886,0.17255330085754395,0.5258066654205322,1.0,0.19421806167400882,0.0,0.19421806167400882,0.6233480176211453,,,cvar,/Users/yaniszaim/deephedging/.deephedging_real_runs/final_paper_notebook/panel_sweeps/XLF_full_paper_grid_800_step_robust/model_artifacts/seed_2345/risk_cvar/proto_source_spot_delta_k_100_weighted_0_learnw_0,13.0,0.09364234862693212,val_loss,0.01731734722852707,0.1406894326210022,0.0030286343612334803,0.011013215859030838,454.0,20.0,2.0,spot_delta,100.0,False,False,0.09906437993049622,0.1907341331243515
proto_source=spot_delta_k=100_weighted=0_learnw=0,test,2345,proto,-0.024704882875084877,0.02901863120496273,-0.1335138589143753,-0.08061900176107883,-0.11036738008260727,-0.014737604651600122,-0.0003794764925260097,0.9583333333333334,-0.022650355473160744,0.0003325212455820292,0.0023870484437793493,0.03817351907491684,0.17255330085754395,0.525357723236084,1.0,0.19577850877192982,0.0,0.19577850877192982,0.618421052631579,,,cvar,/Users/yaniszaim/deephedging/.deephedging_real_runs/final_paper_notebook/panel_sweeps/XLF_full_paper_grid_800_step_robust/model_artifacts/seed_2345/risk_cvar/proto_source_spot_delta_k_100_weighted_0_learnw_0,13.0,0.09364234862693212,val_loss,0.01731734722852707,0.1406894326210022,0.0030286343612334803,0.011013215859030838,456.0,20.0,2.0,spot_delta,100.0,False,False,0.09906437993049622,0.1907341331243515
proto_source=spot_delta_k=100_weighted=1_learnw=0,train,2345,proto,-0.025260353460907936,0.031475841999053955,-0.13912161514163018,-0.08304846026003361,-0.11766066402196884,-0.0141464127227664,0.0006175449118018142,0.9015080113100848,-0.02521204575896263,0.00019173738837707788,0.000240043067606166,0.013401082716882229,0.1791243851184845,0.1719369739294052,1.0,0.0002120640904806786,0.0,0.0002120640904806786,0.000471253534401508,,,cvar,/Users/yaniszaim/deephedging/.deephedging_real_runs/final_paper_notebook/panel_sweeps/XLF_full_paper_grid_800_step_robust/model_artifacts/seed_2345/risk_cvar/proto_source_spot_delta_k_100_weighted_1_learnw_0,10.0,0.09320428274377017,val_loss,0.01299333106726408,0.09644432365894318,0.0006607929515418502,0.0022026431718061676,2122.0,20.0,2.0,spot_delta,100.0,True,False,0.07333850860595703,0.23187188804149628
proto_source=spot_delta_k=100_weighted=1_learnw=0,val,2345,proto,-0.0240656565874815,0.02941441349685192,-0.11192012250423432,-0.0779274933040142,-0.1048647090792656,-0.013943626079708338,0.0006069320021197176,0.8788546255506607,-0.02417883649468422,0.00033732817973941565,0.00022414451814256608,0.013107864186167717,0.09268024563789368,0.17040203511714935,0.4602969288825989,0.0,0.0,0.0,0.0,,,cvar,/Users/yaniszaim/deephedging/.deephedging_real_runs/final_paper_notebook/panel_sweeps/XLF_full_paper_grid_800_step_robust/model_artifacts/seed_2345/risk_cvar/proto_source_spot_delta_k_100_weighted_1_learnw_0,10.0,0.09320428274377017,val_loss,0.01299333106726408,0.09644432365894318,0.0006607929515418502,0.0022026431718061676,454.0,20.0,2.0,spot_delta,100.0,True,False,0.07333850860595703,0.23187188804149628
proto_source=spot_delta_k=100_weighted=1_learnw=0,test,2345,proto,-0.022787177935242653,0.02719593048095703,-0.12354983203113079,-0.07683011330664158,-0.10145214200019836,-0.013283214531838894,0.0006161591882118955,0.9035087719298246,-0.022650355473160744,0.00010506538092158735,0.0002418884396320209,0.013380071148276329,0.1806177794933319,0.17116989195346832,1.0,0.0010964912280701754,0.0,0.0010964912280701754,0.0021929824561403508,,,cvar,/Users/yaniszaim/deephedging/.deephedging_real_runs/final_paper_notebook/panel_sweeps/XLF_full_paper_grid_800_step_robust/model_artifacts/seed_2345/risk_cvar/proto_source_spot_delta_k_100_weighted_1_learnw_0,10.0,0.09320428274377017,val_loss,0.01299333106726408,0.09644432365894318,0.0006607929515418502,0.0022026431718061676,456.0,20.0,2.0,spot_delta,100.0,True,False,0.07333850860595703,0.23187188804149628
proto_source=vanilla_k=10_weighted=0_learnw=0,train,2345,proto,-0.025026485323905945,0.029918575659394264,-0.13416798785328865,-0.0808083564043045,-0.11334317922592163,-0.01408036658540368,2.9582010756710754e-05,0.9481621112158342,-0.02521204575896263,0.000509485777001828,0.00032392304274253547,0.026735883206129074,0.17356546223163605,0.31422728300094604,1.0,0.12098256361922714,0.12098256361922714,0.0,0.9943449575871819,,,cvar,/Users/yaniszaim/deephedging/.deephedging_real_runs/final_paper_notebook/panel_sweeps/XLF_full_paper_grid_800_step_robust/model_artifacts/seed_2345/risk_cvar/proto_source_vanilla_k_10_weighted_0_learnw_0,724.0,0.09297418975271285,val_loss,0.023239897564053535,0.1456688940525055,0.0,0.0,2122.0,20.0,2.0,vanilla,10.0,False,False,0.0803888812661171,0.18108206987380981
proto_source=vanilla_k=10_weighted=0_learnw=0,val,2345,proto,-0.023859689012169838,0.028058845549821854,-0.10715331055223942,-0.0757349245250225,-0.10139165073633194,-0.01342468848451972,0.00015427822800120197,0.9427312775330396,-0.02417883649468422,0.0006403736770153046,0.0003212240117136389,0.02669026143848896,0.10109633952379227,0.3151989281177521,1.0,0.12208149779735683,0.12208149779735683,0.0,1.0,,,cvar,/Users/yaniszaim/deephedging/.deephedging_real_runs/final_paper_notebook/panel_sweeps/XLF_full_paper_grid_800_step_robust/model_artifacts/seed_2345/risk_cvar/proto_source_vanilla_k_10_weighted_0_learnw_0,724.0,0.09297418975271285,val_loss,0.023239897564053535,0.1456688940525055,0.0,0.0,454.0,20.0,2.0,vanilla,10.0,False,False,0.0803888812661171,0.18108206987380981
proto_source=vanilla_k=10_weighted=0_learnw=0,test,2345,proto,-0.022776640951633453,0.02596966177225113,-0.11410844810307026,-0.0744407344609499,-0.0983361229300499,-0.013324792496860027,-0.00019562373199732974,0.956140350877193,-0.022650355473160744,0.0001948956196429208,0.0003211803559679538,0.026724953204393387,0.16126784682273865,0.3145805895328522,1.0,0.12099780701754385,0.12099780701754385,0.0,0.993421052631579,,,cvar,/Users/yaniszaim/deephedging/.deephedging_real_runs/final_paper_notebook/panel_sweeps/XLF_full_paper_grid_800_step_robust/model_artifacts/seed_2345/risk_cvar/proto_source_vanilla_k_10_weighted_0_learnw_0,724.0,0.09297418975271285,val_loss,0.023239897564053535,0.1456688940525055,0.0,0.0,456.0,20.0,2.0,vanilla,10.0,False,False,0.0803888812661171,0.18108206987380981
proto_source=vanilla_k=10_weighted=1_learnw=0,train,2345,proto,-0.02543204091489315,0.03200286999344826,-0.13904904678463936,-0.08399979025125504,-0.11904030293226242,-0.013937101233750582,0.0008265536656836035,0.8826578699340245,-0.02521204575896263,0.00024445742019452155,0.00046445062616840005,0.013473629020154476,0.11168504506349564,0.06051664426922798,0.2040223926305771,0.0,0.0,0.0,0.0,,,cvar,/Users/yaniszaim/deephedging/.deephedging_real_runs/final_paper_notebook/panel_sweeps/XLF_full_paper_grid_800_step_robust/model_artifacts/seed_2345/risk_cvar/proto_source_vanilla_k_10_weighted_1_learnw_0,5.0,0.09321615915745497,val_loss,0.007807344198226929,0.03756856545805931,0.0,0.0,2122.0,20.0,2.0,vanilla,10.0,True,False,0.08451803773641586,0.15720731019973755
proto_source=vanilla_k=10_weighted=1_learnw=0,val,2345,proto,-0.024364132434129715,0.029968345537781715,-0.11541093282401561,-0.07836990691721439,-0.10646902024745941,-0.014247973449528217,0.0008352689648745573,0.8568281938325991,-0.02417883649468422,0.0002811372687574476,0.00046643122914247215,0.01345258578658104,0.08386634290218353,0.0606708824634552,0.20453472435474396,0.0,0.0,0.0,0.0,,,cvar,/Users/yaniszaim/deephedging/.deephedging_real_runs/final_paper_notebook/panel_sweeps/XLF_full_paper_grid_800_step_robust/model_artifacts/seed_2345/risk_cvar/proto_source_vanilla_k_10_weighted_1_learnw_0,5.0,0.09321615915745497,val_loss,0.007807344198226929,0.03756856545805931,0.0,0.0,454.0,20.0,2.0,vanilla,10.0,True,False,0.08451803773641586,0.15720731019973755
proto_source=vanilla_k=10_weighted=1_learnw=0,test,2345,proto,-0.02290435880422592,0.027950892224907875,-0.12796751745045185,-0.07923489809036255,-0.10337109118700027,-0.013494998216629028,0.000647170003503561,0.8969298245614035,-0.022650355473160744,0.0002165777696063742,0.00047058166819624603,0.013653233647346497,0.11384258419275284,0.060377027839422226,0.20730498433113098,0.0,0.0,0.0,0.0,,,cvar,/Users/yaniszaim/deephedging/.deephedging_real_runs/final_paper_notebook/panel_sweeps/XLF_full_paper_grid_800_step_robust/model_artifacts/seed_2345/risk_cvar/proto_source_vanilla_k_10_weighted_1_learnw_0,5.0,0.09321615915745497,val_loss,0.007807344198226929,0.03756856545805931,0.0,0.0,456.0,20.0,2.0,vanilla,10.0,True,False,0.08451803773641586,0.15720731019973755
proto_source=vanilla_k=25_weighted=0_learnw=0,train,2345,proto,-0.02524363063275814,0.031972143799066544,-0.13991089925169944,-0.08509586304426194,-0.11768016964197159,-0.014408186078071594,0.0011589989648200555,0.84684260131951,-0.02521204575896263,0.0002470334875397384,0.0002786180702969432,0.013128302991390228,0.24629640579223633,0.040567830204963684,1.0,0.002238454288407163,0.002238454288407163,0.0,0.01649387370405278,,,cvar,/Users/yaniszaim/deephedging/.deephedging_real_runs/final_paper_notebook/panel_sweeps/XLF_full_paper_grid_800_step_robust/model_artifacts/seed_2345/risk_cvar/proto_source_vanilla_k_25_weighted_0_learnw_0,159.0,0.0934278727382922,val_loss,0.011212899349629879,0.030979853123426437,0.0003303964757709251,0.0022026431718061676,2122.0,20.0,2.0,vanilla,25.0,False,False,0.10855211317539215,0.26440343260765076
proto_source=vanilla_k=25_weighted=0_learnw=0,val,2345,proto,-0.024346686899662018,0.030108219012618065,-0.11507420510053634,-0.07943962328135967,-0.10673228651285172,-0.014268021564930677,0.0010684284323360762,0.8392070484581498,-0.02417883649468422,8.321407221956179e-05,0.0002510632330086082,0.012184812687337399,0.24617528915405273,0.03607553988695145,1.0,0.0007158590308370044,0.0007158590308370044,0.0,0.00881057268722467,,,cvar,/Users/yaniszaim/deephedging/.deephedging_real_runs/final_paper_notebook/panel_sweeps/XLF_full_paper_grid_800_step_robust/model_artifacts/seed_2345/risk_cvar/proto_source_vanilla_k_25_weighted_0_learnw_0,159.0,0.0934278727382922,val_loss,0.011212899349629879,0.030979853123426437,0.0003303964757709251,0.0022026431718061676,454.0,20.0,2.0,vanilla,25.0,False,False,0.10855211317539215,0.26440343260765076
proto_source=vanilla_k=25_weighted=0_learnw=0,test,2345,proto,-0.02271806076169014,0.027910370379686356,-0.12050819657742977,-0.07847611978650093,-0.1021713986992836,-0.013033556751906872,0.0012606218515429646,0.8442982456140351,-0.022650355473160744,0.0002042725245701149,0.0002719793119467795,0.012873423285782337,0.24629640579223633,0.040486179292201996,1.0,0.001699561403508772,0.001699561403508772,0.0,0.015350877192982455,,,cvar,/Users/yaniszaim/deephedging/.deephedging_real_runs/final_paper_notebook/panel_sweeps/XLF_full_paper_grid_800_step_robust/model_artifacts/seed_2345/risk_cvar/proto_source_vanilla_k_25_weighted_0_learnw_0,159.0,0.0934278727382922,val_loss,0.011212899349629879,0.030979853123426437,0.0003303964757709251,0.0022026431718061676,456.0,20.0,2.0,vanilla,25.0,False,False,0.10855211317539215,0.26440343260765076
proto_source=vanilla_k=25_weighted=1_learnw=0,train,2345,proto,-0.02843834087252617,0.03124464675784111,-0.1424674415588379,-0.08581824041903019,-0.11961188167333603,-0.019241098314523697,0.003284416208043691,0.9081055607917059,-0.02521204575896263,0.0002604189212433994,0.003486713394522667,0.09623806923627853,0.24269844591617584,0.25508397817611694,1.0,0.01357210179076343,0.01357210179076343,0.0,0.31479736098020733,,,cvar,/Users/yaniszaim/deephedging/.deephedging_real_runs/final_paper_notebook/panel_sweeps/XLF_full_paper_grid_800_step_robust/model_artifacts/seed_2345/risk_cvar/proto_source_vanilla_k_25_weighted_1_learnw_0,560.0,0.09384810742944692,val_loss,0.010425644926726818,0.0884280651807785,5.506607929515419e-05,0.0022026431718061676,2122.0,20.0,2.0,vanilla,25.0,True,False,0.1263577789068222,0.3221226930618286
proto_source=vanilla_k=25_weighted=1_learnw=0,val,2345,proto,-0.02751205675303936,0.02880563773214817,-0.10982241958379746,-0.07736658938229084,-0.10579037666320801,-0.01953913550823927,0.00177730786381289,0.9185022026431718,-0.02417883649468422,0.0001998451625695452,0.003533062059432268,0.09768161177635193,0.24269844591617584,0.25545012950897217,1.0,0.013491189427312776,0.013491189427312776,0.0,0.3436123348017621,,,cvar,/Users/yaniszaim/deephedging/.deephedging_real_runs/final_paper_notebook/panel_sweeps/XLF_full_paper_grid_800_step_robust/model_artifacts/seed_2345/risk_cvar/proto_source_vanilla_k_25_weighted_1_learnw_0,560.0,0.09384810742944692,val_loss,0.010425644926726818,0.0884280651807785,5.506607929515419e-05,0.0022026431718061676,454.0,20.0,2.0,vanilla,25.0,True,False,0.1263577789068222,0.3221226930618286
proto_source=vanilla_k=25_weighted=1_learnw=0,test,2345,proto,-0.026163607835769653,0.028118524700403214,-0.12689813748002052,-0.0797546561807394,-0.10760889202356339,-0.01911727897822857,0.0027779036900028586,0.881578947368421,-0.022650355473160744,2.2398928194888867e-05,0.0035356502048671246,0.09769145399332047,0.24269843101501465,0.25409144163131714,1.0,0.01162280701754386,0.01162280701754386,0.0,0.2719298245614035,,,cvar,/Users/yaniszaim/deephedging/.deephedging_real_runs/final_paper_notebook/panel_sweeps/XLF_full_paper_grid_800_step_robust/model_artifacts/seed_2345/risk_cvar/proto_source_vanilla_k_25_weighted_1_learnw_0,560.0,0.09384810742944692,val_loss,0.010425644926726818,0.0884280651807785,5.506607929515419e-05,0.0022026431718061676,456.0,20.0,2.0,vanilla,25.0,True,False,0.1263577789068222,0.3221226930618286
proto_source=vanilla_k=50_weighted=0_learnw=0,train,2345,proto,-0.025243662297725677,0.03213714063167572,-0.13794093012809752,-0.0846471820026636,-0.11914118379354477,-0.013728030025959015,0.0008689712645718822,0.8746465598491989,-0.02521204575896263,8.694600546732545e-05,0.00011856001219712198,0.007418017368763685,0.09360305964946747,0.037737466394901276,0.5548104643821716,0.0,0.0,0.0,0.0,,,cvar,/Users/yaniszaim/deephedging/.deephedging_real_runs/final_paper_notebook/panel_sweeps/XLF_full_paper_grid_800_step_robust/model_artifacts/seed_2345/risk_cvar/proto_source_vanilla_k_50_weighted_0_learnw_0,5.0,0.09324943992774934,val_loss,0.0071853166446089745,0.03667174279689789,0.0,0.0,2122.0,20.0,2.0,vanilla,50.0,False,False,0.09413634985685349,0.1536337435245514
proto_source=vanilla_k=50_weighted=0_learnw=0,val,2345,proto,-0.02425312250852585,0.030020397156476974,-0.1156857317686081,-0.0785285834223032,-0.10655541718006134,-0.013890586327761412,0.0008094902528682708,0.8766519823788547,-0.02417883649468422,4.222774805384688e-05,0.00011651127715595067,0.007319895550608635,0.08802533894777298,0.03707220405340195,0.10586818307638168,0.0,0.0,0.0,0.0,,,cvar,/Users/yaniszaim/deephedging/.deephedging_real_runs/final_paper_notebook/panel_sweeps/XLF_full_paper_grid_800_step_robust/model_artifacts/seed_2345/risk_cvar/proto_source_vanilla_k_50_weighted_0_learnw_0,5.0,0.09324943992774934,val_loss,0.0071853166446089745,0.03667174279689789,0.0,0.0,454.0,20.0,2.0,vanilla,50.0,False,False,0.09413634985685349,0.1536337435245514
proto_source=vanilla_k=50_weighted=0_learnw=0,test,2345,proto,-0.022756502032279968,0.028025073930621147,-0.12839508280158043,-0.07827038131654263,-0.10329651087522507,-0.013080170843750238,0.0006913225806783885,0.881578947368421,-0.022650355473160744,1.1229979463678319e-05,0.00011737760360119864,0.0073515078984200954,0.08985542505979538,0.037387918680906296,0.507827877998352,0.0,0.0,0.0,0.0,,,cvar,/Users/yaniszaim/deephedging/.deephedging_real_runs/final_paper_notebook/panel_sweeps/XLF_full_paper_grid_800_step_robust/model_artifacts/seed_2345/risk_cvar/proto_source_vanilla_k_50_weighted_0_learnw_0,5.0,0.09324943992774934,val_loss,0.0071853166446089745,0.03667174279689789,0.0,0.0,456.0,20.0,2.0,vanilla,50.0,False,False,0.09413634985685349,0.1536337435245514
proto_source=vanilla_k=50_weighted=1_learnw=0,train,2345,proto,-0.02540033496916294,0.03212236240506172,-0.1391131366789341,-0.08443090729415416,-0.11931703984737396,-0.014049214776605368,0.0006833917519543258,0.8934967012252591,-0.02521204575896263,0.00025671327603049576,0.0004449999541975558,0.012017609551548958,0.09499304741621017,0.07932016998529434,0.38870683312416077,0.0,0.0,0.0,0.0,,,cvar,/Users/yaniszaim/deephedging/.deephedging_real_runs/final_paper_notebook/panel_sweeps/XLF_full_paper_grid_800_step_robust/model_artifacts/seed_2345/risk_cvar/proto_source_vanilla_k_50_weighted_1_learnw_0,6.0,0.09329850177979097,val_loss,0.005584686528891325,0.0396401546895504,0.0,0.0,2122.0,20.0,2.0,vanilla,50.0,True,False,0.079069122672081,0.15734046697616577
proto_source=vanilla_k=50_weighted=1_learnw=0,val,2345,proto,-0.02440330572426319,0.029901251196861267,-0.11535324424505233,-0.07852970473468304,-0.10633745044469833,-0.013998268637806177,0.0005979887209832641,0.8986784140969163,-0.02417883649468422,0.0002202779141953215,0.00044474450987763703,0.011934780515730381,0.08668515831232071,0.08001422137022018,0.30971384048461914,0.0,0.0,0.0,0.0,,,cvar,/Users/yaniszaim/deephedging/.deephedging_real_runs/final_paper_notebook/panel_sweeps/XLF_full_paper_grid_800_step_robust/model_artifacts/seed_2345/risk_cvar/proto_source_vanilla_k_50_weighted_1_learnw_0,6.0,0.09329850177979097,val_loss,0.005584686528891325,0.0396401546895504,0.0,0.0,454.0,20.0,2.0,vanilla,50.0,True,False,0.079069122672081,0.15734046697616577
proto_source=vanilla_k=50_weighted=1_learnw=0,test,2345,proto,-0.022884460166096687,0.027947481721639633,-0.12783998511731626,-0.07817198149859905,-0.1031045988202095,-0.01315735187381506,0.000671977162710391,0.8969298245614035,-0.022650355473160744,0.00020260394376236945,0.0004367119981907308,0.01184948068112135,0.09484802186489105,0.07686517387628555,0.37587660551071167,0.0,0.0,0.0,0.0,,,cvar,/Users/yaniszaim/deephedging/.deephedging_real_runs/final_paper_notebook/panel_sweeps/XLF_full_paper_grid_800_step_robust/model_artifacts/seed_2345/risk_cvar/proto_source_vanilla_k_50_weighted_1_learnw_0,6.0,0.09329850177979097,val_loss,0.005584686528891325,0.0396401546895504,0.0,0.0,456.0,20.0,2.0,vanilla,50.0,True,False,0.079069122672081,0.15734046697616577
proto_source=vanilla_k=100_weighted=0_learnw=0,train,2345,proto,-0.02517704851925373,0.032048389315605164,-0.14004433259367943,-0.0847794946283102,-0.11867643147706985,-0.014190477784723043,0.0007232652074890182,0.8496701225259189,-0.02521204575896263,0.00013896057498641312,0.00010396103607490659,0.007379370275884867,0.10060489177703857,0.04269804805517197,0.6161376237869263,0.0,0.0,0.0,0.0,,,cvar,/Users/yaniszaim/deephedging/.deephedging_real_runs/final_paper_notebook/panel_sweeps/XLF_full_paper_grid_800_step_robust/model_artifacts/seed_2345/risk_cvar/proto_source_vanilla_k_100_weighted_0_learnw_0,9.0,0.09311107699526473,val_loss,0.00614905497059226,0.03099266067147255,0.0,0.0,2122.0,20.0,2.0,vanilla,100.0,False,False,0.06342378258705139,0.14993590116500854
proto_source=vanilla_k=100_weighted=0_learnw=0,val,2345,proto,-0.02420310489833355,0.029901454225182533,-0.11387800075113773,-0.07888346761465073,-0.10610806196928024,-0.014221844729036093,0.0006194305489771066,0.8414096916299559,-0.02417883649468422,7.615763752255589e-05,0.00010042257781606168,0.007206391543149948,0.07075759023427963,0.042513877153396606,0.17917366325855255,0.0,0.0,0.0,0.0,,,cvar,/Users/yaniszaim/deephedging/.deephedging_real_runs/final_paper_notebook/panel_sweeps/XLF_full_paper_grid_800_step_robust/model_artifacts/seed_2345/risk_cvar/proto_source_vanilla_k_100_weighted_0_learnw_0,9.0,0.09311107699526473,val_loss,0.00614905497059226,0.03099266067147255,0.0,0.0,454.0,20.0,2.0,vanilla,100.0,False,False,0.06342378258705139,0.14993590116500854
proto_source=vanilla_k=100_weighted=0_learnw=0,test,2345,proto,-0.022580355405807495,0.02777605503797531,-0.12497998327016831,-0.07678578235208988,-0.10213517397642136,-0.013210744131356478,0.0006057381251594052,0.8486842105263158,-0.022650355473160744,0.00017371120338793844,0.00010371327516622841,0.007325942162424326,0.10061197727918625,0.04151987284421921,0.657826840877533,0.0,0.0,0.0,0.0,,,cvar,/Users/yaniszaim/deephedging/.deephedging_real_runs/final_paper_notebook/panel_sweeps/XLF_full_paper_grid_800_step_robust/model_artifacts/seed_2345/risk_cvar/proto_source_vanilla_k_100_weighted_0_learnw_0,9.0,0.09311107699526473,val_loss,0.00614905497059226,0.03099266067147255,0.0,0.0,456.0,20.0,2.0,vanilla,100.0,False,False,0.06342378258705139,0.14993590116500854
proto_source=vanilla_k=100_weighted=1_learnw=0,train,2345,proto,-0.025244470685720444,0.030031895264983177,-0.13286452502012253,-0.08056619726121425,-0.1138383224606514,-0.014354337938129902,0.00013345465704332423,0.943449575871819,-0.02521204575896263,0.0005437799263745546,0.0005762040964327753,0.03306284919381142,0.09201561659574509,0.2996708154678345,1.0,0.09998821866163997,0.09998821866163997,0.0,1.0,,,cvar,/Users/yaniszaim/deephedging/.deephedging_real_runs/final_paper_notebook/panel_sweeps/XLF_full_paper_grid_800_step_robust/model_artifacts/seed_2345/risk_cvar/proto_source_vanilla_k_100_weighted_1_learnw_0,19.0,0.09434105042495358,val_loss,0.02616746909916401,0.2101934403181076,0.011674008810572687,0.36123348017621143,2122.0,20.0,2.0,vanilla,100.0,True,False,0.07835039496421814,0.16847367584705353
proto_source=vanilla_k=100_weighted=1_learnw=0,val,2345,proto,-0.024126477539539337,0.02806578017771244,-0.10882909521460533,-0.0736330159008503,-0.10168574005365372,-0.014124847017228603,0.00016556641930946673,0.9405286343612335,-0.02417883649468422,0.0006264590192586184,0.0005740966298617423,0.03303908184170723,0.09201373904943466,0.299563467502594,1.0,0.1,0.1,0.0,1.0,,,cvar,/Users/yaniszaim/deephedging/.deephedging_real_runs/final_paper_notebook/panel_sweeps/XLF_full_paper_grid_800_step_robust/model_artifacts/seed_2345/risk_cvar/proto_source_vanilla_k_100_weighted_1_learnw_0,19.0,0.09434105042495358,val_loss,0.02616746909916401,0.2101934403181076,0.011674008810572687,0.36123348017621143,454.0,20.0,2.0,vanilla,100.0,True,False,0.07835039496421814,0.16847367584705353
proto_source=vanilla_k=100_weighted=1_learnw=0,test,2345,proto,-0.02299700863659382,0.026094060391187668,-0.11948278844356537,-0.07558971270918846,-0.09922800958156586,-0.013346356805413961,-0.00010836477304110304,0.956140350877193,-0.022650355473160744,0.0002297274477314204,0.0005763828521594405,0.03307165950536728,0.09197594225406647,0.2996707856655121,1.0,0.1,0.1,0.0,1.0,,,cvar,/Users/yaniszaim/deephedging/.deephedging_real_runs/final_paper_notebook/panel_sweeps/XLF_full_paper_grid_800_step_robust/model_artifacts/seed_2345/risk_cvar/proto_source_vanilla_k_100_weighted_1_learnw_0,19.0,0.09434105042495358,val_loss,0.02616746909916401,0.2101934403181076,0.011674008810572687,0.36123348017621143,456.0,20.0,2.0,vanilla,100.0,True,False,0.07835039496421814,0.16847367584705353
unhedged,train,3456,baseline,-0.02522885799407959,0.032178960740566254,-0.13866347193717957,-0.08492458462715148,-0.11867554485797882,-0.01430732011795044,-0.0,0.6357210179076344,-0.02522885799407959,0.0,0.0,0.0,0.0,0.0,0.0,0.0,0.0,0.0,0.0,,,,,,,,,,,,,,,,,,,,
spot_delta,train,3456,baseline,-0.024989034980535507,0.031967032700777054,-0.13779136210680007,-0.0853058736771345,-0.1168743446469307,-0.01538847666233778,0.006346668512560427,0.8077285579641847,-0.02522885799407959,0.0005246498622000217,0.00028482655761763453,0.035461653023958206,0.6902719736099243,0.25667503476142883,0.6902719736099243,0.0,0.0,0.0,0.0,,,,,,,,,,,,,,,,,,,,
spot_delta_band,train,3456,baseline,-0.024989034980535507,0.031967032700777054,-0.13779136210680007,-0.0853058736771345,-0.1168743446469307,-0.01538847666233778,0.006346668512560427,0.8077285579641847,-0.02522885799407959,0.0005246498622000217,0.00028482655761763453,0.035461653023958206,0.6902719736099243,0.25667503476142883,0.6902719736099243,0.0,0.0,0.0,0.0,0.0,gains_mean,,,,,,,,,,,,,,,,,,
unhedged,val,3456,baseline,-0.021832270547747612,0.02855616621673107,-0.12319260478019714,-0.07950305342674255,-0.10317971557378769,-0.010500013828277588,0.0,0.5770925110132159,-0.021832270547747612,0.0,0.0,0.0,0.0,0.0,0.0,0.0,0.0,0.0,0.0,,,,,,,,,,,,,,,,,,,,
spot_delta,val,3456,baseline,-0.02185126580297947,0.028616219758987427,-0.1183760978281498,-0.0769210498780012,-0.0996764674782753,-0.011825933121144772,0.006474170461297025,0.788546255506608,-0.021832270547747612,0.0002684170030988753,0.00028741228743456304,0.03587741404771805,0.618232011795044,0.2567331790924072,0.6902719736099243,0.0,0.0,0.0,0.0,,,,,,,,,,,,,,,,,,,,
spot_delta_band,val,3456,baseline,-0.02185126580297947,0.028616219758987427,-0.1183760978281498,-0.0769210498780012,-0.0996764674782753,-0.011825933121144772,0.006474170461297025,0.788546255506608,-0.021832270547747612,0.0002684170030988753,0.00028741228743456304,0.03587741404771805,0.618232011795044,0.2567331790924072,0.6902719736099243,0.0,0.0,0.0,0.0,0.0,gains_mean,,,,,,,,,,,,,,,,,,
unhedged,test,3456,baseline,-0.02490839920938015,0.02980349026620388,-0.13695307970046997,-0.07690215110778809,-0.10914299637079239,-0.016794025897979736,0.0,0.6447368421052632,-0.02490839920938015,0.0,0.0,0.0,0.0,0.0,0.0,0.0,0.0,0.0,0.0,,,,,,,,,,,,,,,,,,,,
spot_delta,test,3456,baseline,-0.024658596143126488,0.02979230508208275,-0.126679677516222,-0.07642431370913982,-0.10764193534851074,-0.01780216209590435,0.005747654824517667,0.8201754385964912,-0.02490839920938015,0.0005392858874984086,0.0002894857316277921,0.036082178354263306,0.6317359805107117,0.25683677196502686,0.6902719736099243,0.0,0.0,0.0,0.0,,,,,,,,,,,,,,,,,,,,
spot_delta_band,test,3456,baseline,-0.024658596143126488,0.02979230508208275,-0.126679677516222,-0.07642431370913982,-0.10764193534851074,-0.01780216209590435,0.005747654824517667,0.8201754385964912,-0.02490839920938015,0.0005392858874984086,0.0002894857316277921,0.036082178354263306,0.6317359805107117,0.25683677196502686,0.6902719736099243,0.0,0.0,0.0,0.0,0.0,gains_mean,,,,,,,,,,,,,,,,,,
vanilla,train,3456,vanilla,-0.025060616433620453,0.030865924432873726,-0.1345877081155777,-0.08247163072228432,-0.1152372658252716,-0.01399639481678605,-0.0003298024763353171,1.0,-0.02522885799407959,0.00031640499946661294,0.00014816108159720898,0.015402519144117832,0.03310924768447876,0.1609937995672226,0.6242384314537048,0.0,0.0,0.0,0.0,,,cvar,/Users/yaniszaim/deephedging/.deephedging_real_runs/final_paper_notebook/panel_sweeps/XLF_full_paper_grid_800_step_robust/model_artifacts/seed_3456/risk_cvar/vanilla,77.0,0.08628573186695575,val_loss,0.014548912644386292,0.14900511503219604,0.0,0.0,2122.0,20.0,2.0,,,,,,
vanilla,val,3456,vanilla,-0.02184275910258293,0.027308115735650063,-0.11962062172591686,-0.07724016569554805,-0.10021679103374481,-0.010333606507629156,-0.00030238313192967344,1.0,-0.021832270547747612,0.00013668440806213766,0.00014717182784806937,0.015406697057187557,0.03320813179016113,0.16096250712871552,0.6232194900512695,0.0,0.0,0.0,0.0,,,cvar,/Users/yaniszaim/deephedging/.deephedging_real_runs/final_paper_notebook/panel_sweeps/XLF_full_paper_grid_800_step_robust/model_artifacts/seed_3456/risk_cvar/vanilla,77.0,0.08628573186695575,val_loss,0.014548912644386292,0.14900511503219604,0.0,0.0,454.0,20.0,2.0,,,,,,
vanilla,test,3456,vanilla,-0.0247638076543808,0.028528694063425064,-0.13302296698093413,-0.07470828853547573,-0.1059984415769577,-0.01640942320227623,-0.00034174893517047167,1.0,-0.02490839920938015,0.0002920936094596982,0.00014750391710549593,0.015397273004055023,0.03264278173446655,0.16089515388011932,0.6214919686317444,0.0,0.0,0.0,0.0,,,cvar,/Users/yaniszaim/deephedging/.deephedging_real_runs/final_paper_notebook/panel_sweeps/XLF_full_paper_grid_800_step_robust/model_artifacts/seed_3456/risk_cvar/vanilla,77.0,0.08628573186695575,val_loss,0.014548912644386292,0.14900511503219604,0.0,0.0,456.0,20.0,2.0,,,,,,
proto_source=spot_delta_k=10_weighted=0_learnw=0,train,3456,proto,-0.024627145379781723,0.03040114790201187,-0.12891387581825256,-0.0822861947119236,-0.11152435839176178,-0.01527013210579753,0.0030116516049019954,0.8322337417530632,-0.02522885799407959,0.0008501402335241437,0.0002484269789420068,0.027629708871245384,0.17450982332229614,0.24072903394699097,1.0,0.005596135721017908,0.0001531573986804901,0.005442978322337417,0.0885956644674835,,,cvar,/Users/yaniszaim/deephedging/.deephedging_real_runs/final_paper_notebook/panel_sweeps/XLF_full_paper_grid_800_step_robust/model_artifacts/seed_3456/risk_cvar/proto_source_spot_delta_k_10_weighted_0_learnw_0,39.0,0.0859061286598444,val_loss,0.029753193259239197,0.15029041469097137,0.0,0.0,2122.0,20.0,2.0,spot_delta,10.0,False,False,0.12132718414068222,0.2708708345890045
proto_source=spot_delta_k=10_weighted=0_learnw=0,val,3456,proto,-0.022053392603993416,0.02737250179052353,-0.11144994027912616,-0.07781628631055355,-0.09745579212903976,-0.011653242632746696,0.002994778868742286,0.8127753303964758,-0.021832270547747612,2.4039183699642308e-05,0.0002451612672302872,0.027227601036429405,0.17450082302093506,0.24097397923469543,1.0,0.007488986784140969,0.00016519823788546255,0.0073237885462555065,0.12334801762114538,,,cvar,/Users/yaniszaim/deephedging/.deephedging_real_runs/final_paper_notebook/panel_sweeps/XLF_full_paper_grid_800_step_robust/model_artifacts/seed_3456/risk_cvar/proto_source_spot_delta_k_10_weighted_0_learnw_0,39.0,0.0859061286598444,val_loss,0.029753193259239197,0.15029041469097137,0.0,0.0,454.0,20.0,2.0,spot_delta,10.0,False,False,0.12132718414068222,0.2708708345890045
proto_source=spot_delta_k=10_weighted=0_learnw=0,test,3456,proto,-0.024754155427217484,0.0281034167855978,-0.12434947937726974,-0.07480479404330254,-0.10295793414115906,-0.01717120222747326,0.0030104127945378423,0.8048245614035088,-0.02490839920938015,0.00040458934381604195,0.00025034838472492993,0.02770244888961315,0.1745094358921051,0.23999245464801788,1.0,0.004660087719298245,0.00010964912280701755,0.004550438596491228,0.08771929824561403,,,cvar,/Users/yaniszaim/deephedging/.deephedging_real_runs/final_paper_notebook/panel_sweeps/XLF_full_paper_grid_800_step_robust/model_artifacts/seed_3456/risk_cvar/proto_source_spot_delta_k_10_weighted_0_learnw_0,39.0,0.0859061286598444,val_loss,0.029753193259239197,0.15029041469097137,0.0,0.0,456.0,20.0,2.0,spot_delta,10.0,False,False,0.12132718414068222,0.2708708345890045
proto_source=spot_delta_k=10_weighted=1_learnw=0,train,3456,proto,-0.024816086515784264,0.030686989426612854,-0.13476455956697464,-0.08258143104612826,-0.11383827775716782,-0.014274044428020716,0.0018854902184102685,0.8619227144203582,-0.02522885799407959,0.0005617907154373825,0.0001490179420216009,0.01844445988535881,0.21279093623161316,0.23920144140720367,1.0,0.0007657869934024505,0.0007657869934024505,0.0,0.006126295947219604,,,cvar,/Users/yaniszaim/deephedging/.deephedging_real_runs/final_paper_notebook/panel_sweeps/XLF_full_paper_grid_800_step_robust/model_artifacts/seed_3456/risk_cvar/proto_source_spot_delta_k_10_weighted_1_learnw_0,120.0,0.08593766502067775,val_loss,0.018537990748882294,0.09159215539693832,0.0010462555066079295,0.011013215859030838,2122.0,20.0,2.0,spot_delta,10.0,True,False,0.10263793170452118,0.21369493007659912
proto_source=spot_delta_k=10_weighted=1_learnw=0,val,3456,proto,-0.02131771482527256,0.02807917259633541,-0.11610356286168098,-0.07705109938979149,-0.09895939379930496,-0.010129280854016542,0.0023563045659102493,0.8524229074889867,-0.021832270547747612,0.0006620666827075183,0.00014751106209587306,0.01833116076886654,0.2128036618232727,0.24189512431621552,1.0,0.0019273127753303965,0.0019273127753303965,0.0,0.011013215859030838,,,cvar,/Users/yaniszaim/deephedging/.deephedging_real_runs/final_paper_notebook/panel_sweeps/XLF_full_paper_grid_800_step_robust/model_artifacts/seed_3456/risk_cvar/proto_source_spot_delta_k_10_weighted_1_learnw_0,120.0,0.08593766502067775,val_loss,0.018537990748882294,0.09159215539693832,0.0010462555066079295,0.011013215859030838,454.0,20.0,2.0,spot_delta,10.0,True,False,0.10263793170452118,0.21369493007659912
proto_source=spot_delta_k=10_weighted=1_learnw=0,test,3456,proto,-0.02422570437192917,0.02877803146839142,-0.12550312727689744,-0.07434939220547676,-0.10475990176200867,-0.016259382478892803,0.0023493829066865146,0.8289473684210527,-0.02490839920938015,0.0008313386351801455,0.00014864574768580496,0.018420524895191193,0.21277806162834167,0.2404136210680008,1.0,0.0007127192982456141,0.0007127192982456141,0.0,0.0043859649122807015,,,cvar,/Users/yaniszaim/deephedging/.deephedging_real_runs/final_paper_notebook/panel_sweeps/XLF_full_paper_grid_800_step_robust/model_artifacts/seed_3456/risk_cvar/proto_source_spot_delta_k_10_weighted_1_learnw_0,120.0,0.08593766502067775,val_loss,0.018537990748882294,0.09159215539693832,0.0010462555066079295,0.011013215859030838,456.0,20.0,2.0,spot_delta,10.0,True,False,0.10263793170452118,0.21369493007659912
proto_source=spot_delta_k=25_weighted=0_learnw=0,train,3456,proto,-0.025065965950489044,0.0317549891769886,-0.13697298392653465,-0.08401231318712234,-0.11750593036413193,-0.014159910380840302,-9.774370628292679e-05,0.972196041470311,-0.02522885799407959,0.00026212091324850917,9.922777098836377e-05,0.008143606595695019,0.21485549211502075,0.07575603574514389,1.0,1.1781338360037701e-05,1.1781338360037701e-05,0.0,0.000471253534401508,,,cvar,/Users/yaniszaim/deephedging/.deephedging_real_runs/final_paper_notebook/panel_sweeps/XLF_full_paper_grid_800_step_robust/model_artifacts/seed_3456/risk_cvar/proto_source_spot_delta_k_25_weighted_0_learnw_0,389.0,0.08595243991818279,val_loss,0.009257527999579906,0.07459564507007599,0.0,0.0,2122.0,20.0,2.0,spot_delta,25.0,False,False,0.23732878267765045,0.6531053185462952
proto_source=spot_delta_k=25_weighted=0_learnw=0,val,3456,proto,-0.021715383976697922,0.028161756694316864,-0.12183264322578907,-0.07846338227391243,-0.10200906544923782,-0.010410161688923836,-0.00010243431970593534,0.9669603524229075,-0.021832270547747612,0.0002061944833258167,8.930823969421908e-05,0.008054004982113838,0.2148571014404297,0.07703368365764618,0.9615089893341064,0.0,0.0,0.0,0.0,,,cvar,/Users/yaniszaim/deephedging/.deephedging_real_runs/final_paper_notebook/panel_sweeps/XLF_full_paper_grid_800_step_robust/model_artifacts/seed_3456/risk_cvar/proto_source_spot_delta_k_25_weighted_0_learnw_0,389.0,0.08595243991818279,val_loss,0.009257527999579906,0.07459564507007599,0.0,0.0,454.0,20.0,2.0,spot_delta,25.0,False,False,0.23732878267765045,0.6531053185462952
proto_source=spot_delta_k=25_weighted=0_learnw=0,test,3456,proto,-0.02471047453582287,0.029408540576696396,-0.13572773039340974,-0.0758820828050375,-0.10795731097459793,-0.016597320325672626,-9.838526602834463e-05,0.9649122807017544,-0.02490839920938015,0.00029318989254534245,9.526720532448962e-05,0.008201112039387226,0.21445906162261963,0.07683390378952026,1.0,5.482456140350877e-05,5.482456140350877e-05,0.0,0.0021929824561403508,,,cvar,/Users/yaniszaim/deephedging/.deephedging_real_runs/final_paper_notebook/panel_sweeps/XLF_full_paper_grid_800_step_robust/model_artifacts/seed_3456/risk_cvar/proto_source_spot_delta_k_25_weighted_0_learnw_0,389.0,0.08595243991818279,val_loss,0.009257527999579906,0.07459564507007599,0.0,0.0,456.0,20.0,2.0,spot_delta,25.0,False,False,0.23732878267765045,0.6531053185462952
proto_source=spot_delta_k=25_weighted=1_learnw=0,train,3456,proto,-0.025199055671691895,0.03054073639214039,-0.1324337650835514,-0.08348141461610793,-0.11468756198883057,-0.014938539359718561,0.0009572031034622306,0.9052780395852968,-0.02522885799407959,0.0004738564894068986,0.00044405332300812006,0.02561076357960701,0.19242316484451294,0.29632407426834106,1.0,0.0012134778510838832,0.0,0.0012134778510838832,0.010838831291234684,,,cvar,/Users/yaniszaim/deephedging/.deephedging_real_runs/final_paper_notebook/panel_sweeps/XLF_full_paper_grid_800_step_robust/model_artifacts/seed_3456/risk_cvar/proto_source_spot_delta_k_25_weighted_1_learnw_0,13.0,0.08613044311075024,val_loss,0.02422633394598961,0.14763283729553223,0.000605726872246696,0.00881057268722467,2122.0,20.0,2.0,spot_delta,25.0,True,False,0.09591683745384216,0.20392613112926483
proto_source=spot_delta_k=25_weighted=1_learnw=0,val,3456,proto,-0.02197664976119995,0.027172069996595383,-0.11798436373472214,-0.07684349156916141,-0.0989776998758316,-0.010868179611861706,0.0012591263453941783,0.8920704845814978,-0.021832270547747612,0.0003065045748371631,0.0004508849233388901,0.025782929733395576,0.19207656383514404,0.29815512895584106,1.0,0.0022026431718061676,0.0,0.0022026431718061676,0.01762114537444934,,,cvar,/Users/yaniszaim/deephedging/.deephedging_real_runs/final_paper_notebook/panel_sweeps/XLF_full_paper_grid_800_step_robust/model_artifacts/seed_3456/risk_cvar/proto_source_spot_delta_k_25_weighted_1_learnw_0,13.0,0.08613044311075024,val_loss,0.02422633394598961,0.14763283729553223,0.000605726872246696,0.00881057268722467,454.0,20.0,2.0,spot_delta,25.0,True,False,0.09591683745384216,0.20392613112926483
proto_source=spot_delta_k=25_weighted=1_learnw=0,test,3456,proto,-0.02487606182694435,0.02819155715405941,-0.130286705493927,-0.07538850978016853,-0.10558321326971054,-0.017006712034344673,0.0011940110416617244,0.8903508771929824,-0.02490839920938015,0.0004916430916637182,0.00045930760097689927,0.026035908609628677,0.183632493019104,0.29973113536834717,1.0,0.0021381578947368422,0.0,0.0021381578947368422,0.015350877192982455,,,cvar,/Users/yaniszaim/deephedging/.deephedging_real_runs/final_paper_notebook/panel_sweeps/XLF_full_paper_grid_800_step_robust/model_artifacts/seed_3456/risk_cvar/proto_source_spot_delta_k_25_weighted_1_learnw_0,13.0,0.08613044311075024,val_loss,0.02422633394598961,0.14763283729553223,0.000605726872246696,0.00881057268722467,456.0,20.0,2.0,spot_delta,25.0,True,False,0.09591683745384216,0.20392613112926483
proto_source=spot_delta_k=50_weighted=0_learnw=0,train,3456,proto,-0.026865877211093903,0.030958712100982666,-0.13594445943832398,-0.08482594303786754,-0.11698810756206512,-0.016037839464843273,0.00013159009395167015,0.946277097078228,-0.02522885799407959,0.0008950365008786321,0.0025320539716631174,0.042175427079200745,0.2988506853580475,0.6569379568099976,1.0,0.19089302544769085,0.0,0.19089302544769085,0.84684260131951,,,cvar,/Users/yaniszaim/deephedging/.deephedging_real_runs/final_paper_notebook/panel_sweeps/XLF_full_paper_grid_800_step_robust/model_artifacts/seed_3456/risk_cvar/proto_source_spot_delta_k_50_weighted_0_learnw_0,16.0,0.08678209355638448,val_loss,0.0275504719465971,0.173533633351326,0.006993392070484582,0.03524229074889868,2122.0,20.0,2.0,spot_delta,50.0,False,False,0.10398129373788834,0.30534330010414124
proto_source=spot_delta_k=50_weighted=0_learnw=0,val,3456,proto,-0.023812856525182724,0.027575310319662094,-0.1261889711022377,-0.07855489253997802,-0.10257125645875931,-0.012409832794219255,0.00027174033457412906,0.9383259911894273,-0.021832270547747612,0.0005478299572132528,0.00252841436304152,0.042228639125823975,0.2988506853580475,0.6544972658157349,1.0,0.1863986784140969,0.0,0.1863986784140969,0.8436123348017621,,,cvar,/Users/yaniszaim/deephedging/.deephedging_real_runs/final_paper_notebook/panel_sweeps/XLF_full_paper_grid_800_step_robust/model_artifacts/seed_3456/risk_cvar/proto_source_spot_delta_k_50_weighted_0_learnw_0,16.0,0.08678209355638448,val_loss,0.0275504719465971,0.173533633351326,0.006993392070484582,0.03524229074889868,454.0,20.0,2.0,spot_delta,50.0,False,False,0.10398129373788834,0.30534330010414124
proto_source=spot_delta_k=50_weighted=0_learnw=0,test,3456,proto,-0.026632994413375854,0.02873123250901699,-0.13266941010951996,-0.07688576728105545,-0.108330138027668,-0.018001706339418888,-0.00013608922017738223,0.9495614035087719,-0.02490839920938015,0.0008237690781243145,0.002548367716372013,0.04236624762415886,0.2988506853580475,0.6569312214851379,1.0,0.19714912280701755,0.0,0.19714912280701755,0.8793859649122807,,,cvar,/Users/yaniszaim/deephedging/.deephedging_real_runs/final_paper_notebook/panel_sweeps/XLF_full_paper_grid_800_step_robust/model_artifacts/seed_3456/risk_cvar/proto_source_spot_delta_k_50_weighted_0_learnw_0,16.0,0.08678209355638448,val_loss,0.0275504719465971,0.173533633351326,0.006993392070484582,0.03524229074889868,456.0,20.0,2.0,spot_delta,50.0,False,False,0.10398129373788834,0.30534330010414124
proto_source=spot_delta_k=50_weighted=1_learnw=0,train,3456,proto,-0.025125110521912575,0.03105008974671364,-0.13700487494468688,-0.08284223526716232,-0.11536408215761185,-0.015095075592398643,0.002587535243947057,0.850612629594722,-0.02522885799407959,0.00038118535303510725,0.0002774355816654861,0.033385273069143295,0.1533215343952179,0.23801520466804504,0.9368413090705872,0.0,0.0,0.0,0.0,,,cvar,/Users/yaniszaim/deephedging/.deephedging_real_runs/final_paper_notebook/panel_sweeps/XLF_full_paper_grid_800_step_robust/model_artifacts/seed_3456/risk_cvar/proto_source_spot_delta_k_50_weighted_1_learnw_0,166.0,0.08566627895459532,val_loss,0.022357013076543808,0.10384156554937363,0.0,0.0,2122.0,20.0,2.0,spot_delta,50.0,True,False,0.11829444020986557,0.19063536822795868
proto_source=spot_delta_k=50_weighted=1_learnw=0,val,3456,proto,-0.02176492288708687,0.027737580239772797,-0.11998518466949462,-0.07631211951375007,-0.10011996328830719,-0.010446938686072826,0.0030624163337051842,0.8215859030837004,-0.021832270547747612,0.0003398029366508126,0.0002724542864598334,0.03282332420349121,0.15332122147083282,0.2386486679315567,0.8815934658050537,0.0,0.0,0.0,0.0,,,cvar,/Users/yaniszaim/deephedging/.deephedging_real_runs/final_paper_notebook/panel_sweeps/XLF_full_paper_grid_800_step_robust/model_artifacts/seed_3456/risk_cvar/proto_source_spot_delta_k_50_weighted_1_learnw_0,166.0,0.08566627895459532,val_loss,0.022357013076543808,0.10384156554937363,0.0,0.0,454.0,20.0,2.0,spot_delta,50.0,True,False,0.11829444020986557,0.19063536822795868
proto_source=spot_delta_k=50_weighted=1_learnw=0,test,3456,proto,-0.025001851841807365,0.029153762385249138,-0.12824078500270844,-0.07599632814526558,-0.10758502781391144,-0.01725998893380165,0.003966582706198096,0.8508771929824561,-0.02490839920938015,0.0001808065571822226,0.0002742624201346189,0.03306054696440697,0.1533210575580597,0.23810116946697235,0.9084681868553162,0.0,0.0,0.0,0.0,,,cvar,/Users/yaniszaim/deephedging/.deephedging_real_runs/final_paper_notebook/panel_sweeps/XLF_full_paper_grid_800_step_robust/model_artifacts/seed_3456/risk_cvar/proto_source_spot_delta_k_50_weighted_1_learnw_0,166.0,0.08566627895459532,val_loss,0.022357013076543808,0.10384156554937363,0.0,0.0,456.0,20.0,2.0,spot_delta,50.0,True,False,0.11829444020986557,0.19063536822795868
proto_source=spot_delta_k=100_weighted=0_learnw=0,train,3456,proto,-0.023880422115325928,0.03025110438466072,-0.12485899865627288,-0.08210709355771541,-0.1092318519949913,-0.014519683551043272,0.005494225118309259,0.824693685202639,-0.02522885799407959,0.0017651201924309134,0.0004166827129665762,0.042664024978876114,0.4112083911895752,0.2281528264284134,1.0,0.000907163053722903,4.7125353440150804e-05,0.0008600377002827522,0.0051837888784165885,,,cvar,/Users/yaniszaim/deephedging/.deephedging_real_runs/final_paper_notebook/panel_sweeps/XLF_full_paper_grid_800_step_robust/model_artifacts/seed_3456/risk_cvar/proto_source_spot_delta_k_100_weighted_0_learnw_0,207.0,0.08502270696865238,val_loss,0.04359625652432442,0.12217829376459122,0.0004405286343612335,0.0022026431718061676,2122.0,20.0,2.0,spot_delta,100.0,False,False,0.17759528756141663,0.4112105071544647
proto_source=spot_delta_k=100_weighted=0_learnw=0,val,3456,proto,-0.021327050402760506,0.02791719138622284,-0.11714113421738148,-0.07614266946911812,-0.0987066924571991,-0.010920103173702955,0.005780720198526971,0.8127753303964758,-0.021832270547747612,0.0008999798446893692,0.000394760281778872,0.04100752994418144,0.4112083911895752,0.22846578061580658,1.0,0.000605726872246696,0.00011013215859030837,0.0004955947136563877,0.004405286343612335,,,cvar,/Users/yaniszaim/deephedging/.deephedging_real_runs/final_paper_notebook/panel_sweeps/XLF_full_paper_grid_800_step_robust/model_artifacts/seed_3456/risk_cvar/proto_source_spot_delta_k_100_weighted_0_learnw_0,207.0,0.08502270696865238,val_loss,0.04359625652432442,0.12217829376459122,0.0004405286343612335,0.0022026431718061676,454.0,20.0,2.0,spot_delta,100.0,False,False,0.17759528756141663,0.4112105071544647
proto_source=spot_delta_k=100_weighted=0_learnw=0,test,3456,proto,-0.0237599927932024,0.027441008016467094,-0.11585142239928246,-0.07324375212192535,-0.09914976358413696,-0.016492396593093872,0.004964408813975751,0.8179824561403509,-0.02490839920938015,0.0015742839314043522,0.0004258792323525995,0.04354912042617798,0.4112083911895752,0.22947706282138824,1.0,0.0007675438596491228,5.482456140350877e-05,0.0007127192982456141,0.0043859649122807015,,,cvar,/Users/yaniszaim/deephedging/.deephedging_real_runs/final_paper_notebook/panel_sweeps/XLF_full_paper_grid_800_step_robust/model_artifacts/seed_3456/risk_cvar/proto_source_spot_delta_k_100_weighted_0_learnw_0,207.0,0.08502270696865238,val_loss,0.04359625652432442,0.12217829376459122,0.0004405286343612335,0.0022026431718061676,456.0,20.0,2.0,spot_delta,100.0,False,False,0.17759528756141663,0.4112105071544647
proto_source=spot_delta_k=100_weighted=1_learnw=0,train,3456,proto,-0.025074828416109085,0.03128219395875931,-0.1372862060368061,-0.0827390007674694,-0.11636482924222946,-0.014172617811709642,0.00033326522679999395,0.9231856738925542,-0.02522885799407959,0.00027841050177812576,0.00012437909026630223,0.011133422143757343,0.5413299798965454,0.10351830720901489,1.0,0.0050070688030160225,0.004571159283694628,0.0004359095193213949,0.044769085768143264,,,cvar,/Users/yaniszaim/deephedging/.deephedging_real_runs/final_paper_notebook/panel_sweeps/XLF_full_paper_grid_800_step_robust/model_artifacts/seed_3456/risk_cvar/proto_source_spot_delta_k_100_weighted_1_learnw_0,62.0,0.0865366842648802,val_loss,0.013272511772811413,0.0612325593829155,0.00011013215859030837,0.004405286343612335,2122.0,20.0,2.0,spot_delta,100.0,True,False,0.14061719179153442,0.6325438618659973
proto_source=spot_delta_k=100_weighted=1_learnw=0,val,3456,proto,-0.021843070164322853,0.027559084817767143,-0.11992774300277233,-0.07753382064402103,-0.10080999881029129,-0.010396596044301987,0.00027545621414901264,0.9317180616740088,-0.021832270547747612,0.00010259347618557513,0.0001133912883233279,0.011035129427909851,0.4977943003177643,0.1023404598236084,1.0,0.003579295154185022,0.003579295154185022,0.0,0.039647577092511016,,,cvar,/Users/yaniszaim/deephedging/.deephedging_real_runs/final_paper_notebook/panel_sweeps/XLF_full_paper_grid_800_step_robust/model_artifacts/seed_3456/risk_cvar/proto_source_spot_delta_k_100_weighted_1_learnw_0,62.0,0.0865366842648802,val_loss,0.013272511772811413,0.0612325593829155,0.00011013215859030837,0.004405286343612335,454.0,20.0,2.0,spot_delta,100.0,True,False,0.14061719179153442,0.6325438618659973
proto_source=spot_delta_k=100_weighted=1_learnw=0,test,3456,proto,-0.024783870205283165,0.02871949039399624,-0.13486233577132226,-0.0757176112383604,-0.10598968714475632,-0.016069384291768074,8.605087350588292e-05,0.9407894736842105,-0.02490839920938015,0.00022571880253963172,0.00010119176295120269,0.010571013204753399,0.2693331837654114,0.09913275390863419,1.0,0.0025767543859649125,0.0025767543859649125,0.0,0.03728070175438596,,,cvar,/Users/yaniszaim/deephedging/.deephedging_real_runs/final_paper_notebook/panel_sweeps/XLF_full_paper_grid_800_step_robust/model_artifacts/seed_3456/risk_cvar/proto_source_spot_delta_k_100_weighted_1_learnw_0,62.0,0.0865366842648802,val_loss,0.013272511772811413,0.0612325593829155,0.00011013215859030837,0.004405286343612335,456.0,20.0,2.0,spot_delta,100.0,True,False,0.14061719179153442,0.6325438618659973
proto_source=vanilla_k=10_weighted=0_learnw=0,train,3456,proto,-0.0251658596098423,0.03013330139219761,-0.13165776640176774,-0.08095577135682105,-0.11355936527252197,-0.014135674107819796,-0.0004537951026577505,0.974081055607917,-0.02522885799407959,0.0005206800997257233,0.0004576815408654511,0.028870871290564537,0.13117793202400208,0.27756810188293457,1.0,0.001885014137606032,0.001885014137606032,0.0,0.07492931196983978,,,cvar,/Users/yaniszaim/deephedging/.deephedging_real_runs/final_paper_notebook/panel_sweeps/XLF_full_paper_grid_800_step_robust/model_artifacts/seed_3456/risk_cvar/proto_source_vanilla_k_10_weighted_0_learnw_0,5.0,0.08819584943005397,val_loss,0.02936744876205921,0.28430259227752686,0.00710352422907489,0.28193832599118945,2122.0,20.0,2.0,vanilla,10.0,False,False,0.10204990208148956,0.16005593538284302
proto_source=vanilla_k=10_weighted=0_learnw=0,val,3456,proto,-0.02207881212234497,0.026585625484585762,-0.1183760280907154,-0.07603916861116886,-0.09899338334798813,-0.011668734718114138,-0.000294911750825122,0.9647577092511013,-0.021832270547747612,0.00020710122771561146,0.00045364213292486966,0.028812609612941742,0.12834100425243378,0.27711257338523865,1.0,0.001982378854625551,0.001982378854625551,0.0,0.07929515418502203,,,cvar,/Users/yaniszaim/deephedging/.deephedging_real_runs/final_paper_notebook/panel_sweeps/XLF_full_paper_grid_800_step_robust/model_artifacts/seed_3456/risk_cvar/proto_source_vanilla_k_10_weighted_0_learnw_0,5.0,0.08819584943005397,val_loss,0.02936744876205921,0.28430259227752686,0.00710352422907489,0.28193832599118945,454.0,20.0,2.0,vanilla,10.0,False,False,0.10204990208148956,0.16005593538284302
proto_source=vanilla_k=10_weighted=0_learnw=0,test,3456,proto,-0.02496734820306301,0.027756009250879288,-0.1301876612007618,-0.07405323721468449,-0.10429225862026215,-0.016457902267575264,-0.0006279560329858214,0.9736842105263158,-0.02490839920938015,0.00039722881047055125,0.0004561794048640877,0.028817282989621162,0.13025762140750885,0.2769315838813782,1.0,0.001206140350877193,0.001206140350877193,0.0,0.046052631578947366,,,cvar,/Users/yaniszaim/deephedging/.deephedging_real_runs/final_paper_notebook/panel_sweeps/XLF_full_paper_grid_800_step_robust/model_artifacts/seed_3456/risk_cvar/proto_source_vanilla_k_10_weighted_0_learnw_0,5.0,0.08819584943005397,val_loss,0.02936744876205921,0.28430259227752686,0.00710352422907489,0.28193832599118945,456.0,20.0,2.0,vanilla,10.0,False,False,0.10204990208148956,0.16005593538284302
proto_source=vanilla_k=10_weighted=1_learnw=0,train,3456,proto,-0.025461317971348763,0.030220920220017433,-0.1344170781970024,-0.08230372779071331,-0.11426185071468353,-0.014408251736313105,-0.0006674093368928944,0.9835061262959472,-0.02522885799407959,0.00042709565605036914,0.0006595543818548322,0.02786106988787651,0.18552541732788086,0.3240763247013092,1.0,0.00018850141376060322,0.00018850141376060322,0.0,0.0051837888784165885,,,cvar,/Users/yaniszaim/deephedging/.deephedging_real_runs/final_paper_notebook/panel_sweeps/XLF_full_paper_grid_800_step_robust/model_artifacts/seed_3456/risk_cvar/proto_source_vanilla_k_10_weighted_1_learnw_0,371.0,0.08720230951905251,val_loss,0.025871962308883667,0.2722661793231964,0.0,0.0,2122.0,20.0,2.0,vanilla,10.0,True,False,0.10987742245197296,0.21052783727645874
proto_source=vanilla_k=10_weighted=1_learnw=0,val,3456,proto,-0.02233288809657097,0.026771705597639084,-0.11858484216034412,-0.07695375718176364,-0.0992429330945015,-0.011427522171288729,-0.0005449608899652958,0.986784140969163,-0.021832270547747612,0.00015933698159642518,0.0006599556654691696,0.0278824120759964,0.18552541732788086,0.32353365421295166,1.0,0.00011013215859030837,0.00011013215859030837,0.0,0.004405286343612335,,,cvar,/Users/yaniszaim/deephedging/.deephedging_real_runs/final_paper_notebook/panel_sweeps/XLF_full_paper_grid_800_step_robust/model_artifacts/seed_3456/risk_cvar/proto_source_vanilla_k_10_weighted_1_learnw_0,371.0,0.08720230951905251,val_loss,0.025871962308883667,0.2722661793231964,0.0,0.0,454.0,20.0,2.0,vanilla,10.0,True,False,0.10987742245197296,0.21052783727645874
proto_source=vanilla_k=10_weighted=1_learnw=0,test,3456,proto,-0.025229431688785553,0.02792072668671608,-0.12783565744757652,-0.07501353695988655,-0.10503379255533218,-0.01690264791250229,-0.0007424966897815466,0.9758771929824561,-0.02490839920938015,0.00033670736593194306,0.0006577408639714122,0.027762195095419884,0.18552541732788086,0.3258223831653595,1.0,0.0002192982456140351,0.0002192982456140351,0.0,0.008771929824561403,,,cvar,/Users/yaniszaim/deephedging/.deephedging_real_runs/final_paper_notebook/panel_sweeps/XLF_full_paper_grid_800_step_robust/model_artifacts/seed_3456/risk_cvar/proto_source_vanilla_k_10_weighted_1_learnw_0,371.0,0.08720230951905251,val_loss,0.025871962308883667,0.2722661793231964,0.0,0.0,456.0,20.0,2.0,vanilla,10.0,True,False,0.10987742245197296,0.21052783727645874
proto_source=vanilla_k=25_weighted=0_learnw=0,train,3456,proto,-0.025456424802541733,0.03199872002005577,-0.14033528611063958,-0.08556348755955695,-0.11942479014396667,-0.01410680403932929,0.00014585165918106142,0.942507068803016,-0.02522885799407959,0.00011179147259099409,0.0003393564256839454,0.01817002333700657,0.17568086087703705,0.14053985476493835,1.0,0.0006126295947219604,0.0,0.0006126295947219604,0.005655042412818096,,,cvar,/Users/yaniszaim/deephedging/.deephedging_real_runs/final_paper_notebook/panel_sweeps/XLF_full_paper_grid_800_step_robust/model_artifacts/seed_3456/risk_cvar/proto_source_vanilla_k_25_weighted_0_learnw_0,13.0,0.0868542574159801,val_loss,0.016533639281988144,0.1598496437072754,0.0,0.0,2122.0,20.0,2.0,vanilla,25.0,False,False,0.11223104596138,0.2001459002494812
proto_source=vanilla_k=25_weighted=0_learnw=0,val,3456,proto,-0.022069578990340233,0.028327735140919685,-0.12518683686852455,-0.07756769433617591,-0.10463027656078339,-0.011423876974731684,8.17444888525634e-05,0.947136563876652,-0.021832270547747612,9.578106255503371e-05,0.00033308673300780356,0.017938675358891487,0.14736777544021606,0.140815868973732,1.0,0.00011013215859030837,0.0,0.00011013215859030837,0.004405286343612335,,,cvar,/Users/yaniszaim/deephedging/.deephedging_real_runs/final_paper_notebook/panel_sweeps/XLF_full_paper_grid_800_step_robust/model_artifacts/seed_3456/risk_cvar/proto_source_vanilla_k_25_weighted_0_learnw_0,13.0,0.0868542574159801,val_loss,0.016533639281988144,0.1598496437072754,0.0,0.0,454.0,20.0,2.0,vanilla,25.0,False,False,0.11223104596138,0.2001459002494812
proto_source=vanilla_k=25_weighted=0_learnw=0,test,3456,proto,-0.025254035368561745,0.029664261266589165,-0.14191914424300195,-0.0766869354993105,-0.11010503023862839,-0.01638788916170597,-7.04834601492621e-05,0.9517543859649122,-0.02490839920938015,-1.1404044926166534e-05,0.00033423499553464353,0.017781270667910576,0.14736796915531158,0.13890117406845093,1.0,0.00027412280701754384,0.0,0.00027412280701754384,0.0043859649122807015,,,cvar,/Users/yaniszaim/deephedging/.deephedging_real_runs/final_paper_notebook/panel_sweeps/XLF_full_paper_grid_800_step_robust/model_artifacts/seed_3456/risk_cvar/proto_source_vanilla_k_25_weighted_0_learnw_0,13.0,0.0868542574159801,val_loss,0.016533639281988144,0.1598496437072754,0.0,0.0,456.0,20.0,2.0,vanilla,25.0,False,False,0.11223104596138,0.2001459002494812
proto_source=vanilla_k=25_weighted=1_learnw=0,train,3456,proto,-0.02503235451877117,0.02981887012720108,-0.13305901139974594,-0.08095340691506862,-0.11247002333402634,-0.014330383390188217,-0.00036702133220387767,0.969368520263902,-0.02522885799407959,0.0005380705697461963,0.00034156680339947343,0.026487836614251137,0.19078654050827026,0.333223432302475,1.0,0.0750589066918002,0.0750589066918002,0.0,1.0,,,cvar,/Users/yaniszaim/deephedging/.deephedging_real_runs/final_paper_notebook/panel_sweeps/XLF_full_paper_grid_800_step_robust/model_artifacts/seed_3456/risk_cvar/proto_source_vanilla_k_25_weighted_1_learnw_0,556.0,0.08694098859762832,val_loss,0.025793015956878662,0.266544371843338,0.0004955947136563877,0.019823788546255508,2122.0,20.0,2.0,vanilla,25.0,True,False,0.11311045289039612,0.2416902780532837
proto_source=vanilla_k=25_weighted=1_learnw=0,val,3456,proto,-0.021975908428430557,0.02635909989476204,-0.11598535694181919,-0.07628328837454319,-0.09747420251369476,-0.01110359188169241,-0.00021790456085000312,0.9669603524229075,-0.021832270547747612,0.00019617278303485364,0.00033980936859734356,0.026478935033082962,0.14380240440368652,0.33291175961494446,1.0,0.075,0.075,0.0,1.0,,,cvar,/Users/yaniszaim/deephedging/.deephedging_real_runs/final_paper_notebook/panel_sweeps/XLF_full_paper_grid_800_step_robust/model_artifacts/seed_3456/risk_cvar/proto_source_vanilla_k_25_weighted_1_learnw_0,556.0,0.08694098859762832,val_loss,0.025793015956878662,0.266544371843338,0.0004955947136563877,0.019823788546255508,454.0,20.0,2.0,vanilla,25.0,True,False,0.11311045289039612,0.2416902780532837
proto_source=vanilla_k=25_weighted=1_learnw=0,test,3456,proto,-0.02477904222905636,0.027679305523633957,-0.12861244827508928,-0.07247067801654339,-0.1039368063211441,-0.01681410428136587,-0.0002401636738795787,0.9692982456140351,-0.02490839920938015,0.0004702948499470949,0.0003409397031646222,0.026480969041585922,0.15510942041873932,0.3329836130142212,1.0,0.075,0.075,0.0,1.0,,,cvar,/Users/yaniszaim/deephedging/.deephedging_real_runs/final_paper_notebook/panel_sweeps/XLF_full_paper_grid_800_step_robust/model_artifacts/seed_3456/risk_cvar/proto_source_vanilla_k_25_weighted_1_learnw_0,556.0,0.08694098859762832,val_loss,0.025793015956878662,0.266544371843338,0.0004955947136563877,0.019823788546255508,456.0,20.0,2.0,vanilla,25.0,True,False,0.11311045289039612,0.2416902780532837
proto_source=vanilla_k=50_weighted=0_learnw=0,train,3456,proto,-0.02518676593899727,0.03236338868737221,-0.13912582755088806,-0.08456088975071907,-0.11903569102287292,-0.014250128995627165,0.00026698388974182225,0.8836003770028276,-0.02522885799407959,0.00015266382251866162,0.00011057007941417396,0.005595439113676548,0.16210056841373444,0.04348713904619217,1.0,0.0024858623939679548,0.0,0.0024858623939679548,0.011310084825636193,,,cvar,/Users/yaniszaim/deephedging/.deephedging_real_runs/final_paper_notebook/panel_sweeps/XLF_full_paper_grid_800_step_robust/model_artifacts/seed_3456/risk_cvar/proto_source_vanilla_k_50_weighted_0_learnw_0,13.0,0.08668189895723942,val_loss,0.005434997845441103,0.05016186833381653,0.0026431718061674008,0.013215859030837005,2122.0,20.0,2.0,vanilla,50.0,False,False,0.09158335626125336,0.16457165777683258
proto_source=vanilla_k=50_weighted=0_learnw=0,val,3456,proto,-0.021516993641853333,0.02908240631222725,-0.1250891077518463,-0.07919634729623794,-0.1038394570350647,-0.010792340617626905,0.00041778433223953323,0.8524229074889867,-0.021832270547747612,0.00042208569357171655,0.00010680602281354368,0.005318343639373779,0.16210085153579712,0.040634434670209885,1.0,0.0031387665198237885,0.0,0.0031387665198237885,0.013215859030837005,,,cvar,/Users/yaniszaim/deephedging/.deephedging_real_runs/final_paper_notebook/panel_sweeps/XLF_full_paper_grid_800_step_robust/model_artifacts/seed_3456/risk_cvar/proto_source_vanilla_k_50_weighted_0_learnw_0,13.0,0.08668189895723942,val_loss,0.005434997845441103,0.05016186833381653,0.0026431718061674008,0.013215859030837005,454.0,20.0,2.0,vanilla,50.0,False,False,0.09158335626125336,0.16457165777683258
proto_source=vanilla_k=50_weighted=0_learnw=0,test,3456,proto,-0.024845359846949577,0.030189108103513718,-0.14061299040913583,-0.07693956606090069,-0.11001390218734741,-0.016585144214332104,0.0002649199523148127,0.8969298245614035,-0.02490839920938015,0.00017182395095005631,0.00010878559987759218,0.005314440466463566,0.16210073232650757,0.04018696770071983,1.0,0.002905701754385965,0.0,0.002905701754385965,0.013157894736842105,,,cvar,/Users/yaniszaim/deephedging/.deephedging_real_runs/final_paper_notebook/panel_sweeps/XLF_full_paper_grid_800_step_robust/model_artifacts/seed_3456/risk_cvar/proto_source_vanilla_k_50_weighted_0_learnw_0,13.0,0.08668189895723942,val_loss,0.005434997845441103,0.05016186833381653,0.0026431718061674008,0.013215859030837005,456.0,20.0,2.0,vanilla,50.0,False,False,0.09158335626125336,0.16457165777683258
proto_source=vanilla_k=50_weighted=1_learnw=0,train,3456,proto,-0.02517463080585003,0.030757473781704903,-0.13416958212852478,-0.08196090944111346,-0.11513146758079529,-0.013813362922519445,-0.00037564728118013625,0.9839773798303487,-0.02522885799407959,0.0003582548815757036,0.0003040273441001773,0.01969803497195244,0.1400638222694397,0.21232502162456512,0.7778992652893066,0.0,0.0,0.0,0.0,,,cvar,/Users/yaniszaim/deephedging/.deephedging_real_runs/final_paper_notebook/panel_sweeps/XLF_full_paper_grid_800_step_robust/model_artifacts/seed_3456/risk_cvar/proto_source_vanilla_k_50_weighted_1_learnw_0,661.0,0.08640275022946299,val_loss,0.015281660482287407,0.15096625685691833,0.0,0.0,2122.0,20.0,2.0,vanilla,50.0,True,False,0.09259679168462753,0.26050472259521484
proto_source=vanilla_k=50_weighted=1_learnw=0,val,3456,proto,-0.02199692651629448,0.027145667001605034,-0.12082914359867573,-0.07705886103212833,-0.10014478117227554,-0.01075400086119771,-0.0003339119284646605,0.9801762114537445,-0.021832270547747612,0.00013745753676630557,0.0003021146112587303,0.019709162414073944,0.09223079681396484,0.21238359808921814,0.7680121660232544,0.0,0.0,0.0,0.0,,,cvar,/Users/yaniszaim/deephedging/.deephedging_real_runs/final_paper_notebook/panel_sweeps/XLF_full_paper_grid_800_step_robust/model_artifacts/seed_3456/risk_cvar/proto_source_vanilla_k_50_weighted_1_learnw_0,661.0,0.08640275022946299,val_loss,0.015281660482287407,0.15096625685691833,0.0,0.0,454.0,20.0,2.0,vanilla,50.0,True,False,0.09259679168462753,0.26050472259521484
proto_source=vanilla_k=50_weighted=1_learnw=0,test,3456,proto,-0.02484619803726673,0.02838391810655594,-0.13250355124473573,-0.07442657835781574,-0.10565166920423508,-0.016633867286145687,-0.0004579406668199226,0.9802631578947368,-0.02490839920938015,0.0003685759147629142,0.0003063748008571565,0.019727904349565506,0.13734853267669678,0.21263563632965088,0.7765339612960815,0.0,0.0,0.0,0.0,,,cvar,/Users/yaniszaim/deephedging/.deephedging_real_runs/final_paper_notebook/panel_sweeps/XLF_full_paper_grid_800_step_robust/model_artifacts/seed_3456/risk_cvar/proto_source_vanilla_k_50_weighted_1_learnw_0,661.0,0.08640275022946299,val_loss,0.015281660482287407,0.15096625685691833,0.0,0.0,456.0,20.0,2.0,vanilla,50.0,True,False,0.09259679168462753,0.26050472259521484
proto_source=vanilla_k=100_weighted=0_learnw=0,train,3456,proto,-0.025347517803311348,0.03183813393115997,-0.13825350046157836,-0.08333800435066223,-0.11846909672021866,-0.014124693814665079,3.1279251561499824e-05,0.9476908576814326,-0.02522885799407959,0.00011683809134410694,0.00023549878096673638,0.013835624791681767,0.1021982729434967,0.11347249150276184,1.0,0.0032752120640904808,0.0,0.0032752120640904808,0.02544769085768143,,,cvar,/Users/yaniszaim/deephedging/.deephedging_real_runs/final_paper_notebook/panel_sweeps/XLF_full_paper_grid_800_step_robust/model_artifacts/seed_3456/risk_cvar/proto_source_vanilla_k_100_weighted_0_learnw_0,6.0,0.08664288464964404,val_loss,0.012081396766006947,0.11416642367839813,0.001211453744493392,0.011013215859030838,2122.0,20.0,2.0,vanilla,100.0,False,False,0.08136090636253357,0.1528283953666687
proto_source=vanilla_k=100_weighted=0_learnw=0,val,3456,proto,-0.02181469090282917,0.027943234890699387,-0.12269128523766995,-0.07782852649688721,-0.10202091932296753,-0.010671306867152452,8.374024837394233e-05,0.9405286343612335,-0.021832270547747612,0.00024730636505410075,0.00022972650185693055,0.013567112386226654,0.09663132578134537,0.10962116718292236,1.0,0.0016519823788546256,0.0,0.0016519823788546256,0.015418502202643172,,,cvar,/Users/yaniszaim/deephedging/.deephedging_real_runs/final_paper_notebook/panel_sweeps/XLF_full_paper_grid_800_step_robust/model_artifacts/seed_3456/risk_cvar/proto_source_vanilla_k_100_weighted_0_learnw_0,6.0,0.08664288464964404,val_loss,0.012081396766006947,0.11416642367839813,0.001211453744493392,0.011013215859030838,454.0,20.0,2.0,vanilla,100.0,False,False,0.08136090636253357,0.1528283953666687
proto_source=vanilla_k=100_weighted=0_learnw=0,test,3456,proto,-0.0249915961176157,0.02941734530031681,-0.1382209099829197,-0.07591577060520649,-0.10870437324047089,-0.016386162489652634,-6.625077003263868e-05,0.956140350877193,-0.02490839920938015,0.00014928073505870998,0.0002324788656551391,0.013654566369950771,0.09339135885238647,0.1127110943198204,1.0,0.0025767543859649125,0.0,0.0025767543859649125,0.019736842105263157,,,cvar,/Users/yaniszaim/deephedging/.deephedging_real_runs/final_paper_notebook/panel_sweeps/XLF_full_paper_grid_800_step_robust/model_artifacts/seed_3456/risk_cvar/proto_source_vanilla_k_100_weighted_0_learnw_0,6.0,0.08664288464964404,val_loss,0.012081396766006947,0.11416642367839813,0.001211453744493392,0.011013215859030838,456.0,20.0,2.0,vanilla,100.0,False,False,0.08136090636253357,0.1528283953666687
proto_source=vanilla_k=100_weighted=1_learnw=0,train,3456,proto,-0.02525084652006626,0.030313100665807724,-0.13080006331205368,-0.0829463317990303,-0.113365039229393,-0.01571472641080618,0.003051656798925249,0.8623939679547596,-0.02522885799407959,0.0004765709745697677,0.0004985604900866747,0.028165927156805992,0.3079553544521332,0.4980398416519165,1.0,0.3992224316682375,0.3992224316682375,0.0,0.998114985862394,,,cvar,/Users/yaniszaim/deephedging/.deephedging_real_runs/final_paper_notebook/panel_sweeps/XLF_full_paper_grid_800_step_robust/model_artifacts/seed_3456/risk_cvar/proto_source_vanilla_k_100_weighted_1_learnw_0,336.0,0.08710517155937851,val_loss,0.02743551693856716,0.23653101921081543,0.0,0.0,2122.0,20.0,2.0,vanilla,100.0,True,False,0.11964286118745804,0.3494463562965393
proto_source=vanilla_k=100_weighted=1_learnw=0,val,3456,proto,-0.02223365195095539,0.026802964508533478,-0.11546354807913303,-0.07416241616010666,-0.09541411697864532,-0.011851293966174126,0.0029920793836936297,0.8656387665198237,-0.021832270547747612,0.00010250436753267422,0.0005038874805904925,0.02823132462799549,0.30172064900398254,0.49916428327560425,1.0,0.4,0.4,0.0,1.0,,,cvar,/Users/yaniszaim/deephedging/.deephedging_real_runs/final_paper_notebook/panel_sweeps/XLF_full_paper_grid_800_step_robust/model_artifacts/seed_3456/risk_cvar/proto_source_vanilla_k_100_weighted_1_learnw_0,336.0,0.08710517155937851,val_loss,0.02743551693856716,0.23653101921081543,0.0,0.0,454.0,20.0,2.0,vanilla,100.0,True,False,0.11964286118745804,0.3494463562965393
proto_source=vanilla_k=100_weighted=1_learnw=0,test,3456,proto,-0.02503104880452156,0.028021320700645447,-0.12513028010725974,-0.07536660507321358,-0.10380912572145462,-0.017643777653574944,0.00333186995703727,0.8596491228070176,-0.02490839920938015,0.0003776919620577246,0.0005003409460186958,0.0281856507062912,0.3072735667228699,0.4987281262874603,1.0,0.39972587719298247,0.39972587719298247,0.0,1.0,,,cvar,/Users/yaniszaim/deephedging/.deephedging_real_runs/final_paper_notebook/panel_sweeps/XLF_full_paper_grid_800_step_robust/model_artifacts/seed_3456/risk_cvar/proto_source_vanilla_k_100_weighted_1_learnw_0,336.0,0.08710517155937851,val_loss,0.02743551693856716,0.23653101921081543,0.0,0.0,456.0,20.0,2.0,vanilla,100.0,True,False,0.11964286118745804,0.3494463562965393
