model,split,seed,model_family,gains_mean,gains_std,gains_p01,gains_p05,gains_cvar05,gains_p50,gains_p95,shortfall_prob,payoff_mean,pnl_mean,cost_mean,action_abs_mean,action_abs_max,delta_abs_mean,delta_abs_max,pct_at_any_position_bound,pct_at_upper_position_bound,pct_at_lower_position_bound,pct_paths_touch_any_position_bound,selected_band,baseline_selection_metric,risk_measure,artifact_dir,selected_epoch,selected_score,selection_metric,selected_val_action_abs_mean,selected_val_delta_abs_mean,selected_val_pct_at_any_position_bound,selected_val_pct_paths_touch_any_position_bound,n_paths,n_steps,n_inst,prototype_source,n_prototypes,weighted_similarity,learn_distance_feature_weights,proto_action_norm_mean,proto_action_norm_max
unhedged,train,1234,baseline,-0.018617672845721245,0.023832140490412712,-0.0900508189201355,-0.060826802253723146,-0.08322145789861679,-0.009561657905578613,0.0,0.6045454545454545,-0.018617672845721245,0.0,0.0,0.0,0.0,0.0,0.0,0.0,0.0,0.0,0.0,,,,,,,,,,,,,,,,,,,,
spot_delta,train,1234,baseline,-0.018724938854575157,0.02376091480255127,-0.08793720692396165,-0.0609191931784153,-0.08243421465158463,-0.011009540408849716,0.004195409384556113,0.8166666666666667,-0.018617672845721245,7.123500836314633e-05,0.00017850121366791427,0.022255100309848785,0.60760897397995,0.25741463899612427,0.60760897397995,0.0,0.0,0.0,0.0,,,,,,,,,,,,,,,,,,,,
spot_delta_band,train,1234,baseline,-0.018679458647966385,0.023730920627713203,-0.0877364443987608,-0.06066654399037361,-0.08236946910619736,-0.010905108880251646,0.003975942521356046,0.8151515151515152,-0.018617672845721245,7.600331446155906e-05,0.00013779073196928948,0.017187919467687607,0.5976089835166931,0.25714796781539917,0.5976089835166931,0.0,0.0,0.0,0.0,0.01,gains_mean,,,,,,,,,,,,,,,,,,
unhedged,val,1234,baseline,-0.02060861326754093,0.029760295525193214,-0.10531772017478942,-0.06126173734664917,-0.10196752846240997,-0.012462019920349121,-0.0,0.6155660377358491,-0.02060861326754093,0.0,0.0,0.0,0.0,0.0,0.0,0.0,0.0,0.0,0.0,,,,,,,,,,,,,,,,,,,,
spot_delta,val,1234,baseline,-0.020040493458509445,0.02718588337302208,-0.08852791540324688,-0.06165168434381485,-0.09331408143043518,-0.012886932585388422,0.00371102486969902,0.7995283018867925,-0.02060861326754093,0.0007473683799616992,0.0001792490656953305,0.022341186180710793,0.5931580066680908,0.25734761357307434,0.60760897397995,0.0,0.0,0.0,0.0,,,,,,,,,,,,,,,,,,,,
spot_delta_band,val,1234,baseline,-0.02001230977475643,0.02726474031805992,-0.08807772599160671,-0.06121319774538279,-0.09351248294115067,-0.013065848033875227,0.00328368553891778,0.8042452830188679,-0.02060861326754093,0.0007348039653152227,0.00013849844981450588,0.017275415360927582,0.583158016204834,0.2569981813430786,0.5976089835166931,0.0,0.0,0.0,0.0,0.01,gains_mean,,,,,,,,,,,,,,,,,,
unhedged,test,1234,baseline,-0.01854742504656315,0.02433396875858307,-0.0764540433883667,-0.06248238682746887,-0.07995794713497162,-0.006361663341522217,-0.0,0.5610328638497653,-0.01854742504656315,0.0,0.0,0.0,0.0,0.0,0.0,0.0,0.0,0.0,0.0,,,,,,,,,,,,,,,,,,,,
spot_delta,test,1234,baseline,-0.018084082752466202,0.023489730432629585,-0.07041438482701778,-0.05994798522442579,-0.07675181329250336,-0.008165750186890364,0.004764226847328246,0.7863849765258216,-0.01854742504656315,0.0006383737782016397,0.00017503314302302897,0.021821627393364906,0.6018829941749573,0.2580479383468628,0.60760897397995,0.0,0.0,0.0,0.0,,,,,,,,,,,,,,,,,,,,
spot_delta_band,test,1234,baseline,-0.018129685893654823,0.023457547649741173,-0.07039693742990494,-0.05931344348937273,-0.07674991339445114,-0.00809388468042016,0.004238557768985629,0.784037558685446,-0.01854742504656315,0.0005529890768229961,0.0001352518011117354,0.01687302440404892,0.5918830037117004,0.2577821910381317,0.5976089835166931,0.0,0.0,0.0,0.0,0.01,gains_mean,,,,,,,,,,,,,,,,,,
vanilla,train,1234,vanilla,-0.018590310588479042,0.02348068542778492,-0.08914724193513393,-0.06023001614958048,-0.08237697929143906,-0.009512606542557478,-0.00010244921395496934,1.0,-0.018617672845721245,8.470697503071278e-05,5.734567093895748e-05,0.005598810967057943,0.012584716081619263,0.05831528082489967,0.230036199092865,0.0,0.0,0.0,0.0,,,cvar,/Users/yaniszaim/deephedging/.deephedging_real_runs/final_paper_notebook/panel_sweeps/XLV_full_paper_grid_800_step_robust/model_artifacts/seed_1234/risk_cvar/vanilla,121.0,0.07977522451896221,val_loss,0.004763455130159855,0.04666871204972267,0.0,0.0,1980.0,20.0,2.0,,,,,,
vanilla,val,1234,vanilla,-0.02055564895272255,0.02936023287475109,-0.10424179188907146,-0.0606525095179677,-0.1009301170706749,-0.012369435280561447,-0.0001103926180803684,1.0,-0.02060861326754093,0.00011050904868170619,5.754123776569031e-05,0.005597841460257769,0.01256301999092102,0.058315206319093704,0.22737789154052734,0.0,0.0,0.0,0.0,,,cvar,/Users/yaniszaim/deephedging/.deephedging_real_runs/final_paper_notebook/panel_sweeps/XLV_full_paper_grid_800_step_robust/model_artifacts/seed_1234/risk_cvar/vanilla,121.0,0.07977522451896221,val_loss,0.004763455130159855,0.04666871204972267,0.0,0.0,424.0,20.0,2.0,,,,,,
vanilla,test,1234,vanilla,-0.018535928800702095,0.02396939881145954,-0.07571061886847019,-0.06186914537101984,-0.07914876937866211,-0.0063566360622644424,-0.0001054015683621401,1.0,-0.01854742504656315,6.89899388817139e-05,5.74973710172344e-05,0.0056000263430178165,0.012537315487861633,0.05833405628800392,0.22800379991531372,0.0,0.0,0.0,0.0,,,cvar,/Users/yaniszaim/deephedging/.deephedging_real_runs/final_paper_notebook/panel_sweeps/XLV_full_paper_grid_800_step_robust/model_artifacts/seed_1234/risk_cvar/vanilla,121.0,0.07977522451896221,val_loss,0.004763455130159855,0.04666871204972267,0.0,0.0,426.0,20.0,2.0,,,,,,
proto_source=spot_delta_k=10_weighted=0_learnw=0,train,1234,proto,-0.018481414765119553,0.022347070276737213,-0.08629604153335095,-0.05861241780221462,-0.07939137518405914,-0.01011872012168169,0.0009626219805795698,0.8888888888888888,-0.018617672845721245,0.0003553774149622768,0.000219118912355043,0.024332281202077866,0.24046577513217926,0.3140537142753601,1.0,0.00022727272727272727,0.00022727272727272727,0.0,0.0035353535353535356,,,cvar,/Users/yaniszaim/deephedging/.deephedging_real_runs/final_paper_notebook/panel_sweeps/XLV_full_paper_grid_800_step_robust/model_artifacts/seed_1234/risk_cvar/proto_source_spot_delta_k_10_weighted_0_learnw_0,22.0,0.07927705050393376,val_loss,0.021339822560548782,0.15845181047916412,0.00035377358490566035,0.0023584905660377358,1980.0,20.0,2.0,spot_delta,10.0,False,False,0.10818789154291153,0.28245648741722107
proto_source=spot_delta_k=10_weighted=0_learnw=0,val,1234,proto,-0.020338350906968117,0.02749043144285679,-0.09950873531401157,-0.05841782558709383,-0.09518475830554962,-0.012298885732889175,0.0009497286227997384,0.8867924528301887,-0.02060861326754093,0.0005039918469265103,0.00023372677969746292,0.024619396775960922,0.24046587944030762,0.3140653967857361,1.0,0.0004127358490566038,0.0004127358490566038,0.0,0.0047169811320754715,,,cvar,/Users/yaniszaim/deephedging/.deephedging_real_runs/final_paper_notebook/panel_sweeps/XLV_full_paper_grid_800_step_robust/model_artifacts/seed_1234/risk_cvar/proto_source_spot_delta_k_10_weighted_0_learnw_0,22.0,0.07927705050393376,val_loss,0.021339822560548782,0.15845181047916412,0.00035377358490566035,0.0023584905660377358,424.0,20.0,2.0,spot_delta,10.0,False,False,0.10818789154291153,0.28245648741722107
proto_source=spot_delta_k=10_weighted=0_learnw=0,test,1234,proto,-0.01830880530178547,0.022966334596276283,-0.07362210564315319,-0.05935485567897558,-0.07646115869283676,-0.007652956526726484,0.0013369596272241324,0.8873239436619719,-0.01854742504656315,0.0004606795555446297,0.00022206170251592994,0.024424709379673004,0.24029187858104706,0.31343477964401245,1.0,0.0008802816901408451,0.0008802816901408451,0.0,0.011737089201877934,,,cvar,/Users/yaniszaim/deephedging/.deephedging_real_runs/final_paper_notebook/panel_sweeps/XLV_full_paper_grid_800_step_robust/model_artifacts/seed_1234/risk_cvar/proto_source_spot_delta_k_10_weighted_0_learnw_0,22.0,0.07927705050393376,val_loss,0.021339822560548782,0.15845181047916412,0.00035377358490566035,0.0023584905660377358,426.0,20.0,2.0,spot_delta,10.0,False,False,0.10818789154291153,0.28245648741722107
proto_source=spot_delta_k=10_weighted=1_learnw=0,train,1234,proto,-0.018573610112071037,0.0222889706492424,-0.08346948891878128,-0.058320960588753225,-0.07876147329807281,-0.010016332846134901,0.0007528221613029001,0.9106060606060606,-0.018617672845721245,0.0004194870707578957,0.00037542334757745266,0.03110533393919468,0.19325470924377441,0.36261728405952454,1.0,0.003005050505050505,0.003005050505050505,0.0,0.10757575757575757,,,cvar,/Users/yaniszaim/deephedging/.deephedging_real_runs/final_paper_notebook/panel_sweeps/XLV_full_paper_grid_800_step_robust/model_artifacts/seed_1234/risk_cvar/proto_source_spot_delta_k_10_weighted_1_learnw_0,43.0,0.07946927977725864,val_loss,0.02085503563284874,0.14621958136558533,0.0,0.0,1980.0,20.0,2.0,spot_delta,10.0,True,False,0.11087832599878311,0.1972734034061432
proto_source=spot_delta_k=10_weighted=1_learnw=0,val,1234,proto,-0.020423641428351402,0.028491942211985588,-0.09597800306975841,-0.05841541010886431,-0.09673520922660828,-0.012810418382287025,0.0008510394225595509,0.9174528301886793,-0.02060861326754093,0.0005652476684190333,0.0003802744613494724,0.03136797249317169,0.19346576929092407,0.36291539669036865,1.0,0.0035966981132075472,0.0035966981132075472,0.0,0.13443396226415094,,,cvar,/Users/yaniszaim/deephedging/.deephedging_real_runs/final_paper_notebook/panel_sweeps/XLV_full_paper_grid_800_step_robust/model_artifacts/seed_1234/risk_cvar/proto_source_spot_delta_k_10_weighted_1_learnw_0,43.0,0.07946927977725864,val_loss,0.02085503563284874,0.14621958136558533,0.0,0.0,424.0,20.0,2.0,spot_delta,10.0,True,False,0.11087832599878311,0.1972734034061432
proto_source=spot_delta_k=10_weighted=1_learnw=0,test,1234,proto,-0.018257595598697662,0.022921450436115265,-0.07479715347290039,-0.05953587405383587,-0.07548333704471588,-0.006974487332627177,0.001259789860341698,0.8990610328638498,-0.01854742504656315,0.0006709324079565704,0.0003811035421676934,0.03152662143111229,0.1808263063430786,0.3633996844291687,1.0,0.003697183098591549,0.003697183098591549,0.0,0.13380281690140844,,,cvar,/Users/yaniszaim/deephedging/.deephedging_real_runs/final_paper_notebook/panel_sweeps/XLV_full_paper_grid_800_step_robust/model_artifacts/seed_1234/risk_cvar/proto_source_spot_delta_k_10_weighted_1_learnw_0,43.0,0.07946927977725864,val_loss,0.02085503563284874,0.14621958136558533,0.0,0.0,426.0,20.0,2.0,spot_delta,10.0,True,False,0.11087832599878311,0.1972734034061432
proto_source=spot_delta_k=25_weighted=0_learnw=0,train,1234,proto,-0.0186338908970356,0.0230084415525198,-0.0862768878787756,-0.060169636458158496,-0.08076231181621552,-0.010090287309139967,0.002729751705192028,0.8494949494949495,-0.018617672845721245,0.00028594391187652946,0.0003021612938027829,0.03641096130013466,0.20375582575798035,0.21304525434970856,0.5932540893554688,0.0,0.0,0.0,0.0,,,cvar,/Users/yaniszaim/deephedging/.deephedging_real_runs/final_paper_notebook/panel_sweeps/XLV_full_paper_grid_800_step_robust/model_artifacts/seed_1234/risk_cvar/proto_source_spot_delta_k_25_weighted_0_learnw_0,66.0,0.07909028500318527,val_loss,0.018613845109939575,0.1136249452829361,0.0,0.0,1980.0,20.0,2.0,spot_delta,25.0,False,False,0.1278112381696701,0.2842993438243866
proto_source=spot_delta_k=25_weighted=0_learnw=0,val,1234,proto,-0.0201470497995615,0.027089562267065048,-0.09400188356637955,-0.06209360808134079,-0.09345703572034836,-0.012697183061391115,0.0023422883241437363,0.8490566037735849,-0.02060861326754093,0.0007787892245687544,0.00031722415587864816,0.03721632435917854,0.2038918137550354,0.21336373686790466,0.9832971692085266,0.0,0.0,0.0,0.0,,,cvar,/Users/yaniszaim/deephedging/.deephedging_real_runs/final_paper_notebook/panel_sweeps/XLV_full_paper_grid_800_step_robust/model_artifacts/seed_1234/risk_cvar/proto_source_spot_delta_k_25_weighted_0_learnw_0,66.0,0.07909028500318527,val_loss,0.018613845109939575,0.1136249452829361,0.0,0.0,424.0,20.0,2.0,spot_delta,25.0,False,False,0.1278112381696701,0.2842993438243866
proto_source=spot_delta_k=25_weighted=0_learnw=0,test,1234,proto,-0.018126295879483223,0.02343410812318325,-0.07846721820533276,-0.0611778749153018,-0.07691845297813416,-0.00832443032413721,0.003385088231880218,0.7769953051643192,-0.01854742504656315,0.0007258913828991354,0.000304763438180089,0.03671785816550255,0.20377236604690552,0.21395251154899597,0.5914793014526367,0.0,0.0,0.0,0.0,,,cvar,/Users/yaniszaim/deephedging/.deephedging_real_runs/final_paper_notebook/panel_sweeps/XLV_full_paper_grid_800_step_robust/model_artifacts/seed_1234/risk_cvar/proto_source_spot_delta_k_25_weighted_0_learnw_0,66.0,0.07909028500318527,val_loss,0.018613845109939575,0.1136249452829361,0.0,0.0,426.0,20.0,2.0,spot_delta,25.0,False,False,0.1278112381696701,0.2842993438243866
proto_source=spot_delta_k=25_weighted=1_learnw=0,train,1234,proto,-0.018462002277374268,0.02237354964017868,-0.08438422083854676,-0.058619826659560205,-0.07876024395227432,-0.0101996217854321,0.0017821422079578025,0.8545454545454545,-0.018617672845721245,0.00037544278893619776,0.00021977105643600225,0.027075108140707016,0.1727081835269928,0.33299943804740906,1.0,0.006351010101010101,0.006351010101010101,0.0,0.09848484848484848,,,cvar,/Users/yaniszaim/deephedging/.deephedging_real_runs/final_paper_notebook/panel_sweeps/XLV_full_paper_grid_800_step_robust/model_artifacts/seed_1234/risk_cvar/proto_source_spot_delta_k_25_weighted_1_learnw_0,160.0,0.07920092799700797,val_loss,0.02522587962448597,0.10475800186395645,0.0,0.0,1980.0,20.0,2.0,spot_delta,25.0,True,False,0.11535761505365372,0.2955632209777832
proto_source=spot_delta_k=25_weighted=1_learnw=0,val,1234,proto,-0.0201945211738348,0.027655938640236855,-0.0935814193636179,-0.05863830000162124,-0.09546992927789688,-0.01293430058285594,0.001633753400528803,0.8514150943396226,-0.02060861326754093,0.0006327920127660036,0.00021869815827813,0.026975546032190323,0.1727081835269928,0.33333706855773926,1.0,0.0071933962264150945,0.0071933962264150945,0.0,0.10377358490566038,,,cvar,/Users/yaniszaim/deephedging/.deephedging_real_runs/final_paper_notebook/panel_sweeps/XLV_full_paper_grid_800_step_robust/model_artifacts/seed_1234/risk_cvar/proto_source_spot_delta_k_25_weighted_1_learnw_0,160.0,0.07920092799700797,val_loss,0.02522587962448597,0.10475800186395645,0.0,0.0,424.0,20.0,2.0,spot_delta,25.0,True,False,0.11535761505365372,0.2955632209777832
proto_source=spot_delta_k=25_weighted=1_learnw=0,test,1234,proto,-0.018145211040973663,0.02269766479730606,-0.06891890242695808,-0.05915550794452429,-0.07491400092840195,-0.0078001737128943205,0.002032351156231016,0.8215962441314554,-0.01854742504656315,0.0006234203465282917,0.00022120782523415983,0.02729347161948681,0.1727081835269928,0.33285486698150635,1.0,0.0065140845070422535,0.0065140845070422535,0.0,0.107981220657277,,,cvar,/Users/yaniszaim/deephedging/.deephedging_real_runs/final_paper_notebook/panel_sweeps/XLV_full_paper_grid_800_step_robust/model_artifacts/seed_1234/risk_cvar/proto_source_spot_delta_k_25_weighted_1_learnw_0,160.0,0.07920092799700797,val_loss,0.02522587962448597,0.10475800186395645,0.0,0.0,426.0,20.0,2.0,spot_delta,25.0,True,False,0.11535761505365372,0.2955632209777832
proto_source=spot_delta_k=50_weighted=0_learnw=0,train,1234,proto,-0.018265128135681152,0.023647354915738106,-0.09013553120195866,-0.06105649843811989,-0.08149996399879456,-0.00938402721658349,0.0009269804490031662,0.8358585858585859,-0.018617672845721245,0.0004993031616322696,0.00014675779675599188,0.011236907914280891,0.33886632323265076,0.04471864551305771,0.9540696144104004,0.0,0.0,0.0,0.0,,,cvar,/Users/yaniszaim/deephedging/.deephedging_real_runs/final_paper_notebook/panel_sweeps/XLV_full_paper_grid_800_step_robust/model_artifacts/seed_1234/risk_cvar/proto_source_spot_delta_k_50_weighted_0_learnw_0,799.0,0.07923490162938833,val_loss,0.008595205843448639,0.033533819019794464,0.0,0.0,1980.0,20.0,2.0,spot_delta,50.0,False,False,0.15874037146568298,0.40347790718078613
proto_source=spot_delta_k=50_weighted=0_learnw=0,val,1234,proto,-0.019920120015740395,0.028909431770443916,-0.1170266431570053,-0.061090856604278085,-0.09808624535799026,-0.012287772260606289,0.0014311721490230384,0.8160377358490566,-0.02060861326754093,0.0008495902875438333,0.00016109617718029767,0.011571227572858334,0.31084227561950684,0.0453716441988945,1.0,0.00029481132075471697,0.0,0.00029481132075471697,0.0023584905660377358,,,cvar,/Users/yaniszaim/deephedging/.deephedging_real_runs/final_paper_notebook/panel_sweeps/XLV_full_paper_grid_800_step_robust/model_artifacts/seed_1234/risk_cvar/proto_source_spot_delta_k_50_weighted_0_learnw_0,799.0,0.07923490162938833,val_loss,0.008595205843448639,0.033533819019794464,0.0,0.0,424.0,20.0,2.0,spot_delta,50.0,False,False,0.15874037146568298,0.40347790718078613
proto_source=spot_delta_k=50_weighted=0_learnw=0,test,1234,proto,-0.018366297706961632,0.02505982108414173,-0.07695448584854603,-0.06166806258261204,-0.07986265420913696,-0.007019578479230404,0.0008246380457421765,0.8356807511737089,-0.01854742504656315,0.000338838406605646,0.00015771308972034603,0.011623792350292206,0.30790796875953674,0.04496217146515846,0.8878469467163086,0.0,0.0,0.0,0.0,,,cvar,/Users/yaniszaim/deephedging/.deephedging_real_runs/final_paper_notebook/panel_sweeps/XLV_full_paper_grid_800_step_robust/model_artifacts/seed_1234/risk_cvar/proto_source_spot_delta_k_50_weighted_0_learnw_0,799.0,0.07923490162938833,val_loss,0.008595205843448639,0.033533819019794464,0.0,0.0,426.0,20.0,2.0,spot_delta,50.0,False,False,0.15874037146568298,0.40347790718078613
proto_source=spot_delta_k=50_weighted=1_learnw=0,train,1234,proto,-0.018500404432415962,0.023006057366728783,-0.08768155805766582,-0.061033283919095994,-0.07975165545940399,-0.010522483382374048,0.003963991114869714,0.8358585858585859,-0.018617672845721245,0.0005321812932379544,0.000414913083659485,0.035949211567640305,0.3945437967777252,0.24544435739517212,1.0,0.0003156565656565657,0.0003156565656565657,0.0,0.0030303030303030303,,,cvar,/Users/yaniszaim/deephedging/.deephedging_real_runs/final_paper_notebook/panel_sweeps/XLV_full_paper_grid_800_step_robust/model_artifacts/seed_1234/risk_cvar/proto_source_spot_delta_k_50_weighted_1_learnw_0,236.0,0.07887608367949724,val_loss,0.02228815108537674,0.09555773437023163,0.0,0.0,1980.0,20.0,2.0,spot_delta,50.0,True,False,0.1407441347837448,0.49336105585098267
proto_source=spot_delta_k=50_weighted=1_learnw=0,val,1234,proto,-0.019952911883592606,0.02773027867078781,-0.09278367564082146,-0.06181295346468687,-0.09426834434270859,-0.012789606116712093,0.005327741312794384,0.8160377358490566,-0.02060861326754093,0.0011074222857132554,0.00045171842793934047,0.03685595467686653,0.3786429762840271,0.24802856147289276,1.0,0.0007665094339622642,0.0007665094339622642,0.0,0.0047169811320754715,,,cvar,/Users/yaniszaim/deephedging/.deephedging_real_runs/final_paper_notebook/panel_sweeps/XLV_full_paper_grid_800_step_robust/model_artifacts/seed_1234/risk_cvar/proto_source_spot_delta_k_50_weighted_1_learnw_0,236.0,0.07887608367949724,val_loss,0.02228815108537674,0.09555773437023163,0.0,0.0,424.0,20.0,2.0,spot_delta,50.0,True,False,0.1407441347837448,0.49336105585098267
proto_source=spot_delta_k=50_weighted=1_learnw=0,test,1234,proto,-0.018202856183052063,0.023740379139780998,-0.07365108840167522,-0.06024935748428106,-0.07645004242658615,-0.0092656877823174,0.003290293039754033,0.8309859154929577,-0.01854742504656315,0.00074851477984339,0.00040394702227786183,0.03581733629107475,0.39772388339042664,0.24403652548789978,0.8368616104125977,0.0,0.0,0.0,0.0,,,cvar,/Users/yaniszaim/deephedging/.deephedging_real_runs/final_paper_notebook/panel_sweeps/XLV_full_paper_grid_800_step_robust/model_artifacts/seed_1234/risk_cvar/proto_source_spot_delta_k_50_weighted_1_learnw_0,236.0,0.07887608367949724,val_loss,0.02228815108537674,0.09555773437023163,0.0,0.0,426.0,20.0,2.0,spot_delta,50.0,True,False,0.1407441347837448,0.49336105585098267
proto_source=spot_delta_k=100_weighted=0_learnw=0,train,1234,proto,-0.018937842920422554,0.021971888840198517,-0.08495819039642812,-0.05831942670047283,-0.07898624241352081,-0.010382175911217928,0.0003077982895774764,0.9368686868686869,-0.018617672845721245,0.0003033620014321059,0.0006235323962755501,0.030043015256524086,0.17114341259002686,0.3996703028678894,1.0,0.1145959595959596,0.1142929292929293,0.00030303030303030303,0.6247474747474747,,,cvar,/Users/yaniszaim/deephedging/.deephedging_real_runs/final_paper_notebook/panel_sweeps/XLV_full_paper_grid_800_step_robust/model_artifacts/seed_1234/risk_cvar/proto_source_spot_delta_k_100_weighted_0_learnw_0,15.0,0.07923455415732877,val_loss,0.02004890702664852,0.12434952706098557,0.00017688679245283018,0.007075471698113208,1980.0,20.0,2.0,spot_delta,100.0,False,False,0.06559398770332336,0.17908763885498047
proto_source=spot_delta_k=100_weighted=0_learnw=0,val,1234,proto,-0.020778797566890717,0.027434861287474632,-0.09658956572413444,-0.057632782682776454,-0.09556519240140915,-0.013148888479918242,-9.539984748699012e-05,0.9504716981132075,-0.02060861326754093,0.00044902352965436876,0.000619205238763243,0.030102215707302094,0.1670660376548767,0.40131184458732605,1.0,0.11633254716981133,0.11586084905660378,0.0004716981132075472,0.6391509433962265,,,cvar,/Users/yaniszaim/deephedging/.deephedging_real_runs/final_paper_notebook/panel_sweeps/XLV_full_paper_grid_800_step_robust/model_artifacts/seed_1234/risk_cvar/proto_source_spot_delta_k_100_weighted_0_learnw_0,15.0,0.07923455415732877,val_loss,0.02004890702664852,0.12434952706098557,0.00017688679245283018,0.007075471698113208,424.0,20.0,2.0,spot_delta,100.0,False,False,0.06559398770332336,0.17908763885498047
proto_source=spot_delta_k=100_weighted=0_learnw=0,test,1234,proto,-0.018844667822122574,0.022321758791804314,-0.07121976464986801,-0.05865181516855955,-0.07583026587963104,-0.007971024606376886,0.0008139093406498432,0.9272300469483568,-0.01854742504656315,0.00034835300175473094,0.0006455965340137482,0.030411483719944954,0.16465508937835693,0.4001407027244568,1.0,0.11390845070422535,0.11332159624413146,0.0005868544600938967,0.5938967136150235,,,cvar,/Users/yaniszaim/deephedging/.deephedging_real_runs/final_paper_notebook/panel_sweeps/XLV_full_paper_grid_800_step_robust/model_artifacts/seed_1234/risk_cvar/proto_source_spot_delta_k_100_weighted_0_learnw_0,15.0,0.07923455415732877,val_loss,0.02004890702664852,0.12434952706098557,0.00017688679245283018,0.007075471698113208,426.0,20.0,2.0,spot_delta,100.0,False,False,0.06559398770332336,0.17908763885498047
proto_source=spot_delta_k=100_weighted=1_learnw=0,train,1234,proto,-0.018537865951657295,0.02278117835521698,-0.08926584385335445,-0.05962591953575611,-0.08079199492931366,-0.009979181922972202,0.0018964860064443196,0.8621212121212121,-0.018617672845721245,0.0003237609926145524,0.00024395449145231396,0.029715970158576965,0.1253475397825241,0.19859158992767334,0.7687007784843445,0.0,0.0,0.0,0.0,,,cvar,/Users/yaniszaim/deephedging/.deephedging_real_runs/final_paper_notebook/panel_sweeps/XLV_full_paper_grid_800_step_robust/model_artifacts/seed_1234/risk_cvar/proto_source_spot_delta_k_100_weighted_1_learnw_0,78.0,0.07927516712807119,val_loss,0.02439778856933117,0.08712615072727203,0.0,0.0,1980.0,20.0,2.0,spot_delta,100.0,True,False,0.08146823942661285,0.20864273607730865
proto_source=spot_delta_k=100_weighted=1_learnw=0,val,1234,proto,-0.020227495580911636,0.028341040015220642,-0.10039204269647597,-0.05894570779055357,-0.09757986664772034,-0.011813435703516006,0.001971773162949829,0.8537735849056604,-0.02060861326754093,0.0006260624504648149,0.0002449428429827094,0.029750607907772064,0.12494564056396484,0.19873762130737305,0.7946556210517883,0.0,0.0,0.0,0.0,,,cvar,/Users/yaniszaim/deephedging/.deephedging_real_runs/final_paper_notebook/panel_sweeps/XLV_full_paper_grid_800_step_robust/model_artifacts/seed_1234/risk_cvar/proto_source_spot_delta_k_100_weighted_1_learnw_0,78.0,0.07927516712807119,val_loss,0.02439778856933117,0.08712615072727203,0.0,0.0,424.0,20.0,2.0,spot_delta,100.0,True,False,0.08146823942661285,0.20864273607730865
proto_source=spot_delta_k=100_weighted=1_learnw=0,test,1234,proto,-0.018241260200738907,0.023522917181253433,-0.07527155987918377,-0.06144363898783922,-0.07783067226409912,-0.006729391869157553,0.0023599779815413058,0.8192488262910798,-0.01854742504656315,0.0005509974434971809,0.00024483384913764894,0.029835866764187813,0.11895626783370972,0.19881004095077515,0.8350251317024231,0.0,0.0,0.0,0.0,,,cvar,/Users/yaniszaim/deephedging/.deephedging_real_runs/final_paper_notebook/panel_sweeps/XLV_full_paper_grid_800_step_robust/model_artifacts/seed_1234/risk_cvar/proto_source_spot_delta_k_100_weighted_1_learnw_0,78.0,0.07927516712807119,val_loss,0.02439778856933117,0.08712615072727203,0.0,0.0,426.0,20.0,2.0,spot_delta,100.0,True,False,0.08146823942661285,0.20864273607730865
proto_source=vanilla_k=10_weighted=0_learnw=0,train,1234,proto,-0.018821023404598236,0.022759610787034035,-0.08782965593039989,-0.059575614705681804,-0.08111747354269028,-0.009707435965538025,0.000720302667468786,0.9116161616161617,-0.018617672845721245,0.0003698724613059312,0.0005732220597565174,0.025112856179475784,0.14383503794670105,0.15612030029296875,0.9853067994117737,0.0,0.0,0.0,0.0,,,cvar,/Users/yaniszaim/deephedging/.deephedging_real_runs/final_paper_notebook/panel_sweeps/XLV_full_paper_grid_800_step_robust/model_artifacts/seed_1234/risk_cvar/proto_source_vanilla_k_10_weighted_0_learnw_0,251.0,0.08026031645014882,val_loss,0.02524060383439064,0.1516779065132141,0.0,0.0,1980.0,20.0,2.0,vanilla,10.0,False,False,0.07830865681171417,0.15577271580696106
proto_source=vanilla_k=10_weighted=0_learnw=0,val,1234,proto,-0.020857073366642,0.02877381071448326,-0.10270758874714374,-0.06093054115772247,-0.10063934326171875,-0.011550988536328077,0.0005177817161893466,0.9198113207547169,-0.02060861326754093,0.00032443093368783593,0.0005728914984501898,0.025041120126843452,0.14383503794670105,0.15512621402740479,0.933147132396698,0.0,0.0,0.0,0.0,,,cvar,/Users/yaniszaim/deephedging/.deephedging_real_runs/final_paper_notebook/panel_sweeps/XLV_full_paper_grid_800_step_robust/model_artifacts/seed_1234/risk_cvar/proto_source_vanilla_k_10_weighted_0_learnw_0,251.0,0.08026031645014882,val_loss,0.02524060383439064,0.1516779065132141,0.0,0.0,424.0,20.0,2.0,vanilla,10.0,False,False,0.07830865681171417,0.15577271580696106
proto_source=vanilla_k=10_weighted=0_learnw=0,test,1234,proto,-0.018865298479795456,0.023466935381293297,-0.07576798461377621,-0.06143488269299269,-0.07858846336603165,-0.007051490247249603,0.0007887471147114411,0.9131455399061033,-0.01854742504656315,0.0002490505576133728,0.0005669272504746914,0.024937206879258156,0.14383503794670105,0.15507772564888,0.9473056793212891,0.0,0.0,0.0,0.0,,,cvar,/Users/yaniszaim/deephedging/.deephedging_real_runs/final_paper_notebook/panel_sweeps/XLV_full_paper_grid_800_step_robust/model_artifacts/seed_1234/risk_cvar/proto_source_vanilla_k_10_weighted_0_learnw_0,251.0,0.08026031645014882,val_loss,0.02524060383439064,0.1516779065132141,0.0,0.0,426.0,20.0,2.0,vanilla,10.0,False,False,0.07830865681171417,0.15577271580696106
proto_source=vanilla_k=10_weighted=1_learnw=0,train,1234,proto,-0.018870875239372253,0.02374701015651226,-0.09107289269566536,-0.060687188804149625,-0.08335457742214203,-0.009593775495886803,0.0005876409675693136,0.8752525252525253,-0.018617672845721245,3.143635331070982e-05,0.00028463875059969723,0.007699780631810427,0.09713824093341827,0.06641396135091782,0.09914753586053848,0.0,0.0,0.0,0.0,,,cvar,/Users/yaniszaim/deephedging/.deephedging_real_runs/final_paper_notebook/panel_sweeps/XLV_full_paper_grid_800_step_robust/model_artifacts/seed_1234/risk_cvar/proto_source_vanilla_k_10_weighted_1_learnw_0,1.0,0.08005476678721607,val_loss,0.0046694036573171616,0.044431038200855255,0.0,0.0,1980.0,20.0,2.0,vanilla,10.0,True,False,0.10100190341472626,0.15188759565353394
proto_source=vanilla_k=10_weighted=1_learnw=0,val,1234,proto,-0.020955121144652367,0.030047161504626274,-0.10809758767485618,-0.061958694271743296,-0.10340616852045059,-0.012810751795768738,0.00042934455850627255,0.8820754716981132,-0.02060861326754093,-6.205109821166843e-05,0.0002844535920303315,0.007698028348386288,0.09712865203619003,0.06642220169305801,0.10579846054315567,0.0,0.0,0.0,0.0,,,cvar,/Users/yaniszaim/deephedging/.deephedging_real_runs/final_paper_notebook/panel_sweeps/XLV_full_paper_grid_800_step_robust/model_artifacts/seed_1234/risk_cvar/proto_source_vanilla_k_10_weighted_1_learnw_0,1.0,0.08005476678721607,val_loss,0.0046694036573171616,0.044431038200855255,0.0,0.0,424.0,20.0,2.0,vanilla,10.0,True,False,0.10100190341472626,0.15188759565353394
proto_source=vanilla_k=10_weighted=1_learnw=0,test,1234,proto,-0.01888643391430378,0.024386752396821976,-0.07802370376884937,-0.06326384842395782,-0.08041217923164368,-0.0071023148484528065,0.0006221927760634571,0.852112676056338,-0.01854742504656315,-5.4729822295485064e-05,0.0002842808316927403,0.007698559667915106,0.09712638705968857,0.06641606241464615,0.09712638705968857,0.0,0.0,0.0,0.0,,,cvar,/Users/yaniszaim/deephedging/.deephedging_real_runs/final_paper_notebook/panel_sweeps/XLV_full_paper_grid_800_step_robust/model_artifacts/seed_1234/risk_cvar/proto_source_vanilla_k_10_weighted_1_learnw_0,1.0,0.08005476678721607,val_loss,0.0046694036573171616,0.044431038200855255,0.0,0.0,426.0,20.0,2.0,vanilla,10.0,True,False,0.10100190341472626,0.15188759565353394
proto_source=vanilla_k=25_weighted=0_learnw=0,train,1234,proto,-0.019524583593010902,0.022933145985007286,-0.08850725807249546,-0.059886948019266126,-0.08179343491792679,-0.010631675366312265,0.00035920775844715486,0.9318181818181818,-0.018617672845721245,0.00025670029572211206,0.0011636103736236691,0.038875073194503784,0.08493852615356445,0.1887272596359253,0.9173415303230286,0.0,0.0,0.0,0.0,,,cvar,/Users/yaniszaim/deephedging/.deephedging_real_runs/final_paper_notebook/panel_sweeps/XLV_full_paper_grid_800_step_robust/model_artifacts/seed_1234/risk_cvar/proto_source_vanilla_k_25_weighted_0_learnw_0,22.0,0.0798220487870276,val_loss,0.008690271526575089,0.08394277840852737,0.0,0.0,1980.0,20.0,2.0,vanilla,25.0,False,False,0.08783862739801407,0.1455836147069931
proto_source=vanilla_k=25_weighted=0_learnw=0,val,1234,proto,-0.02158420905470848,0.02840900421142578,-0.10597811505198478,-0.060364588536322115,-0.09966254979372025,-0.01402680529281497,0.00024473385419696513,0.9410377358490566,-0.02060861326754093,0.00018368788005318493,0.0011592830996960402,0.03869614005088806,0.08476501703262329,0.18885020911693573,0.8775478005409241,0.0,0.0,0.0,0.0,,,cvar,/Users/yaniszaim/deephedging/.deephedging_real_runs/final_paper_notebook/panel_sweeps/XLV_full_paper_grid_800_step_robust/model_artifacts/seed_1234/risk_cvar/proto_source_vanilla_k_25_weighted_0_learnw_0,22.0,0.0798220487870276,val_loss,0.008690271526575089,0.08394277840852737,0.0,0.0,424.0,20.0,2.0,vanilla,25.0,False,False,0.08783862739801407,0.1455836147069931
proto_source=vanilla_k=25_weighted=0_learnw=0,test,1234,proto,-0.019800744950771332,0.023326914757490158,-0.07504591718316078,-0.061005789786577225,-0.07839357107877731,-0.008881820365786552,0.00029206517501734197,0.9225352112676056,-0.01854742504656315,-9.230514115188271e-05,0.0011610189685598016,0.038749437779188156,0.08438152074813843,0.1905299872159958,0.8711639046669006,0.0,0.0,0.0,0.0,,,cvar,/Users/yaniszaim/deephedging/.deephedging_real_runs/final_paper_notebook/panel_sweeps/XLV_full_paper_grid_800_step_robust/model_artifacts/seed_1234/risk_cvar/proto_source_vanilla_k_25_weighted_0_learnw_0,22.0,0.0798220487870276,val_loss,0.008690271526575089,0.08394277840852737,0.0,0.0,426.0,20.0,2.0,vanilla,25.0,False,False,0.08783862739801407,0.1455836147069931
proto_source=vanilla_k=25_weighted=1_learnw=0,train,1234,proto,-0.01859365403652191,0.02219567634165287,-0.08677436321973801,-0.05797855891287327,-0.07913454622030258,-0.010373143944889307,0.001402577175758779,0.8868686868686869,-0.018617672845721245,0.00038667675107717514,0.000362657563528046,0.026773719117045403,0.3708246350288391,0.4132288098335266,1.0,0.18902777777777777,0.18902777777777777,0.0,0.98989898989899,,,cvar,/Users/yaniszaim/deephedging/.deephedging_real_runs/final_paper_notebook/panel_sweeps/XLV_full_paper_grid_800_step_robust/model_artifacts/seed_1234/risk_cvar/proto_source_vanilla_k_25_weighted_1_learnw_0,392.0,0.08026375744592856,val_loss,0.004051802214235067,0.044101011008024216,0.000884433962264151,0.014150943396226415,1980.0,20.0,2.0,vanilla,25.0,True,False,0.1170441210269928,0.3731444180011749
proto_source=vanilla_k=25_weighted=1_learnw=0,val,1234,proto,-0.020604969933629036,0.028224483132362366,-0.10679438568651675,-0.05975690484046936,-0.09801702946424484,-0.012700696475803852,0.0008515822381013983,0.8985849056603774,-0.02060861326754093,0.0003661792434286326,0.0003625344834290445,0.026791125535964966,0.3314685821533203,0.41240549087524414,1.0,0.1889740566037736,0.1889740566037736,0.0,0.9811320754716981,,,cvar,/Users/yaniszaim/deephedging/.deephedging_real_runs/final_paper_notebook/panel_sweeps/XLV_full_paper_grid_800_step_robust/model_artifacts/seed_1234/risk_cvar/proto_source_vanilla_k_25_weighted_1_learnw_0,392.0,0.08026375744592856,val_loss,0.004051802214235067,0.044101011008024216,0.000884433962264151,0.014150943396226415,424.0,20.0,2.0,vanilla,25.0,True,False,0.1170441210269928,0.3731444180011749
proto_source=vanilla_k=25_weighted=1_learnw=0,test,1234,proto,-0.01852925308048725,0.022703377529978752,-0.07573248818516731,-0.05913420207798481,-0.07607603818178177,-0.008588834200054407,0.0017274495912715793,0.8708920187793427,-0.01854742504656315,0.00037842013989575207,0.0003602502983994782,0.02679639682173729,0.3317969739437103,0.4113156795501709,1.0,0.18732394366197183,0.18732394366197183,0.0,0.9812206572769953,,,cvar,/Users/yaniszaim/deephedging/.deephedging_real_runs/final_paper_notebook/panel_sweeps/XLV_full_paper_grid_800_step_robust/model_artifacts/seed_1234/risk_cvar/proto_source_vanilla_k_25_weighted_1_learnw_0,392.0,0.08026375744592856,val_loss,0.004051802214235067,0.044101011008024216,0.000884433962264151,0.014150943396226415,426.0,20.0,2.0,vanilla,25.0,True,False,0.1170441210269928,0.3731444180011749
proto_source=vanilla_k=50_weighted=0_learnw=0,train,1234,proto,-0.018595604225993156,0.022437220439314842,-0.08652222923934459,-0.05826426148414612,-0.08025195449590683,-0.009504925459623337,-0.0003937654881156051,0.9742424242424242,-0.018617672845721245,0.00033824535785242915,0.0003161769127473235,0.024833906441926956,0.10874252021312714,0.24422775208950043,0.9547202587127686,0.0,0.0,0.0,0.0,,,cvar,/Users/yaniszaim/deephedging/.deephedging_real_runs/final_paper_notebook/panel_sweeps/XLV_full_paper_grid_800_step_robust/model_artifacts/seed_1234/risk_cvar/proto_source_vanilla_k_50_weighted_0_learnw_0,182.0,0.08080790414474905,val_loss,0.025292543694376945,0.24361667037010193,0.0,0.0,1980.0,20.0,2.0,vanilla,50.0,False,False,0.051885467022657394,0.41992124915122986
proto_source=vanilla_k=50_weighted=0_learnw=0,val,1234,proto,-0.0205959714949131,0.02883603610098362,-0.10360950239002703,-0.05966942999511957,-0.1000182181596756,-0.011972539126873016,-0.0004004646601970319,0.9882075471698113,-0.02060861326754093,0.0003306388098280877,0.0003179949999321252,0.024854397401213646,0.10672824829816818,0.24412484467029572,0.9549977779388428,0.0,0.0,0.0,0.0,,,cvar,/Users/yaniszaim/deephedging/.deephedging_real_runs/final_paper_notebook/panel_sweeps/XLV_full_paper_grid_800_step_robust/model_artifacts/seed_1234/risk_cvar/proto_source_vanilla_k_50_weighted_0_learnw_0,182.0,0.08080790414474905,val_loss,0.025292543694376945,0.24361667037010193,0.0,0.0,424.0,20.0,2.0,vanilla,50.0,False,False,0.051885467022657394,0.41992124915122986
proto_source=vanilla_k=50_weighted=0_learnw=0,test,1234,proto,-0.018631866201758385,0.02301335334777832,-0.07505236193537712,-0.06007436756044626,-0.07726976275444031,-0.007232346571981907,-0.00030825137946521863,0.9835680751173709,-0.01854742504656315,0.0002324159286217764,0.0003168577386531979,0.024827545508742332,0.10456281900405884,0.2435877025127411,0.9548667669296265,0.0,0.0,0.0,0.0,,,cvar,/Users/yaniszaim/deephedging/.deephedging_real_runs/final_paper_notebook/panel_sweeps/XLV_full_paper_grid_800_step_robust/model_artifacts/seed_1234/risk_cvar/proto_source_vanilla_k_50_weighted_0_learnw_0,182.0,0.08080790414474905,val_loss,0.025292543694376945,0.24361667037010193,0.0,0.0,426.0,20.0,2.0,vanilla,50.0,False,False,0.051885467022657394,0.41992124915122986
proto_source=vanilla_k=50_weighted=1_learnw=0,train,1234,proto,-0.018884558230638504,0.022120043635368347,-0.0869074497371912,-0.05793044921010733,-0.07950249314308167,-0.009787716902792454,-0.0006747423700289801,0.9818181818181818,-0.018617672845721245,0.0004127616703044623,0.000679645745549351,0.03140328451991081,0.10084962844848633,0.2818545997142792,1.0,0.049924242424242427,0.049924242424242427,0.0,1.0,,,cvar,/Users/yaniszaim/deephedging/.deephedging_real_runs/final_paper_notebook/panel_sweeps/XLV_full_paper_grid_800_step_robust/model_artifacts/seed_1234/risk_cvar/proto_source_vanilla_k_50_weighted_1_learnw_0,157.0,0.08017713900655508,val_loss,0.022930465638637543,0.08595888316631317,0.0,0.0,1980.0,20.0,2.0,vanilla,50.0,True,False,0.0702320784330368,0.4513992667198181
proto_source=vanilla_k=50_weighted=1_learnw=0,val,1234,proto,-0.02081182599067688,0.028072817251086235,-0.10293589025735854,-0.05925099533051252,-0.09829775989055634,-0.012698881793767214,-0.0007787304726662121,0.9882075471698113,-0.02060861326754093,0.00047718509449623525,0.0006803962751291692,0.03140726685523987,0.08622920513153076,0.2819061875343323,1.0,0.04982311320754717,0.04982311320754717,0.0,1.0,,,cvar,/Users/yaniszaim/deephedging/.deephedging_real_runs/final_paper_notebook/panel_sweeps/XLV_full_paper_grid_800_step_robust/model_artifacts/seed_1234/risk_cvar/proto_source_vanilla_k_50_weighted_1_learnw_0,157.0,0.08017713900655508,val_loss,0.022930465638637543,0.08595888316631317,0.0,0.0,424.0,20.0,2.0,vanilla,50.0,True,False,0.0702320784330368,0.4513992667198181
proto_source=vanilla_k=50_weighted=1_learnw=0,test,1234,proto,-0.018954187631607056,0.022720366716384888,-0.0742853470146656,-0.060283299535512924,-0.0767705962061882,-0.00782681186683476,-0.0006859545246697962,0.9788732394366197,-0.01854742504656315,0.0002734424197115004,0.0006802075076848269,0.03140680491924286,0.0834098756313324,0.28183165192604065,1.0,0.04988262910798122,0.04988262910798122,0.0,1.0,,,cvar,/Users/yaniszaim/deephedging/.deephedging_real_runs/final_paper_notebook/panel_sweeps/XLV_full_paper_grid_800_step_robust/model_artifacts/seed_1234/risk_cvar/proto_source_vanilla_k_50_weighted_1_learnw_0,157.0,0.08017713900655508,val_loss,0.022930465638637543,0.08595888316631317,0.0,0.0,426.0,20.0,2.0,vanilla,50.0,True,False,0.0702320784330368,0.4513992667198181
proto_source=vanilla_k=100_weighted=0_learnw=0,train,1234,proto,-0.0189035777002573,0.02357279695570469,-0.09070525623857975,-0.06000766139477491,-0.0832364559173584,-0.010148838628083467,0.0008670899958815418,0.8909090909090909,-0.018617672845721245,6.946802022866905e-05,0.00035537348594516516,0.01586310751736164,0.2104363739490509,0.09560735523700714,1.0,0.0013762626262626262,0.0013762626262626262,0.0,0.013131313131313131,,,cvar,/Users/yaniszaim/deephedging/.deephedging_real_runs/final_paper_notebook/panel_sweeps/XLV_full_paper_grid_800_step_robust/model_artifacts/seed_1234/risk_cvar/proto_source_vanilla_k_100_weighted_0_learnw_0,156.0,0.08052592906020231,val_loss,0.013842561282217503,0.10712312906980515,0.0010023584905660377,0.009433962264150943,1980.0,20.0,2.0,vanilla,100.0,False,False,0.08907952159643173,0.30102452635765076
proto_source=vanilla_k=100_weighted=0_learnw=0,val,1234,proto,-0.02086830884218216,0.03041509911417961,-0.10218709729611873,-0.0609120100736618,-0.10457780957221985,-0.012894583866000175,0.0005422854213975332,0.910377358490566,-0.02060861326754093,0.0001151341202785261,0.00037482683546841145,0.016193317249417305,0.2104363590478897,0.09577740728855133,1.0,0.0022995283018867924,0.0022995283018867924,0.0,0.018867924528301886,,,cvar,/Users/yaniszaim/deephedging/.deephedging_real_runs/final_paper_notebook/panel_sweeps/XLV_full_paper_grid_800_step_robust/model_artifacts/seed_1234/risk_cvar/proto_source_vanilla_k_100_weighted_0_learnw_0,156.0,0.08052592906020231,val_loss,0.013842561282217503,0.10712312906980515,0.0010023584905660377,0.009433962264150943,424.0,20.0,2.0,vanilla,100.0,False,False,0.08907952159643173,0.30102452635765076
proto_source=vanilla_k=100_weighted=0_learnw=0,test,1234,proto,-0.018966365605592728,0.023753443732857704,-0.07822304964065552,-0.062402766197919846,-0.07854091376066208,-0.008252016734331846,0.0007083621312631294,0.892018779342723,-0.01854742504656315,-5.766480535385199e-05,0.00036127824569121003,0.016085302457213402,0.2104363739490509,0.0953415036201477,1.0,0.0015258215962441314,0.0015258215962441314,0.0,0.01643192488262911,,,cvar,/Users/yaniszaim/deephedging/.deephedging_real_runs/final_paper_notebook/panel_sweeps/XLV_full_paper_grid_800_step_robust/model_artifacts/seed_1234/risk_cvar/proto_source_vanilla_k_100_weighted_0_learnw_0,156.0,0.08052592906020231,val_loss,0.013842561282217503,0.10712312906980515,0.0010023584905660377,0.009433962264150943,426.0,20.0,2.0,vanilla,100.0,False,False,0.08907952159643173,0.30102452635765076
proto_source=vanilla_k=100_weighted=1_learnw=0,train,1234,proto,-0.019547048956155777,0.025550922378897667,-0.09593591593205929,-0.06489797234535218,-0.08810990303754807,-0.010646840557456017,0.002521888143382966,0.7095959595959596,-0.018617672845721245,-0.00037743395660072565,0.0005519420374184847,0.028683848679065704,0.09053660184144974,0.3131648600101471,1.0,0.0715909090909091,0.0,0.0715909090909091,0.9974747474747475,,,cvar,/Users/yaniszaim/deephedging/.deephedging_real_runs/final_paper_notebook/panel_sweeps/XLV_full_paper_grid_800_step_robust/model_artifacts/seed_1234/risk_cvar/proto_source_vanilla_k_100_weighted_1_learnw_0,4.0,0.08012948673451319,val_loss,0.004686765838414431,0.03908233344554901,0.0,0.0,1980.0,20.0,2.0,vanilla,100.0,True,False,0.097890205681324,0.1689406931400299
proto_source=vanilla_k=100_weighted=1_learnw=0,val,1234,proto,-0.021721158176660538,0.031826116144657135,-0.11266570135951041,-0.06550690606236458,-0.10829872637987137,-0.013971333391964436,0.0024905626894906148,0.7240566037735849,-0.02060861326754093,-0.0005587498308159411,0.0005537948454730213,0.028696928173303604,0.09046575427055359,0.3131481111049652,1.0,0.07134433962264151,0.0,0.07134433962264151,0.9929245283018868,,,cvar,/Users/yaniszaim/deephedging/.deephedging_real_runs/final_paper_notebook/panel_sweeps/XLV_full_paper_grid_800_step_robust/model_artifacts/seed_1234/risk_cvar/proto_source_vanilla_k_100_weighted_1_learnw_0,4.0,0.08012948673451319,val_loss,0.004686765838414431,0.03908233344554901,0.0,0.0,424.0,20.0,2.0,vanilla,100.0,True,False,0.097890205681324,0.1689406931400299
proto_source=vanilla_k=100_weighted=1_learnw=0,test,1234,proto,-0.019430816173553467,0.02618582546710968,-0.08129251003265381,-0.06638963334262371,-0.08467785269021988,-0.007264703745022416,0.002327304449863732,0.6713615023474179,-0.01854742504656315,-0.00032946825376711786,0.0005539231933653355,0.02870560623705387,0.0904189944267273,0.31319186091423035,1.0,0.07089201877934272,0.0,0.07089201877934272,0.9976525821596244,,,cvar,/Users/yaniszaim/deephedging/.deephedging_real_runs/final_paper_notebook/panel_sweeps/XLV_full_paper_grid_800_step_robust/model_artifacts/seed_1234/risk_cvar/proto_source_vanilla_k_100_weighted_1_learnw_0,4.0,0.08012948673451319,val_loss,0.004686765838414431,0.03908233344554901,0.0,0.0,426.0,20.0,2.0,vanilla,100.0,True,False,0.097890205681324,0.1689406931400299
unhedged,train,2345,baseline,-0.019174713641405106,0.023777948692440987,-0.08985182642936707,-0.061985617876052855,-0.08277939260005951,-0.010502099990844727,0.0,0.6171717171717171,-0.019174713641405106,0.0,0.0,0.0,0.0,0.0,0.0,0.0,0.0,0.0,0.0,,,,,,,,,,,,,,,,,,,,
spot_delta,train,2345,baseline,-0.019073378294706345,0.0232277549803257,-0.0877919652312994,-0.06113921944051981,-0.0806678757071495,-0.01156401401385665,0.004249947797507047,0.8156565656565656,-0.019174713641405106,0.00027913361554965377,0.00017779965128283948,0.022162914276123047,0.60760897397995,0.2573429048061371,0.60760897397995,0.0,0.0,0.0,0.0,,,,,,,,,,,,,,,,,,,,
spot_delta_band,train,2345,baseline,-0.019045580178499222,0.023154834285378456,-0.08742779023945331,-0.06096211615949869,-0.08060842007398605,-0.011208370327949524,0.003589167539030312,0.8166666666666667,-0.019174713641405106,0.00022889516549184918,9.976152796298265e-05,0.01246737688779831,0.557608962059021,0.2443738430738449,0.557608962059021,0.0,0.0,0.0,0.0,0.05,gains_mean,,,,,,,,,,,,,,,,,,
unhedged,val,2345,baseline,-0.019101066514849663,0.02822916768491268,-0.08745530366897583,-0.06204263567924499,-0.09189872443675995,-0.008479952812194824,-0.0,0.5542452830188679,-0.019101066514849663,0.0,0.0,0.0,0.0,0.0,0.0,0.0,0.0,0.0,0.0,,,,,,,,,,,,,,,,,,,,
spot_delta,val,2345,baseline,-0.018997352570295334,0.026429221034049988,-0.08641057893633843,-0.05943977367132902,-0.08786091953516006,-0.009686497505754232,0.004080070229247206,0.8042452830188679,-0.019101066514849663,0.0002835781779140234,0.00017986221064347774,0.022426223382353783,0.5931580066680908,0.25800275802612305,0.60760897397995,0.0,0.0,0.0,0.0,,,,,,,,,,,,,,,,,,,,
spot_delta_band,val,2345,baseline,-0.01898501068353653,0.026513120159506798,-0.08449487268924713,-0.0597469374537468,-0.08813362568616867,-0.009392228908836842,0.003631025890354067,0.8089622641509434,-0.019101066514849663,0.00021636465680785477,0.00010030690464191139,0.012536423280835152,0.5431579947471619,0.24557232856750488,0.557608962059021,0.0,0.0,0.0,0.0,0.05,gains_mean,,,,,,,,,,,,,,,,,,
unhedged,test,2345,baseline,-0.017458833754062653,0.026333225890994072,-0.10621598362922668,-0.057021260261535645,-0.09133633971214294,-0.007664024829864502,-0.0,0.5633802816901409,-0.017458833754062653,0.0,0.0,0.0,0.0,0.0,0.0,0.0,0.0,0.0,0.0,,,,,,,,,,,,,,,,,,,,
spot_delta,test,2345,baseline,-0.01750282011926174,0.02661932073533535,-0.08709370158612728,-0.05599590763449669,-0.0891309380531311,-0.007748426403850317,0.003970406367443502,0.7863849765258216,-0.017458833754062653,0.00013369740918278694,0.00017768375982996076,0.022165458649396896,0.6018829941749573,0.25772908329963684,0.60760897397995,0.0,0.0,0.0,0.0,,,,,,,,,,,,,,,,,,,,
spot_delta_band,test,2345,baseline,-0.01743132993578911,0.0265919528901577,-0.08848760463297367,-0.05598670709878206,-0.08926153928041458,-0.007595060160383582,0.0037010613596066833,0.7769953051643192,-0.017458833754062653,0.00012758169032167643,0.00010007982200477272,0.012507960200309753,0.5518829822540283,0.24476714432239532,0.557608962059021,0.0,0.0,0.0,0.0,0.05,gains_mean,,,,,,,,,,,,,,,,,,
vanilla,train,2345,vanilla,-0.0191090889275074,0.023134004324674606,-0.08816371858119965,-0.0608536621555686,-0.08123543113470078,-0.010389887262135744,-0.00020654936088249095,1.0,-0.019174713641405106,0.0001666395692154765,0.00010101350926561281,0.0101759172976017,0.020673155784606934,0.10803508758544922,0.40518495440483093,0.0,0.0,0.0,0.0,,,cvar,/Users/yaniszaim/deephedging/.deephedging_real_runs/final_paper_notebook/panel_sweeps/XLV_full_paper_grid_800_step_robust/model_artifacts/seed_2345/risk_cvar/vanilla,97.0,0.07575563855003566,val_loss,0.009448437951505184,0.09770762175321579,0.0,0.0,1980.0,20.0,2.0,,,,,,
vanilla,val,2345,vanilla,-0.019057156518101692,0.02751293033361435,-0.08582179613411427,-0.06091363616287708,-0.09017570316791534,-0.008408916182816029,-0.00018886078905779887,1.0,-0.019101066514849663,0.0001448642578907311,0.00010095474135596305,0.01017666794359684,0.02068588137626648,0.10804003477096558,0.40288832783699036,0.0,0.0,0.0,0.0,,,cvar,/Users/yaniszaim/deephedging/.deephedging_real_runs/final_paper_notebook/panel_sweeps/XLV_full_paper_grid_800_step_robust/model_artifacts/seed_2345/risk_cvar/vanilla,97.0,0.07575563855003566,val_loss,0.009448437951505184,0.09770762175321579,0.0,0.0,424.0,20.0,2.0,,,,,,
vanilla,test,2345,vanilla,-0.017454298213124275,0.02565283514559269,-0.10419612377882004,-0.05599179118871689,-0.0896218791604042,-0.007607467705383897,-0.00018921296577900648,1.0,-0.017458833754062653,0.0001054102904163301,0.0001008731996989809,0.010177652351558208,0.02063801884651184,0.10804162174463272,0.40433356165885925,0.0,0.0,0.0,0.0,,,cvar,/Users/yaniszaim/deephedging/.deephedging_real_runs/final_paper_notebook/panel_sweeps/XLV_full_paper_grid_800_step_robust/model_artifacts/seed_2345/risk_cvar/vanilla,97.0,0.07575563855003566,val_loss,0.009448437951505184,0.09770762175321579,0.0,0.0,426.0,20.0,2.0,,,,,,
proto_source=spot_delta_k=10_weighted=0_learnw=0,train,2345,proto,-0.01920042745769024,0.02230168879032135,-0.08567877002060413,-0.059058282896876334,-0.07927125692367554,-0.01090165413916111,0.00039198606682475654,0.9308080808080809,-0.019174713641405106,0.0004659018595702946,0.0004916165489703417,0.030727766454219818,0.16884785890579224,0.3629124164581299,1.0,0.008194444444444445,0.008194444444444445,0.0,0.2015151515151515,,,cvar,/Users/yaniszaim/deephedging/.deephedging_real_runs/final_paper_notebook/panel_sweeps/XLV_full_paper_grid_800_step_robust/model_artifacts/seed_2345/risk_cvar/proto_source_spot_delta_k_10_weighted_0_learnw_0,22.0,0.07551389870233834,val_loss,0.022734249010682106,0.18298567831516266,0.0,0.0,1980.0,20.0,2.0,spot_delta,10.0,False,False,0.11094272136688232,0.19774003326892853
proto_source=spot_delta_k=10_weighted=0_learnw=0,val,2345,proto,-0.019222082570195198,0.026301145553588867,-0.0826035337895155,-0.06007853541523218,-0.08748441189527512,-0.009118391200900078,0.00029168031760491383,0.9316037735849056,-0.019101066514849663,0.000371884903870523,0.0004928993876092136,0.030764702707529068,0.18702463805675507,0.36292633414268494,1.0,0.006721698113207547,0.006721698113207547,0.0,0.16981132075471697,,,cvar,/Users/yaniszaim/deephedging/.deephedging_real_runs/final_paper_notebook/panel_sweeps/XLV_full_paper_grid_800_step_robust/model_artifacts/seed_2345/risk_cvar/proto_source_spot_delta_k_10_weighted_0_learnw_0,22.0,0.07551389870233834,val_loss,0.022734249010682106,0.18298567831516266,0.0,0.0,424.0,20.0,2.0,spot_delta,10.0,False,False,0.11094272136688232,0.19774003326892853
proto_source=spot_delta_k=10_weighted=0_learnw=0,test,2345,proto,-0.017615649849176407,0.024624202400445938,-0.10168702714145184,-0.05509369447827339,-0.08714497834444046,-0.007924960926175117,0.00031803334422875196,0.9248826291079812,-0.017458833754062653,0.00033717474434524775,0.0004939904320053756,0.030636882409453392,0.16811387240886688,0.3638984262943268,1.0,0.008274647887323943,0.008274647887323943,0.0,0.22300469483568075,,,cvar,/Users/yaniszaim/deephedging/.deephedging_real_runs/final_paper_notebook/panel_sweeps/XLV_full_paper_grid_800_step_robust/model_artifacts/seed_2345/risk_cvar/proto_source_spot_delta_k_10_weighted_0_learnw_0,22.0,0.07551389870233834,val_loss,0.022734249010682106,0.18298567831516266,0.0,0.0,426.0,20.0,2.0,spot_delta,10.0,False,False,0.11094272136688232,0.19774003326892853
proto_source=spot_delta_k=10_weighted=1_learnw=0,train,2345,proto,-0.018889188766479492,0.0220705047249794,-0.08605266198515892,-0.059200399182736875,-0.07812916487455368,-0.010348641779273748,0.0005371484206989404,0.9075757575757576,-0.019174713641405106,0.00047805759822949767,0.00019253179198130965,0.0236518532037735,0.15514856576919556,0.340678334236145,1.0,0.01345959595959596,0.01345959595959596,0.0,0.21363636363636362,,,cvar,/Users/yaniszaim/deephedging/.deephedging_real_runs/final_paper_notebook/panel_sweeps/XLV_full_paper_grid_800_step_robust/model_artifacts/seed_2345/risk_cvar/proto_source_spot_delta_k_10_weighted_1_learnw_0,15.0,0.07534655269657103,val_loss,0.02198932319879532,0.13169455528259277,0.00029481132075471697,0.009433962264150943,1980.0,20.0,2.0,spot_delta,10.0,True,False,0.10065734386444092,0.17089156806468964
proto_source=spot_delta_k=10_weighted=1_learnw=0,val,2345,proto,-0.018775809556245804,0.026012245565652847,-0.08258536547422408,-0.058617407083511354,-0.08620119094848633,-0.008625812362879515,0.0005811072507640322,0.8891509433962265,-0.019101066514849663,0.0005187852657400072,0.00019352647359482944,0.02376941405236721,0.15865564346313477,0.3412778079509735,1.0,0.013679245283018868,0.013679245283018868,0.0,0.25235849056603776,,,cvar,/Users/yaniszaim/deephedging/.deephedging_real_runs/final_paper_notebook/panel_sweeps/XLV_full_paper_grid_800_step_robust/model_artifacts/seed_2345/risk_cvar/proto_source_spot_delta_k_10_weighted_1_learnw_0,15.0,0.07534655269657103,val_loss,0.02198932319879532,0.13169455528259277,0.00029481132075471697,0.009433962264150943,424.0,20.0,2.0,spot_delta,10.0,True,False,0.10065734386444092,0.17089156806468964
proto_source=spot_delta_k=10_weighted=1_learnw=0,test,2345,proto,-0.017298707738518715,0.024352295324206352,-0.09873965568840504,-0.05357651598751545,-0.0860297679901123,-0.0071038794703781605,0.0009673707390902564,0.8826291079812206,-0.017458833754062653,0.0003545020299497992,0.00019437653827480972,0.023855680599808693,0.16011115908622742,0.3421320617198944,1.0,0.013908450704225353,0.013908450704225353,0.0,0.2535211267605634,,,cvar,/Users/yaniszaim/deephedging/.deephedging_real_runs/final_paper_notebook/panel_sweeps/XLV_full_paper_grid_800_step_robust/model_artifacts/seed_2345/risk_cvar/proto_source_spot_delta_k_10_weighted_1_learnw_0,15.0,0.07534655269657103,val_loss,0.02198932319879532,0.13169455528259277,0.00029481132075471697,0.009433962264150943,426.0,20.0,2.0,spot_delta,10.0,True,False,0.10065734386444092,0.17089156806468964
proto_source=spot_delta_k=25_weighted=0_learnw=0,train,2345,proto,-0.019091714173555374,0.023129068315029144,-0.0867161649465561,-0.06085061840713024,-0.08100094646215439,-0.0105255376547575,-0.00014090408949414288,0.9792929292929293,-0.019174713641405106,0.00016265893646050245,7.966056728037074e-05,0.009631644934415817,0.31920695304870605,0.10515163838863373,1.0,1.2626262626262626e-05,1.2626262626262626e-05,0.0,0.000505050505050505,,,cvar,/Users/yaniszaim/deephedging/.deephedging_real_runs/final_paper_notebook/panel_sweeps/XLV_full_paper_grid_800_step_robust/model_artifacts/seed_2345/risk_cvar/proto_source_spot_delta_k_25_weighted_0_learnw_0,235.0,0.07550474626244977,val_loss,0.007658699993044138,0.07766174525022507,0.0,0.0,1980.0,20.0,2.0,spot_delta,25.0,False,False,0.15704971551895142,0.3696942627429962
proto_source=spot_delta_k=25_weighted=0_learnw=0,val,2345,proto,-0.01903933845460415,0.027449656277894974,-0.08612734667956828,-0.06080759204924106,-0.08991092443466187,-0.008351214695721865,-0.00011366250328137546,0.9693396226415094,-0.019101066514849663,0.00014139400445856154,7.966456178110093e-05,0.00962252076715231,0.22147178649902344,0.10522612184286118,0.6620234251022339,0.0,0.0,0.0,0.0,,,cvar,/Users/yaniszaim/deephedging/.deephedging_real_runs/final_paper_notebook/panel_sweeps/XLV_full_paper_grid_800_step_robust/model_artifacts/seed_2345/risk_cvar/proto_source_spot_delta_k_25_weighted_0_learnw_0,235.0,0.07550474626244977,val_loss,0.007658699993044138,0.07766174525022507,0.0,0.0,424.0,20.0,2.0,spot_delta,25.0,False,False,0.15704971551895142,0.3696942627429962
proto_source=spot_delta_k=25_weighted=0_learnw=0,test,2345,proto,-0.01743108592927456,0.02571665681898594,-0.10253041982650757,-0.05568245053291321,-0.08979450166225433,-0.007639686577022076,-0.00010352107528888155,0.9788732394366197,-0.017458833754062653,0.0001057847766787745,7.80373957240954e-05,0.009440061636269093,0.21901445090770721,0.10471834242343903,0.5833916068077087,0.0,0.0,0.0,0.0,,,cvar,/Users/yaniszaim/deephedging/.deephedging_real_runs/final_paper_notebook/panel_sweeps/XLV_full_paper_grid_800_step_robust/model_artifacts/seed_2345/risk_cvar/proto_source_spot_delta_k_25_weighted_0_learnw_0,235.0,0.07550474626244977,val_loss,0.007658699993044138,0.07766174525022507,0.0,0.0,426.0,20.0,2.0,spot_delta,25.0,False,False,0.15704971551895142,0.3696942627429962
proto_source=spot_delta_k=25_weighted=1_learnw=0,train,2345,proto,-0.0191930141299963,0.02288310043513775,-0.08764138400554657,-0.06023974698036909,-0.08052344620227814,-0.010844086296856403,0.0006654595257714389,0.902020202020202,-0.019174713641405106,0.00017620186554268003,0.00019450264517217875,0.015580498613417149,0.06216044723987579,0.20127004384994507,0.651518702507019,0.0,0.0,0.0,0.0,,,cvar,/Users/yaniszaim/deephedging/.deephedging_real_runs/final_paper_notebook/panel_sweeps/XLV_full_paper_grid_800_step_robust/model_artifacts/seed_2345/risk_cvar/proto_source_spot_delta_k_25_weighted_1_learnw_0,8.0,0.07548371367622167,val_loss,0.015606165863573551,0.08728685230016708,0.0,0.0,1980.0,20.0,2.0,spot_delta,25.0,True,False,0.0697501003742218,0.11794880032539368
proto_source=spot_delta_k=25_weighted=1_learnw=0,val,2345,proto,-0.01913100853562355,0.027060916647315025,-0.08441466636955738,-0.05961321815848351,-0.08889079093933105,-0.008967762347310781,0.0008173959911800905,0.875,-0.019101066514849663,0.0001685320312390104,0.0001984731643460691,0.01564086228609085,0.062160395085811615,0.2013525515794754,0.5829415321350098,0.0,0.0,0.0,0.0,,,cvar,/Users/yaniszaim/deephedging/.deephedging_real_runs/final_paper_notebook/panel_sweeps/XLV_full_paper_grid_800_step_robust/model_artifacts/seed_2345/risk_cvar/proto_source_spot_delta_k_25_weighted_1_learnw_0,8.0,0.07548371367622167,val_loss,0.015606165863573551,0.08728685230016708,0.0,0.0,424.0,20.0,2.0,spot_delta,25.0,True,False,0.0697501003742218,0.11794880032539368
proto_source=spot_delta_k=25_weighted=1_learnw=0,test,2345,proto,-0.01752287708222866,0.025559181347489357,-0.10221206024289131,-0.055095039308071136,-0.08914046734571457,-0.007259311154484749,0.0008349971903953701,0.8779342723004695,-0.017458833754062653,0.00013363243488129228,0.0001976760249817744,0.01564798876643181,0.062160421162843704,0.2014971375465393,0.5846019983291626,0.0,0.0,0.0,0.0,,,cvar,/Users/yaniszaim/deephedging/.deephedging_real_runs/final_paper_notebook/panel_sweeps/XLV_full_paper_grid_800_step_robust/model_artifacts/seed_2345/risk_cvar/proto_source_spot_delta_k_25_weighted_1_learnw_0,8.0,0.07548371367622167,val_loss,0.015606165863573551,0.08728685230016708,0.0,0.0,426.0,20.0,2.0,spot_delta,25.0,True,False,0.0697501003742218,0.11794880032539368
proto_source=spot_delta_k=50_weighted=0_learnw=0,train,2345,proto,-0.01914529874920845,0.022916803136467934,-0.08757471591234207,-0.060635715164244174,-0.08057490736246109,-0.010536358691751957,0.0005296487419400363,0.9035353535353535,-0.019174713641405106,0.00031311059137806296,0.00028369648498483,0.017146093770861626,0.19253531098365784,0.21488094329833984,0.802028477191925,0.0,0.0,0.0,0.0,,,cvar,/Users/yaniszaim/deephedging/.deephedging_real_runs/final_paper_notebook/panel_sweeps/XLV_full_paper_grid_800_step_robust/model_artifacts/seed_2345/risk_cvar/proto_source_spot_delta_k_50_weighted_0_learnw_0,46.0,0.07524152967138745,val_loss,0.012691431678831577,0.08597724884748459,5.89622641509434e-05,0.0023584905660377358,1980.0,20.0,2.0,spot_delta,50.0,False,False,0.11162886023521423,0.24952083826065063
proto_source=spot_delta_k=50_weighted=0_learnw=0,val,2345,proto,-0.01897371932864189,0.026684030890464783,-0.0847190747410059,-0.06009693369269371,-0.08837398141622543,-0.00854655122384429,0.0007166458352003239,0.8773584905660378,-0.019101066514849663,0.00042401760583743453,0.00029666884802281857,0.017331475391983986,0.1926996111869812,0.2157665491104126,0.9460476636886597,0.0,0.0,0.0,0.0,,,cvar,/Users/yaniszaim/deephedging/.deephedging_real_runs/final_paper_notebook/panel_sweeps/XLV_full_paper_grid_800_step_robust/model_artifacts/seed_2345/risk_cvar/proto_source_spot_delta_k_50_weighted_0_learnw_0,46.0,0.07524152967138745,val_loss,0.012691431678831577,0.08597724884748459,5.89622641509434e-05,0.0023584905660377358,424.0,20.0,2.0,spot_delta,50.0,False,False,0.11162886023521423,0.24952083826065063
proto_source=spot_delta_k=50_weighted=0_learnw=0,test,2345,proto,-0.017519116401672363,0.025462977588176727,-0.10022363252937794,-0.05558966565877199,-0.08919677138328552,-0.007814616663381457,0.0006168161198729649,0.8708920187793427,-0.017458833754062653,0.00023624388268217444,0.00029652577359229326,0.017294127494096756,0.19262775778770447,0.21588045358657837,0.7749994993209839,0.0,0.0,0.0,0.0,,,cvar,/Users/yaniszaim/deephedging/.deephedging_real_runs/final_paper_notebook/panel_sweeps/XLV_full_paper_grid_800_step_robust/model_artifacts/seed_2345/risk_cvar/proto_source_spot_delta_k_50_weighted_0_learnw_0,46.0,0.07524152967138745,val_loss,0.012691431678831577,0.08597724884748459,5.89622641509434e-05,0.0023584905660377358,426.0,20.0,2.0,spot_delta,50.0,False,False,0.11162886023521423,0.24952083826065063
proto_source=spot_delta_k=50_weighted=1_learnw=0,train,2345,proto,-0.019386349245905876,0.0227198489010334,-0.08844264633953572,-0.06173393316566944,-0.0803941935300827,-0.01092651579529047,0.0020763393957167857,0.8666666666666667,-0.019174713641405106,0.00016609695740044117,0.000377732707420364,0.04015609994530678,0.21874085068702698,0.21715988218784332,0.6266685724258423,0.0,0.0,0.0,0.0,,,cvar,/Users/yaniszaim/deephedging/.deephedging_real_runs/final_paper_notebook/panel_sweeps/XLV_full_paper_grid_800_step_robust/model_artifacts/seed_2345/risk_cvar/proto_source_spot_delta_k_50_weighted_1_learnw_0,94.0,0.07489606441929936,val_loss,0.015012163668870926,0.07886447757482529,0.0,0.0,1980.0,20.0,2.0,spot_delta,50.0,True,False,0.1353343427181244,0.3569188714027405
proto_source=spot_delta_k=50_weighted=1_learnw=0,val,2345,proto,-0.019347501918673515,0.026011796668171883,-0.08442445188760757,-0.05948155466467142,-0.08675878494977951,-0.009625047910958529,0.0022221439634449746,0.8702830188679245,-0.019101066514849663,0.00013437001325655729,0.0003808033070527017,0.04030333831906319,0.20679758489131927,0.21755903959274292,0.6237797737121582,0.0,0.0,0.0,0.0,,,cvar,/Users/yaniszaim/deephedging/.deephedging_real_runs/final_paper_notebook/panel_sweeps/XLV_full_paper_grid_800_step_robust/model_artifacts/seed_2345/risk_cvar/proto_source_spot_delta_k_50_weighted_1_learnw_0,94.0,0.07489606441929936,val_loss,0.015012163668870926,0.07886447757482529,0.0,0.0,424.0,20.0,2.0,spot_delta,50.0,True,False,0.1353343427181244,0.3569188714027405
proto_source=spot_delta_k=50_weighted=1_learnw=0,test,2345,proto,-0.017577258870005608,0.024876713752746582,-0.09829750470817089,-0.056161158718168736,-0.08773162215948105,-0.00854266481474042,0.003119971719570458,0.8380281690140845,-0.017458833754062653,0.00025976428878493607,0.00037818957935087383,0.040221862494945526,0.21967236697673798,0.21808569133281708,0.6247154474258423,0.0,0.0,0.0,0.0,,,cvar,/Users/yaniszaim/deephedging/.deephedging_real_runs/final_paper_notebook/panel_sweeps/XLV_full_paper_grid_800_step_robust/model_artifacts/seed_2345/risk_cvar/proto_source_spot_delta_k_50_weighted_1_learnw_0,94.0,0.07489606441929936,val_loss,0.015012163668870926,0.07886447757482529,0.0,0.0,426.0,20.0,2.0,spot_delta,50.0,True,False,0.1353343427181244,0.3569188714027405
proto_source=spot_delta_k=100_weighted=0_learnw=0,train,2345,proto,-0.019688542932271957,0.025209521874785423,-0.09412109158933163,-0.06495614647865296,-0.0866919532418251,-0.011136776767671108,0.00234297370770946,0.6671717171717172,-0.019174713641405106,-0.00032958725932985544,0.0001842427154770121,0.0223082285374403,0.16208434104919434,0.23156876862049103,0.9726643562316895,0.0,0.0,0.0,0.0,,,cvar,/Users/yaniszaim/deephedging/.deephedging_real_runs/final_paper_notebook/panel_sweeps/XLV_full_paper_grid_800_step_robust/model_artifacts/seed_2345/risk_cvar/proto_source_spot_delta_k_100_weighted_0_learnw_0,36.0,0.07542420471087098,val_loss,0.02034636214375496,0.11673806607723236,0.0,0.0,1980.0,20.0,2.0,spot_delta,100.0,False,False,0.08495917916297913,0.22909346222877502
proto_source=spot_delta_k=100_weighted=0_learnw=0,val,2345,proto,-0.0195600762963295,0.02984130196273327,-0.09161510564386845,-0.06500553674995899,-0.09623873233795166,-0.008831568993628025,0.002055735036265104,0.6108490566037735,-0.019101066514849663,-0.0002738924231380224,0.00018511727103032172,0.02237815596163273,0.15744999051094055,0.23317356407642365,0.9353024959564209,0.0,0.0,0.0,0.0,,,cvar,/Users/yaniszaim/deephedging/.deephedging_real_runs/final_paper_notebook/panel_sweeps/XLV_full_paper_grid_800_step_robust/model_artifacts/seed_2345/risk_cvar/proto_source_spot_delta_k_100_weighted_0_learnw_0,36.0,0.07542420471087098,val_loss,0.02034636214375496,0.11673806607723236,0.0,0.0,424.0,20.0,2.0,spot_delta,100.0,False,False,0.08495917916297913,0.22909346222877502
proto_source=spot_delta_k=100_weighted=0_learnw=0,test,2345,proto,-0.017828967422246933,0.027880650013685226,-0.11121555790305138,-0.05872143432497978,-0.09562280774116516,-0.00809585303068161,0.002208569261711091,0.6056338028169014,-0.017458833754062653,-0.0001866669481387362,0.0001834665599744767,0.02225632034242153,0.14635467529296875,0.23024526238441467,0.9276136755943298,0.0,0.0,0.0,0.0,,,cvar,/Users/yaniszaim/deephedging/.deephedging_real_runs/final_paper_notebook/panel_sweeps/XLV_full_paper_grid_800_step_robust/model_artifacts/seed_2345/risk_cvar/proto_source_spot_delta_k_100_weighted_0_learnw_0,36.0,0.07542420471087098,val_loss,0.02034636214375496,0.11673806607723236,0.0,0.0,426.0,20.0,2.0,spot_delta,100.0,False,False,0.08495917916297913,0.22909346222877502
proto_source=spot_delta_k=100_weighted=1_learnw=0,train,2345,proto,-0.01921723037958145,0.022958185523748398,-0.08880953341722489,-0.06043941769748926,-0.08102542161941528,-0.01077051367610693,0.0007426357740769161,0.8954545454545455,-0.019174713641405106,0.00025943483342416584,0.0003019522409886122,0.017269326373934746,0.11860668659210205,0.19669486582279205,1.0,0.0003156565656565657,0.0,0.0003156565656565657,0.0030303030303030303,,,cvar,/Users/yaniszaim/deephedging/.deephedging_real_runs/final_paper_notebook/panel_sweeps/XLV_full_paper_grid_800_step_robust/model_artifacts/seed_2345/risk_cvar/proto_source_spot_delta_k_100_weighted_1_learnw_0,13.0,0.075244927611202,val_loss,0.011781129986047745,0.055725160986185074,0.0,0.0,1980.0,20.0,2.0,spot_delta,100.0,True,False,0.0667484700679779,0.14200322329998016
proto_source=spot_delta_k=100_weighted=1_learnw=0,val,2345,proto,-0.019199587404727936,0.027665026485919952,-0.08470922760665417,-0.05996137615293264,-0.09011461585760117,-0.008848689030855894,0.00068330526119098,0.8891509433962265,-0.019101066514849663,0.0002185919147450477,0.00031710980692878366,0.017534896731376648,0.1186026930809021,0.19810818135738373,1.0,5.89622641509434e-05,0.0,5.89622641509434e-05,0.0023584905660377358,,,cvar,/Users/yaniszaim/deephedging/.deephedging_real_runs/final_paper_notebook/panel_sweeps/XLV_full_paper_grid_800_step_robust/model_artifacts/seed_2345/risk_cvar/proto_source_spot_delta_k_100_weighted_1_learnw_0,13.0,0.075244927611202,val_loss,0.011781129986047745,0.055725160986185074,0.0,0.0,424.0,20.0,2.0,spot_delta,100.0,True,False,0.0667484700679779,0.14200322329998016
proto_source=spot_delta_k=100_weighted=1_learnw=0,test,2345,proto,-0.0175977423787117,0.02584834396839142,-0.10353023931384087,-0.0547502376139164,-0.09016534686088562,-0.007834143238142133,0.000857182836625725,0.8591549295774648,-0.017458833754062653,0.00017259798187296838,0.00031150743598118424,0.017153017222881317,0.11859798431396484,0.19794805347919464,1.0,0.00046948356807511736,0.0,0.00046948356807511736,0.004694835680751174,,,cvar,/Users/yaniszaim/deephedging/.deephedging_real_runs/final_paper_notebook/panel_sweeps/XLV_full_paper_grid_800_step_robust/model_artifacts/seed_2345/risk_cvar/proto_source_spot_delta_k_100_weighted_1_learnw_0,13.0,0.075244927611202,val_loss,0.011781129986047745,0.055725160986185074,0.0,0.0,426.0,20.0,2.0,spot_delta,100.0,True,False,0.0667484700679779,0.14200322329998016
proto_source=vanilla_k=10_weighted=0_learnw=0,train,2345,proto,-0.01976117677986622,0.022874610498547554,-0.08702301986515522,-0.061334799975156784,-0.08112118393182755,-0.011051641311496496,-0.0003604297249694356,0.9762626262626263,-0.019174713641405106,0.00026961378171108663,0.0008560764836147428,0.02440221793949604,0.6991984844207764,0.1570584774017334,1.0,0.0010606060606060607,0.0008964646464646465,0.00016414141414141414,0.0297979797979798,,,cvar,/Users/yaniszaim/deephedging/.deephedging_real_runs/final_paper_notebook/panel_sweeps/XLV_full_paper_grid_800_step_robust/model_artifacts/seed_2345/risk_cvar/proto_source_vanilla_k_10_weighted_0_learnw_0,318.0,0.0763611127940481,val_loss,0.023456012830138206,0.14112189412117004,0.0005306603773584906,0.009433962264150943,1980.0,20.0,2.0,vanilla,10.0,False,False,0.14720550179481506,0.6995494365692139
proto_source=vanilla_k=10_weighted=0_learnw=0,val,2345,proto,-0.019721193239092827,0.028007373213768005,-0.08614640727639197,-0.0607382258400321,-0.09155716747045517,-0.009254692122340202,-0.00029754707647953375,0.964622641509434,-0.019101066514849663,0.00024646506062708795,0.0008665915811434388,0.024518676102161407,0.6991984844207764,0.15794214606285095,1.0,0.0016509433962264152,0.0009433962264150943,0.0007075471698113207,0.030660377358490566,,,cvar,/Users/yaniszaim/deephedging/.deephedging_real_runs/final_paper_notebook/panel_sweeps/XLV_full_paper_grid_800_step_robust/model_artifacts/seed_2345/risk_cvar/proto_source_vanilla_k_10_weighted_0_learnw_0,318.0,0.0763611127940481,val_loss,0.023456012830138206,0.14112189412117004,0.0005306603773584906,0.009433962264150943,424.0,20.0,2.0,vanilla,10.0,False,False,0.14720550179481506,0.6995494365692139
proto_source=vanilla_k=10_weighted=0_learnw=0,test,2345,proto,-0.018255233764648438,0.026144348084926605,-0.1006889920681715,-0.0562503170222044,-0.09113352000713348,-0.008995546493679285,-0.00019601925305323675,0.9694835680751174,-0.017458833754062653,3.0386756407096982e-05,0.0008267871453426778,0.023810431361198425,0.6991935968399048,0.1547265499830246,1.0,0.0022300469483568074,0.0017605633802816902,0.00046948356807511736,0.056338028169014086,,,cvar,/Users/yaniszaim/deephedging/.deephedging_real_runs/final_paper_notebook/panel_sweeps/XLV_full_paper_grid_800_step_robust/model_artifacts/seed_2345/risk_cvar/proto_source_vanilla_k_10_weighted_0_learnw_0,318.0,0.0763611127940481,val_loss,0.023456012830138206,0.14112189412117004,0.0005306603773584906,0.009433962264150943,426.0,20.0,2.0,vanilla,10.0,False,False,0.14720550179481506,0.6995494365692139
proto_source=vanilla_k=10_weighted=1_learnw=0,train,2345,proto,-0.019503433257341385,0.02398981712758541,-0.08965594761073589,-0.0626242257654667,-0.08375675231218338,-0.010675842873752117,0.000617317933938466,0.8737373737373737,-0.019174713641405106,-2.6566920496406965e-05,0.000302154483506456,0.006685496773570776,0.1590268909931183,0.07205680757761002,0.468161404132843,0.0,0.0,0.0,0.0,,,cvar,/Users/yaniszaim/deephedging/.deephedging_real_runs/final_paper_notebook/panel_sweeps/XLV_full_paper_grid_800_step_robust/model_artifacts/seed_2345/risk_cvar/proto_source_vanilla_k_10_weighted_1_learnw_0,303.0,0.07545662203920074,val_loss,0.0021689163986593485,0.02211841754615307,0.0,0.0,1980.0,20.0,2.0,vanilla,10.0,True,False,0.08287526667118073,0.1788107007741928
proto_source=vanilla_k=10_weighted=1_learnw=0,val,2345,proto,-0.01948615349829197,0.028713978826999664,-0.09010989747941493,-0.06270181518048049,-0.09354303032159805,-0.008692337665706873,0.0006181062577525139,0.8608490566037735,-0.019101066514849663,-8.973447984317318e-05,0.0002953503280878067,0.006543902680277824,0.12217068672180176,0.07236678153276443,0.464931845664978,0.0,0.0,0.0,0.0,,,cvar,/Users/yaniszaim/deephedging/.deephedging_real_runs/final_paper_notebook/panel_sweeps/XLV_full_paper_grid_800_step_robust/model_artifacts/seed_2345/risk_cvar/proto_source_vanilla_k_10_weighted_1_learnw_0,303.0,0.07545662203920074,val_loss,0.0021689163986593485,0.02211841754615307,0.0,0.0,424.0,20.0,2.0,vanilla,10.0,True,False,0.08287526667118073,0.1788107007741928
proto_source=vanilla_k=10_weighted=1_learnw=0,test,2345,proto,-0.017689159139990807,0.02590363845229149,-0.11107012629508972,-0.05621355585753918,-0.09068623930215836,-0.008101386949419975,0.0007102676172507927,0.8403755868544601,-0.017458833754062653,8.033496851567179e-05,0.0003106602234765887,0.006937592756003141,0.12217068672180176,0.07245901226997375,0.6323814392089844,0.0,0.0,0.0,0.0,,,cvar,/Users/yaniszaim/deephedging/.deephedging_real_runs/final_paper_notebook/panel_sweeps/XLV_full_paper_grid_800_step_robust/model_artifacts/seed_2345/risk_cvar/proto_source_vanilla_k_10_weighted_1_learnw_0,303.0,0.07545662203920074,val_loss,0.0021689163986593485,0.02211841754615307,0.0,0.0,426.0,20.0,2.0,vanilla,10.0,True,False,0.08287526667118073,0.1788107007741928
proto_source=vanilla_k=25_weighted=0_learnw=0,train,2345,proto,-0.019335756078362465,0.02325468324124813,-0.08822924338281155,-0.061677029356360435,-0.08155520260334015,-0.01059954334050417,8.655956626171225e-05,0.9363636363636364,-0.019174713641405106,0.0001195854929392226,0.000280629814369604,0.007829547859728336,0.14685586094856262,0.10651274770498276,1.0,0.00011363636363636364,0.00011363636363636364,0.0,0.0015151515151515152,,,cvar,/Users/yaniszaim/deephedging/.deephedging_real_runs/final_paper_notebook/panel_sweeps/XLV_full_paper_grid_800_step_robust/model_artifacts/seed_2345/risk_cvar/proto_source_vanilla_k_25_weighted_0_learnw_0,368.0,0.07623940205166362,val_loss,0.007926605641841888,0.09728100895881653,0.0002358490566037736,0.0023584905660377358,1980.0,20.0,2.0,vanilla,25.0,False,False,0.11882389336824417,0.35108494758605957
proto_source=vanilla_k=25_weighted=0_learnw=0,val,2345,proto,-0.019299807026982307,0.02731149084866047,-0.08552508123219013,-0.06111297737807035,-0.09048823267221451,-0.008781644515693188,1.9901938503607925e-05,0.9433962264150944,-0.019101066514849663,8.069742034422234e-05,0.0002794369065668434,0.00782561395317316,0.1279686689376831,0.10636626929044724,1.0,0.00017688679245283018,0.00017688679245283018,0.0,0.0023584905660377358,,,cvar,/Users/yaniszaim/deephedging/.deephedging_real_runs/final_paper_notebook/panel_sweeps/XLV_full_paper_grid_800_step_robust/model_artifacts/seed_2345/risk_cvar/proto_source_vanilla_k_25_weighted_0_learnw_0,368.0,0.07623940205166362,val_loss,0.007926605641841888,0.09728100895881653,0.0002358490566037736,0.0023584905660377358,424.0,20.0,2.0,vanilla,25.0,False,False,0.11882389336824417,0.35108494758605957
proto_source=vanilla_k=25_weighted=0_learnw=0,test,2345,proto,-0.017682557925581932,0.02608821727335453,-0.1030951589345932,-0.056797522120177746,-0.09049529582262039,-0.007808935595676303,0.00010752106754807755,0.9225352112676056,-0.017458833754062653,5.042500197305344e-05,0.00027414868236519396,0.007704479619860649,0.10233525186777115,0.10469504445791245,0.25100964307785034,0.0,0.0,0.0,0.0,,,cvar,/Users/yaniszaim/deephedging/.deephedging_real_runs/final_paper_notebook/panel_sweeps/XLV_full_paper_grid_800_step_robust/model_artifacts/seed_2345/risk_cvar/proto_source_vanilla_k_25_weighted_0_learnw_0,368.0,0.07623940205166362,val_loss,0.007926605641841888,0.09728100895881653,0.0002358490566037736,0.0023584905660377358,426.0,20.0,2.0,vanilla,25.0,False,False,0.11882389336824417,0.35108494758605957
proto_source=vanilla_k=25_weighted=1_learnw=0,train,2345,proto,-0.01954352669417858,0.024128196761012077,-0.09013142369687557,-0.06264418587088585,-0.08410544693470001,-0.010639916639775038,0.0010795719979796558,0.8318181818181818,-0.019174713641405106,-7.198839011834934e-05,0.00029682510648854077,0.006839103996753693,0.13236510753631592,0.12492132931947708,0.1624939888715744,0.0,0.0,0.0,0.0,,,cvar,/Users/yaniszaim/deephedging/.deephedging_real_runs/final_paper_notebook/panel_sweeps/XLV_full_paper_grid_800_step_robust/model_artifacts/seed_2345/risk_cvar/proto_source_vanilla_k_25_weighted_1_learnw_0,94.0,0.07575759192928673,val_loss,0.004380829632282257,0.027723567560315132,0.0,0.0,1980.0,20.0,2.0,vanilla,25.0,True,False,0.08748596906661987,0.2375868558883667
proto_source=vanilla_k=25_weighted=1_learnw=0,val,2345,proto,-0.01946113258600235,0.028833292424678802,-0.0904891362786293,-0.06296236217021942,-0.09346668422222137,-0.00863048667088151,0.0013093340385239547,0.8066037735849056,-0.019101066514849663,-6.391668284777552e-05,0.0002961488498840481,0.006839101202785969,0.13236510753631592,0.1249212995171547,0.16249322891235352,0.0,0.0,0.0,0.0,,,cvar,/Users/yaniszaim/deephedging/.deephedging_real_runs/final_paper_notebook/panel_sweeps/XLV_full_paper_grid_800_step_robust/model_artifacts/seed_2345/risk_cvar/proto_source_vanilla_k_25_weighted_1_learnw_0,94.0,0.07575759192928673,val_loss,0.004380829632282257,0.027723567560315132,0.0,0.0,424.0,20.0,2.0,vanilla,25.0,True,False,0.08748596906661987,0.2375868558883667
proto_source=vanilla_k=25_weighted=1_learnw=0,test,2345,proto,-0.017811710014939308,0.026386499404907227,-0.111420888453722,-0.05768537987023592,-0.0922217071056366,-0.008300843182951212,0.0011706285004038364,0.823943661971831,-0.017458833754062653,-5.5612519645364955e-05,0.000297262507956475,0.006839101668447256,0.13236509263515472,0.12492132931947708,0.1624937504529953,0.0,0.0,0.0,0.0,,,cvar,/Users/yaniszaim/deephedging/.deephedging_real_runs/final_paper_notebook/panel_sweeps/XLV_full_paper_grid_800_step_robust/model_artifacts/seed_2345/risk_cvar/proto_source_vanilla_k_25_weighted_1_learnw_0,94.0,0.07575759192928673,val_loss,0.004380829632282257,0.027723567560315132,0.0,0.0,426.0,20.0,2.0,vanilla,25.0,True,False,0.08748596906661987,0.2375868558883667
proto_source=vanilla_k=50_weighted=0_learnw=0,train,2345,proto,-0.019413158297538757,0.023321302607655525,-0.08949075445532799,-0.061854747124016285,-0.08172627538442612,-0.010792214423418045,-0.00011200311491847971,0.9686868686868687,-0.019174713641405106,0.0001021962016238831,0.00034064214560203254,0.008070262148976326,0.1752110719680786,0.06466702371835709,1.0,0.0007828282828282829,0.0007828282828282829,0.0,0.0065656565656565654,,,cvar,/Users/yaniszaim/deephedging/.deephedging_real_runs/final_paper_notebook/panel_sweeps/XLV_full_paper_grid_800_step_robust/model_artifacts/seed_2345/risk_cvar/proto_source_vanilla_k_50_weighted_0_learnw_0,341.0,0.07628479842852169,val_loss,0.008257871493697166,0.07026493549346924,0.0011792452830188679,0.01179245283018868,1980.0,20.0,2.0,vanilla,50.0,False,False,0.10152854770421982,0.2564030587673187
proto_source=vanilla_k=50_weighted=0_learnw=0,val,2345,proto,-0.019308513030409813,0.027109166607260704,-0.08716849602758885,-0.06197851039469242,-0.08960899710655212,-0.00880063557997346,-0.0001496688375482337,0.9740566037735849,-0.019101066514849663,0.00013432039122562855,0.00034176494227722287,0.008167944848537445,0.1752110719680786,0.06627513468265533,1.0,0.0015919811320754718,0.0015919811320754718,0.0,0.01179245283018868,,,cvar,/Users/yaniszaim/deephedging/.deephedging_real_runs/final_paper_notebook/panel_sweeps/XLV_full_paper_grid_800_step_robust/model_artifacts/seed_2345/risk_cvar/proto_source_vanilla_k_50_weighted_0_learnw_0,341.0,0.07628479842852169,val_loss,0.008257871493697166,0.07026493549346924,0.0011792452830188679,0.01179245283018868,424.0,20.0,2.0,vanilla,50.0,False,False,0.10152854770421982,0.2564030587673187
proto_source=vanilla_k=50_weighted=0_learnw=0,test,2345,proto,-0.01771058887243271,0.025811487808823586,-0.10512493550777435,-0.05712031666189432,-0.09007398784160614,-0.008107000030577183,-0.0001027924481604714,0.9671361502347418,-0.017458833754062653,9.123926429310814e-05,0.00034299472463317215,0.008170067332684994,0.1752110719680786,0.06548269838094711,1.0,0.0008802816901408451,0.0008802816901408451,0.0,0.009389671361502348,,,cvar,/Users/yaniszaim/deephedging/.deephedging_real_runs/final_paper_notebook/panel_sweeps/XLV_full_paper_grid_800_step_robust/model_artifacts/seed_2345/risk_cvar/proto_source_vanilla_k_50_weighted_0_learnw_0,341.0,0.07628479842852169,val_loss,0.008257871493697166,0.07026493549346924,0.0011792452830188679,0.01179245283018868,426.0,20.0,2.0,vanilla,50.0,False,False,0.10152854770421982,0.2564030587673187
proto_source=vanilla_k=50_weighted=1_learnw=0,train,2345,proto,-0.019107183441519737,0.022521041333675385,-0.08465701200067997,-0.05953001063317061,-0.07895760238170624,-0.011378354392945766,0.002622169593814756,0.8712121212121212,-0.019174713641405106,0.000408172607421875,0.0003406422911211848,0.02573000267148018,0.3352007269859314,0.3044264614582062,1.0,0.22832070707070706,0.22832070707070706,0.0,0.9338383838383838,,,cvar,/Users/yaniszaim/deephedging/.deephedging_real_runs/final_paper_notebook/panel_sweeps/XLV_full_paper_grid_800_step_robust/model_artifacts/seed_2345/risk_cvar/proto_source_vanilla_k_50_weighted_1_learnw_0,253.0,0.07602317336713896,val_loss,0.005279719363898039,0.061067525297403336,0.0,0.0,1980.0,20.0,2.0,vanilla,50.0,True,False,0.11875022947788239,0.335202693939209
proto_source=vanilla_k=50_weighted=1_learnw=0,val,2345,proto,-0.018960852175951004,0.026608865708112717,-0.09020894601941108,-0.05811318811029195,-0.08756478130817413,-0.009956285823136568,0.0030898956116288856,0.8608490566037735,-0.019101066514849663,0.0004814721178263426,0.0003412572550587356,0.025703303515911102,0.335200697183609,0.3028617203235626,1.0,0.22547169811320755,0.22547169811320755,0.0,0.9292452830188679,,,cvar,/Users/yaniszaim/deephedging/.deephedging_real_runs/final_paper_notebook/panel_sweeps/XLV_full_paper_grid_800_step_robust/model_artifacts/seed_2345/risk_cvar/proto_source_vanilla_k_50_weighted_1_learnw_0,253.0,0.07602317336713896,val_loss,0.005279719363898039,0.061067525297403336,0.0,0.0,424.0,20.0,2.0,vanilla,50.0,True,False,0.11875022947788239,0.335202693939209
proto_source=vanilla_k=50_weighted=1_learnw=0,test,2345,proto,-0.017474189400672913,0.024308327585458755,-0.09837796725332737,-0.05401937756687403,-0.08705877512693405,-0.008936628233641386,0.0025614109472371638,0.8779342723004695,-0.017458833754062653,0.00031976596801541746,0.00033512248774059117,0.025343727320432663,0.335200697183609,0.29176846146583557,1.0,0.213556338028169,0.213556338028169,0.0,0.9061032863849765,,,cvar,/Users/yaniszaim/deephedging/.deephedging_real_runs/final_paper_notebook/panel_sweeps/XLV_full_paper_grid_800_step_robust/model_artifacts/seed_2345/risk_cvar/proto_source_vanilla_k_50_weighted_1_learnw_0,253.0,0.07602317336713896,val_loss,0.005279719363898039,0.061067525297403336,0.0,0.0,426.0,20.0,2.0,vanilla,50.0,True,False,0.11875022947788239,0.335202693939209
proto_source=vanilla_k=100_weighted=0_learnw=0,train,2345,proto,-0.01901017315685749,0.022457517683506012,-0.08670538946986199,-0.059458051994442936,-0.07980945706367493,-0.009978026617318392,-0.0002596223581349478,0.9732323232323232,-0.019174713641405106,0.000407261133659631,0.00024272363225463778,0.02287779003381729,0.0705932006239891,0.22014714777469635,1.0,7.575757575757576e-05,7.575757575757576e-05,0.0,0.0015151515151515152,,,cvar,/Users/yaniszaim/deephedging/.deephedging_real_runs/final_paper_notebook/panel_sweeps/XLV_full_paper_grid_800_step_robust/model_artifacts/seed_2345/risk_cvar/proto_source_vanilla_k_100_weighted_0_learnw_0,35.0,0.07617775497413327,val_loss,0.02284463308751583,0.21727906167507172,0.0005306603773584906,0.009433962264150943,1980.0,20.0,2.0,vanilla,100.0,False,False,0.03999965265393257,0.1113988533616066
proto_source=vanilla_k=100_weighted=0_learnw=0,val,2345,proto,-0.018986916169524193,0.02699887566268444,-0.0853260612487793,-0.05983241163194179,-0.0888632982969284,-0.008266613353043795,-0.0002610261624795386,0.9740566037735849,-0.019101066514849663,0.00035986880538985133,0.00024571773246861994,0.022986773401498795,0.07058848440647125,0.22039887309074402,1.0,0.0001179245283018868,0.0001179245283018868,0.0,0.0023584905660377358,,,cvar,/Users/yaniszaim/deephedging/.deephedging_real_runs/final_paper_notebook/panel_sweeps/XLV_full_paper_grid_800_step_robust/model_artifacts/seed_2345/risk_cvar/proto_source_vanilla_k_100_weighted_0_learnw_0,35.0,0.07617775497413327,val_loss,0.02284463308751583,0.21727906167507172,0.0005306603773584906,0.009433962264150943,424.0,20.0,2.0,vanilla,100.0,False,False,0.03999965265393257,0.1113988533616066
proto_source=vanilla_k=100_weighted=0_learnw=0,test,2345,proto,-0.0174531489610672,0.02488904818892479,-0.10419227182865143,-0.05498397909104824,-0.08800255507230759,-0.007592717884108424,-0.0003141182824037969,0.9859154929577465,-0.017458833754062653,0.0002508528996258974,0.00024516816483810544,0.023081103339791298,0.0705912709236145,0.22177930176258087,0.973304808139801,0.0,0.0,0.0,0.0,,,cvar,/Users/yaniszaim/deephedging/.deephedging_real_runs/final_paper_notebook/panel_sweeps/XLV_full_paper_grid_800_step_robust/model_artifacts/seed_2345/risk_cvar/proto_source_vanilla_k_100_weighted_0_learnw_0,35.0,0.07617775497413327,val_loss,0.02284463308751583,0.21727906167507172,0.0005306603773584906,0.009433962264150943,426.0,20.0,2.0,vanilla,100.0,False,False,0.03999965265393257,0.1113988533616066
proto_source=vanilla_k=100_weighted=1_learnw=0,train,2345,proto,-0.019202666357159615,0.023569989949464798,-0.08936207577586174,-0.06166598685085774,-0.08233243972063065,-0.010514508467167616,-0.00011644504920695909,1.0,-0.019174713641405106,5.3578478400595486e-05,8.153200906235725e-05,0.0038297176361083984,0.006499290466308594,0.040212035179138184,0.12998580932617188,0.0,0.0,0.0,0.0,,,cvar,/Users/yaniszaim/deephedging/.deephedging_real_runs/final_paper_notebook/panel_sweeps/XLV_full_paper_grid_800_step_robust/model_artifacts/seed_2345/risk_cvar/proto_source_vanilla_k_100_weighted_1_learnw_0,516.0,0.07570851715514436,val_loss,0.0062105399556458,0.045191749930381775,0.0,0.0,1980.0,20.0,2.0,vanilla,100.0,True,False,0.1060764491558075,0.28799736499786377
proto_source=vanilla_k=100_weighted=1_learnw=0,val,2345,proto,-0.019136393442749977,0.027997607365250587,-0.08697823397815227,-0.06172495670616627,-0.09139368683099747,-0.008501558098942041,-0.00011020183919754348,1.0,-0.019101066514849663,4.6126537199597806e-05,8.145107130985707e-05,0.0038297176361083984,0.006499290466308594,0.040212035179138184,0.12998580932617188,0.0,0.0,0.0,0.0,,,cvar,/Users/yaniszaim/deephedging/.deephedging_real_runs/final_paper_notebook/panel_sweeps/XLV_full_paper_grid_800_step_robust/model_artifacts/seed_2345/risk_cvar/proto_source_vanilla_k_100_weighted_1_learnw_0,516.0,0.07570851715514436,val_loss,0.0062105399556458,0.045191749930381775,0.0,0.0,424.0,20.0,2.0,vanilla,100.0,True,False,0.1060764491558075,0.28799736499786377
proto_source=vanilla_k=100_weighted=1_learnw=0,test,2345,proto,-0.017506159842014313,0.02611420303583145,-0.1056277547031641,-0.056733530946075916,-0.0908375158905983,-0.007697623455896974,-0.00010654211655491963,1.0,-0.017458833754062653,3.409989585634321e-05,8.142711885739118e-05,0.003829717868939042,0.006499290466308594,0.040212035179138184,0.12998580932617188,0.0,0.0,0.0,0.0,,,cvar,/Users/yaniszaim/deephedging/.deephedging_real_runs/final_paper_notebook/panel_sweeps/XLV_full_paper_grid_800_step_robust/model_artifacts/seed_2345/risk_cvar/proto_source_vanilla_k_100_weighted_1_learnw_0,516.0,0.07570851715514436,val_loss,0.0062105399556458,0.045191749930381775,0.0,0.0,426.0,20.0,2.0,vanilla,100.0,True,False,0.1060764491558075,0.28799736499786377
unhedged,train,3456,baseline,-0.01882271096110344,0.024479486048221588,-0.09065092325210572,-0.061985617876052855,-0.08532445132732391,-0.009379267692565918,0.0,0.598989898989899,-0.01882271096110344,0.0,0.0,0.0,0.0,0.0,0.0,0.0,0.0,0.0,0.0,,,,,,,,,,,,,,,,,,,,
spot_delta,train,3456,baseline,-0.018696295097470284,0.02423773519694805,-0.08874349497258663,-0.061086245253682135,-0.083670474588871,-0.010709585156291723,0.004249947797507047,0.805050505050505,-0.01882271096110344,0.0003038944269064814,0.00017747927631717175,0.022125376388430595,0.60760897397995,0.2575572729110718,0.60760897397995,0.0,0.0,0.0,0.0,,,,,,,,,,,,,,,,,,,,
spot_delta_band,train,3456,baseline,-0.018696295097470284,0.02423773519694805,-0.08874349497258663,-0.061086245253682135,-0.083670474588871,-0.010709585156291723,0.004249947797507047,0.805050505050505,-0.01882271096110344,0.0003038944269064814,0.00017747927631717175,0.022125376388430595,0.60760897397995,0.2575572729110718,0.60760897397995,0.0,0.0,0.0,0.0,0.0,gains_mean,,,,,,,,,,,,,,,,,,
unhedged,val,3456,baseline,-0.018865596503019333,0.023165754973888397,-0.08540623784065246,-0.05980230569839477,-0.07962384819984436,-0.011743426322937012,-0.0,0.6132075471698113,-0.018865596503019333,0.0,0.0,0.0,0.0,0.0,0.0,0.0,0.0,0.0,0.0,,,,,,,,,,,,,,,,,,,,
spot_delta,val,3456,baseline,-0.01849120669066906,0.021945331245660782,-0.07681377157568932,-0.05693875942379236,-0.07406800985336304,-0.011219807900488377,0.004287482285872093,0.8231132075471698,-0.018865596503019333,0.0005532752838917077,0.00017888614092953503,0.022304166108369827,0.5982080101966858,0.2575494349002838,0.60760897397995,0.0,0.0,0.0,0.0,,,,,,,,,,,,,,,,,,,,
spot_delta_band,val,3456,baseline,-0.01849120669066906,0.021945331245660782,-0.07681377157568932,-0.05693875942379236,-0.07406800985336304,-0.011219807900488377,0.004287482285872093,0.8231132075471698,-0.018865596503019333,0.0005532752838917077,0.00017888614092953503,0.022304166108369827,0.5982080101966858,0.2575494349002838,0.60760897397995,0.0,0.0,0.0,0.0,0.0,gains_mean,,,,,,,,,,,,,,,,,,
unhedged,test,3456,baseline,-0.019329266622662544,0.02823745831847191,-0.10215973854064941,-0.060347020626068115,-0.09253451973199844,-0.008323132991790771,-0.0,0.5892018779342723,-0.019329266622662544,0.0,0.0,0.0,0.0,0.0,0.0,0.0,0.0,0.0,0.0,,,,,,,,,,,,,,,,,,,,
spot_delta,test,3456,baseline,-0.019759226590394974,0.026507804170250893,-0.08894888311624527,-0.058241305872797966,-0.08960788697004318,-0.01155412895604968,0.00303516915300861,0.8169014084507042,-0.019329266622662544,-0.00024981910246424377,0.00018014427041634917,0.02246139943599701,0.592831015586853,0.25718390941619873,0.60760897397995,0.0,0.0,0.0,0.0,,,,,,,,,,,,,,,,,,,,
spot_delta_band,test,3456,baseline,-0.019759226590394974,0.026507804170250893,-0.08894888311624527,-0.058241305872797966,-0.08960788697004318,-0.01155412895604968,0.00303516915300861,0.8169014084507042,-0.019329266622662544,-0.00024981910246424377,0.00018014427041634917,0.02246139943599701,0.592831015586853,0.25718390941619873,0.60760897397995,0.0,0.0,0.0,0.0,0.0,gains_mean,,,,,,,,,,,,,,,,,,
vanilla,train,3456,vanilla,-0.018777508288621902,0.023919476196169853,-0.08921516485512257,-0.061018096283078194,-0.0839681327342987,-0.009298757649958134,-0.00015558897866867484,1.0,-0.01882271096110344,0.00012576321023516357,8.055927173700184e-05,0.008622808381915092,0.01844647526741028,0.08982593566179276,0.34640514850616455,0.0,0.0,0.0,0.0,,,cvar,/Users/yaniszaim/deephedging/.deephedging_real_runs/final_paper_notebook/panel_sweeps/XLV_full_paper_grid_800_step_robust/model_artifacts/seed_3456/risk_cvar/vanilla,138.0,0.07292328923242165,val_loss,0.007429091725498438,0.07331044971942902,0.0,0.0,1980.0,20.0,2.0,,,,,,
vanilla,val,3456,vanilla,-0.01880398765206337,0.022631067782640457,-0.08405400440096855,-0.058878413401544094,-0.07836560159921646,-0.011639172676950693,-0.0001666823183768431,1.0,-0.018865596503019333,0.00014208204811438918,8.047352457651868e-05,0.008622942492365837,0.018111228942871094,0.08983410149812698,0.3442126214504242,0.0,0.0,0.0,0.0,,,cvar,/Users/yaniszaim/deephedging/.deephedging_real_runs/final_paper_notebook/panel_sweeps/XLV_full_paper_grid_800_step_robust/model_artifacts/seed_3456/risk_cvar/vanilla,138.0,0.07292328923242165,val_loss,0.007429091725498438,0.07331044971942902,0.0,0.0,424.0,20.0,2.0,,,,,,
vanilla,test,3456,vanilla,-0.01926126331090927,0.027644705027341843,-0.10053307376801968,-0.05940293334424496,-0.09106605499982834,-0.008258141111582518,-0.00016732815856812522,1.0,-0.019329266622662544,0.00014848764112684876,8.048573363339528e-05,0.00862181931734085,0.018358439207077026,0.08981665223836899,0.34733495116233826,0.0,0.0,0.0,0.0,,,cvar,/Users/yaniszaim/deephedging/.deephedging_real_runs/final_paper_notebook/panel_sweeps/XLV_full_paper_grid_800_step_robust/model_artifacts/seed_3456/risk_cvar/vanilla,138.0,0.07292328923242165,val_loss,0.007429091725498438,0.07331044971942902,0.0,0.0,426.0,20.0,2.0,,,,,,
proto_source=spot_delta_k=10_weighted=0_learnw=0,train,3456,proto,-0.01858704350888729,0.022702423855662346,-0.087552430331707,-0.060501853190362456,-0.07954239845275879,-0.009987696539610624,0.0021514544263482077,0.8525252525252526,-0.01882271096110344,0.000575584708712995,0.0003399172273930162,0.03701922670006752,0.46509644389152527,0.2603612542152405,1.0,0.0001388888888888889,0.0001388888888888889,0.0,0.0030303030303030303,,,cvar,/Users/yaniszaim/deephedging/.deephedging_real_runs/final_paper_notebook/panel_sweeps/XLV_full_paper_grid_800_step_robust/model_artifacts/seed_3456/risk_cvar/proto_source_spot_delta_k_10_weighted_0_learnw_0,103.0,0.07249405531195116,val_loss,0.02655498869717121,0.12118212133646011,0.0001179245283018868,0.0023584905660377358,1980.0,20.0,2.0,spot_delta,10.0,False,False,0.2143736630678177,0.6496755480766296
proto_source=spot_delta_k=10_weighted=0_learnw=0,val,3456,proto,-0.018765119835734367,0.02173769846558571,-0.07921451039612293,-0.05743321571499109,-0.0758141353726387,-0.01162006240338087,0.001640079857315867,0.8938679245283019,-0.018865596503019333,0.00042449618922546506,0.00032401955104433,0.036253560334444046,0.3646836280822754,0.26007720828056335,1.0,5.89622641509434e-05,5.89622641509434e-05,0.0,0.0023584905660377358,,,cvar,/Users/yaniszaim/deephedging/.deephedging_real_runs/final_paper_notebook/panel_sweeps/XLV_full_paper_grid_800_step_robust/model_artifacts/seed_3456/risk_cvar/proto_source_spot_delta_k_10_weighted_0_learnw_0,103.0,0.07249405531195116,val_loss,0.02655498869717121,0.12118212133646011,0.0001179245283018868,0.0023584905660377358,424.0,20.0,2.0,spot_delta,10.0,False,False,0.2143736630678177,0.6496755480766296
proto_source=spot_delta_k=10_weighted=0_learnw=0,test,3456,proto,-0.018758192658424377,0.025219056755304337,-0.09279743023216724,-0.057892036624252796,-0.0843682810664177,-0.008784250356256962,0.001613738015294075,0.8802816901408451,-0.019329266622662544,0.0009183317888528109,0.0003472588723525405,0.03701511770486832,0.46388933062553406,0.261557012796402,1.0,0.000528169014084507,0.000528169014084507,0.0,0.007042253521126761,,,cvar,/Users/yaniszaim/deephedging/.deephedging_real_runs/final_paper_notebook/panel_sweeps/XLV_full_paper_grid_800_step_robust/model_artifacts/seed_3456/risk_cvar/proto_source_spot_delta_k_10_weighted_0_learnw_0,103.0,0.07249405531195116,val_loss,0.02655498869717121,0.12118212133646011,0.0001179245283018868,0.0023584905660377358,426.0,20.0,2.0,spot_delta,10.0,False,False,0.2143736630678177,0.6496755480766296
proto_source=spot_delta_k=10_weighted=1_learnw=0,train,3456,proto,-0.018661119043827057,0.022849611937999725,-0.0872734060138464,-0.059059922397136685,-0.0810229554772377,-0.009909394662827253,0.0005189971765503286,0.9166666666666666,-0.01882271096110344,0.0003690124722197652,0.0002074208459816873,0.02495703287422657,0.12293857336044312,0.3093571066856384,0.9967710971832275,0.0,0.0,0.0,0.0,,,cvar,/Users/yaniszaim/deephedging/.deephedging_real_runs/final_paper_notebook/panel_sweeps/XLV_full_paper_grid_800_step_robust/model_artifacts/seed_3456/risk_cvar/proto_source_spot_delta_k_10_weighted_1_learnw_0,15.0,0.07268929113633932,val_loss,0.029498020187020302,0.14058703184127808,0.0,0.0,1980.0,20.0,2.0,spot_delta,10.0,True,False,0.11990779638290405,0.2217639982700348
proto_source=spot_delta_k=10_weighted=1_learnw=0,val,3456,proto,-0.018754765391349792,0.021550271660089493,-0.08069792367517949,-0.05523130409419536,-0.07538600265979767,-0.011918511241674423,0.0004961148617439879,0.9268867924528302,-0.018865596503019333,0.00031713678617961705,0.0002063057036139071,0.02490384131669998,0.12256395816802979,0.3093279302120209,0.9980970025062561,0.0,0.0,0.0,0.0,,,cvar,/Users/yaniszaim/deephedging/.deephedging_real_runs/final_paper_notebook/panel_sweeps/XLV_full_paper_grid_800_step_robust/model_artifacts/seed_3456/risk_cvar/proto_source_spot_delta_k_10_weighted_1_learnw_0,15.0,0.07268929113633932,val_loss,0.029498020187020302,0.14058703184127808,0.0,0.0,424.0,20.0,2.0,spot_delta,10.0,True,False,0.11990779638290405,0.2217639982700348
proto_source=spot_delta_k=10_weighted=1_learnw=0,test,3456,proto,-0.01911439746618271,0.026384800672531128,-0.09847127832472324,-0.056704859249293804,-0.08787894994020462,-0.008475448936223984,0.00043572855793172494,0.92018779342723,-0.019329266622662544,0.00042208703234791756,0.0002072193892672658,0.024921823292970657,0.1216157078742981,0.30912894010543823,0.9878392815589905,0.0,0.0,0.0,0.0,,,cvar,/Users/yaniszaim/deephedging/.deephedging_real_runs/final_paper_notebook/panel_sweeps/XLV_full_paper_grid_800_step_robust/model_artifacts/seed_3456/risk_cvar/proto_source_spot_delta_k_10_weighted_1_learnw_0,15.0,0.07268929113633932,val_loss,0.029498020187020302,0.14058703184127808,0.0,0.0,426.0,20.0,2.0,spot_delta,10.0,True,False,0.11990779638290405,0.2217639982700348
proto_source=spot_delta_k=25_weighted=0_learnw=0,train,3456,proto,-0.01894538104534149,0.02400585450232029,-0.0894812534749508,-0.061122524179518224,-0.08423635363578796,-0.009515995625406504,0.00027877577813342167,0.9146464646464646,-0.01882271096110344,4.43894969066605e-05,0.00016705968300811946,0.009751725010573864,0.15176311135292053,0.09994769841432571,1.0,0.0005176767676767676,0.0,0.0005176767676767676,0.005555555555555556,,,cvar,/Users/yaniszaim/deephedging/.deephedging_real_runs/final_paper_notebook/panel_sweeps/XLV_full_paper_grid_800_step_robust/model_artifacts/seed_3456/risk_cvar/proto_source_spot_delta_k_25_weighted_0_learnw_0,13.0,0.072895035154564,val_loss,0.006407369393855333,0.049955181777477264,5.89622641509434e-05,0.0023584905660377358,1980.0,20.0,2.0,spot_delta,25.0,False,False,0.10549391806125641,0.15462332963943481
proto_source=spot_delta_k=25_weighted=0_learnw=0,val,3456,proto,-0.019053004682064056,0.023067768663167953,-0.08385756842792035,-0.05867954287678003,-0.07938820868730545,-0.011730859521776438,0.00024741366214584546,0.9198113207547169,-0.018865596503019333,-2.2044434444978833e-05,0.00016536343900952488,0.00958179496228695,0.15176308155059814,0.10002903640270233,1.0,0.0004127358490566038,0.0,0.0004127358490566038,0.007075471698113208,,,cvar,/Users/yaniszaim/deephedging/.deephedging_real_runs/final_paper_notebook/panel_sweeps/XLV_full_paper_grid_800_step_robust/model_artifacts/seed_3456/risk_cvar/proto_source_spot_delta_k_25_weighted_0_learnw_0,13.0,0.072895035154564,val_loss,0.006407369393855333,0.049955181777477264,5.89622641509434e-05,0.0023584905660377358,424.0,20.0,2.0,spot_delta,25.0,False,False,0.10549391806125641,0.15462332963943481
proto_source=spot_delta_k=25_weighted=0_learnw=0,test,3456,proto,-0.019500965252518654,0.028078747913241386,-0.10060746781527996,-0.05951182544231415,-0.09184909611940384,-0.008364479057490826,5.1542388973757625e-05,0.9366197183098591,-0.019329266622662544,-6.086686880735215e-06,0.00016561165102757514,0.00966047216206789,0.15176308155059814,0.09943587332963943,1.0,0.000528169014084507,0.0,0.000528169014084507,0.004694835680751174,,,cvar,/Users/yaniszaim/deephedging/.deephedging_real_runs/final_paper_notebook/panel_sweeps/XLV_full_paper_grid_800_step_robust/model_artifacts/seed_3456/risk_cvar/proto_source_spot_delta_k_25_weighted_0_learnw_0,13.0,0.072895035154564,val_loss,0.006407369393855333,0.049955181777477264,5.89622641509434e-05,0.0023584905660377358,426.0,20.0,2.0,spot_delta,25.0,False,False,0.10549391806125641,0.15462332963943481
proto_source=spot_delta_k=25_weighted=1_learnw=0,train,3456,proto,-0.01937364786863327,0.02394198253750801,-0.0923183436691761,-0.06272156499326229,-0.08417541533708572,-0.010253117885440588,0.0006160137301776554,0.9116161616161617,-0.01882271096110344,0.0003909232036676258,0.0009418585104867816,0.02471146173775196,0.18534749746322632,0.17049609124660492,1.0,0.0001893939393939394,0.0001893939393939394,0.0,0.0035353535353535356,,,cvar,/Users/yaniszaim/deephedging/.deephedging_real_runs/final_paper_notebook/panel_sweeps/XLV_full_paper_grid_800_step_robust/model_artifacts/seed_3456/risk_cvar/proto_source_spot_delta_k_25_weighted_1_learnw_0,146.0,0.0724480531970039,val_loss,0.008660596795380116,0.05059769004583359,0.0,0.0,1980.0,20.0,2.0,spot_delta,25.0,True,False,0.1549682468175888,0.6604934334754944
proto_source=spot_delta_k=25_weighted=1_learnw=0,val,3456,proto,-0.01944774016737938,0.022833077237010002,-0.08084844455122947,-0.05961059890687465,-0.07901784777641296,-0.01274580555036664,0.00015172133935266083,0.9268867924528302,-0.018865596503019333,0.0003366342280060053,0.0009187769028358161,0.024275118485093117,0.18540096282958984,0.16927951574325562,1.0,5.89622641509434e-05,5.89622641509434e-05,0.0,0.0023584905660377358,,,cvar,/Users/yaniszaim/deephedging/.deephedging_real_runs/final_paper_notebook/panel_sweeps/XLV_full_paper_grid_800_step_robust/model_artifacts/seed_3456/risk_cvar/proto_source_spot_delta_k_25_weighted_1_learnw_0,146.0,0.0724480531970039,val_loss,0.008660596795380116,0.05059769004583359,0.0,0.0,424.0,20.0,2.0,spot_delta,25.0,True,False,0.1549682468175888,0.6604934334754944
proto_source=spot_delta_k=25_weighted=1_learnw=0,test,3456,proto,-0.019933778792619705,0.027117116376757622,-0.10607236623764038,-0.05980175919830799,-0.09119582921266556,-0.008563586045056581,0.0002131380169885233,0.9107981220657277,-0.019329266622662544,0.00031685674912296236,0.0009213712764903903,0.024253539741039276,0.20692580938339233,0.1694062054157257,1.0,0.0004107981220657277,0.0004107981220657277,0.0,0.004694835680751174,,,cvar,/Users/yaniszaim/deephedging/.deephedging_real_runs/final_paper_notebook/panel_sweeps/XLV_full_paper_grid_800_step_robust/model_artifacts/seed_3456/risk_cvar/proto_source_spot_delta_k_25_weighted_1_learnw_0,146.0,0.0724480531970039,val_loss,0.008660596795380116,0.05059769004583359,0.0,0.0,426.0,20.0,2.0,spot_delta,25.0,True,False,0.1549682468175888,0.6604934334754944
proto_source=spot_delta_k=50_weighted=0_learnw=0,train,3456,proto,-0.01861695572733879,0.022524394094944,-0.09057182140648365,-0.06091648135334253,-0.08108541369438171,-0.009621104691177607,0.0021603288594633334,0.8636363636363636,-0.01882271096110344,0.0005601184675469995,0.0003543645143508911,0.039194900542497635,0.3687143623828888,0.3339953124523163,1.0,0.00034090909090909094,0.00034090909090909094,0.0,0.005555555555555556,,,cvar,/Users/yaniszaim/deephedging/.deephedging_real_runs/final_paper_notebook/panel_sweeps/XLV_full_paper_grid_800_step_robust/model_artifacts/seed_3456/risk_cvar/proto_source_spot_delta_k_50_weighted_0_learnw_0,67.0,0.07240591009112321,val_loss,0.026525815948843956,0.1288667768239975,0.0002358490566037736,0.0047169811320754715,1980.0,20.0,2.0,spot_delta,50.0,False,False,0.13129691779613495,0.49831241369247437
proto_source=spot_delta_k=50_weighted=0_learnw=0,val,3456,proto,-0.018671004101634026,0.021129712462425232,-0.07968080028891564,-0.060260554403066637,-0.07569663226604462,-0.011024400126188993,0.0014404472371097638,0.8938679245283019,-0.018865596503019333,0.0005323659279383719,0.0003377734392415732,0.038257990032434464,0.36894160509109497,0.3342142701148987,1.0,0.0009433962264150943,0.0009433962264150943,0.0,0.01179245283018868,,,cvar,/Users/yaniszaim/deephedging/.deephedging_real_runs/final_paper_notebook/panel_sweeps/XLV_full_paper_grid_800_step_robust/model_artifacts/seed_3456/risk_cvar/proto_source_spot_delta_k_50_weighted_0_learnw_0,67.0,0.07240591009112321,val_loss,0.026525815948843956,0.1288667768239975,0.0002358490566037736,0.0047169811320754715,424.0,20.0,2.0,spot_delta,50.0,False,False,0.13129691779613495,0.49831241369247437
proto_source=spot_delta_k=50_weighted=0_learnw=0,test,3456,proto,-0.019128741696476936,0.025416197255253792,-0.09835350513458252,-0.05948112532496452,-0.08871066570281982,-0.008371053263545036,0.002085998887196183,0.8732394366197183,-0.019329266622662544,0.0005584622849710286,0.0003579394251573831,0.03916896507143974,0.3677160441875458,0.33367234468460083,0.9922358393669128,0.0,0.0,0.0,0.0,,,cvar,/Users/yaniszaim/deephedging/.deephedging_real_runs/final_paper_notebook/panel_sweeps/XLV_full_paper_grid_800_step_robust/model_artifacts/seed_3456/risk_cvar/proto_source_spot_delta_k_50_weighted_0_learnw_0,67.0,0.07240591009112321,val_loss,0.026525815948843956,0.1288667768239975,0.0002358490566037736,0.0047169811320754715,426.0,20.0,2.0,spot_delta,50.0,False,False,0.13129691779613495,0.49831241369247437
proto_source=spot_delta_k=50_weighted=1_learnw=0,train,3456,proto,-0.018763212487101555,0.023353954777121544,-0.08739110708236694,-0.05993825830519199,-0.08209696412086487,-0.009796187281608582,0.001572015276178717,0.8661616161616161,-0.01882271096110344,0.0002652081602718681,0.0002057089877780527,0.024697022512555122,0.12323635816574097,0.2414574921131134,0.7202636003494263,0.0,0.0,0.0,0.0,,,cvar,/Users/yaniszaim/deephedging/.deephedging_real_runs/final_paper_notebook/panel_sweeps/XLV_full_paper_grid_800_step_robust/model_artifacts/seed_3456/risk_cvar/proto_source_spot_delta_k_50_weighted_1_learnw_0,32.0,0.07271299296990037,val_loss,0.01826183870434761,0.1024867594242096,0.0,0.0,1980.0,20.0,2.0,spot_delta,50.0,True,False,0.08711240440607071,0.1820693016052246
proto_source=spot_delta_k=50_weighted=1_learnw=0,val,3456,proto,-0.018765538930892944,0.022161398082971573,-0.08246546961367131,-0.05815065950155258,-0.07752664387226105,-0.011573101859539747,0.0014428932103328384,0.8584905660377359,-0.018865596503019333,0.00030561978928744793,0.00020556230447255075,0.024657318368554115,0.12168300151824951,0.24144840240478516,0.7093091011047363,0.0,0.0,0.0,0.0,,,cvar,/Users/yaniszaim/deephedging/.deephedging_real_runs/final_paper_notebook/panel_sweeps/XLV_full_paper_grid_800_step_robust/model_artifacts/seed_3456/risk_cvar/proto_source_spot_delta_k_50_weighted_1_learnw_0,32.0,0.07271299296990037,val_loss,0.01826183870434761,0.1024867594242096,0.0,0.0,424.0,20.0,2.0,spot_delta,50.0,True,False,0.08711240440607071,0.1820693016052246
proto_source=spot_delta_k=50_weighted=1_learnw=0,test,3456,proto,-0.019145233556628227,0.026607589796185493,-0.0962783508002758,-0.057137918658554554,-0.08820582926273346,-0.008406325243413448,0.0012346449075266719,0.8849765258215962,-0.019329266622662544,0.00038615555968135595,0.00020212374511174858,0.02426074631512165,0.12314537167549133,0.24135473370552063,0.7010096311569214,0.0,0.0,0.0,0.0,,,cvar,/Users/yaniszaim/deephedging/.deephedging_real_runs/final_paper_notebook/panel_sweeps/XLV_full_paper_grid_800_step_robust/model_artifacts/seed_3456/risk_cvar/proto_source_spot_delta_k_50_weighted_1_learnw_0,32.0,0.07271299296990037,val_loss,0.01826183870434761,0.1024867594242096,0.0,0.0,426.0,20.0,2.0,spot_delta,50.0,True,False,0.08711240440607071,0.1820693016052246
proto_source=spot_delta_k=100_weighted=0_learnw=0,train,3456,proto,-0.01887378841638565,0.024146797135472298,-0.08940918900072575,-0.06111566908657551,-0.08471816778182983,-0.009365006349980831,-0.00019863118213834244,0.9974747474747475,-0.01882271096110344,4.175207141088322e-05,9.282825340051204e-05,0.00757951382547617,0.07617083936929703,0.07978087663650513,0.7512176036834717,0.0,0.0,0.0,0.0,,,cvar,/Users/yaniszaim/deephedging/.deephedging_real_runs/final_paper_notebook/panel_sweeps/XLV_full_paper_grid_800_step_robust/model_artifacts/seed_3456/risk_cvar/proto_source_spot_delta_k_100_weighted_0_learnw_0,10.0,0.07330095540033653,val_loss,0.007065630052238703,0.06773027032613754,0.0,0.0,1980.0,20.0,2.0,spot_delta,100.0,False,False,0.05773862451314926,0.1807307004928589
proto_source=spot_delta_k=100_weighted=0_learnw=0,val,3456,proto,-0.018908243626356125,0.022830799221992493,-0.0844036491960287,-0.058990671299397945,-0.07897046953439713,-0.011682050302624702,-0.00022038659371901342,0.9976415094339622,-0.018865596503019333,4.9143061914946884e-05,9.179038170259446e-05,0.007481131237000227,0.0651496946811676,0.07931403815746307,0.6491566300392151,0.0,0.0,0.0,0.0,,,cvar,/Users/yaniszaim/deephedging/.deephedging_real_runs/final_paper_notebook/panel_sweeps/XLV_full_paper_grid_800_step_robust/model_artifacts/seed_3456/risk_cvar/proto_source_spot_delta_k_100_weighted_0_learnw_0,10.0,0.07330095540033653,val_loss,0.007065630052238703,0.06773027032613754,0.0,0.0,424.0,20.0,2.0,spot_delta,100.0,False,False,0.05773862451314926,0.1807307004928589
proto_source=spot_delta_k=100_weighted=0_learnw=0,test,3456,proto,-0.019429795444011688,0.028396133333444595,-0.10268844477832317,-0.0594577444717288,-0.09285054355859756,-0.008331208489835262,-0.00021864633890800178,1.0,-0.019329266622662544,-7.598022421007045e-06,9.293266339227557e-05,0.007581200450658798,0.10585057735443115,0.07980076968669891,1.0,0.00017605633802816902,0.0,0.00017605633802816902,0.002347417840375587,,,cvar,/Users/yaniszaim/deephedging/.deephedging_real_runs/final_paper_notebook/panel_sweeps/XLV_full_paper_grid_800_step_robust/model_artifacts/seed_3456/risk_cvar/proto_source_spot_delta_k_100_weighted_0_learnw_0,10.0,0.07330095540033653,val_loss,0.007065630052238703,0.06773027032613754,0.0,0.0,426.0,20.0,2.0,spot_delta,100.0,False,False,0.05773862451314926,0.1807307004928589
proto_source=spot_delta_k=100_weighted=1_learnw=0,train,3456,proto,-0.019294623285531998,0.022743921726942062,-0.08644497275352478,-0.05918305553495884,-0.08096864819526672,-0.010581376496702433,0.0009459843713557345,0.9191919191919192,-0.01882271096110344,0.00027947762282565236,0.0007513895398005843,0.03245231881737709,0.16268491744995117,0.39513328671455383,1.0,0.005138888888888889,0.005138888888888889,0.0,0.10606060606060606,,,cvar,/Users/yaniszaim/deephedging/.deephedging_real_runs/final_paper_notebook/panel_sweeps/XLV_full_paper_grid_800_step_robust/model_artifacts/seed_3456/risk_cvar/proto_source_spot_delta_k_100_weighted_1_learnw_0,29.0,0.072565056104213,val_loss,0.018960971385240555,0.10777970403432846,0.0,0.0,1980.0,20.0,2.0,spot_delta,100.0,True,False,0.08212839066982269,0.21512149274349213
proto_source=spot_delta_k=100_weighted=1_learnw=0,val,3456,proto,-0.019400816410779953,0.021293211728334427,-0.07800612732768059,-0.0568634582683444,-0.07489034533500671,-0.012449903879314661,0.0009738091146573378,0.9292452830188679,-0.018865596503019333,0.00020706460054498166,0.0007422839407809079,0.032333001494407654,0.1586715430021286,0.3955554962158203,1.0,0.005306603773584905,0.005306603773584905,0.0,0.11556603773584906,,,cvar,/Users/yaniszaim/deephedging/.deephedging_real_runs/final_paper_notebook/panel_sweeps/XLV_full_paper_grid_800_step_robust/model_artifacts/seed_3456/risk_cvar/proto_source_spot_delta_k_100_weighted_1_learnw_0,29.0,0.072565056104213,val_loss,0.018960971385240555,0.10777970403432846,0.0,0.0,424.0,20.0,2.0,spot_delta,100.0,True,False,0.08212839066982269,0.21512149274349213
proto_source=spot_delta_k=100_weighted=1_learnw=0,test,3456,proto,-0.019819943234324455,0.02586604841053486,-0.09092053398489952,-0.05694678984582424,-0.0867794081568718,-0.009686464443802834,0.00032975788053590804,0.931924882629108,-0.019329266622662544,0.0002539636625442654,0.0007446400122717023,0.03238547220826149,0.15866857767105103,0.3950482904911041,1.0,0.005633802816901409,0.005457746478873239,0.00017605633802816902,0.11737089201877934,,,cvar,/Users/yaniszaim/deephedging/.deephedging_real_runs/final_paper_notebook/panel_sweeps/XLV_full_paper_grid_800_step_robust/model_artifacts/seed_3456/risk_cvar/proto_source_spot_delta_k_100_weighted_1_learnw_0,29.0,0.072565056104213,val_loss,0.018960971385240555,0.10777970403432846,0.0,0.0,426.0,20.0,2.0,spot_delta,100.0,True,False,0.08212839066982269,0.21512149274349213
proto_source=vanilla_k=10_weighted=0_learnw=0,train,3456,proto,-0.01883089169859886,0.02410922199487686,-0.08970184288918973,-0.06128007657825947,-0.0845518484711647,-0.009200353641062975,-5.41313205758345e-05,0.9606060606060606,-0.01882271096110344,0.00013166300777811557,0.00013984406541567296,0.007832763716578484,0.19381573796272278,0.07923008501529694,0.4179028272628784,0.0,0.0,0.0,0.0,,,cvar,/Users/yaniszaim/deephedging/.deephedging_real_runs/final_paper_notebook/panel_sweeps/XLV_full_paper_grid_800_step_robust/model_artifacts/seed_3456/risk_cvar/proto_source_vanilla_k_10_weighted_0_learnw_0,119.0,0.07303248358890414,val_loss,0.00747501477599144,0.07050009071826935,0.0,0.0,1980.0,20.0,2.0,vanilla,10.0,False,False,0.07866232097148895,0.20669671893119812
proto_source=vanilla_k=10_weighted=0_learnw=0,val,3456,proto,-0.018883172422647476,0.022849969565868378,-0.08455126754939556,-0.05882075987756252,-0.07895298302173615,-0.011658203788101673,-6.248182035051327e-05,0.9599056603773585,-0.018865596503019333,0.00012608627730514854,0.00014366308460012078,0.007849874906241894,0.1936422437429428,0.07927066087722778,0.37836652994155884,0.0,0.0,0.0,0.0,,,cvar,/Users/yaniszaim/deephedging/.deephedging_real_runs/final_paper_notebook/panel_sweeps/XLV_full_paper_grid_800_step_robust/model_artifacts/seed_3456/risk_cvar/proto_source_vanilla_k_10_weighted_0_learnw_0,119.0,0.07303248358890414,val_loss,0.00747501477599144,0.07050009071826935,0.0,0.0,424.0,20.0,2.0,vanilla,10.0,False,False,0.07866232097148895,0.20669671893119812
proto_source=vanilla_k=10_weighted=0_learnw=0,test,3456,proto,-0.019325992092490196,0.027878714725375175,-0.09965703263878822,-0.059598556719720364,-0.0914435088634491,-0.008282557129859924,-7.619004463776946e-05,0.9671361502347418,-0.019329266622662544,0.00014263817865867168,0.00013936734467279166,0.007773811463266611,0.1937982141971588,0.0780254527926445,0.3658091425895691,0.0,0.0,0.0,0.0,,,cvar,/Users/yaniszaim/deephedging/.deephedging_real_runs/final_paper_notebook/panel_sweeps/XLV_full_paper_grid_800_step_robust/model_artifacts/seed_3456/risk_cvar/proto_source_vanilla_k_10_weighted_0_learnw_0,119.0,0.07303248358890414,val_loss,0.00747501477599144,0.07050009071826935,0.0,0.0,426.0,20.0,2.0,vanilla,10.0,False,False,0.07866232097148895,0.20669671893119812
proto_source=vanilla_k=10_weighted=1_learnw=0,train,3456,proto,-0.01873074099421501,0.022779690101742744,-0.08635996609926223,-0.05908510144799948,-0.08103024214506149,-0.009520337451249361,-1.3917413889430682e-05,0.9505050505050505,-0.01882271096110344,0.00041140842949971557,0.0003194404416717589,0.026247240602970123,0.09531444311141968,0.3329871594905853,1.0,0.1251262626262626,0.1251262626262626,0.0,1.0,,,cvar,/Users/yaniszaim/deephedging/.deephedging_real_runs/final_paper_notebook/panel_sweeps/XLV_full_paper_grid_800_step_robust/model_artifacts/seed_3456/risk_cvar/proto_source_vanilla_k_10_weighted_1_learnw_0,682.0,0.07294983267318457,val_loss,0.014131694100797176,0.08512972295284271,0.0,0.0,1980.0,20.0,2.0,vanilla,10.0,True,False,0.05419234186410904,0.11072265356779099
proto_source=vanilla_k=10_weighted=1_learnw=0,val,3456,proto,-0.018855351954698563,0.021495243534445763,-0.08175260692834854,-0.05664597973227501,-0.07600805908441544,-0.011518238112330437,-0.00011721852570190405,0.9528301886792453,-0.018865596503019333,0.00033011462073773146,0.0003198700724169612,0.026251202449202538,0.09531444311141968,0.3331936299800873,1.0,0.1252358490566038,0.1252358490566038,0.0,1.0,,,cvar,/Users/yaniszaim/deephedging/.deephedging_real_runs/final_paper_notebook/panel_sweeps/XLV_full_paper_grid_800_step_robust/model_artifacts/seed_3456/risk_cvar/proto_source_vanilla_k_10_weighted_1_learnw_0,682.0,0.07294983267318457,val_loss,0.014131694100797176,0.08512972295284271,0.0,0.0,424.0,20.0,2.0,vanilla,10.0,True,False,0.05419234186410904,0.11072265356779099
proto_source=vanilla_k=10_weighted=1_learnw=0,test,3456,proto,-0.019197143614292145,0.0263106357306242,-0.09706969559192657,-0.057216052897274494,-0.08809534460306168,-0.008547683712095022,-0.00014161089711706154,0.9671361502347418,-0.019329266622662544,0.0004510477010626346,0.0003189259732607752,0.026243198662996292,0.09531444311141968,0.33314743638038635,1.0,0.12529342723004694,0.12529342723004694,0.0,1.0,,,cvar,/Users/yaniszaim/deephedging/.deephedging_real_runs/final_paper_notebook/panel_sweeps/XLV_full_paper_grid_800_step_robust/model_artifacts/seed_3456/risk_cvar/proto_source_vanilla_k_10_weighted_1_learnw_0,682.0,0.07294983267318457,val_loss,0.014131694100797176,0.08512972295284271,0.0,0.0,426.0,20.0,2.0,vanilla,10.0,True,False,0.05419234186410904,0.11072265356779099
proto_source=vanilla_k=25_weighted=0_learnw=0,train,3456,proto,-0.018957044929265976,0.024628035724163055,-0.09134474806487561,-0.062313628196716306,-0.08589847385883331,-0.00934041803702712,0.0003977969216066407,0.8025252525252525,-0.01882271096110344,-4.1194885852746665e-05,9.313922055298463e-05,0.0030189629178494215,0.06115943193435669,0.04724524915218353,0.10207194834947586,0.0,0.0,0.0,0.0,,,cvar,/Users/yaniszaim/deephedging/.deephedging_real_runs/final_paper_notebook/panel_sweeps/XLV_full_paper_grid_800_step_robust/model_artifacts/seed_3456/risk_cvar/proto_source_vanilla_k_25_weighted_0_learnw_0,2.0,0.07343085634987802,val_loss,0.003281570039689541,0.04815569519996643,0.0,0.0,1980.0,20.0,2.0,vanilla,25.0,False,False,0.07572316378355026,0.11604197323322296
proto_source=vanilla_k=25_weighted=0_learnw=0,val,3456,proto,-0.019026359543204308,0.02341271936893463,-0.08673191912472247,-0.06041379068046808,-0.08051329851150513,-0.012005758471786976,0.0004005546550615689,0.8066037735849056,-0.018865596503019333,-6.608643161598593e-05,9.467727068113163e-05,0.0030317686032503843,0.061159294098615646,0.04724857583642006,0.10095474123954773,0.0,0.0,0.0,0.0,,,cvar,/Users/yaniszaim/deephedging/.deephedging_real_runs/final_paper_notebook/panel_sweeps/XLV_full_paper_grid_800_step_robust/model_artifacts/seed_3456/risk_cvar/proto_source_vanilla_k_25_weighted_0_learnw_0,2.0,0.07343085634987802,val_loss,0.003281570039689541,0.04815569519996643,0.0,0.0,424.0,20.0,2.0,vanilla,25.0,False,False,0.07572316378355026,0.11604197323322296
proto_source=vanilla_k=25_weighted=0_learnw=0,test,3456,proto,-0.019418926909565926,0.02851215749979019,-0.10409108176827431,-0.06062518712133169,-0.09330379962921143,-0.008303473237901926,0.0005235406424617395,0.8004694835680751,-0.019329266622662544,3.5988311992696254e-06,9.326178405899554e-05,0.00301637826487422,0.061159003525972366,0.047148268669843674,0.1035844087600708,0.0,0.0,0.0,0.0,,,cvar,/Users/yaniszaim/deephedging/.deephedging_real_runs/final_paper_notebook/panel_sweeps/XLV_full_paper_grid_800_step_robust/model_artifacts/seed_3456/risk_cvar/proto_source_vanilla_k_25_weighted_0_learnw_0,2.0,0.07343085634987802,val_loss,0.003281570039689541,0.04815569519996643,0.0,0.0,426.0,20.0,2.0,vanilla,25.0,False,False,0.07572316378355026,0.11604197323322296
proto_source=vanilla_k=25_weighted=1_learnw=0,train,3456,proto,-0.018808068707585335,0.024107348173856735,-0.09053308062255383,-0.061107910983264443,-0.08465470373630524,-0.00929312128573656,-0.0001466446388803889,0.998989898989899,-0.01882271096110344,0.00010654375364538282,9.19019294087775e-05,0.008409619331359863,0.09453055262565613,0.08427955955266953,0.5499348640441895,0.0,0.0,0.0,0.0,,,cvar,/Users/yaniszaim/deephedging/.deephedging_real_runs/final_paper_notebook/panel_sweeps/XLV_full_paper_grid_800_step_robust/model_artifacts/seed_3456/risk_cvar/proto_source_vanilla_k_25_weighted_1_learnw_0,215.0,0.07325447927229106,val_loss,0.009202560409903526,0.09306076169013977,0.0,0.0,1980.0,20.0,2.0,vanilla,25.0,True,False,0.08222964406013489,0.17165006697177887
proto_source=vanilla_k=25_weighted=1_learnw=0,val,3456,proto,-0.018824156373739243,0.0227699913084507,-0.08346811465919017,-0.059025629237294194,-0.07884418964385986,-0.011619927827268839,-0.00016471791823278185,1.0,-0.018865596503019333,0.00013253514771349728,9.109385428018868e-05,0.008413352072238922,0.09020128846168518,0.08438150584697723,0.4216034710407257,0.0,0.0,0.0,0.0,,,cvar,/Users/yaniszaim/deephedging/.deephedging_real_runs/final_paper_notebook/panel_sweeps/XLV_full_paper_grid_800_step_robust/model_artifacts/seed_3456/risk_cvar/proto_source_vanilla_k_25_weighted_1_learnw_0,215.0,0.07325447927229106,val_loss,0.009202560409903526,0.09306076169013977,0.0,0.0,424.0,20.0,2.0,vanilla,25.0,True,False,0.08222964406013489,0.17165006697177887
proto_source=vanilla_k=25_weighted=1_learnw=0,test,3456,proto,-0.01928289234638214,0.02769303321838379,-0.09974861517548561,-0.059461209923028946,-0.09145831316709518,-0.008254142478108406,-0.0001530378394818399,1.0,-0.019329266622662544,0.00014328239194583148,9.691015293356031e-05,0.008486049249768257,0.08956794440746307,0.08428976684808731,0.37788671255111694,0.0,0.0,0.0,0.0,,,cvar,/Users/yaniszaim/deephedging/.deephedging_real_runs/final_paper_notebook/panel_sweeps/XLV_full_paper_grid_800_step_robust/model_artifacts/seed_3456/risk_cvar/proto_source_vanilla_k_25_weighted_1_learnw_0,215.0,0.07325447927229106,val_loss,0.009202560409903526,0.09306076169013977,0.0,0.0,426.0,20.0,2.0,vanilla,25.0,True,False,0.08222964406013489,0.17165006697177887
proto_source=vanilla_k=50_weighted=0_learnw=0,train,3456,proto,-0.018952086567878723,0.024604538455605507,-0.09041451565921307,-0.06243038196116686,-0.0858270674943924,-0.009434835519641638,0.0004611187352566046,0.8257575757575758,-0.01882271096110344,-6.072661108191824e-06,0.00012330299068707973,0.00304454960860312,0.10013963282108307,0.035213254392147064,0.2759118676185608,0.0,0.0,0.0,0.0,,,cvar,/Users/yaniszaim/deephedging/.deephedging_real_runs/final_paper_notebook/panel_sweeps/XLV_full_paper_grid_800_step_robust/model_artifacts/seed_3456/risk_cvar/proto_source_vanilla_k_50_weighted_0_learnw_0,236.0,0.07309908180730418,val_loss,0.004186911974102259,0.035457976162433624,0.0,0.0,1980.0,20.0,2.0,vanilla,50.0,False,False,0.06988739967346191,0.17235209047794342
proto_source=vanilla_k=50_weighted=0_learnw=0,val,3456,proto,-0.018994148820638657,0.023217499256134033,-0.08591713719069957,-0.06014357581734657,-0.08007042855024338,-0.012024331837892532,0.000493607769021764,0.8113207547169812,-0.018865596503019333,-1.1327968422847334e-05,0.00011722336785169318,0.002839377848431468,0.09563540667295456,0.035127319395542145,0.282605916261673,0.0,0.0,0.0,0.0,,,cvar,/Users/yaniszaim/deephedging/.deephedging_real_runs/final_paper_notebook/panel_sweeps/XLV_full_paper_grid_800_step_robust/model_artifacts/seed_3456/risk_cvar/proto_source_vanilla_k_50_weighted_0_learnw_0,236.0,0.07309908180730418,val_loss,0.004186911974102259,0.035457976162433624,0.0,0.0,424.0,20.0,2.0,vanilla,50.0,False,False,0.06988739967346191,0.17235209047794342
proto_source=vanilla_k=50_weighted=0_learnw=0,test,3456,proto,-0.019405044615268707,0.028199858963489532,-0.10389291867613792,-0.06058547459542751,-0.09252940863370895,-0.008373757358640432,0.0005423613620223477,0.8380281690140845,-0.019329266622662544,4.8455891374032944e-05,0.00012423419684637338,0.003045818069949746,0.09781739115715027,0.035315677523612976,0.25055554509162903,0.0,0.0,0.0,0.0,,,cvar,/Users/yaniszaim/deephedging/.deephedging_real_runs/final_paper_notebook/panel_sweeps/XLV_full_paper_grid_800_step_robust/model_artifacts/seed_3456/risk_cvar/proto_source_vanilla_k_50_weighted_0_learnw_0,236.0,0.07309908180730418,val_loss,0.004186911974102259,0.035457976162433624,0.0,0.0,426.0,20.0,2.0,vanilla,50.0,False,False,0.06988739967346191,0.17235209047794342
proto_source=vanilla_k=50_weighted=1_learnw=0,train,3456,proto,-0.018807481974363327,0.022712791338562965,-0.08849042147397995,-0.05935199037194252,-0.08088818937540054,-0.0097809131257236,0.000725959695409983,0.9186868686868687,-0.01882271096110344,0.00040226723649539053,0.00038703737664036453,0.029321875423192978,0.08704298734664917,0.3467080891132355,1.0,0.17472222222222222,0.17472222222222222,0.0,1.0,,,cvar,/Users/yaniszaim/deephedging/.deephedging_real_runs/final_paper_notebook/panel_sweeps/XLV_full_paper_grid_800_step_robust/model_artifacts/seed_3456/risk_cvar/proto_source_vanilla_k_50_weighted_1_learnw_0,6.0,0.07355659778919597,val_loss,0.006909506861120462,0.043261174112558365,5.89622641509434e-05,0.0023584905660377358,1980.0,20.0,2.0,vanilla,50.0,True,False,0.06121354550123215,0.14795412123203278
proto_source=vanilla_k=50_weighted=1_learnw=0,val,3456,proto,-0.019001243636012077,0.021720420569181442,-0.08222649373114109,-0.05702094119042158,-0.07686548680067062,-0.011847710702568293,0.0006263936782488563,0.9150943396226415,-0.018865596503019333,0.0002516854146961123,0.00038733184919692576,0.029331302270293236,0.08687222003936768,0.34674540162086487,1.0,0.17476415094339623,0.17476415094339623,0.0,1.0,,,cvar,/Users/yaniszaim/deephedging/.deephedging_real_runs/final_paper_notebook/panel_sweeps/XLV_full_paper_grid_800_step_robust/model_artifacts/seed_3456/risk_cvar/proto_source_vanilla_k_50_weighted_1_learnw_0,6.0,0.07355659778919597,val_loss,0.006909506861120462,0.043261174112558365,5.89622641509434e-05,0.0023584905660377358,424.0,20.0,2.0,vanilla,50.0,True,False,0.06121354550123215,0.14795412123203278
proto_source=vanilla_k=50_weighted=1_learnw=0,test,3456,proto,-0.019165048375725746,0.026693113148212433,-0.09974220581352711,-0.05644581001251936,-0.08859288692474365,-0.008657916449010372,0.00046542299241991714,0.92018779342723,-0.019329266622662544,0.0005510844057425857,0.0003868677304126322,0.029306139796972275,0.08704262971878052,0.34646889567375183,1.0,0.17447183098591548,0.17447183098591548,0.0,0.9976525821596244,,,cvar,/Users/yaniszaim/deephedging/.deephedging_real_runs/final_paper_notebook/panel_sweeps/XLV_full_paper_grid_800_step_robust/model_artifacts/seed_3456/risk_cvar/proto_source_vanilla_k_50_weighted_1_learnw_0,6.0,0.07355659778919597,val_loss,0.006909506861120462,0.043261174112558365,5.89622641509434e-05,0.0023584905660377358,426.0,20.0,2.0,vanilla,50.0,True,False,0.06121354550123215,0.14795412123203278
proto_source=vanilla_k=100_weighted=0_learnw=0,train,3456,proto,-0.01885255053639412,0.024233797565102577,-0.08995435588061809,-0.061613845825195315,-0.08485068380832672,-0.009217408951371908,8.396334778808511e-05,0.9212121212121213,-0.01882271096110344,4.666976383305155e-05,7.650774205103517e-05,0.005253694951534271,0.07341161370277405,0.037580374628305435,0.1517127901315689,0.0,0.0,0.0,0.0,,,cvar,/Users/yaniszaim/deephedging/.deephedging_real_runs/final_paper_notebook/panel_sweeps/XLV_full_paper_grid_800_step_robust/model_artifacts/seed_3456/risk_cvar/proto_source_vanilla_k_100_weighted_0_learnw_0,4.0,0.07301541170570999,val_loss,0.00496173370629549,0.05541958287358284,0.0,0.0,1980.0,20.0,2.0,vanilla,100.0,False,False,0.08691771328449249,0.1648176610469818
proto_source=vanilla_k=100_weighted=0_learnw=0,val,3456,proto,-0.018899204209446907,0.02305394783616066,-0.08562268309295178,-0.05956240426748991,-0.07951156795024872,-0.011858846992254257,0.00010051837307400984,0.9221698113207547,-0.018865596503019333,4.292010635253973e-05,7.652711065020412e-05,0.005261198151856661,0.06390032917261124,0.037533290684223175,0.15106546878814697,0.0,0.0,0.0,0.0,,,cvar,/Users/yaniszaim/deephedging/.deephedging_real_runs/final_paper_notebook/panel_sweeps/XLV_full_paper_grid_800_step_robust/model_artifacts/seed_3456/risk_cvar/proto_source_vanilla_k_100_weighted_0_learnw_0,4.0,0.07301541170570999,val_loss,0.00496173370629549,0.05541958287358284,0.0,0.0,424.0,20.0,2.0,vanilla,100.0,False,False,0.08691771328449249,0.1648176610469818
proto_source=vanilla_k=100_weighted=0_learnw=0,test,3456,proto,-0.01931782439351082,0.028147036209702492,-0.10303331352770329,-0.05993349105119705,-0.09223899990320206,-0.008274113293737173,0.00018119844389730133,0.9014084507042254,-0.019329266622662544,8.784609963186085e-05,7.640346302650869e-05,0.0052587236277759075,0.06956461071968079,0.03754838928580284,0.15135619044303894,0.0,0.0,0.0,0.0,,,cvar,/Users/yaniszaim/deephedging/.deephedging_real_runs/final_paper_notebook/panel_sweeps/XLV_full_paper_grid_800_step_robust/model_artifacts/seed_3456/risk_cvar/proto_source_vanilla_k_100_weighted_0_learnw_0,4.0,0.07301541170570999,val_loss,0.00496173370629549,0.05541958287358284,0.0,0.0,426.0,20.0,2.0,vanilla,100.0,False,False,0.08691771328449249,0.1648176610469818
proto_source=vanilla_k=100_weighted=1_learnw=0,train,3456,proto,-0.01906673237681389,0.024547485634684563,-0.09139195092022419,-0.06249743197113276,-0.08584403991699219,-0.00949164479970932,0.0006133287242846562,0.8505050505050505,-0.01882271096110344,-3.5716242564376444e-05,0.00020830529683735222,0.0049331653863191605,0.08513453602790833,0.0700940266251564,0.08513453602790833,0.0,0.0,0.0,0.0,,,cvar,/Users/yaniszaim/deephedging/.deephedging_real_runs/final_paper_notebook/panel_sweeps/XLV_full_paper_grid_800_step_robust/model_artifacts/seed_3456/risk_cvar/proto_source_vanilla_k_100_weighted_1_learnw_0,3.0,0.07315481580153574,val_loss,0.0017248900840058923,0.025438975542783737,0.0,0.0,1980.0,20.0,2.0,vanilla,100.0,True,False,0.0959499329328537,0.16473184525966644
proto_source=vanilla_k=100_weighted=1_learnw=0,val,3456,proto,-0.019129695370793343,0.023406628519296646,-0.08673635251820087,-0.06041925083845854,-0.08065050095319748,-0.012128802016377449,0.0006407526234397645,0.8372641509433962,-0.018865596503019333,-5.5166899983305484e-05,0.00020893120381515473,0.004932065960019827,0.08513206988573074,0.07007204741239548,0.08513206988573074,0.0,0.0,0.0,0.0,,,cvar,/Users/yaniszaim/deephedging/.deephedging_real_runs/final_paper_notebook/panel_sweeps/XLV_full_paper_grid_800_step_robust/model_artifacts/seed_3456/risk_cvar/proto_source_vanilla_k_100_weighted_1_learnw_0,3.0,0.07315481580153574,val_loss,0.0017248900840058923,0.025438975542783737,0.0,0.0,424.0,20.0,2.0,vanilla,100.0,True,False,0.0959499329328537,0.16473184525966644
proto_source=vanilla_k=100_weighted=1_learnw=0,test,3456,proto,-0.019472874701023102,0.028488721698522568,-0.10453302413225174,-0.06058566924184561,-0.0932653397321701,-0.008547591511160135,0.0009077763243112713,0.8286384976525821,-0.019329266622662544,6.454025424318388e-05,0.00020814817980863154,0.004932184237986803,0.08513437956571579,0.07007448375225067,0.08513437956571579,0.0,0.0,0.0,0.0,,,cvar,/Users/yaniszaim/deephedging/.deephedging_real_runs/final_paper_notebook/panel_sweeps/XLV_full_paper_grid_800_step_robust/model_artifacts/seed_3456/risk_cvar/proto_source_vanilla_k_100_weighted_1_learnw_0,3.0,0.07315481580153574,val_loss,0.0017248900840058923,0.025438975542783737,0.0,0.0,426.0,20.0,2.0,vanilla,100.0,True,False,0.0959499329328537,0.16473184525966644
