model,split,seed,model_family,gains_mean,gains_std,gains_p01,gains_p05,gains_cvar05,gains_p50,gains_p95,shortfall_prob,payoff_mean,pnl_mean,cost_mean,action_abs_mean,action_abs_max,delta_abs_mean,delta_abs_max,pct_at_any_position_bound,pct_at_upper_position_bound,pct_at_lower_position_bound,pct_paths_touch_any_position_bound,selected_band,baseline_selection_metric,risk_measure,artifact_dir,selected_epoch,selected_score,selection_metric,selected_val_action_abs_mean,selected_val_delta_abs_mean,selected_val_pct_at_any_position_bound,selected_val_pct_paths_touch_any_position_bound,n_paths,n_steps,n_inst,prototype_source,n_prototypes,weighted_similarity,learn_distance_feature_weights,proto_action_norm_mean,proto_action_norm_max
unhedged,train,1234,baseline,-0.014293743297457695,0.017842508852481842,-0.07673153877258301,-0.04877870082855225,-0.06499942392110825,-0.007752180099487305,-0.0,0.6357112705783031,-0.014293743297457695,0.0,0.0,0.0,0.0,0.0,0.0,0.0,0.0,0.0,0.0,,,,,,,,,,,,,,,,,,,,
spot_delta,train,1234,baseline,-0.014026043005287647,0.01664433628320694,-0.06692193150520324,-0.04529655203223228,-0.05929548665881157,-0.010048050433397293,0.004549270495772361,0.8298860278598564,-0.014293743297457695,0.0004320225561968982,0.0001643231080379337,0.020484503358602524,0.6460080146789551,0.25848260521888733,0.6460080146789551,0.0,0.0,0.0,0.0,,,,,,,,,,,,,,,,,,,,
spot_delta_band,train,1234,baseline,-0.014073389582335949,0.016595222055912018,-0.06735696285963058,-0.04527240991592407,-0.06009123846888542,-0.009357172064483166,0.003359162714332338,0.8425495989869143,-0.014293743297457695,0.0003087592194788158,8.840718510327861e-05,0.011049402877688408,0.5460079908370972,0.21816317737102509,0.5460079908370972,0.0,0.0,0.0,0.0,0.1,gains_mean,,,,,,,,,,,,,,,,,,
unhedged,val,1234,baseline,-0.015174128115177155,0.018563203513622284,-0.07401345491409302,-0.04646759033203125,-0.06753340363502502,-0.010187506675720215,-0.0,0.6449704142011834,-0.015174128115177155,0.0,0.0,0.0,0.0,0.0,0.0,0.0,0.0,0.0,0.0,,,,,,,,,,,,,,,,,,,,
spot_delta,val,1234,baseline,-0.014833446592092514,0.01711263135075569,-0.07066744089126586,-0.04443255215883255,-0.06238440424203873,-0.011715471744537354,0.004101975564844902,0.8106508875739645,-0.015174128115177155,0.0005085722077637911,0.00016789065557532012,0.02091033011674881,0.6247119903564453,0.2588909864425659,0.6460080146789551,0.0,0.0,0.0,0.0,,,,,,,,,,,,,,,,,,,,
spot_delta_band,val,1234,baseline,-0.014799169264733791,0.017134889960289,-0.07000734373927116,-0.04540840722620487,-0.06310772150754929,-0.011212943121790886,0.00327600126620382,0.8165680473372781,-0.015174128115177155,0.0004636906087398529,8.873196202330291e-05,0.011088965460658073,0.5247119665145874,0.21876806020736694,0.5460079908370972,0.0,0.0,0.0,0.0,0.1,gains_mean,,,,,,,,,,,,,,,,,,
unhedged,test,1234,baseline,-0.016201255843043327,0.01733245886862278,-0.06883163928985596,-0.051509952545166014,-0.06212851032614708,-0.012517094612121582,-0.0,0.693516699410609,-0.016201255843043327,0.0,0.0,0.0,0.0,0.0,0.0,0.0,0.0,0.0,0.0,,,,,,,,,,,,,,,,,,,,
spot_delta,test,1234,baseline,-0.016120607033371925,0.01673477701842785,-0.0654171022772789,-0.05047912746667862,-0.06005904823541641,-0.013418719172477722,0.0034831432159990053,0.8683693516699411,-0.016201255843043327,0.00024262015358544886,0.0001619743270566687,0.020169874653220177,0.5882319808006287,0.2586522102355957,0.6460080146789551,0.0,0.0,0.0,0.0,,,,,,,,,,,,,,,,,,,,
spot_delta_band,test,1234,baseline,-0.016059622168540955,0.016634201630949974,-0.06583147823810577,-0.051180115342140196,-0.06028503179550171,-0.012420139275491238,0.0024870853405445812,0.8722986247544204,-0.016201255843043327,0.00023000926012173295,8.837875793687999e-05,0.011043626815080643,0.48823198676109314,0.2181859314441681,0.5460079908370972,0.0,0.0,0.0,0.0,0.1,gains_mean,,,,,,,,,,,,,,,,,,
vanilla,train,1234,vanilla,-0.013872185721993446,0.01617492362856865,-0.07097015500068665,-0.04513114765286445,-0.06034649536013603,-0.007257242687046528,0.0002907271962612864,0.9231743351625158,-0.014293743297457695,0.0006294815102592111,0.0002079251571558416,0.023399081081151962,0.05195162445306778,0.2552871108055115,0.9333845973014832,0.0,0.0,0.0,0.0,,,cvar,/Users/yaniszaim/deephedging/.deephedging_real_runs/final_paper_asian_panel/panel_sweeps/QQQ_full_paper_grid_800_asian_call_step_robust/model_artifacts/seed_1234/risk_cvar/vanilla,59.0,0.058678504833951595,val_loss,0.02356070466339588,0.2576509714126587,0.0,0.0,2369.0,20.0,2.0,,,,,,
vanilla,val,1234,vanilla,-0.014769356697797775,0.016919372603297234,-0.0689082282781601,-0.043576336652040484,-0.0629659965634346,-0.009486599825322628,0.0003206503344699738,0.9270216962524654,-0.015174128115177155,0.0006125880754552782,0.00020781770581379533,0.023395124822854996,0.05184028297662735,0.2552376687526703,0.9329413771629333,0.0,0.0,0.0,0.0,,,cvar,/Users/yaniszaim/deephedging/.deephedging_real_runs/final_paper_asian_panel/panel_sweeps/QQQ_full_paper_grid_800_asian_call_step_robust/model_artifacts/seed_1234/risk_cvar/vanilla,59.0,0.058678504833951595,val_loss,0.02356070466339588,0.2576509714126587,0.0,0.0,507.0,20.0,2.0,,,,,,
vanilla,test,1234,vanilla,-0.015492318198084831,0.01570609211921692,-0.06409067690372466,-0.04824246242642403,-0.05741949751973152,-0.011826359666883945,0.00029445932595990545,0.931237721021611,-0.016201255843043327,0.000917614612262696,0.00020867906277999282,0.023396670818328857,0.05185725539922714,0.25528064370155334,0.9335066676139832,0.0,0.0,0.0,0.0,,,cvar,/Users/yaniszaim/deephedging/.deephedging_real_runs/final_paper_asian_panel/panel_sweeps/QQQ_full_paper_grid_800_asian_call_step_robust/model_artifacts/seed_1234/risk_cvar/vanilla,59.0,0.058678504833951595,val_loss,0.02356070466339588,0.2576509714126587,0.0,0.0,509.0,20.0,2.0,,,,,,
proto_source=spot_delta_k=10_weighted=0_learnw=0,train,1234,proto,-0.017151547595858574,0.01870012655854225,-0.08186437010765076,-0.052905524522066115,-0.06990087032318115,-0.010713042691349983,-0.0006393950432538987,0.9750949767834529,-0.014293743297457695,-0.00036197801819071174,0.002495827153325081,0.03851241245865822,0.08655384182929993,0.5096685290336609,1.0,0.225,0.0,0.225,1.0,,,cvar,/Users/yaniszaim/deephedging/.deephedging_real_runs/final_paper_asian_panel/panel_sweeps/QQQ_full_paper_grid_800_asian_call_step_robust/model_artifacts/seed_1234/risk_cvar/proto_source_spot_delta_k_10_weighted_0_learnw_0,6.0,0.05832977183493813,val_loss,0.020843572914600372,0.1944350302219391,0.0010355029585798817,0.013806706114398421,2369.0,20.0,2.0,spot_delta,10.0,False,False,0.06682758033275604,0.0927959680557251
proto_source=spot_delta_k=10_weighted=0_learnw=0,val,1234,proto,-0.01802735961973667,0.01941361092031002,-0.07841868504881859,-0.05001641437411308,-0.0724368765950203,-0.012826703488826752,-0.0007227216148748996,0.9743589743589743,-0.015174128115177155,-0.00035550916800275445,0.0024977237917482853,0.038511741906404495,0.08655384182929993,0.5096532106399536,1.0,0.225,0.0,0.225,1.0,,,cvar,/Users/yaniszaim/deephedging/.deephedging_real_runs/final_paper_asian_panel/panel_sweeps/QQQ_full_paper_grid_800_asian_call_step_robust/model_artifacts/seed_1234/risk_cvar/proto_source_spot_delta_k_10_weighted_0_learnw_0,6.0,0.05832977183493813,val_loss,0.020843572914600372,0.1944350302219391,0.0010355029585798817,0.013806706114398421,507.0,20.0,2.0,spot_delta,10.0,False,False,0.06682758033275604,0.0927959680557251
proto_source=spot_delta_k=10_weighted=0_learnw=0,test,1234,proto,-0.01920282281935215,0.018227307125926018,-0.07443044781684875,-0.05583939626812935,-0.06717847287654877,-0.015252758748829365,-0.0009317481657490151,0.9823182711198428,-0.016201255843043327,-0.000500835245475173,0.0025007331278175116,0.0385127030313015,0.08655384182929993,0.5096758604049683,1.0,0.225,0.0,0.225,1.0,,,cvar,/Users/yaniszaim/deephedging/.deephedging_real_runs/final_paper_asian_panel/panel_sweeps/QQQ_full_paper_grid_800_asian_call_step_robust/model_artifacts/seed_1234/risk_cvar/proto_source_spot_delta_k_10_weighted_0_learnw_0,6.0,0.05832977183493813,val_loss,0.020843572914600372,0.1944350302219391,0.0010355029585798817,0.013806706114398421,509.0,20.0,2.0,spot_delta,10.0,False,False,0.06682758033275604,0.0927959680557251
proto_source=spot_delta_k=10_weighted=1_learnw=0,train,1234,proto,-0.014301396906375885,0.01597517915070057,-0.07190916955471038,-0.045124403387308124,-0.060704752802848816,-0.007973256520926952,-0.0003873141540680084,0.9750949767834529,-0.014293743297457695,0.0003649927384685725,0.0003726470749825239,0.01924806833267212,0.07652812451124191,0.2690531313419342,1.0,1.0552975939214859e-05,0.0,1.0552975939214859e-05,0.00042211903756859433,,,cvar,/Users/yaniszaim/deephedging/.deephedging_real_runs/final_paper_asian_panel/panel_sweeps/QQQ_full_paper_grid_800_asian_call_step_robust/model_artifacts/seed_1234/risk_cvar/proto_source_spot_delta_k_10_weighted_1_learnw_0,6.0,0.05839452466927469,val_loss,0.01824171654880047,0.19295187294483185,0.0,0.0,2369.0,20.0,2.0,spot_delta,10.0,True,False,0.061494700610637665,0.10890082269906998
proto_source=spot_delta_k=10_weighted=1_learnw=0,val,1234,proto,-0.015038488432765007,0.01652388833463192,-0.06888775259256363,-0.04295779280364513,-0.0625905990600586,-0.009656796231865883,-0.00034377669217065056,0.980276134122288,-0.015174128115177155,0.000512092316057533,0.0003764528955798596,0.019224636256694794,0.07652799040079117,0.26768988370895386,1.0,4.930966469428008e-05,0.0,4.930966469428008e-05,0.0019723865877712033,,,cvar,/Users/yaniszaim/deephedging/.deephedging_real_runs/final_paper_asian_panel/panel_sweeps/QQQ_full_paper_grid_800_asian_call_step_robust/model_artifacts/seed_1234/risk_cvar/proto_source_spot_delta_k_10_weighted_1_learnw_0,6.0,0.05839452466927469,val_loss,0.01824171654880047,0.19295187294483185,0.0,0.0,507.0,20.0,2.0,spot_delta,10.0,True,False,0.061494700610637665,0.10890082269906998
proto_source=spot_delta_k=10_weighted=1_learnw=0,test,1234,proto,-0.015867428854107857,0.015504196286201477,-0.06401253998279571,-0.047838736325502396,-0.05801091715693474,-0.011799955740571022,-0.0003614020650275061,0.9724950884086444,-0.016201255843043327,0.0006696417112834752,0.00033581737079657614,0.018794342875480652,0.07652801275253296,0.26637086272239685,0.9663580060005188,0.0,0.0,0.0,0.0,,,cvar,/Users/yaniszaim/deephedging/.deephedging_real_runs/final_paper_asian_panel/panel_sweeps/QQQ_full_paper_grid_800_asian_call_step_robust/model_artifacts/seed_1234/risk_cvar/proto_source_spot_delta_k_10_weighted_1_learnw_0,6.0,0.05839452466927469,val_loss,0.01824171654880047,0.19295187294483185,0.0,0.0,509.0,20.0,2.0,spot_delta,10.0,True,False,0.061494700610637665,0.10890082269906998
proto_source=spot_delta_k=25_weighted=0_learnw=0,train,1234,proto,-0.013939032331109047,0.016290808096528053,-0.06836702704429626,-0.044640615582466125,-0.05943553149700165,-0.008892699144780636,0.0026005294639617187,0.865766146053187,-0.014293743297457695,0.0006732649053446949,0.00031855443376116455,0.03436344489455223,0.18511706590652466,0.2758852243423462,1.0,0.0009286618826509076,0.0009286618826509076,0.0,0.010552975939214858,,,cvar,/Users/yaniszaim/deephedging/.deephedging_real_runs/final_paper_asian_panel/panel_sweeps/QQQ_full_paper_grid_800_asian_call_step_robust/model_artifacts/seed_1234/risk_cvar/proto_source_spot_delta_k_25_weighted_0_learnw_0,170.0,0.05786271938556324,val_loss,0.020193958654999733,0.18654069304466248,0.0002465483234714004,0.005917159763313609,2369.0,20.0,2.0,spot_delta,25.0,False,False,0.07216670364141464,0.1851249784231186
proto_source=spot_delta_k=25_weighted=0_learnw=0,val,1234,proto,-0.014361478388309479,0.017138110473752022,-0.0677893453836441,-0.04278794638812542,-0.06199551373720169,-0.010337143205106258,0.0033093579346314067,0.8481262327416174,-0.015174128115177155,0.0011316653108224273,0.0003190166607964784,0.03428446128964424,0.18511754274368286,0.2754656970500946,1.0,0.0009861932938856016,0.0009861932938856016,0.0,0.015779092702169626,,,cvar,/Users/yaniszaim/deephedging/.deephedging_real_runs/final_paper_asian_panel/panel_sweeps/QQQ_full_paper_grid_800_asian_call_step_robust/model_artifacts/seed_1234/risk_cvar/proto_source_spot_delta_k_25_weighted_0_learnw_0,170.0,0.05786271938556324,val_loss,0.020193958654999733,0.18654069304466248,0.0002465483234714004,0.005917159763313609,507.0,20.0,2.0,spot_delta,25.0,False,False,0.07216670364141464,0.1851249784231186
proto_source=spot_delta_k=25_weighted=0_learnw=0,test,1234,proto,-0.0157735925167799,0.015697576105594635,-0.06365596681833267,-0.04785352423787117,-0.05729204788804054,-0.012242326512932777,0.001976292580366129,0.8978388998035364,-0.016201255843043327,0.0007500433712266386,0.00032238103449344635,0.034851543605327606,0.18511611223220825,0.2751266658306122,1.0,0.0005402750491159136,0.0005402750491159136,0.0,0.005893909626719057,,,cvar,/Users/yaniszaim/deephedging/.deephedging_real_runs/final_paper_asian_panel/panel_sweeps/QQQ_full_paper_grid_800_asian_call_step_robust/model_artifacts/seed_1234/risk_cvar/proto_source_spot_delta_k_25_weighted_0_learnw_0,170.0,0.05786271938556324,val_loss,0.020193958654999733,0.18654069304466248,0.0002465483234714004,0.005917159763313609,509.0,20.0,2.0,spot_delta,25.0,False,False,0.07216670364141464,0.1851249784231186
proto_source=spot_delta_k=25_weighted=1_learnw=0,train,1234,proto,-0.014236068353056908,0.01763004995882511,-0.07526342809200287,-0.048456018418073656,-0.06421250104904175,-0.007739427499473095,0.0005235901917330921,0.8476150274377374,-0.014293743297457695,9.558058809489012e-05,3.7906454963376746e-05,0.004489025566726923,0.029922369867563248,0.024977775290608406,0.257790744304657,0.0,0.0,0.0,0.0,,,cvar,/Users/yaniszaim/deephedging/.deephedging_real_runs/final_paper_asian_panel/panel_sweeps/QQQ_full_paper_grid_800_asian_call_step_robust/model_artifacts/seed_1234/risk_cvar/proto_source_spot_delta_k_25_weighted_1_learnw_0,298.0,0.057686378483194856,val_loss,0.004657583776861429,0.019018355756998062,0.0,0.0,2369.0,20.0,2.0,spot_delta,25.0,True,False,0.09367255866527557,0.20415854454040527
proto_source=spot_delta_k=25_weighted=1_learnw=0,val,1234,proto,-0.01505957916378975,0.018296904861927032,-0.07225671023130417,-0.04630844965577126,-0.06659440696239471,-0.01002689078450203,0.0005268672946840524,0.8185404339250493,-0.015174128115177155,0.00015291663294192404,3.83675578632392e-05,0.004542730748653412,0.02992236614227295,0.02492337115108967,0.2439172863960266,0.0,0.0,0.0,0.0,,,cvar,/Users/yaniszaim/deephedging/.deephedging_real_runs/final_paper_asian_panel/panel_sweeps/QQQ_full_paper_grid_800_asian_call_step_robust/model_artifacts/seed_1234/risk_cvar/proto_source_spot_delta_k_25_weighted_1_learnw_0,298.0,0.057686378483194856,val_loss,0.004657583776861429,0.019018355756998062,0.0,0.0,507.0,20.0,2.0,spot_delta,25.0,True,False,0.09367255866527557,0.20415854454040527
proto_source=spot_delta_k=25_weighted=1_learnw=0,test,1234,proto,-0.016179760918021202,0.017158742994070053,-0.06818050116300584,-0.051693611592054364,-0.06171685457229614,-0.012531334534287453,0.00043403359013609517,0.8801571709233792,-0.016201255843043327,5.8078006986761466e-05,3.658464993350208e-05,0.004312216769903898,0.02992236614227295,0.023715393617749214,0.2560182213783264,0.0,0.0,0.0,0.0,,,cvar,/Users/yaniszaim/deephedging/.deephedging_real_runs/final_paper_asian_panel/panel_sweeps/QQQ_full_paper_grid_800_asian_call_step_robust/model_artifacts/seed_1234/risk_cvar/proto_source_spot_delta_k_25_weighted_1_learnw_0,298.0,0.057686378483194856,val_loss,0.004657583776861429,0.019018355756998062,0.0,0.0,509.0,20.0,2.0,spot_delta,25.0,True,False,0.09367255866527557,0.20415854454040527
proto_source=spot_delta_k=50_weighted=0_learnw=0,train,1234,proto,-0.014108048751950264,0.015600606799125671,-0.06898703545331955,-0.04437975436449051,-0.05855269730091095,-0.008172421716153622,0.0005225761909969131,0.9227522161249473,-0.014293743297457695,0.0005115120438858867,0.00032581770210526884,0.021792884916067123,0.1801825612783432,0.28394126892089844,0.7567755579948425,0.0,0.0,0.0,0.0,,,cvar,/Users/yaniszaim/deephedging/.deephedging_real_runs/final_paper_asian_panel/panel_sweeps/QQQ_full_paper_grid_800_asian_call_step_robust/model_artifacts/seed_1234/risk_cvar/proto_source_spot_delta_k_50_weighted_0_learnw_0,12.0,0.05801032453775406,val_loss,0.016375213861465454,0.17298775911331177,0.0,0.0,2369.0,20.0,2.0,spot_delta,50.0,False,False,0.08388175070285797,0.18047183752059937
proto_source=spot_delta_k=50_weighted=0_learnw=0,val,1234,proto,-0.014775881543755531,0.016262833029031754,-0.06811930552124977,-0.042978883162140845,-0.061248477548360825,-0.009520336985588074,0.0007409605546854434,0.9329388560157791,-0.015174128115177155,0.0007261262508109212,0.0003278803778812289,0.02178693562746048,0.18036377429962158,0.2826080024242401,0.7498212456703186,0.0,0.0,0.0,0.0,,,cvar,/Users/yaniszaim/deephedging/.deephedging_real_runs/final_paper_asian_panel/panel_sweeps/QQQ_full_paper_grid_800_asian_call_step_robust/model_artifacts/seed_1234/risk_cvar/proto_source_spot_delta_k_50_weighted_0_learnw_0,12.0,0.05801032453775406,val_loss,0.016375213861465454,0.17298775911331177,0.0,0.0,507.0,20.0,2.0,spot_delta,50.0,False,False,0.08388175070285797,0.18047183752059937
proto_source=spot_delta_k=50_weighted=0_learnw=0,test,1234,proto,-0.015744678676128387,0.015271213836967945,-0.06364977657794953,-0.04821199551224708,-0.05701269209384918,-0.012020622380077839,0.0004550552112050346,0.9332023575638507,-0.016201255843043327,0.0007628962630406022,0.00030632223933935165,0.02155972458422184,0.17995719611644745,0.28211843967437744,0.745905876159668,0.0,0.0,0.0,0.0,,,cvar,/Users/yaniszaim/deephedging/.deephedging_real_runs/final_paper_asian_panel/panel_sweeps/QQQ_full_paper_grid_800_asian_call_step_robust/model_artifacts/seed_1234/risk_cvar/proto_source_spot_delta_k_50_weighted_0_learnw_0,12.0,0.05801032453775406,val_loss,0.016375213861465454,0.17298775911331177,0.0,0.0,509.0,20.0,2.0,spot_delta,50.0,False,False,0.08388175070285797,0.18047183752059937
proto_source=spot_delta_k=50_weighted=1_learnw=0,train,1234,proto,-0.014302918687462807,0.016965828835964203,-0.07405384242534638,-0.04695986360311508,-0.06290442496538162,-0.007637461181730032,1.9827228970825388e-05,0.9463908822287885,-0.014293743297457695,0.0002959321718662977,0.00030510808574035764,0.01444027479737997,0.07468129694461823,0.16344207525253296,0.5402933359146118,0.0,0.0,0.0,0.0,,,cvar,/Users/yaniszaim/deephedging/.deephedging_real_runs/final_paper_asian_panel/panel_sweeps/QQQ_full_paper_grid_800_asian_call_step_robust/model_artifacts/seed_1234/risk_cvar/proto_source_spot_delta_k_50_weighted_1_learnw_0,9.0,0.05815699329134077,val_loss,0.014166544191539288,0.16738511621952057,0.0,0.0,2369.0,20.0,2.0,spot_delta,50.0,True,False,0.08661308139562607,0.16092656552791595
proto_source=spot_delta_k=50_weighted=1_learnw=0,val,1234,proto,-0.015140200965106487,0.017588134855031967,-0.07199379995465278,-0.04503631182014942,-0.06514063477516174,-0.010024676099419594,2.929550828412078e-06,0.9487179487179487,-0.015174128115177155,0.00033715672907419503,0.00030322987004183233,0.014386684633791447,0.07306213676929474,0.1632043421268463,0.5346181988716125,0.0,0.0,0.0,0.0,,,cvar,/Users/yaniszaim/deephedging/.deephedging_real_runs/final_paper_asian_panel/panel_sweeps/QQQ_full_paper_grid_800_asian_call_step_robust/model_artifacts/seed_1234/risk_cvar/proto_source_spot_delta_k_50_weighted_1_learnw_0,9.0,0.05815699329134077,val_loss,0.014166544191539288,0.16738511621952057,0.0,0.0,507.0,20.0,2.0,spot_delta,50.0,True,False,0.08661308139562607,0.16092656552791595
proto_source=spot_delta_k=50_weighted=1_learnw=0,test,1234,proto,-0.016019850969314575,0.01643409952521324,-0.06613450318574905,-0.04976875260472298,-0.05989227816462517,-0.012243804521858692,2.3791281273587568e-05,0.9430255402750491,-0.016201255843043327,0.0004891373100690544,0.000307734269881621,0.014502367936074734,0.06528589129447937,0.16369447112083435,0.5358633995056152,0.0,0.0,0.0,0.0,,,cvar,/Users/yaniszaim/deephedging/.deephedging_real_runs/final_paper_asian_panel/panel_sweeps/QQQ_full_paper_grid_800_asian_call_step_robust/model_artifacts/seed_1234/risk_cvar/proto_source_spot_delta_k_50_weighted_1_learnw_0,9.0,0.05815699329134077,val_loss,0.014166544191539288,0.16738511621952057,0.0,0.0,509.0,20.0,2.0,spot_delta,50.0,True,False,0.08661308139562607,0.16092656552791595
proto_source=spot_delta_k=100_weighted=0_learnw=0,train,1234,proto,-0.015126564539968967,0.01591218076646328,-0.06941350698471069,-0.04603953212499618,-0.06133396923542023,-0.008946457877755165,-0.001104836212471128,0.9848037146475306,-0.014293743297457695,0.0005740575143136084,0.0014068790478631854,0.035983793437480927,0.19793128967285156,0.47931790351867676,0.8122217059135437,0.0,0.0,0.0,0.0,,,cvar,/Users/yaniszaim/deephedging/.deephedging_real_runs/final_paper_asian_panel/panel_sweeps/QQQ_full_paper_grid_800_asian_call_step_robust/model_artifacts/seed_1234/risk_cvar/proto_source_spot_delta_k_100_weighted_0_learnw_0,40.0,0.05785852451808751,val_loss,0.02233959175646305,0.22646327316761017,0.0,0.0,2369.0,20.0,2.0,spot_delta,100.0,False,False,0.08262083679437637,0.2781359553337097
proto_source=spot_delta_k=100_weighted=0_learnw=0,val,1234,proto,-0.015933217480778694,0.016699647530913353,-0.06921906679868699,-0.04670930914580822,-0.0636773630976677,-0.010523024015128613,-0.0011503255227580675,0.9743589743589743,-0.015174128115177155,0.0006536893779411912,0.0014127795584499836,0.03625201806426048,0.19813108444213867,0.4790078401565552,0.7957749962806702,0.0,0.0,0.0,0.0,,,cvar,/Users/yaniszaim/deephedging/.deephedging_real_runs/final_paper_asian_panel/panel_sweeps/QQQ_full_paper_grid_800_asian_call_step_robust/model_artifacts/seed_1234/risk_cvar/proto_source_spot_delta_k_100_weighted_0_learnw_0,40.0,0.05785852451808751,val_loss,0.02233959175646305,0.22646327316761017,0.0,0.0,507.0,20.0,2.0,spot_delta,100.0,False,False,0.08262083679437637,0.2781359553337097
proto_source=spot_delta_k=100_weighted=0_learnw=0,test,1234,proto,-0.016793185845017433,0.015637731179594994,-0.06600751399993897,-0.04794657975435257,-0.05987513065338135,-0.012753928080201149,-0.0010339510627090933,0.9842829076620825,-0.016201255843043327,0.0008275784202851355,0.0014195102266967297,0.03645055368542671,0.1975148618221283,0.4806908369064331,0.7973238825798035,0.0,0.0,0.0,0.0,,,cvar,/Users/yaniszaim/deephedging/.deephedging_real_runs/final_paper_asian_panel/panel_sweeps/QQQ_full_paper_grid_800_asian_call_step_robust/model_artifacts/seed_1234/risk_cvar/proto_source_spot_delta_k_100_weighted_0_learnw_0,40.0,0.05785852451808751,val_loss,0.02233959175646305,0.22646327316761017,0.0,0.0,509.0,20.0,2.0,spot_delta,100.0,False,False,0.08262083679437637,0.2781359553337097
proto_source=spot_delta_k=100_weighted=1_learnw=0,train,1234,proto,-0.014123703353106976,0.016281334683299065,-0.07061673074960709,-0.04526066035032272,-0.06039760261774063,-0.008234638720750809,0.0006836843327619127,0.9100886449978894,-0.014293743297457695,0.00031761504942551255,0.000147576691233553,0.01610398478806019,0.11890831589698792,0.21391399204730988,0.6841528415679932,0.0,0.0,0.0,0.0,,,cvar,/Users/yaniszaim/deephedging/.deephedging_real_runs/final_paper_asian_panel/panel_sweeps/QQQ_full_paper_grid_800_asian_call_step_robust/model_artifacts/seed_1234/risk_cvar/proto_source_spot_delta_k_100_weighted_1_learnw_0,14.0,0.05806712560821325,val_loss,0.013820395804941654,0.1831222027540207,0.0,0.0,2369.0,20.0,2.0,spot_delta,100.0,True,False,0.0759650394320488,0.16496537625789642
proto_source=spot_delta_k=100_weighted=1_learnw=0,val,1234,proto,-0.01478870864957571,0.016957595944404602,-0.06771109938621521,-0.04353791363537311,-0.06290217489004135,-0.00931629166007042,0.0010411099996417755,0.903353057199211,-0.015174128115177155,0.0005316105089150369,0.0001461921347072348,0.015987347811460495,0.11890361458063126,0.2140500694513321,0.5811750292778015,0.0,0.0,0.0,0.0,,,cvar,/Users/yaniszaim/deephedging/.deephedging_real_runs/final_paper_asian_panel/panel_sweeps/QQQ_full_paper_grid_800_asian_call_step_robust/model_artifacts/seed_1234/risk_cvar/proto_source_spot_delta_k_100_weighted_1_learnw_0,14.0,0.05806712560821325,val_loss,0.013820395804941654,0.1831222027540207,0.0,0.0,507.0,20.0,2.0,spot_delta,100.0,True,False,0.0759650394320488,0.16496537625789642
proto_source=spot_delta_k=100_weighted=1_learnw=0,test,1234,proto,-0.015906579792499542,0.0157751627266407,-0.06297213286161422,-0.0489773154258728,-0.05816415324807167,-0.011965915560722351,0.000675865495577453,0.925343811394892,-0.016201255843043327,0.00044032002915628254,0.00014564517186954618,0.015926504507660866,0.11890507489442825,0.2144482582807541,0.5433275699615479,0.0,0.0,0.0,0.0,,,cvar,/Users/yaniszaim/deephedging/.deephedging_real_runs/final_paper_asian_panel/panel_sweeps/QQQ_full_paper_grid_800_asian_call_step_robust/model_artifacts/seed_1234/risk_cvar/proto_source_spot_delta_k_100_weighted_1_learnw_0,14.0,0.05806712560821325,val_loss,0.013820395804941654,0.1831222027540207,0.0,0.0,509.0,20.0,2.0,spot_delta,100.0,True,False,0.0759650394320488,0.16496537625789642
proto_source=vanilla_k=10_weighted=0_learnw=0,train,1234,proto,-0.015368394553661346,0.019342785701155663,-0.07975326180458069,-0.05175696983933449,-0.06761335581541061,-0.010176228359341621,0.006759316939860576,0.8016040523427607,-0.014293743297457695,-5.3453553846338764e-05,0.0010211985791102052,0.051357854157686234,0.16402116417884827,0.2224767804145813,1.0,0.03588011819333052,0.011249472351203039,0.02463064584212748,0.34951456310679613,,,cvar,/Users/yaniszaim/deephedging/.deephedging_real_runs/final_paper_asian_panel/panel_sweeps/QQQ_full_paper_grid_800_asian_call_step_robust/model_artifacts/seed_1234/risk_cvar/proto_source_vanilla_k_10_weighted_0_learnw_0,43.0,0.06449261499028763,val_loss,0.052863650023937225,0.2212357521057129,0.029142011834319526,0.23471400394477318,2369.0,20.0,2.0,vanilla,10.0,False,False,0.10477972030639648,0.1833394169807434
proto_source=vanilla_k=10_weighted=0_learnw=0,val,1234,proto,-0.01629234477877617,0.019859911873936653,-0.0776347017288208,-0.05065514929592609,-0.06917697191238403,-0.012293174862861633,0.006375133851543066,0.8086785009861933,-0.015174128115177155,-8.296783198602498e-05,0.0010352495592087507,0.05171433091163635,0.16402116417884827,0.21720777451992035,1.0,0.03274161735700197,0.010848126232741617,0.021893491124260357,0.3175542406311637,,,cvar,/Users/yaniszaim/deephedging/.deephedging_real_runs/final_paper_asian_panel/panel_sweeps/QQQ_full_paper_grid_800_asian_call_step_robust/model_artifacts/seed_1234/risk_cvar/proto_source_vanilla_k_10_weighted_0_learnw_0,43.0,0.06449261499028763,val_loss,0.052863650023937225,0.2212357521057129,0.029142011834319526,0.23471400394477318,507.0,20.0,2.0,vanilla,10.0,False,False,0.10477972030639648,0.1833394169807434
proto_source=vanilla_k=10_weighted=0_learnw=0,test,1234,proto,-0.017651822417974472,0.019102822989225388,-0.07499260753393173,-0.05681338980793953,-0.06584184616804123,-0.014135941863059998,0.0058683759532868855,0.8487229862475442,-0.016201255843043327,-0.00041362331830896437,0.001036944449879229,0.051632750779390335,0.16402116417884827,0.20836123824119568,1.0,0.026473477406679765,0.009086444007858546,0.01738703339882122,0.29273084479371314,,,cvar,/Users/yaniszaim/deephedging/.deephedging_real_runs/final_paper_asian_panel/panel_sweeps/QQQ_full_paper_grid_800_asian_call_step_robust/model_artifacts/seed_1234/risk_cvar/proto_source_vanilla_k_10_weighted_0_learnw_0,43.0,0.06449261499028763,val_loss,0.052863650023937225,0.2212357521057129,0.029142011834319526,0.23471400394477318,509.0,20.0,2.0,vanilla,10.0,False,False,0.10477972030639648,0.1833394169807434
proto_source=vanilla_k=10_weighted=1_learnw=0,train,1234,proto,-0.013837460428476334,0.01568574644625187,-0.06886263370513916,-0.044352007657289506,-0.05845582112669945,-0.008098790422081947,0.00028941105701960605,0.914731954411144,-0.014293743297457695,0.000647573615424335,0.00019129313295707107,0.020063504576683044,0.1612038016319275,0.2708590030670166,1.0,0.07205571971295906,0.07205571971295906,0.0,0.39088222878851836,,,cvar,/Users/yaniszaim/deephedging/.deephedging_real_runs/final_paper_asian_panel/panel_sweeps/QQQ_full_paper_grid_800_asian_call_step_robust/model_artifacts/seed_1234/risk_cvar/proto_source_vanilla_k_10_weighted_1_learnw_0,453.0,0.061375692807104906,val_loss,0.020967209711670876,0.3038119673728943,0.025739644970414203,0.14398422090729784,2369.0,20.0,2.0,vanilla,10.0,True,False,0.12027092278003693,0.2264420986175537
proto_source=vanilla_k=10_weighted=1_learnw=0,val,1234,proto,-0.01462616678327322,0.016189128160476685,-0.06592761784791946,-0.04286014176905155,-0.06058909371495247,-0.009715409018099308,0.0003156453487463295,0.9151873767258383,-0.015174128115177155,0.0007432104321196675,0.00019524988601915538,0.020457711070775986,0.1612038016319275,0.2760475277900696,1.0,0.07588757396449704,0.07588757396449704,0.0,0.4181459566074951,,,cvar,/Users/yaniszaim/deephedging/.deephedging_real_runs/final_paper_asian_panel/panel_sweeps/QQQ_full_paper_grid_800_asian_call_step_robust/model_artifacts/seed_1234/risk_cvar/proto_source_vanilla_k_10_weighted_1_learnw_0,453.0,0.061375692807104906,val_loss,0.020967209711670876,0.3038119673728943,0.025739644970414203,0.14398422090729784,507.0,20.0,2.0,vanilla,10.0,True,False,0.12027092278003693,0.2264420986175537
proto_source=vanilla_k=10_weighted=1_learnw=0,test,1234,proto,-0.0155950291082263,0.015295296907424927,-0.06307882159948348,-0.0477020226418972,-0.056732017546892166,-0.012000693008303642,0.00015372358611784873,0.9351669941060904,-0.016201255843043327,0.0007931652362458408,0.00018694179016165435,0.01941615901887417,0.16120381653308868,0.26240402460098267,1.0,0.062475442043222,0.062475442043222,0.0,0.3379174852652259,,,cvar,/Users/yaniszaim/deephedging/.deephedging_real_runs/final_paper_asian_panel/panel_sweeps/QQQ_full_paper_grid_800_asian_call_step_robust/model_artifacts/seed_1234/risk_cvar/proto_source_vanilla_k_10_weighted_1_learnw_0,453.0,0.061375692807104906,val_loss,0.020967209711670876,0.3038119673728943,0.025739644970414203,0.14398422090729784,509.0,20.0,2.0,vanilla,10.0,True,False,0.12027092278003693,0.2264420986175537
proto_source=vanilla_k=25_weighted=0_learnw=0,train,1234,proto,-0.014164716936647892,0.017182378098368645,-0.0740605965256691,-0.046967245638370514,-0.06324686110019684,-0.007440922316163778,0.00031465491047129036,0.9075559307724779,-0.014293743297457695,0.0002989664499182254,0.00016994061297737062,0.011856351979076862,0.09799551218748093,0.1210111677646637,0.44496050477027893,0.0,0.0,0.0,0.0,,,cvar,/Users/yaniszaim/deephedging/.deephedging_real_runs/final_paper_asian_panel/panel_sweeps/QQQ_full_paper_grid_800_asian_call_step_robust/model_artifacts/seed_1234/risk_cvar/proto_source_vanilla_k_25_weighted_0_learnw_0,2.0,0.05840465280227363,val_loss,0.0121693667024374,0.12329114973545074,0.0,0.0,2369.0,20.0,2.0,vanilla,25.0,False,False,0.09562346339225769,0.16404564678668976
proto_source=vanilla_k=25_weighted=0_learnw=0,val,1234,proto,-0.01507396437227726,0.01792450249195099,-0.07204535439610481,-0.045563099160790446,-0.06580232083797455,-0.01000150851905346,0.000375200409325771,0.903353057199211,-0.015174128115177155,0.0002707960666157305,0.0001706324255792424,0.011882634833455086,0.07461310923099518,0.121254563331604,0.44456565380096436,0.0,0.0,0.0,0.0,,,cvar,/Users/yaniszaim/deephedging/.deephedging_real_runs/final_paper_asian_panel/panel_sweeps/QQQ_full_paper_grid_800_asian_call_step_robust/model_artifacts/seed_1234/risk_cvar/proto_source_vanilla_k_25_weighted_0_learnw_0,2.0,0.05840465280227363,val_loss,0.0121693667024374,0.12329114973545074,0.0,0.0,507.0,20.0,2.0,vanilla,25.0,False,False,0.09562346339225769,0.16404564678668976
proto_source=vanilla_k=25_weighted=0_learnw=0,test,1234,proto,-0.015912773087620735,0.01664387434720993,-0.06704382449388505,-0.05061869919300079,-0.06001875922083855,-0.012204441241919994,0.00032580771949142055,0.9017681728880157,-0.016201255843043327,0.00045911886263638735,0.00017063881387002766,0.011843029409646988,0.077386774122715,0.12086082994937897,0.4446491599082947,0.0,0.0,0.0,0.0,,,cvar,/Users/yaniszaim/deephedging/.deephedging_real_runs/final_paper_asian_panel/panel_sweeps/QQQ_full_paper_grid_800_asian_call_step_robust/model_artifacts/seed_1234/risk_cvar/proto_source_vanilla_k_25_weighted_0_learnw_0,2.0,0.05840465280227363,val_loss,0.0121693667024374,0.12329114973545074,0.0,0.0,509.0,20.0,2.0,vanilla,25.0,False,False,0.09562346339225769,0.16404564678668976
proto_source=vanilla_k=25_weighted=1_learnw=0,train,1234,proto,-0.01431346032768488,0.01716085523366928,-0.07394729733467102,-0.04702777937054634,-0.06333407759666443,-0.007650778163224459,0.00048331836587749393,0.908400168847615,-0.014293743297457695,0.00032853754237294197,0.000348255765857175,0.016521692276000977,0.09719803184270859,0.1587194949388504,0.495742529630661,0.0,0.0,0.0,0.0,,,cvar,/Users/yaniszaim/deephedging/.deephedging_real_runs/final_paper_asian_panel/panel_sweeps/QQQ_full_paper_grid_800_asian_call_step_robust/model_artifacts/seed_1234/risk_cvar/proto_source_vanilla_k_25_weighted_1_learnw_0,2.0,0.05860260845161974,val_loss,0.014472665265202522,0.14970527589321136,0.0,0.0,2369.0,20.0,2.0,vanilla,25.0,True,False,0.10858356207609177,0.16370819509029388
proto_source=vanilla_k=25_weighted=1_learnw=0,val,1234,proto,-0.015238253399729729,0.017900075763463974,-0.07214685261249543,-0.04604255706071853,-0.06584541499614716,-0.010136974975466728,0.0004857940599322315,0.9092702169625246,-0.015174128115177155,0.0002840776869561523,0.00034820291330106556,0.016511572524905205,0.09719803184270859,0.15869368612766266,0.49323582649230957,0.0,0.0,0.0,0.0,,,cvar,/Users/yaniszaim/deephedging/.deephedging_real_runs/final_paper_asian_panel/panel_sweeps/QQQ_full_paper_grid_800_asian_call_step_robust/model_artifacts/seed_1234/risk_cvar/proto_source_vanilla_k_25_weighted_1_learnw_0,2.0,0.05860260845161974,val_loss,0.014472665265202522,0.14970527589321136,0.0,0.0,507.0,20.0,2.0,vanilla,25.0,True,False,0.10858356207609177,0.16370819509029388
proto_source=vanilla_k=25_weighted=1_learnw=0,test,1234,proto,-0.01603446900844574,0.01662670075893402,-0.06731456398963928,-0.05046779215335846,-0.06004313752055168,-0.012242373079061508,0.0005298101808875779,0.8978388998035364,-0.016201255843043327,0.0005154372192919254,0.0003486521018203348,0.016525696963071823,0.09719835966825485,0.15872544050216675,0.49573469161987305,0.0,0.0,0.0,0.0,,,cvar,/Users/yaniszaim/deephedging/.deephedging_real_runs/final_paper_asian_panel/panel_sweeps/QQQ_full_paper_grid_800_asian_call_step_robust/model_artifacts/seed_1234/risk_cvar/proto_source_vanilla_k_25_weighted_1_learnw_0,2.0,0.05860260845161974,val_loss,0.014472665265202522,0.14970527589321136,0.0,0.0,509.0,20.0,2.0,vanilla,25.0,True,False,0.10858356207609177,0.16370819509029388
proto_source=vanilla_k=50_weighted=0_learnw=0,train,1234,proto,-0.014166184701025486,0.017007878050208092,-0.07341676861047745,-0.04666682332754135,-0.06282874941825867,-0.007431261241436005,0.00042878539534285665,0.9109328830730266,-0.014293743297457695,0.0003814726369455457,0.0002539147390052676,0.01601654663681984,0.11996559053659439,0.1635553240776062,0.5621519684791565,0.0,0.0,0.0,0.0,,,cvar,/Users/yaniszaim/deephedging/.deephedging_real_runs/final_paper_asian_panel/panel_sweeps/QQQ_full_paper_grid_800_asian_call_step_robust/model_artifacts/seed_1234/risk_cvar/proto_source_vanilla_k_50_weighted_0_learnw_0,2.0,0.05877293032594025,val_loss,0.016501719132065773,0.16500544548034668,0.0,0.0,2369.0,20.0,2.0,vanilla,50.0,False,False,0.09895627945661545,0.16921764612197876
proto_source=vanilla_k=50_weighted=0_learnw=0,val,1234,proto,-0.015082982368767262,0.01775793731212616,-0.07162383019924164,-0.04544764794409275,-0.06537403166294098,-0.009896772913634777,0.0004573660931782796,0.9092702169625246,-0.015174128115177155,0.00034568668343126774,0.00025454151909798384,0.01602844148874283,0.09943033754825592,0.1636265069246292,0.5611831545829773,0.0,0.0,0.0,0.0,,,cvar,/Users/yaniszaim/deephedging/.deephedging_real_runs/final_paper_asian_panel/panel_sweeps/QQQ_full_paper_grid_800_asian_call_step_robust/model_artifacts/seed_1234/risk_cvar/proto_source_vanilla_k_50_weighted_0_learnw_0,2.0,0.05877293032594025,val_loss,0.016501719132065773,0.16500544548034668,0.0,0.0,507.0,20.0,2.0,vanilla,50.0,False,False,0.09895627945661545,0.16921764612197876
proto_source=vanilla_k=50_weighted=0_learnw=0,test,1234,proto,-0.015862373635172844,0.01646231859922409,-0.06665148705244064,-0.050076012313365934,-0.05948811396956444,-0.012090737000107765,0.00045395924244075983,0.899803536345776,-0.016201255843043327,0.0005935722147114575,0.00025468968669883907,0.0160147063434124,0.10285679250955582,0.16354016959667206,0.5614215731620789,0.0,0.0,0.0,0.0,,,cvar,/Users/yaniszaim/deephedging/.deephedging_real_runs/final_paper_asian_panel/panel_sweeps/QQQ_full_paper_grid_800_asian_call_step_robust/model_artifacts/seed_1234/risk_cvar/proto_source_vanilla_k_50_weighted_0_learnw_0,2.0,0.05877293032594025,val_loss,0.016501719132065773,0.16500544548034668,0.0,0.0,509.0,20.0,2.0,vanilla,50.0,False,False,0.09895627945661545,0.16921764612197876
proto_source=vanilla_k=50_weighted=1_learnw=0,train,1234,proto,-0.014387047849595547,0.017140328884124756,-0.07407311230897903,-0.04683141335844994,-0.06336547434329987,-0.007757274433970451,0.0009203524328768228,0.8953144786829886,-0.014293743297457695,0.00042435628711245954,0.0005176608683541417,0.022909192368388176,0.10493791848421097,0.20356008410453796,0.622933566570282,0.0,0.0,0.0,0.0,,,cvar,/Users/yaniszaim/deephedging/.deephedging_real_runs/final_paper_asian_panel/panel_sweeps/QQQ_full_paper_grid_800_asian_call_step_robust/model_artifacts/seed_1234/risk_cvar/proto_source_vanilla_k_50_weighted_1_learnw_0,2.0,0.05937987113371491,val_loss,0.021663058549165726,0.21943044662475586,0.0,0.0,2369.0,20.0,2.0,vanilla,50.0,True,False,0.1205567717552185,0.17134727537631989
proto_source=vanilla_k=50_weighted=1_learnw=0,val,1234,proto,-0.015340598300099373,0.01791902631521225,-0.07230358019471168,-0.04603211730718613,-0.06587611138820648,-0.010180778801441193,0.0008714568743016555,0.8974358974358975,-0.015174128115177155,0.00035200652200728655,0.0005184774054214358,0.022908532992005348,0.09706898778676987,0.20355327427387238,0.6190155148506165,0.0,0.0,0.0,0.0,,,cvar,/Users/yaniszaim/deephedging/.deephedging_real_runs/final_paper_asian_panel/panel_sweeps/QQQ_full_paper_grid_800_asian_call_step_robust/model_artifacts/seed_1234/risk_cvar/proto_source_vanilla_k_50_weighted_1_learnw_0,2.0,0.05937987113371491,val_loss,0.021663058549165726,0.21943044662475586,0.0,0.0,507.0,20.0,2.0,vanilla,50.0,True,False,0.1205567717552185,0.17134727537631989
proto_source=vanilla_k=50_weighted=1_learnw=0,test,1234,proto,-0.01604311168193817,0.016543500125408173,-0.06704894036054611,-0.04960057958960533,-0.05971289426088333,-0.012247486039996147,0.0010681360494345393,0.8939096267190569,-0.016201255843043327,0.0006766648148186505,0.0005185229238122702,0.022910013794898987,0.09801782667636871,0.2035648375749588,0.619185209274292,0.0,0.0,0.0,0.0,,,cvar,/Users/yaniszaim/deephedging/.deephedging_real_runs/final_paper_asian_panel/panel_sweeps/QQQ_full_paper_grid_800_asian_call_step_robust/model_artifacts/seed_1234/risk_cvar/proto_source_vanilla_k_50_weighted_1_learnw_0,2.0,0.05937987113371491,val_loss,0.021663058549165726,0.21943044662475586,0.0,0.0,509.0,20.0,2.0,vanilla,50.0,True,False,0.1205567717552185,0.17134727537631989
proto_source=vanilla_k=100_weighted=0_learnw=0,train,1234,proto,-0.014374523423612118,0.016975443810224533,-0.07142291039228439,-0.046756538748741146,-0.06225820630788803,-0.00821148231625557,0.00089844090398401,0.8906711692697341,-0.014293743297457695,0.0001228243636433035,0.00020360478083603084,0.007532357703894377,0.3238728940486908,0.12911202013492584,1.0,0.0013191219924018572,0.0013191219924018572,0.0,0.005487547488391726,,,cvar,/Users/yaniszaim/deephedging/.deephedging_real_runs/final_paper_asian_panel/panel_sweeps/QQQ_full_paper_grid_800_asian_call_step_robust/model_artifacts/seed_1234/risk_cvar/proto_source_vanilla_k_100_weighted_0_learnw_0,646.0,0.05841982197122101,val_loss,0.005554617382586002,0.09265656769275665,0.0027613412228796844,0.007889546351084813,2369.0,20.0,2.0,vanilla,100.0,False,False,0.19612886011600494,0.43719053268432617
proto_source=vanilla_k=100_weighted=0_learnw=0,val,1234,proto,-0.015156831592321396,0.017494458705186844,-0.07160278752446174,-0.045962487906217576,-0.0648447722196579,-0.01032219734042883,0.0006678564473986622,0.8717948717948718,-0.015174128115177155,0.00021249511337373406,0.00019519918714649975,0.007299670018255711,0.32515478134155273,0.12617909908294678,1.0,0.00014792899408284024,0.00014792899408284024,0.0,0.0019723865877712033,,,cvar,/Users/yaniszaim/deephedging/.deephedging_real_runs/final_paper_asian_panel/panel_sweeps/QQQ_full_paper_grid_800_asian_call_step_robust/model_artifacts/seed_1234/risk_cvar/proto_source_vanilla_k_100_weighted_0_learnw_0,646.0,0.05841982197122101,val_loss,0.005554617382586002,0.09265656769275665,0.0027613412228796844,0.007889546351084813,507.0,20.0,2.0,vanilla,100.0,False,False,0.19612886011600494,0.43719053268432617
proto_source=vanilla_k=100_weighted=0_learnw=0,test,1234,proto,-0.016276633366942406,0.016780303791165352,-0.06824710935354233,-0.05065760761499405,-0.06097419559955597,-0.012956836260855198,0.0005411211517639457,0.899803536345776,-0.016201255843043327,0.0001201575287268497,0.00019553687889128923,0.007318058051168919,0.325456827878952,0.12734396755695343,1.0,0.0012770137524557956,0.0012770137524557956,0.0,0.003929273084479371,,,cvar,/Users/yaniszaim/deephedging/.deephedging_real_runs/final_paper_asian_panel/panel_sweeps/QQQ_full_paper_grid_800_asian_call_step_robust/model_artifacts/seed_1234/risk_cvar/proto_source_vanilla_k_100_weighted_0_learnw_0,646.0,0.05841982197122101,val_loss,0.005554617382586002,0.09265656769275665,0.0027613412228796844,0.007889546351084813,509.0,20.0,2.0,vanilla,100.0,False,False,0.19612886011600494,0.43719053268432617
proto_source=vanilla_k=100_weighted=1_learnw=0,train,1234,proto,-0.014425608329474926,0.017242025583982468,-0.07444437146186829,-0.04752729460597038,-0.06370264291763306,-0.007713464554399252,0.0006442713201977308,0.9029126213592233,-0.014293743297457695,0.0003609950072132051,0.0004928610287606716,0.0187729112803936,0.07364697754383087,0.1831536442041397,0.5164234638214111,0.0,0.0,0.0,0.0,,,cvar,/Users/yaniszaim/deephedging/.deephedging_real_runs/final_paper_asian_panel/panel_sweeps/QQQ_full_paper_grid_800_asian_call_step_robust/model_artifacts/seed_1234/risk_cvar/proto_source_vanilla_k_100_weighted_1_learnw_0,2.0,0.059298974368721245,val_loss,0.019980628043413162,0.19589129090309143,0.0,0.0,2369.0,20.0,2.0,vanilla,100.0,True,False,0.09221918135881424,0.1641840934753418
proto_source=vanilla_k=100_weighted=1_learnw=0,val,1234,proto,-0.01539913285523653,0.01800774224102497,-0.07341131150722503,-0.046394329890608786,-0.06632167100906372,-0.01032298244535923,0.0005254795774817464,0.9072978303747534,-0.015174128115177155,0.00026880812947638333,0.0004938122583553195,0.01877621002495289,0.07364783436059952,0.18323549628257751,0.5144700407981873,0.0,0.0,0.0,0.0,,,cvar,/Users/yaniszaim/deephedging/.deephedging_real_runs/final_paper_asian_panel/panel_sweeps/QQQ_full_paper_grid_800_asian_call_step_robust/model_artifacts/seed_1234/risk_cvar/proto_source_vanilla_k_100_weighted_1_learnw_0,2.0,0.059298974368721245,val_loss,0.019980628043413162,0.19589129090309143,0.0,0.0,507.0,20.0,2.0,vanilla,100.0,True,False,0.09221918135881424,0.1641840934753418
proto_source=vanilla_k=100_weighted=1_learnw=0,test,1234,proto,-0.016142962500452995,0.016686365008354187,-0.06774523049592972,-0.0500284381210804,-0.060297708958387375,-0.012256041169166565,0.0007266539847478267,0.8939096267190569,-0.016201255843043327,0.0005522454739548266,0.0004939554492011666,0.018783539533615112,0.07348492741584778,0.18324458599090576,0.514304518699646,0.0,0.0,0.0,0.0,,,cvar,/Users/yaniszaim/deephedging/.deephedging_real_runs/final_paper_asian_panel/panel_sweeps/QQQ_full_paper_grid_800_asian_call_step_robust/model_artifacts/seed_1234/risk_cvar/proto_source_vanilla_k_100_weighted_1_learnw_0,2.0,0.059298974368721245,val_loss,0.019980628043413162,0.19589129090309143,0.0,0.0,509.0,20.0,2.0,vanilla,100.0,True,False,0.09221918135881424,0.1641840934753418
unhedged,train,2345,baseline,-0.014477518387138844,0.017207695171236992,-0.07130043029785156,-0.046530628204345705,-0.06205093860626221,-0.008923888206481934,-0.0,0.6475306036302237,-0.014477518387138844,0.0,0.0,0.0,0.0,0.0,0.0,0.0,0.0,0.0,0.0,,,,,,,,,,,,,,,,,,,,
spot_delta,train,2345,baseline,-0.014230321161448956,0.016175594180822372,-0.06495002537965774,-0.045369305461645124,-0.057762786746025085,-0.010552781634032726,0.0042722090147435604,0.8357956943858168,-0.014477518387138844,0.0004120721132494509,0.00016487296670675278,0.02054806612432003,0.6460080146789551,0.2585102915763855,0.6460080146789551,0.0,0.0,0.0,0.0,,,,,,,,,,,,,,,,,,,,
spot_delta_band,train,2345,baseline,-0.014248987659811974,0.016102828085422516,-0.066149620115757,-0.044931548088788985,-0.058413561433553696,-0.010187668725848198,0.003222779091447589,0.8476150274377374,-0.014477518387138844,0.0003169768024235964,8.844534022500739e-05,0.011053991504013538,0.5460079908370972,0.21824336051940918,0.5460079908370972,0.0,0.0,0.0,0.0,0.1,gains_mean,,,,,,,,,,,,,,,,,,
unhedged,val,2345,baseline,-0.014575003646314144,0.019687263295054436,-0.08133256673812866,-0.053232991695404054,-0.07385706901550293,-0.007203102111816406,-0.0,0.6232741617357002,-0.014575003646314144,0.0,0.0,0.0,0.0,0.0,0.0,0.0,0.0,0.0,0.0,,,,,,,,,,,,,,,,,,,,
spot_delta,val,2345,baseline,-0.01448527630418539,0.01765834540128708,-0.06810380697250366,-0.047505530342459676,-0.06498756259679794,-0.010254178196191788,0.004078441811725495,0.8323471400394478,-0.014575003646314144,0.00025336979888379574,0.00016364146722480655,0.02038613334298134,0.6420050263404846,0.25870707631111145,0.6460080146789551,0.0,0.0,0.0,0.0,,,,,,,,,,,,,,,,,,,,
spot_delta_band,val,2345,baseline,-0.014461061917245388,0.017768442630767822,-0.06685180351138115,-0.04901757501065731,-0.06629204005002975,-0.010045453906059265,0.002728087548166513,0.8422090729783037,-0.014575003646314144,0.00020245257474016398,8.851113670971245e-05,0.011061043478548527,0.5420050024986267,0.2185238003730774,0.5460079908370972,0.0,0.0,0.0,0.0,0.1,gains_mean,,,,,,,,,,,,,,,,,,
unhedged,test,2345,baseline,-0.015942681580781937,0.019042082130908966,-0.07707777023315429,-0.05334239006042481,-0.06803734600543976,-0.009133696556091309,-0.0,0.6601178781925344,-0.015942681580781937,0.0,0.0,0.0,0.0,0.0,0.0,0.0,0.0,0.0,0.0,,,,,,,,,,,,,,,,,,,,
spot_delta,test,2345,baseline,-0.015516657382249832,0.018307466059923172,-0.06955121666193008,-0.05093726068735122,-0.06479862332344055,-0.010835221037268639,0.005079628713428971,0.8192534381139489,-0.015942681580781937,0.0005896735819987953,0.0001636476517887786,0.020396169275045395,0.6232870221138,0.2587064802646637,0.6355419754981995,0.0,0.0,0.0,0.0,,,,,,,,,,,,,,,,,,,,
spot_delta_band,test,2345,baseline,-0.015579129569232464,0.018207531422376633,-0.07018270194530488,-0.05006278976798057,-0.0649542510509491,-0.01072805654257536,0.0035453890915960067,0.8231827111984283,-0.015942681580781937,0.00045197425060905516,8.842116221785545e-05,0.011050082743167877,0.5232869982719421,0.21805614233016968,0.5355419516563416,0.0,0.0,0.0,0.0,0.1,gains_mean,,,,,,,,,,,,,,,,,,
vanilla,train,2345,vanilla,-0.014038079418241978,0.015466710552573204,-0.06598831325769425,-0.043633568286895755,-0.05732950568199158,-0.008538631722331047,0.00020379334455355983,0.9316167159138877,-0.014477518387138844,0.0006713145412504673,0.00023187484475784004,0.024571813642978668,0.057202547788619995,0.27440574765205383,0.9695279002189636,0.0,0.0,0.0,0.0,,,cvar,/Users/yaniszaim/deephedging/.deephedging_real_runs/final_paper_asian_panel/panel_sweeps/QQQ_full_paper_grid_800_asian_call_step_robust/model_artifacts/seed_2345/risk_cvar/vanilla,92.0,0.05771076411008835,val_loss,0.024748146533966064,0.27673575282096863,0.0,0.0,2369.0,20.0,2.0,,,,,,
vanilla,val,2345,vanilla,-0.014142883941531181,0.017816225066781044,-0.07596776589751243,-0.04879196248948574,-0.06835146248340607,-0.006847857031971216,0.0001896849746117364,0.9368836291913215,-0.014575003646314144,0.0006643128581345081,0.0002321925712749362,0.024574153125286102,0.05721580237150192,0.27444395422935486,0.9686118364334106,0.0,0.0,0.0,0.0,,,cvar,/Users/yaniszaim/deephedging/.deephedging_real_runs/final_paper_asian_panel/panel_sweeps/QQQ_full_paper_grid_800_asian_call_step_robust/model_artifacts/seed_2345/risk_cvar/vanilla,92.0,0.05771076411008835,val_loss,0.024748146533966064,0.27673575282096863,0.0,0.0,507.0,20.0,2.0,,,,,,
vanilla,test,2345,vanilla,-0.015309457667171955,0.017177781090140343,-0.0685764256119728,-0.04887098520994186,-0.06281275302171707,-0.008811680600047112,0.0003241068916395306,0.9292730844793713,-0.015942681580781937,0.0008660317398607731,0.00023280581808649004,0.024574441835284233,0.05718979984521866,0.2744617462158203,0.9695351719856262,0.0,0.0,0.0,0.0,,,cvar,/Users/yaniszaim/deephedging/.deephedging_real_runs/final_paper_asian_panel/panel_sweeps/QQQ_full_paper_grid_800_asian_call_step_robust/model_artifacts/seed_2345/risk_cvar/vanilla,92.0,0.05771076411008835,val_loss,0.024748146533966064,0.27673575282096863,0.0,0.0,509.0,20.0,2.0,,,,,,
proto_source=spot_delta_k=10_weighted=0_learnw=0,train,2345,proto,-0.014337110333144665,0.015022617764770985,-0.06417472720146179,-0.04260976240038872,-0.05634412169456482,-0.009237389080226421,0.00044507703278213583,0.9307724778387505,-0.014477518387138844,0.0003756824880838394,0.00023527296434622258,0.02002061903476715,0.14254023134708405,0.30022132396698,0.7618674635887146,0.0,0.0,0.0,0.0,,,cvar,/Users/yaniszaim/deephedging/.deephedging_real_runs/final_paper_asian_panel/panel_sweeps/QQQ_full_paper_grid_800_asian_call_step_robust/model_artifacts/seed_2345/risk_cvar/proto_source_spot_delta_k_10_weighted_0_learnw_0,9.0,0.05706962618045509,val_loss,0.01679576002061367,0.2019018828868866,0.0,0.0,2369.0,20.0,2.0,spot_delta,10.0,False,False,0.06017913296818733,0.14363181591033936
proto_source=spot_delta_k=10_weighted=0_learnw=0,val,2345,proto,-0.014171355403959751,0.017213352024555206,-0.07152191415429116,-0.047566239908337596,-0.06623993813991547,-0.008144251070916653,0.001039280137047171,0.8974358974358975,-0.014575003646314144,0.0006398665718734264,0.00023621853324584663,0.020059287548065186,0.14287561178207397,0.29891133308410645,0.7631354331970215,0.0,0.0,0.0,0.0,,,cvar,/Users/yaniszaim/deephedging/.deephedging_real_runs/final_paper_asian_panel/panel_sweeps/QQQ_full_paper_grid_800_asian_call_step_robust/model_artifacts/seed_2345/risk_cvar/proto_source_spot_delta_k_10_weighted_0_learnw_0,9.0,0.05706962618045509,val_loss,0.01679576002061367,0.2019018828868866,0.0,0.0,507.0,20.0,2.0,spot_delta,10.0,False,False,0.06017913296818733,0.14363181591033936
proto_source=spot_delta_k=10_weighted=0_learnw=0,test,2345,proto,-0.015527330338954926,0.016721319407224655,-0.06736415892839431,-0.048584838211536405,-0.06100992113351822,-0.009821188636124134,0.0007506357389502209,0.9076620825147348,-0.015942681580781937,0.0006507114740088582,0.0002353575109736994,0.019992632791399956,0.14253471791744232,0.2973748743534088,0.7606539726257324,0.0,0.0,0.0,0.0,,,cvar,/Users/yaniszaim/deephedging/.deephedging_real_runs/final_paper_asian_panel/panel_sweeps/QQQ_full_paper_grid_800_asian_call_step_robust/model_artifacts/seed_2345/risk_cvar/proto_source_spot_delta_k_10_weighted_0_learnw_0,9.0,0.05706962618045509,val_loss,0.01679576002061367,0.2019018828868866,0.0,0.0,509.0,20.0,2.0,spot_delta,10.0,False,False,0.06017913296818733,0.14363181591033936
proto_source=spot_delta_k=10_weighted=1_learnw=0,train,2345,proto,-0.014932052232325077,0.014357943087816238,-0.06223468974232674,-0.04156665802001953,-0.05483203008770943,-0.011338459327816963,0.0005706986878067245,0.9341494301392993,-0.014477518387138844,0.0007624256541021168,0.0012169574620202184,0.03637094795703888,0.2761966288089752,0.5634804964065552,1.0,0.051086956521739134,0.04489235964542001,0.0061945968763191216,0.32629801604052344,,,cvar,/Users/yaniszaim/deephedging/.deephedging_real_runs/final_paper_asian_panel/panel_sweeps/QQQ_full_paper_grid_800_asian_call_step_robust/model_artifacts/seed_2345/risk_cvar/proto_source_spot_delta_k_10_weighted_1_learnw_0,18.0,0.0681343174600125,val_loss,0.039214201271533966,0.5035600662231445,0.08106508875739644,0.6331360946745562,2369.0,20.0,2.0,spot_delta,10.0,True,False,0.1445428878068924,0.2859742045402527
proto_source=spot_delta_k=10_weighted=1_learnw=0,val,2345,proto,-0.01473269797861576,0.01622304879128933,-0.06897089034318923,-0.0442612137645483,-0.06357404589653015,-0.010550998151302338,0.0011338256997987625,0.9151873767258383,-0.014575003646314144,0.0010812444379553199,0.0012389386538416147,0.03671444579958916,0.2761966586112976,0.5626141428947449,1.0,0.050345167652859964,0.044132149901380674,0.00621301775147929,0.34516765285996054,,,cvar,/Users/yaniszaim/deephedging/.deephedging_real_runs/final_paper_asian_panel/panel_sweeps/QQQ_full_paper_grid_800_asian_call_step_robust/model_artifacts/seed_2345/risk_cvar/proto_source_spot_delta_k_10_weighted_1_learnw_0,18.0,0.0681343174600125,val_loss,0.039214201271533966,0.5035600662231445,0.08106508875739644,0.6331360946745562,507.0,20.0,2.0,spot_delta,10.0,True,False,0.1445428878068924,0.2859742045402527
proto_source=spot_delta_k=10_weighted=1_learnw=0,test,2345,proto,-0.01611088030040264,0.015859350562095642,-0.0692094200849533,-0.047172709554433825,-0.058842964470386505,-0.011479617096483707,0.0016405223868787271,0.925343811394892,-0.015942681580781937,0.0010663856519386172,0.0012345830909907818,0.03665503114461899,0.2761966288089752,0.5576742887496948,1.0,0.04616895874263261,0.0406188605108055,0.005550098231827112,0.30648330058939094,,,cvar,/Users/yaniszaim/deephedging/.deephedging_real_runs/final_paper_asian_panel/panel_sweeps/QQQ_full_paper_grid_800_asian_call_step_robust/model_artifacts/seed_2345/risk_cvar/proto_source_spot_delta_k_10_weighted_1_learnw_0,18.0,0.0681343174600125,val_loss,0.039214201271533966,0.5035600662231445,0.08106508875739644,0.6331360946745562,509.0,20.0,2.0,spot_delta,10.0,True,False,0.1445428878068924,0.2859742045402527
proto_source=spot_delta_k=25_weighted=0_learnw=0,train,2345,proto,-0.014053125865757465,0.015459829941391945,-0.06394664853811265,-0.04336840361356735,-0.056525569409132004,-0.009203770197927952,0.0014163265936076633,0.8957365977205572,-0.014477518387138844,0.0006403868901543319,0.00021599211322609335,0.02276456542313099,0.15203414857387543,0.2600151002407074,0.7749896049499512,0.0,0.0,0.0,0.0,,,cvar,/Users/yaniszaim/deephedging/.deephedging_real_runs/final_paper_asian_panel/panel_sweeps/QQQ_full_paper_grid_800_asian_call_step_robust/model_artifacts/seed_2345/risk_cvar/proto_source_spot_delta_k_25_weighted_0_learnw_0,10.0,0.05680086369626224,val_loss,0.016287168487906456,0.1677757054567337,0.0,0.0,2369.0,20.0,2.0,spot_delta,25.0,False,False,0.09443443268537521,0.15925061702728271
proto_source=spot_delta_k=25_weighted=0_learnw=0,val,2345,proto,-0.013892615213990211,0.017202753573656082,-0.07390843495726586,-0.04875072911381721,-0.0647907704114914,-0.008209558203816414,0.0016703034052625277,0.8658777120315582,-0.014575003646314144,0.000899440492503345,0.00021705222025047988,0.022856004536151886,0.15203414857387543,0.2592484652996063,0.7460170984268188,0.0,0.0,0.0,0.0,,,cvar,/Users/yaniszaim/deephedging/.deephedging_real_runs/final_paper_asian_panel/panel_sweeps/QQQ_full_paper_grid_800_asian_call_step_robust/model_artifacts/seed_2345/risk_cvar/proto_source_spot_delta_k_25_weighted_0_learnw_0,10.0,0.05680086369626224,val_loss,0.016287168487906456,0.1677757054567337,0.0,0.0,507.0,20.0,2.0,spot_delta,25.0,False,False,0.09443443268537521,0.15925061702728271
proto_source=spot_delta_k=25_weighted=0_learnw=0,test,2345,proto,-0.01539760734885931,0.01688878796994686,-0.0636183586716652,-0.04945004135370255,-0.0602545328438282,-0.00926351360976696,0.001202260819263753,0.888015717092338,-0.015942681580781937,0.0007652196218259633,0.000220143876504153,0.023256709799170494,0.15203414857387543,0.2575594484806061,0.7740947008132935,0.0,0.0,0.0,0.0,,,cvar,/Users/yaniszaim/deephedging/.deephedging_real_runs/final_paper_asian_panel/panel_sweeps/QQQ_full_paper_grid_800_asian_call_step_robust/model_artifacts/seed_2345/risk_cvar/proto_source_spot_delta_k_25_weighted_0_learnw_0,10.0,0.05680086369626224,val_loss,0.016287168487906456,0.1677757054567337,0.0,0.0,509.0,20.0,2.0,spot_delta,25.0,False,False,0.09443443268537521,0.15925061702728271
proto_source=spot_delta_k=25_weighted=1_learnw=0,train,2345,proto,-0.01458061020821333,0.014631753787398338,-0.06551359683275222,-0.04164877012372017,-0.05579826608300209,-0.010060650296509266,-0.00036573882098309737,0.961587167581258,-0.014477518387138844,0.0007885908125899732,0.0008916810620576143,0.033240947872400284,0.1826227307319641,0.326189249753952,1.0,0.0931089067116927,0.09302448290417897,8.442380751371887e-05,0.5196285352469396,,,cvar,/Users/yaniszaim/deephedging/.deephedging_real_runs/final_paper_asian_panel/panel_sweeps/QQQ_full_paper_grid_800_asian_call_step_robust/model_artifacts/seed_2345/risk_cvar/proto_source_spot_delta_k_25_weighted_1_learnw_0,22.0,0.06020214173303553,val_loss,0.02955833077430725,0.23782691359519958,0.026331360946745562,0.41420118343195267,2369.0,20.0,2.0,spot_delta,25.0,True,False,0.1217503622174263,0.24227692186832428
proto_source=spot_delta_k=25_weighted=1_learnw=0,val,2345,proto,-0.014885173179209232,0.016567129641771317,-0.06950379937887191,-0.047757966071367265,-0.06612281501293182,-0.008978288620710373,-0.0005256380187347542,0.9644970414201184,-0.014575003646314144,0.0005901277181692421,0.0009002979495562613,0.03327902778983116,0.18263466656208038,0.3225964903831482,1.0,0.0888560157790927,0.08870808678500987,0.00014792899408284024,0.504930966469428,,,cvar,/Users/yaniszaim/deephedging/.deephedging_real_runs/final_paper_asian_panel/panel_sweeps/QQQ_full_paper_grid_800_asian_call_step_robust/model_artifacts/seed_2345/risk_cvar/proto_source_spot_delta_k_25_weighted_1_learnw_0,22.0,0.06020214173303553,val_loss,0.02955833077430725,0.23782691359519958,0.026331360946745562,0.41420118343195267,507.0,20.0,2.0,spot_delta,25.0,True,False,0.1217503622174263,0.24227692186832428
proto_source=spot_delta_k=25_weighted=1_learnw=0,test,2345,proto,-0.015716150403022766,0.016239279881119728,-0.06379990130662919,-0.047941716760396956,-0.060237519443035126,-0.010354192927479744,-0.00036927339388057777,0.9587426326129665,-0.015942681580781937,0.0011317003518342972,0.0009051671950146556,0.03412536159157753,0.18238693475723267,0.32035207748413086,1.0,0.08531434184675835,0.08531434184675835,0.0,0.4950884086444008,,,cvar,/Users/yaniszaim/deephedging/.deephedging_real_runs/final_paper_asian_panel/panel_sweeps/QQQ_full_paper_grid_800_asian_call_step_robust/model_artifacts/seed_2345/risk_cvar/proto_source_spot_delta_k_25_weighted_1_learnw_0,22.0,0.06020214173303553,val_loss,0.02955833077430725,0.23782691359519958,0.026331360946745562,0.41420118343195267,509.0,20.0,2.0,spot_delta,25.0,True,False,0.1217503622174263,0.24227692186832428
proto_source=spot_delta_k=50_weighted=0_learnw=0,train,2345,proto,-0.01417556032538414,0.014880520291626453,-0.06347464859485626,-0.04271904900670051,-0.05551963672041893,-0.009467854164540768,0.0010133854579180478,0.9092444069227522,-0.014477518387138844,0.0005176817066967487,0.00021572262630797923,0.02187109738588333,0.1807958036661148,0.3012346923351288,0.7719433903694153,0.0,0.0,0.0,0.0,,,cvar,/Users/yaniszaim/deephedging/.deephedging_real_runs/final_paper_asian_panel/panel_sweeps/QQQ_full_paper_grid_800_asian_call_step_robust/model_artifacts/seed_2345/risk_cvar/proto_source_spot_delta_k_50_weighted_0_learnw_0,17.0,0.05702098668552935,val_loss,0.018407942727208138,0.19367405772209167,0.0,0.0,2369.0,20.0,2.0,spot_delta,50.0,False,False,0.08228979259729385,0.18079590797424316
proto_source=spot_delta_k=50_weighted=0_learnw=0,val,2345,proto,-0.013973343186080456,0.01683780923485756,-0.06922399461269378,-0.04529953822493553,-0.06437788903713226,-0.008427480235695839,0.0012892705737613138,0.873767258382643,-0.014575003646314144,0.000820413522887975,0.00021875275706406683,0.02205268107354641,0.1807958036661148,0.29947754740715027,0.7834805250167847,0.0,0.0,0.0,0.0,,,cvar,/Users/yaniszaim/deephedging/.deephedging_real_runs/final_paper_asian_panel/panel_sweeps/QQQ_full_paper_grid_800_asian_call_step_robust/model_artifacts/seed_2345/risk_cvar/proto_source_spot_delta_k_50_weighted_0_learnw_0,17.0,0.05702098668552935,val_loss,0.018407942727208138,0.19367405772209167,0.0,0.0,507.0,20.0,2.0,spot_delta,50.0,False,False,0.08228979259729385,0.18079590797424316
proto_source=spot_delta_k=50_weighted=0_learnw=0,test,2345,proto,-0.01540476642549038,0.016552910208702087,-0.06511899769306183,-0.04774380177259445,-0.05965680629014969,-0.009486211463809013,0.0015056066447868884,0.9037328094302554,-0.015942681580781937,0.0007612455519847572,0.00022332929074764252,0.022334493696689606,0.1807958036661148,0.29609963297843933,0.7704646587371826,0.0,0.0,0.0,0.0,,,cvar,/Users/yaniszaim/deephedging/.deephedging_real_runs/final_paper_asian_panel/panel_sweeps/QQQ_full_paper_grid_800_asian_call_step_robust/model_artifacts/seed_2345/risk_cvar/proto_source_spot_delta_k_50_weighted_0_learnw_0,17.0,0.05702098668552935,val_loss,0.018407942727208138,0.19367405772209167,0.0,0.0,509.0,20.0,2.0,spot_delta,50.0,False,False,0.08228979259729385,0.18079590797424316
proto_source=spot_delta_k=50_weighted=1_learnw=0,train,2345,proto,-0.014155016280710697,0.01474143099039793,-0.06392465740442276,-0.042463131994009015,-0.055614590644836426,-0.009341279976069927,0.00032414033776149016,0.932460953989025,-0.014477518387138844,0.0005338611081242561,0.0002113569062203169,0.023548375815153122,0.16877037286758423,0.32525935769081116,0.9198749661445618,0.0,0.0,0.0,0.0,,,cvar,/Users/yaniszaim/deephedging/.deephedging_real_runs/final_paper_asian_panel/panel_sweeps/QQQ_full_paper_grid_800_asian_call_step_robust/model_artifacts/seed_2345/risk_cvar/proto_source_spot_delta_k_50_weighted_1_learnw_0,22.0,0.056918644681572914,val_loss,0.020655974745750427,0.22347210347652435,0.0,0.0,2369.0,20.0,2.0,spot_delta,50.0,True,False,0.07096336036920547,0.16877038776874542
proto_source=spot_delta_k=50_weighted=1_learnw=0,val,2345,proto,-0.014017585664987564,0.016595568507909775,-0.07139880821108818,-0.04635804109275341,-0.06455312669277191,-0.008519682101905346,0.0008287408738397056,0.9132149901380671,-0.014575003646314144,0.0007688431651331484,0.00021142528566997498,0.0235099159181118,0.16877037286758423,0.3240382969379425,0.9144514799118042,0.0,0.0,0.0,0.0,,,cvar,/Users/yaniszaim/deephedging/.deephedging_real_runs/final_paper_asian_panel/panel_sweeps/QQQ_full_paper_grid_800_asian_call_step_robust/model_artifacts/seed_2345/risk_cvar/proto_source_spot_delta_k_50_weighted_1_learnw_0,22.0,0.056918644681572914,val_loss,0.020655974745750427,0.22347210347652435,0.0,0.0,507.0,20.0,2.0,spot_delta,50.0,True,False,0.07096336036920547,0.16877038776874542
proto_source=spot_delta_k=50_weighted=1_learnw=0,test,2345,proto,-0.015359935350716114,0.016310179606080055,-0.06536835610866547,-0.04731197878718376,-0.05987710505723953,-0.009521858766674995,0.0005862235790118479,0.925343811394892,-0.015942681580781937,0.0007969530997797847,0.00021420563280116767,0.023977214470505714,0.16877037286758423,0.3207685649394989,0.925195038318634,0.0,0.0,0.0,0.0,,,cvar,/Users/yaniszaim/deephedging/.deephedging_real_runs/final_paper_asian_panel/panel_sweeps/QQQ_full_paper_grid_800_asian_call_step_robust/model_artifacts/seed_2345/risk_cvar/proto_source_spot_delta_k_50_weighted_1_learnw_0,22.0,0.056918644681572914,val_loss,0.020655974745750427,0.22347210347652435,0.0,0.0,509.0,20.0,2.0,spot_delta,50.0,True,False,0.07096336036920547,0.16877038776874542
proto_source=spot_delta_k=100_weighted=0_learnw=0,train,2345,proto,-0.014422482810914516,0.015996446833014488,-0.06732264965772629,-0.04450304731726646,-0.0590948648750782,-0.00889092218130827,-0.0001218725519720483,0.9582102152807092,-0.014477518387138844,0.0003805944579653442,0.000325557601172477,0.016614289954304695,0.10743686556816101,0.20932672917842865,0.8280007243156433,0.0,0.0,0.0,0.0,,,cvar,/Users/yaniszaim/deephedging/.deephedging_real_runs/final_paper_asian_panel/panel_sweeps/QQQ_full_paper_grid_800_asian_call_step_robust/model_artifacts/seed_2345/risk_cvar/proto_source_spot_delta_k_100_weighted_0_learnw_0,6.0,0.05716005082242191,val_loss,0.011899253353476524,0.1369604468345642,0.0,0.0,2369.0,20.0,2.0,spot_delta,100.0,False,False,0.1075587272644043,0.16846036911010742
proto_source=spot_delta_k=100_weighted=0_learnw=0,val,2345,proto,-0.01444283127784729,0.01848454959690571,-0.07673046812415123,-0.05050641819834709,-0.07032741606235504,-0.0074644242413342,0.0002351701696170494,0.9211045364891519,-0.014575003646314144,0.000466130644781515,0.00033395830541849136,0.016768617555499077,0.09666785597801208,0.20947781205177307,0.7010373473167419,0.0,0.0,0.0,0.0,,,cvar,/Users/yaniszaim/deephedging/.deephedging_real_runs/final_paper_asian_panel/panel_sweeps/QQQ_full_paper_grid_800_asian_call_step_robust/model_artifacts/seed_2345/risk_cvar/proto_source_spot_delta_k_100_weighted_0_learnw_0,6.0,0.05716005082242191,val_loss,0.011899253353476524,0.1369604468345642,0.0,0.0,507.0,20.0,2.0,spot_delta,100.0,False,False,0.1075587272644043,0.16846036911010742
proto_source=spot_delta_k=100_weighted=0_learnw=0,test,2345,proto,-0.01579664647579193,0.01774153672158718,-0.07384540408849716,-0.051323558390140536,-0.06472660601139069,-0.009287865832448006,-5.143583402968986e-05,0.9508840864440079,-0.015942681580781937,0.0004651297349482775,0.0003190943971276283,0.016330279409885406,0.09913718700408936,0.2077113389968872,0.7283915281295776,0.0,0.0,0.0,0.0,,,cvar,/Users/yaniszaim/deephedging/.deephedging_real_runs/final_paper_asian_panel/panel_sweeps/QQQ_full_paper_grid_800_asian_call_step_robust/model_artifacts/seed_2345/risk_cvar/proto_source_spot_delta_k_100_weighted_0_learnw_0,6.0,0.05716005082242191,val_loss,0.011899253353476524,0.1369604468345642,0.0,0.0,509.0,20.0,2.0,spot_delta,100.0,False,False,0.1075587272644043,0.16846036911010742
proto_source=spot_delta_k=100_weighted=1_learnw=0,train,2345,proto,-0.014356289990246296,0.016387568786740303,-0.0674558600783348,-0.045265237987041476,-0.0597141794860363,-0.0090936329215765,0.0013789276592433447,0.8809624314056564,-0.014477518387138844,0.00025507924146950245,0.0001338502625003457,0.009806632064282894,0.16443148255348206,0.1320660263299942,0.7592589259147644,0.0,0.0,0.0,0.0,,,cvar,/Users/yaniszaim/deephedging/.deephedging_real_runs/final_paper_asian_panel/panel_sweeps/QQQ_full_paper_grid_800_asian_call_step_robust/model_artifacts/seed_2345/risk_cvar/proto_source_spot_delta_k_100_weighted_1_learnw_0,64.0,0.05699030843097717,val_loss,0.009927296079695225,0.1383957415819168,0.0,0.0,2369.0,20.0,2.0,spot_delta,100.0,True,False,0.09506801515817642,0.3156288266181946
proto_source=spot_delta_k=100_weighted=1_learnw=0,val,2345,proto,-0.014371358789503574,0.018711229786276817,-0.07443002432584762,-0.04811260178685188,-0.0704788863658905,-0.007653327658772469,0.0018515095929615192,0.863905325443787,-0.014575003646314144,0.00034045669599436224,0.0001368113444186747,0.00987424049526453,0.16346043348312378,0.13312669098377228,0.6968231201171875,0.0,0.0,0.0,0.0,,,cvar,/Users/yaniszaim/deephedging/.deephedging_real_runs/final_paper_asian_panel/panel_sweeps/QQQ_full_paper_grid_800_asian_call_step_robust/model_artifacts/seed_2345/risk_cvar/proto_source_spot_delta_k_100_weighted_1_learnw_0,64.0,0.05699030843097717,val_loss,0.009927296079695225,0.1383957415819168,0.0,0.0,507.0,20.0,2.0,spot_delta,100.0,True,False,0.09506801515817642,0.3156288266181946
proto_source=spot_delta_k=100_weighted=1_learnw=0,test,2345,proto,-0.015620090998709202,0.018261468037962914,-0.0742441326379776,-0.05139428079128265,-0.06528667360544205,-0.00962675828486681,0.0018141847802326057,0.862475442043222,-0.015942681580781937,0.0004539219953585416,0.00013133123866282403,0.00977023784071207,0.16222071647644043,0.13178777694702148,0.7550954818725586,0.0,0.0,0.0,0.0,,,cvar,/Users/yaniszaim/deephedging/.deephedging_real_runs/final_paper_asian_panel/panel_sweeps/QQQ_full_paper_grid_800_asian_call_step_robust/model_artifacts/seed_2345/risk_cvar/proto_source_spot_delta_k_100_weighted_1_learnw_0,64.0,0.05699030843097717,val_loss,0.009927296079695225,0.1383957415819168,0.0,0.0,509.0,20.0,2.0,spot_delta,100.0,True,False,0.09506801515817642,0.3156288266181946
proto_source=vanilla_k=10_weighted=0_learnw=0,train,2345,proto,-0.01563933491706848,0.01500669214874506,-0.066076520383358,-0.04405838027596474,-0.05782359838485718,-0.010896743275225163,-0.0012938801897689704,0.984381595609962,-0.014477518387138844,0.0007708058110438287,0.0019326212350279093,0.043075233697891235,0.1928311586380005,0.3658449947834015,1.0,0.1735647952722668,0.1735647952722668,0.0,1.0,,,cvar,/Users/yaniszaim/deephedging/.deephedging_real_runs/final_paper_asian_panel/panel_sweeps/QQQ_full_paper_grid_800_asian_call_step_robust/model_artifacts/seed_2345/risk_cvar/proto_source_vanilla_k_10_weighted_0_learnw_0,691.0,0.07186580330284066,val_loss,0.04883841797709465,0.4351670444011688,0.10241617357001973,1.0,2369.0,20.0,2.0,vanilla,10.0,False,False,0.1884952038526535,0.6199774146080017
proto_source=vanilla_k=10_weighted=0_learnw=0,val,2345,proto,-0.015812521800398827,0.017383744940161705,-0.07426212295889854,-0.049844264239072796,-0.06855999678373337,-0.009413284249603748,-0.000692470301873982,0.9743589743589743,-0.014575003646314144,0.0006907235947437584,0.0019282428547739983,0.043023474514484406,0.192854106426239,0.36546429991722107,1.0,0.1737179487179487,0.1737179487179487,0.0,1.0,,,cvar,/Users/yaniszaim/deephedging/.deephedging_real_runs/final_paper_asian_panel/panel_sweeps/QQQ_full_paper_grid_800_asian_call_step_robust/model_artifacts/seed_2345/risk_cvar/proto_source_vanilla_k_10_weighted_0_learnw_0,691.0,0.07186580330284066,val_loss,0.04883841797709465,0.4351670444011688,0.10241617357001973,1.0,507.0,20.0,2.0,vanilla,10.0,False,False,0.1884952038526535,0.6199774146080017
proto_source=vanilla_k=10_weighted=0_learnw=0,test,2345,proto,-0.017001649364829063,0.016700908541679382,-0.07127018690109253,-0.049727282673120494,-0.06382684409618378,-0.010712403804063797,-0.0013289608992636216,0.9823182711198428,-0.015942681580781937,0.0008773893932811916,0.0019363557221367955,0.043056849390268326,0.19257184863090515,0.3650052845478058,1.0,0.17220039292730846,0.17220039292730846,0.0,1.0,,,cvar,/Users/yaniszaim/deephedging/.deephedging_real_runs/final_paper_asian_panel/panel_sweeps/QQQ_full_paper_grid_800_asian_call_step_robust/model_artifacts/seed_2345/risk_cvar/proto_source_vanilla_k_10_weighted_0_learnw_0,691.0,0.07186580330284066,val_loss,0.04883841797709465,0.4351670444011688,0.10241617357001973,1.0,509.0,20.0,2.0,vanilla,10.0,False,False,0.1884952038526535,0.6199774146080017
proto_source=vanilla_k=10_weighted=1_learnw=0,train,2345,proto,-0.014803624711930752,0.016932757571339607,-0.07068373352289199,-0.04650363177061081,-0.06163676455616951,-0.009364510886371136,6.778319366276262e-05,0.941747572815534,-0.014477518387138844,0.00011926816659979522,0.0004453731526155025,0.0102181825786829,0.15887051820755005,0.11311880499124527,0.20266836881637573,0.0,0.0,0.0,0.0,,,cvar,/Users/yaniszaim/deephedging/.deephedging_real_runs/final_paper_asian_panel/panel_sweeps/QQQ_full_paper_grid_800_asian_call_step_robust/model_artifacts/seed_2345/risk_cvar/proto_source_vanilla_k_10_weighted_1_learnw_0,19.0,0.058384335893206296,val_loss,0.014326266013085842,0.18400231003761292,0.0,0.0,2369.0,20.0,2.0,vanilla,10.0,True,False,0.10556764900684357,0.16287554800510406
proto_source=vanilla_k=10_weighted=1_learnw=0,val,2345,proto,-0.014895593747496605,0.01942981407046318,-0.08206416055560112,-0.05327748320996761,-0.07341253012418747,-0.007300583645701408,0.00014011190214660013,0.9250493096646942,-0.014575003646314144,0.00011968619946856052,0.00044027616968378425,0.010164685547351837,0.15888284146785736,0.11227816343307495,0.20268069207668304,0.0,0.0,0.0,0.0,,,cvar,/Users/yaniszaim/deephedging/.deephedging_real_runs/final_paper_asian_panel/panel_sweeps/QQQ_full_paper_grid_800_asian_call_step_robust/model_artifacts/seed_2345/risk_cvar/proto_source_vanilla_k_10_weighted_1_learnw_0,19.0,0.058384335893206296,val_loss,0.014326266013085842,0.18400231003761292,0.0,0.0,507.0,20.0,2.0,vanilla,10.0,True,False,0.10556764900684357,0.16287554800510406
proto_source=vanilla_k=10_weighted=1_learnw=0,test,2345,proto,-0.016245709732174873,0.01869487576186657,-0.07357903689146042,-0.05310906320810318,-0.06744737178087234,-0.009728393517434597,-2.5861314497888373e-05,0.9587426326129665,-0.015942681580781937,0.0001352854451397434,0.0004383123596198857,0.010121389292180538,0.15874245762825012,0.11159680038690567,0.2025403082370758,0.0,0.0,0.0,0.0,,,cvar,/Users/yaniszaim/deephedging/.deephedging_real_runs/final_paper_asian_panel/panel_sweeps/QQQ_full_paper_grid_800_asian_call_step_robust/model_artifacts/seed_2345/risk_cvar/proto_source_vanilla_k_10_weighted_1_learnw_0,19.0,0.058384335893206296,val_loss,0.014326266013085842,0.18400231003761292,0.0,0.0,509.0,20.0,2.0,vanilla,10.0,True,False,0.10556764900684357,0.16287554800510406
proto_source=vanilla_k=25_weighted=0_learnw=0,train,2345,proto,-0.014332323335111141,0.016128983348608017,-0.06812153995037079,-0.04497825801372528,-0.059271011501550674,-0.008667582646012306,0.00015924827312119227,0.9362600253271423,-0.014477518387138844,0.00044516415800899267,0.00029996776720508933,0.017762579023838043,0.05638018995523453,0.19131100177764893,0.7132211327552795,0.0,0.0,0.0,0.0,,,cvar,/Users/yaniszaim/deephedging/.deephedging_real_runs/final_paper_asian_panel/panel_sweeps/QQQ_full_paper_grid_800_asian_call_step_robust/model_artifacts/seed_2345/risk_cvar/proto_source_vanilla_k_25_weighted_0_learnw_0,2.0,0.05762802074663341,val_loss,0.01778258942067623,0.19130991399288177,0.0,0.0,2369.0,20.0,2.0,vanilla,25.0,False,False,0.09940774738788605,0.14384689927101135
proto_source=vanilla_k=25_weighted=0_learnw=0,val,2345,proto,-0.014435412362217903,0.018514463678002357,-0.0787033560872078,-0.05072965361177921,-0.07054971903562546,-0.006779855582863092,9.5738613163121e-05,0.9329388560157791,-0.014575003646314144,0.0004426671366672963,0.00030307547422125936,0.017803536728024483,0.0563659742474556,0.19147145748138428,0.7052075266838074,0.0,0.0,0.0,0.0,,,cvar,/Users/yaniszaim/deephedging/.deephedging_real_runs/final_paper_asian_panel/panel_sweeps/QQQ_full_paper_grid_800_asian_call_step_robust/model_artifacts/seed_2345/risk_cvar/proto_source_vanilla_k_25_weighted_0_learnw_0,2.0,0.05762802074663341,val_loss,0.01778258942067623,0.19130991399288177,0.0,0.0,507.0,20.0,2.0,vanilla,25.0,False,False,0.09940774738788605,0.14384689927101135
proto_source=vanilla_k=25_weighted=0_learnw=0,test,2345,proto,-0.015688030049204826,0.017877673730254173,-0.07071290075778962,-0.050812379270792005,-0.06496643275022507,-0.008931784890592098,0.0001233950548339628,0.9410609037328095,-0.015942681580781937,0.0005583551828749478,0.00030370141030289233,0.017802810296416283,0.05633837357163429,0.19144698977470398,0.68442302942276,0.0,0.0,0.0,0.0,,,cvar,/Users/yaniszaim/deephedging/.deephedging_real_runs/final_paper_asian_panel/panel_sweeps/QQQ_full_paper_grid_800_asian_call_step_robust/model_artifacts/seed_2345/risk_cvar/proto_source_vanilla_k_25_weighted_0_learnw_0,2.0,0.05762802074663341,val_loss,0.01778258942067623,0.19130991399288177,0.0,0.0,509.0,20.0,2.0,vanilla,25.0,False,False,0.09940774738788605,0.14384689927101135
proto_source=vanilla_k=25_weighted=1_learnw=0,train,2345,proto,-0.01501197088509798,0.014756881631910801,-0.06255205377936363,-0.04318145215511322,-0.056251686066389084,-0.01114887185394764,0.0005437705665826797,0.9320388349514563,-0.014477518387138844,0.0005901784752495587,0.0011246296344324946,0.03548041731119156,0.1863478720188141,0.543480634689331,1.0,0.35,0.35,0.0,1.0,,,cvar,/Users/yaniszaim/deephedging/.deephedging_real_runs/final_paper_asian_panel/panel_sweeps/QQQ_full_paper_grid_800_asian_call_step_robust/model_artifacts/seed_2345/risk_cvar/proto_source_vanilla_k_25_weighted_1_learnw_0,435.0,0.08542620694099445,val_loss,0.03411690890789032,0.44203081727027893,0.26198224852071006,1.0,2369.0,20.0,2.0,vanilla,25.0,True,False,0.11750567704439163,0.20911744236946106
proto_source=vanilla_k=25_weighted=1_learnw=0,val,2345,proto,-0.01480296440422535,0.017318356782197952,-0.07409465745091438,-0.04774189405143261,-0.06672243028879166,-0.00910420622676611,0.0012177129043266174,0.9092702169625246,-0.014575003646314144,0.0008971972856670618,0.0011251583928242326,0.03550172969698906,0.1863478720188141,0.543495774269104,1.0,0.35,0.35,0.0,1.0,,,cvar,/Users/yaniszaim/deephedging/.deephedging_real_runs/final_paper_asian_panel/panel_sweeps/QQQ_full_paper_grid_800_asian_call_step_robust/model_artifacts/seed_2345/risk_cvar/proto_source_vanilla_k_25_weighted_1_learnw_0,435.0,0.08542620694099445,val_loss,0.03411690890789032,0.44203081727027893,0.26198224852071006,1.0,507.0,20.0,2.0,vanilla,25.0,True,False,0.11750567704439163,0.20911744236946106
proto_source=vanilla_k=25_weighted=1_learnw=0,test,2345,proto,-0.01612032577395439,0.01626795344054699,-0.06429129928350448,-0.04835125431418419,-0.06114831939339638,-0.010753534734249115,0.00024083217140286807,0.931237721021611,-0.015942681580781937,0.0009508993243798614,0.0011285420041531324,0.03553372249007225,0.1863478720188141,0.5435078740119934,1.0,0.35,0.35,0.0,1.0,,,cvar,/Users/yaniszaim/deephedging/.deephedging_real_runs/final_paper_asian_panel/panel_sweeps/QQQ_full_paper_grid_800_asian_call_step_robust/model_artifacts/seed_2345/risk_cvar/proto_source_vanilla_k_25_weighted_1_learnw_0,435.0,0.08542620694099445,val_loss,0.03411690890789032,0.44203081727027893,0.26198224852071006,1.0,509.0,20.0,2.0,vanilla,25.0,True,False,0.11750567704439163,0.20911744236946106
proto_source=vanilla_k=50_weighted=0_learnw=0,train,2345,proto,-0.01428993046283722,0.014509650878608227,-0.06344048887491226,-0.0415185771882534,-0.05515577644109726,-0.009749487973749638,-1.690736389719068e-05,0.9506120726044744,-0.014477518387138844,0.0007057912298478186,0.0005182019085623324,0.028316345065832138,0.4070461392402649,0.43979647755622864,1.0,0.2706205149852258,0.2706205149852258,0.0,1.0,,,cvar,/Users/yaniszaim/deephedging/.deephedging_real_runs/final_paper_asian_panel/panel_sweeps/QQQ_full_paper_grid_800_asian_call_step_robust/model_artifacts/seed_2345/risk_cvar/proto_source_vanilla_k_50_weighted_0_learnw_0,550.0,0.08004802307494249,val_loss,0.02764979563653469,0.396231085062027,0.21494082840236686,1.0,2369.0,20.0,2.0,vanilla,50.0,False,False,0.24702949821949005,0.48478618264198303
proto_source=vanilla_k=50_weighted=0_learnw=0,val,2345,proto,-0.014316346496343613,0.016615109518170357,-0.06566288605332375,-0.04698895327746868,-0.06459295004606247,-0.00907996203750372,0.00034842497552744936,0.9368836291913215,-0.014575003646314144,0.000778038112912327,0.0005193804390728474,0.028323063626885414,0.4067455530166626,0.43959903717041016,1.0,0.26819526627218937,0.26819526627218937,0.0,1.0,,,cvar,/Users/yaniszaim/deephedging/.deephedging_real_runs/final_paper_asian_panel/panel_sweeps/QQQ_full_paper_grid_800_asian_call_step_robust/model_artifacts/seed_2345/risk_cvar/proto_source_vanilla_k_50_weighted_0_learnw_0,550.0,0.08004802307494249,val_loss,0.02764979563653469,0.396231085062027,0.21494082840236686,1.0,507.0,20.0,2.0,vanilla,50.0,False,False,0.24702949821949005,0.48478618264198303
proto_source=vanilla_k=50_weighted=0_learnw=0,test,2345,proto,-0.015566891059279442,0.016269946470856667,-0.06899398624897003,-0.0493001326918602,-0.06128210201859474,-0.010007414035499096,-0.00019096698379144093,0.9587426326129665,-0.015942681580781937,0.0009026062907651067,0.0005268139648251235,0.02839231677353382,0.4069257974624634,0.4408203661441803,1.0,0.27072691552062866,0.27072691552062866,0.0,1.0,,,cvar,/Users/yaniszaim/deephedging/.deephedging_real_runs/final_paper_asian_panel/panel_sweeps/QQQ_full_paper_grid_800_asian_call_step_robust/model_artifacts/seed_2345/risk_cvar/proto_source_vanilla_k_50_weighted_0_learnw_0,550.0,0.08004802307494249,val_loss,0.02764979563653469,0.396231085062027,0.21494082840236686,1.0,509.0,20.0,2.0,vanilla,50.0,False,False,0.24702949821949005,0.48478618264198303
proto_source=vanilla_k=50_weighted=1_learnw=0,train,2345,proto,-0.01425880379974842,0.014605124481022358,-0.0632837963104248,-0.042601500451564786,-0.05556892231106758,-0.009401527233421803,-0.0003351018938701612,0.9624314056563951,-0.014477518387138844,0.0006788669852539897,0.00046015033149160445,0.02772459201514721,0.14113906025886536,0.4418884813785553,1.0,0.27306880540312367,0.27306880540312367,0.0,1.0,,,cvar,/Users/yaniszaim/deephedging/.deephedging_real_runs/final_paper_asian_panel/panel_sweeps/QQQ_full_paper_grid_800_asian_call_step_robust/model_artifacts/seed_2345/risk_cvar/proto_source_vanilla_k_50_weighted_1_learnw_0,17.0,0.0850645476731029,val_loss,0.02718086540699005,0.4351833462715149,0.26696252465483233,1.0,2369.0,20.0,2.0,vanilla,50.0,True,False,0.13221357762813568,0.2143649160861969
proto_source=vanilla_k=50_weighted=1_learnw=0,val,2345,proto,-0.01438319031149149,0.016911277547478676,-0.0695928904414177,-0.047427114099264145,-0.06599920988082886,-0.008367112837731838,-0.00024596075818408283,0.9585798816568047,-0.014575003646314144,0.0006534378626383841,0.0004616247024387121,0.02774876169860363,0.14113885164260864,0.4419741630554199,1.0,0.2725838264299803,0.2725838264299803,0.0,1.0,,,cvar,/Users/yaniszaim/deephedging/.deephedging_real_runs/final_paper_asian_panel/panel_sweeps/QQQ_full_paper_grid_800_asian_call_step_robust/model_artifacts/seed_2345/risk_cvar/proto_source_vanilla_k_50_weighted_1_learnw_0,17.0,0.0850645476731029,val_loss,0.02718086540699005,0.4351833462715149,0.26696252465483233,1.0,507.0,20.0,2.0,vanilla,50.0,True,False,0.13221357762813568,0.2143649160861969
proto_source=vanilla_k=50_weighted=1_learnw=0,test,2345,proto,-0.015418066643178463,0.016351312398910522,-0.06935626775026321,-0.04940896779298782,-0.06143837422132492,-0.00967904832214117,4.000106127932258e-06,0.9489194499017681,-0.015942681580781937,0.0009875105461105704,0.00046289380406960845,0.027741461992263794,0.14113907516002655,0.4422180652618408,1.0,0.2726424361493124,0.2726424361493124,0.0,1.0,,,cvar,/Users/yaniszaim/deephedging/.deephedging_real_runs/final_paper_asian_panel/panel_sweeps/QQQ_full_paper_grid_800_asian_call_step_robust/model_artifacts/seed_2345/risk_cvar/proto_source_vanilla_k_50_weighted_1_learnw_0,17.0,0.0850645476731029,val_loss,0.02718086540699005,0.4351833462715149,0.26696252465483233,1.0,509.0,20.0,2.0,vanilla,50.0,True,False,0.13221357762813568,0.2143649160861969
proto_source=vanilla_k=100_weighted=0_learnw=0,train,2345,proto,-0.014234195463359356,0.014859885908663273,-0.06347579956054687,-0.04212664887309074,-0.05559970811009407,-0.009779938496649265,0.0008264292613603165,0.9121992401857324,-0.014477518387138844,0.0006567772943526506,0.00041345314821228385,0.025737188756465912,0.48473885655403137,0.3827389180660248,1.0,0.057418742085268044,0.057418742085268044,0.0,0.3815956099620093,,,cvar,/Users/yaniszaim/deephedging/.deephedging_real_runs/final_paper_asian_panel/panel_sweeps/QQQ_full_paper_grid_800_asian_call_step_robust/model_artifacts/seed_2345/risk_cvar/proto_source_vanilla_k_100_weighted_0_learnw_0,410.0,0.058064220388322575,val_loss,0.023062778636813164,0.33577263355255127,0.0007889546351084812,0.0039447731755424065,2369.0,20.0,2.0,vanilla,100.0,False,False,0.17527371644973755,0.6033603549003601
proto_source=vanilla_k=100_weighted=0_learnw=0,val,2345,proto,-0.014210003428161144,0.017080960795283318,-0.07069110885262489,-0.046151792630553246,-0.0655817836523056,-0.008600311353802681,0.00097903071437031,0.9053254437869822,-0.014575003646314144,0.0007703487644903362,0.000405348080676049,0.025581441819667816,0.26028406620025635,0.3801499605178833,1.0,0.05483234714003945,0.05483234714003945,0.0,0.39644970414201186,,,cvar,/Users/yaniszaim/deephedging/.deephedging_real_runs/final_paper_asian_panel/panel_sweeps/QQQ_full_paper_grid_800_asian_call_step_robust/model_artifacts/seed_2345/risk_cvar/proto_source_vanilla_k_100_weighted_0_learnw_0,410.0,0.058064220388322575,val_loss,0.023062778636813164,0.33577263355255127,0.0007889546351084812,0.0039447731755424065,507.0,20.0,2.0,vanilla,100.0,False,False,0.17527371644973755,0.6033603549003601
proto_source=vanilla_k=100_weighted=0_learnw=0,test,2345,proto,-0.015522927977144718,0.016473984345793724,-0.06751648783683777,-0.04783224910497665,-0.06029840186238289,-0.010074530728161335,0.0008599685039371237,0.899803536345776,-0.015942681580781937,0.0008292697020806372,0.0004095147305633873,0.025712138041853905,0.3049255907535553,0.3818696439266205,1.0,0.05343811394891945,0.05343811394891945,0.0,0.38703339882121807,,,cvar,/Users/yaniszaim/deephedging/.deephedging_real_runs/final_paper_asian_panel/panel_sweeps/QQQ_full_paper_grid_800_asian_call_step_robust/model_artifacts/seed_2345/risk_cvar/proto_source_vanilla_k_100_weighted_0_learnw_0,410.0,0.058064220388322575,val_loss,0.023062778636813164,0.33577263355255127,0.0007889546351084812,0.0039447731755424065,509.0,20.0,2.0,vanilla,100.0,False,False,0.17527371644973755,0.6033603549003601
proto_source=vanilla_k=100_weighted=1_learnw=0,train,2345,proto,-0.01672654040157795,0.017204556614160538,-0.07239858835935593,-0.049585738033056256,-0.06384887546300888,-0.011529369279742241,3.271321766078423e-05,0.9485014774166315,-0.014477518387138844,0.00017277612641919404,0.0024217977188527584,0.03972747176885605,0.18895068764686584,0.06876564025878906,0.7892968058586121,0.0,0.0,0.0,0.0,,,cvar,/Users/yaniszaim/deephedging/.deephedging_real_runs/final_paper_asian_panel/panel_sweeps/QQQ_full_paper_grid_800_asian_call_step_robust/model_artifacts/seed_2345/risk_cvar/proto_source_vanilla_k_100_weighted_1_learnw_0,97.0,0.05928486011922359,val_loss,0.038681745529174805,0.11090178042650223,0.0,0.0,2369.0,20.0,2.0,vanilla,100.0,True,False,0.11524447798728943,0.4404730200767517
proto_source=vanilla_k=100_weighted=1_learnw=0,val,2345,proto,-0.017024042084813118,0.019720571115612984,-0.08468220889568329,-0.05480359829962254,-0.07679402828216553,-0.009881996549665928,-0.0002072528004646308,0.9566074950690335,-0.014575003646314144,-9.049538675753865e-06,0.002439990406855941,0.03998774290084839,0.18316791951656342,0.07113299518823624,0.7840469479560852,0.0,0.0,0.0,0.0,,,cvar,/Users/yaniszaim/deephedging/.deephedging_real_runs/final_paper_asian_panel/panel_sweeps/QQQ_full_paper_grid_800_asian_call_step_robust/model_artifacts/seed_2345/risk_cvar/proto_source_vanilla_k_100_weighted_1_learnw_0,97.0,0.05928486011922359,val_loss,0.038681745529174805,0.11090178042650223,0.0,0.0,507.0,20.0,2.0,vanilla,100.0,True,False,0.11524447798728943,0.4404730200767517
proto_source=vanilla_k=100_weighted=1_learnw=0,test,2345,proto,-0.018116353079676628,0.018954018130898476,-0.07689476609230042,-0.05508394986391067,-0.07006548345088959,-0.011653098277747631,6.047156639396997e-05,0.9449901768172888,-0.015942681580781937,0.000264196190983057,0.0024378683883696795,0.03971508890390396,0.1988697499036789,0.06936410814523697,0.6399260759353638,0.0,0.0,0.0,0.0,,,cvar,/Users/yaniszaim/deephedging/.deephedging_real_runs/final_paper_asian_panel/panel_sweeps/QQQ_full_paper_grid_800_asian_call_step_robust/model_artifacts/seed_2345/risk_cvar/proto_source_vanilla_k_100_weighted_1_learnw_0,97.0,0.05928486011922359,val_loss,0.038681745529174805,0.11090178042650223,0.0,0.0,509.0,20.0,2.0,vanilla,100.0,True,False,0.11524447798728943,0.4404730200767517
unhedged,train,3456,baseline,-0.01460444089025259,0.01772974245250225,-0.07215888500213623,-0.048784637451171876,-0.06390608102083206,-0.008628368377685547,-0.0,0.6382439848037147,-0.01460444089025259,0.0,0.0,0.0,0.0,0.0,0.0,0.0,0.0,0.0,0.0,,,,,,,,,,,,,,,,,,,,
spot_delta,train,3456,baseline,-0.014396565966308117,0.016460401937365532,-0.0651908352971077,-0.04597082808613777,-0.058472149074077606,-0.010680523701012135,0.00450047068297863,0.8311523849725623,-0.01460444089025259,0.00037133839214220643,0.00016346418124157935,0.020372260361909866,0.6460080146789551,0.2586996555328369,0.6460080146789551,0.0,0.0,0.0,0.0,,,,,,,,,,,,,,,,,,,,
spot_delta_band,train,3456,baseline,-0.014396565966308117,0.016460401937365532,-0.0651908352971077,-0.04597082808613777,-0.058472149074077606,-0.010680523701012135,0.00450047068297863,0.8311523849725623,-0.01460444089025259,0.00037133839214220643,0.00016346418124157935,0.020372260361909866,0.6460080146789551,0.2586996555328369,0.6460080146789551,0.0,0.0,0.0,0.0,0.0,gains_mean,,,,,,,,,,,,,,,,,,
unhedged,val,3456,baseline,-0.014093142934143543,0.017122255638241768,-0.07316372871398925,-0.046782612800598145,-0.06197260320186615,-0.007535219192504883,-0.0,0.650887573964497,-0.014093142934143543,0.0,0.0,0.0,0.0,0.0,0.0,0.0,0.0,0.0,0.0,,,,,,,,,,,,,,,,,,,,
spot_delta,val,3456,baseline,-0.01381339505314827,0.01668715290725231,-0.06776609778404236,-0.04563618376851082,-0.05849375203251839,-0.009540296159684658,0.004552855156362057,0.8106508875739645,-0.014093142934143543,0.0004472232540138066,0.00016747436893638223,0.020882392302155495,0.6371790170669556,0.25844064354896545,0.6460080146789551,0.0,0.0,0.0,0.0,,,,,,,,,,,,,,,,,,,,
spot_delta_band,val,3456,baseline,-0.01381339505314827,0.01668715290725231,-0.06776609778404236,-0.04563618376851082,-0.05849375203251839,-0.009540296159684658,0.004552855156362057,0.8106508875739645,-0.014093142934143543,0.0004472232540138066,0.00016747436893638223,0.020882392302155495,0.6371790170669556,0.25844064354896545,0.6460080146789551,0.0,0.0,0.0,0.0,0.0,gains_mean,,,,,,,,,,,,,,,,,,
unhedged,test,3456,baseline,-0.015831930562853813,0.019283611327409744,-0.08442225456237792,-0.05274033546447754,-0.07278184592723846,-0.010339021682739258,-0.0,0.6758349705304518,-0.015831930562853813,0.0,0.0,0.0,0.0,0.0,0.0,0.0,0.0,0.0,0.0,,,,,,,,,,,,,,,,,,,,
spot_delta,test,3456,baseline,-0.01541215181350708,0.01803187094628811,-0.07750792294740677,-0.04831108376383781,-0.06845066696405411,-0.011434839107096195,0.0035738964099436945,0.862475442043222,-0.015831930562853813,0.0005861656391061842,0.0001663866132730618,0.020720116794109344,0.6420050263404846,0.258090615272522,0.6460080146789551,0.0,0.0,0.0,0.0,,,,,,,,,,,,,,,,,,,,
spot_delta_band,test,3456,baseline,-0.01541215181350708,0.01803187094628811,-0.07750792294740677,-0.04831108376383781,-0.06845066696405411,-0.011434839107096195,0.0035738964099436945,0.862475442043222,-0.015831930562853813,0.0005861656391061842,0.0001663866132730618,0.020720116794109344,0.6420050263404846,0.258090615272522,0.6460080146789551,0.0,0.0,0.0,0.0,0.0,gains_mean,,,,,,,,,,,,,,,,,,
vanilla,train,3456,vanilla,-0.014230751432478428,0.016196200624108315,-0.06807900875806809,-0.04552292227745056,-0.05975555628538132,-0.008352029137313366,0.00020543575519695842,0.9337273111017307,-0.01460444089025259,0.0005868646549060941,0.00021317512437235564,0.021645979955792427,0.047719623893499374,0.23745308816432953,0.8531821966171265,0.0,0.0,0.0,0.0,,,cvar,/Users/yaniszaim/deephedging/.deephedging_real_runs/final_paper_asian_panel/panel_sweeps/QQQ_full_paper_grid_800_asian_call_step_robust/model_artifacts/seed_3456/risk_cvar/vanilla,49.0,0.05494296087883413,val_loss,0.021963058039546013,0.2419912964105606,0.0,0.0,2369.0,20.0,2.0,,,,,,
vanilla,val,3456,vanilla,-0.013710913248360157,0.015651080757379532,-0.06776931762695312,-0.044335275515913965,-0.057942867279052734,-0.0069684311747550964,0.00030509770731441667,0.9151873767258383,-0.014093142934143543,0.0005955754895694554,0.00021334574557840824,0.021649368107318878,0.04769352450966835,0.23749135434627533,0.8522554636001587,0.0,0.0,0.0,0.0,,,cvar,/Users/yaniszaim/deephedging/.deephedging_real_runs/final_paper_asian_panel/panel_sweeps/QQQ_full_paper_grid_800_asian_call_step_robust/model_artifacts/seed_3456/risk_cvar/vanilla,49.0,0.05494296087883413,val_loss,0.021963058039546013,0.2419912964105606,0.0,0.0,507.0,20.0,2.0,,,,,,
vanilla,test,3456,vanilla,-0.015297658741474152,0.017714306712150574,-0.07809370279312133,-0.04870480969548225,-0.06789657473564148,-0.009679114446043968,0.00022362947638612216,0.9233791748526523,-0.015831930562853813,0.0007479182677343488,0.00021364707208704203,0.021644966676831245,0.047774333506822586,0.23744815587997437,0.8533033728599548,0.0,0.0,0.0,0.0,,,cvar,/Users/yaniszaim/deephedging/.deephedging_real_runs/final_paper_asian_panel/panel_sweeps/QQQ_full_paper_grid_800_asian_call_step_robust/model_artifacts/seed_3456/risk_cvar/vanilla,49.0,0.05494296087883413,val_loss,0.021963058039546013,0.2419912964105606,0.0,0.0,509.0,20.0,2.0,,,,,,
proto_source=spot_delta_k=10_weighted=0_learnw=0,train,3456,proto,-0.014400319196283817,0.01566142588853836,-0.0650524365901947,-0.04492192566394806,-0.0586545430123806,-0.008624917827546597,1.8404406728221827e-05,0.9493457154917687,-0.01460444089025259,0.0005594613030552864,0.00035534094786271453,0.020724674686789513,0.10003652423620224,0.2969420552253723,0.9721232056617737,0.0,0.0,0.0,0.0,,,cvar,/Users/yaniszaim/deephedging/.deephedging_real_runs/final_paper_asian_panel/panel_sweeps/QQQ_full_paper_grid_800_asian_call_step_robust/model_artifacts/seed_3456/risk_cvar/proto_source_spot_delta_k_10_weighted_0_learnw_0,5.0,0.05454623084515334,val_loss,0.016505680978298187,0.17141878604888916,0.0,0.0,2369.0,20.0,2.0,spot_delta,10.0,False,False,0.06922902911901474,0.1000421941280365
proto_source=spot_delta_k=10_weighted=0_learnw=0,val,3456,proto,-0.0140036940574646,0.015212382189929485,-0.06745185777544975,-0.044169234484434126,-0.057578716427087784,-0.00792803056538105,-0.00021065816690679642,0.9644970414201184,-0.014093142934143543,0.000438262359239161,0.00034881330793723464,0.020735014230012894,0.10003606230020523,0.29745301604270935,0.9584243893623352,0.0,0.0,0.0,0.0,,,cvar,/Users/yaniszaim/deephedging/.deephedging_real_runs/final_paper_asian_panel/panel_sweeps/QQQ_full_paper_grid_800_asian_call_step_robust/model_artifacts/seed_3456/risk_cvar/proto_source_spot_delta_k_10_weighted_0_learnw_0,5.0,0.05454623084515334,val_loss,0.016505680978298187,0.17141878604888916,0.0,0.0,507.0,20.0,2.0,spot_delta,10.0,False,False,0.06922902911901474,0.1000421941280365
proto_source=spot_delta_k=10_weighted=0_learnw=0,test,3456,proto,-0.015397868119180202,0.017059417441487312,-0.07860301733016968,-0.04743488803505898,-0.06643464416265488,-0.009609918110072613,-0.00012159270117990882,0.9567779960707269,-0.015831930562853813,0.0007691018981859088,0.00033503922168165445,0.0204234067350626,0.10003643482923508,0.2949039936065674,0.935258150100708,0.0,0.0,0.0,0.0,,,cvar,/Users/yaniszaim/deephedging/.deephedging_real_runs/final_paper_asian_panel/panel_sweeps/QQQ_full_paper_grid_800_asian_call_step_robust/model_artifacts/seed_3456/risk_cvar/proto_source_spot_delta_k_10_weighted_0_learnw_0,5.0,0.05454623084515334,val_loss,0.016505680978298187,0.17141878604888916,0.0,0.0,509.0,20.0,2.0,spot_delta,10.0,False,False,0.06922902911901474,0.1000421941280365
proto_source=spot_delta_k=10_weighted=1_learnw=0,train,3456,proto,-0.014297708868980408,0.01591092348098755,-0.06565558433532714,-0.04503933265805245,-0.05908849462866783,-0.008505787700414658,0.0003700114903040228,0.9269734065006332,-0.01460444089025259,0.0004733419918920845,0.00016661029076203704,0.016497278586030006,0.09607957303524017,0.26301220059394836,0.7684783935546875,0.0,0.0,0.0,0.0,,,cvar,/Users/yaniszaim/deephedging/.deephedging_real_runs/final_paper_asian_panel/panel_sweeps/QQQ_full_paper_grid_800_asian_call_step_robust/model_artifacts/seed_3456/risk_cvar/proto_source_spot_delta_k_10_weighted_1_learnw_0,9.0,0.05450076244771481,val_loss,0.015236541628837585,0.1901845932006836,0.0,0.0,2369.0,20.0,2.0,spot_delta,10.0,True,False,0.07204365730285645,0.1504565179347992
proto_source=spot_delta_k=10_weighted=1_learnw=0,val,3456,proto,-0.013896697200834751,0.01537396851927042,-0.06666197940707207,-0.044192825257778165,-0.057688839733600616,-0.007743882015347481,2.452169428579502e-05,0.9467455621301775,-0.014093142934143543,0.00036332057788968086,0.00016687571769580245,0.01659037359058857,0.09607955813407898,0.26383474469184875,0.7539617419242859,0.0,0.0,0.0,0.0,,,cvar,/Users/yaniszaim/deephedging/.deephedging_real_runs/final_paper_asian_panel/panel_sweeps/QQQ_full_paper_grid_800_asian_call_step_robust/model_artifacts/seed_3456/risk_cvar/proto_source_spot_delta_k_10_weighted_1_learnw_0,9.0,0.05450076244771481,val_loss,0.015236541628837585,0.1901845932006836,0.0,0.0,507.0,20.0,2.0,spot_delta,10.0,True,False,0.07204365730285645,0.1504565179347992
proto_source=spot_delta_k=10_weighted=1_learnw=0,test,3456,proto,-0.015341116115450859,0.017295878380537033,-0.0788770318031311,-0.04790912866592407,-0.06700071692466736,-0.009769322350621223,0.0001320488692726938,0.9449901768172888,-0.015831930562853813,0.0006566020892933011,0.00016578721988480538,0.01645618863403797,0.09607956558465958,0.26274195313453674,0.7455953359603882,0.0,0.0,0.0,0.0,,,cvar,/Users/yaniszaim/deephedging/.deephedging_real_runs/final_paper_asian_panel/panel_sweeps/QQQ_full_paper_grid_800_asian_call_step_robust/model_artifacts/seed_3456/risk_cvar/proto_source_spot_delta_k_10_weighted_1_learnw_0,9.0,0.05450076244771481,val_loss,0.015236541628837585,0.1901845932006836,0.0,0.0,509.0,20.0,2.0,spot_delta,10.0,True,False,0.07204365730285645,0.1504565179347992
proto_source=spot_delta_k=25_weighted=0_learnw=0,train,3456,proto,-0.014504685066640377,0.017227116972208023,-0.07102805018424987,-0.047576944530010226,-0.06262148916721344,-0.008470622822642326,7.768745854264108e-05,0.932460953989025,-0.01460444089025259,0.0001856364542618394,8.588071796111763e-05,0.007199650164693594,0.07474803179502487,0.07490643113851547,0.2844906151294708,0.0,0.0,0.0,0.0,,,cvar,/Users/yaniszaim/deephedging/.deephedging_real_runs/final_paper_asian_panel/panel_sweeps/QQQ_full_paper_grid_800_asian_call_step_robust/model_artifacts/seed_3456/risk_cvar/proto_source_spot_delta_k_25_weighted_0_learnw_0,2.0,0.05430483900010586,val_loss,0.007158949971199036,0.07475079596042633,0.0,0.0,2369.0,20.0,2.0,spot_delta,25.0,False,False,0.11878569424152374,0.16060958802700043
proto_source=spot_delta_k=25_weighted=0_learnw=0,val,3456,proto,-0.01399282831698656,0.016633786261081696,-0.07099510401487351,-0.04609880782663822,-0.060683730989694595,-0.007189885247498751,0.00014178107085172084,0.9230769230769231,-0.014093142934143543,0.00018423267465550452,8.391754818148911e-05,0.007189203519374132,0.044808149337768555,0.07491498440504074,0.28444358706474304,0.0,0.0,0.0,0.0,,,cvar,/Users/yaniszaim/deephedging/.deephedging_real_runs/final_paper_asian_panel/panel_sweeps/QQQ_full_paper_grid_800_asian_call_step_robust/model_artifacts/seed_3456/risk_cvar/proto_source_spot_delta_k_25_weighted_0_learnw_0,2.0,0.05430483900010586,val_loss,0.007158949971199036,0.07475079596042633,0.0,0.0,507.0,20.0,2.0,spot_delta,25.0,False,False,0.11878569424152374,0.16060958802700043
proto_source=spot_delta_k=25_weighted=0_learnw=0,test,3456,proto,-0.015668442472815514,0.01878061518073082,-0.08213442504405975,-0.051556024700403214,-0.07126808166503906,-0.010092487558722496,0.00010710100032156331,0.9194499017681729,-0.015831930562853813,0.0002482400741428137,8.475175854982808e-05,0.007205861154943705,0.05777395889163017,0.07491293549537659,0.28448477387428284,0.0,0.0,0.0,0.0,,,cvar,/Users/yaniszaim/deephedging/.deephedging_real_runs/final_paper_asian_panel/panel_sweeps/QQQ_full_paper_grid_800_asian_call_step_robust/model_artifacts/seed_3456/risk_cvar/proto_source_spot_delta_k_25_weighted_0_learnw_0,2.0,0.05430483900010586,val_loss,0.007158949971199036,0.07475079596042633,0.0,0.0,509.0,20.0,2.0,spot_delta,25.0,False,False,0.11878569424152374,0.16060958802700043
proto_source=spot_delta_k=25_weighted=1_learnw=0,train,3456,proto,-0.014628265984356403,0.01761011593043804,-0.07176927536725998,-0.0484037309885025,-0.06371819972991943,-0.008648665621876717,-4.6702591498615226e-05,0.9776276910088645,-0.01460444089025259,6.246630800887942e-05,8.629093645140529e-05,0.002635750686749816,0.024097470566630363,0.026327989995479584,0.11573286354541779,0.0,0.0,0.0,0.0,,,cvar,/Users/yaniszaim/deephedging/.deephedging_real_runs/final_paper_asian_panel/panel_sweeps/QQQ_full_paper_grid_800_asian_call_step_robust/model_artifacts/seed_3456/risk_cvar/proto_source_spot_delta_k_25_weighted_1_learnw_0,1.0,0.054205734559800475,val_loss,0.0027802991680800915,0.028131313621997833,0.0,0.0,2369.0,20.0,2.0,spot_delta,25.0,True,False,0.12258139252662659,0.1654011309146881
proto_source=spot_delta_k=25_weighted=1_learnw=0,val,3456,proto,-0.014110147021710873,0.016989747062325478,-0.07313471004366874,-0.04658027440309524,-0.06172826513648033,-0.007501331157982349,-3.1175957883533586e-05,0.960552268244576,-0.014093142934143543,6.637436308665201e-05,8.337775943800807e-05,0.0026222190354019403,0.02384307235479355,0.026466168463230133,0.10006886720657349,0.0,0.0,0.0,0.0,,,cvar,/Users/yaniszaim/deephedging/.deephedging_real_runs/final_paper_asian_panel/panel_sweeps/QQQ_full_paper_grid_800_asian_call_step_robust/model_artifacts/seed_3456/risk_cvar/proto_source_spot_delta_k_25_weighted_1_learnw_0,1.0,0.054205734559800475,val_loss,0.0027802991680800915,0.028131313621997833,0.0,0.0,507.0,20.0,2.0,spot_delta,25.0,True,False,0.12258139252662659,0.1654011309146881
proto_source=spot_delta_k=25_weighted=1_learnw=0,test,3456,proto,-0.015839649364352226,0.019171468913555145,-0.08466392993927002,-0.05260825604200363,-0.07258795201778412,-0.010260367766022682,-5.339181734598247e-05,0.9764243614931237,-0.015831930562853813,7.63931093388237e-05,8.411188900936395e-05,0.002628888236358762,0.024416420608758926,0.026572132483124733,0.12065885961055756,0.0,0.0,0.0,0.0,,,cvar,/Users/yaniszaim/deephedging/.deephedging_real_runs/final_paper_asian_panel/panel_sweeps/QQQ_full_paper_grid_800_asian_call_step_robust/model_artifacts/seed_3456/risk_cvar/proto_source_spot_delta_k_25_weighted_1_learnw_0,1.0,0.054205734559800475,val_loss,0.0027802991680800915,0.028131313621997833,0.0,0.0,509.0,20.0,2.0,spot_delta,25.0,True,False,0.12258139252662659,0.1654011309146881
