model,split,seed,model_family,gains_mean,gains_std,gains_p01,gains_p05,gains_cvar05,gains_p50,gains_p95,shortfall_prob,payoff_mean,pnl_mean,cost_mean,action_abs_mean,action_abs_max,delta_abs_mean,delta_abs_max,pct_at_any_position_bound,pct_at_upper_position_bound,pct_at_lower_position_bound,pct_paths_touch_any_position_bound,selected_band,baseline_selection_metric,risk_measure,artifact_dir,selected_epoch,selected_score,selection_metric,selected_val_action_abs_mean,selected_val_delta_abs_mean,selected_val_pct_at_any_position_bound,selected_val_pct_paths_touch_any_position_bound,n_paths,n_steps,n_inst,prototype_source,n_prototypes,weighted_similarity,learn_distance_feature_weights,proto_action_norm_mean,proto_action_norm_max
unhedged,train,1234,baseline,-0.021356062963604927,0.026331203058362007,-0.10943114012479782,-0.06810391694307327,-0.0957644060254097,-0.014625072479248047,0.0,0.6540299458426251,-0.021356062963604927,0.0,0.0,0.0,0.0,0.0,0.0,0.0,0.0,0.0,0.0,,,,,,,,,,,,,,,,,,,,
spot_delta,train,1234,baseline,-0.02140849269926548,0.026544665917754173,-0.10929064452648163,-0.06714104115962982,-0.09540221095085144,-0.016433294862508774,0.008100633509457111,0.8276521185090793,-0.021356062963604927,0.0001681436551734805,0.0002205740165663883,0.027575235813856125,0.9999939799308777,0.4968874156475067,0.9999939799308777,0.011245619624084104,0.011245619624084104,0.0,0.31634278432621854,,,,,,,,,,,,,,,,,,,,
spot_delta_band,train,1234,baseline,-0.0213773250579834,0.026503924280405045,-0.10932552814483643,-0.06701767444610596,-0.09533283859491348,-0.0164093766361475,0.008045564405620098,0.8279706913029627,-0.021356062963604927,0.00018108956282958388,0.0002023501874646172,0.0252999160438776,0.9899939894676208,0.49378538131713867,0.9899939894676208,0.0,0.0,0.0,0.0,0.01,gains_mean,,,,,,,,,,,,,,,,,,
unhedged,val,1234,baseline,-0.021169060841202736,0.024812884628772736,-0.09934453666210175,-0.06761643290519714,-0.09169420599937439,-0.01558375358581543,0.0,0.6577380952380952,-0.021169060841202736,0.0,0.0,0.0,0.0,0.0,0.0,0.0,0.0,0.0,0.0,,,,,,,,,,,,,,,,,,,,
spot_delta,val,1234,baseline,-0.020328441634774208,0.025815950706601143,-0.10063070803880692,-0.06240685656666756,-0.09101282060146332,-0.01565423049032688,0.008985165506601334,0.7738095238095238,-0.021169060841202736,0.0010608661687001586,0.00022024793724995106,0.027526896446943283,0.9999939799308777,0.49690908193588257,0.9999939799308777,0.012388392857142856,0.012388392857142856,0.0,0.3482142857142857,,,,,,,,,,,,,,,,,,,,
spot_delta_band,val,1234,baseline,-0.020308956503868103,0.02578776888549328,-0.1007639616727829,-0.062296561896800995,-0.09100135415792465,-0.01558475662022829,0.008453672751784325,0.7767857142857143,-0.021169060841202736,0.0010621817782521248,0.00020208003115840256,0.025263505056500435,0.9899939894676208,0.4938080608844757,0.9899939894676208,0.0,0.0,0.0,0.0,0.01,gains_mean,,,,,,,,,,,,,,,,,,
unhedged,test,1234,baseline,-0.020197231322526932,0.025263085961341858,-0.10215708613395691,-0.06749998033046722,-0.09205883741378784,-0.012348175048828125,0.0,0.6468842729970327,-0.020197231322526932,0.0,0.0,0.0,0.0,0.0,0.0,0.0,0.0,0.0,0.0,,,,,,,,,,,,,,,,,,,,
spot_delta,test,1234,baseline,-0.019697794690728188,0.02442348562180996,-0.09119482338428497,-0.06411130726337433,-0.08459178358316422,-0.014772575348615646,0.007598652970045805,0.8086053412462908,-0.020197231322526932,0.0007198692765086889,0.00022043139324523509,0.027559904381632805,0.9999939799308777,0.49695608019828796,0.9999939799308777,0.011572700296735905,0.011572700296735905,0.0,0.33086053412462907,,,,,,,,,,,,,,,,,,,,
spot_delta_band,test,1234,baseline,-0.019685441628098488,0.024393344298005104,-0.09111332148313522,-0.06382584571838379,-0.08466040343046188,-0.014631696045398712,0.007572640664875507,0.8071216617210683,-0.020197231322526932,0.0007139691733755171,0.00020217947894707322,0.02527887560427189,0.9899939894676208,0.4938628673553467,0.9899939894676208,0.0,0.0,0.0,0.0,0.01,gains_mean,,,,,,,,,,,,,,,,,,
vanilla,train,1234,vanilla,1.6789482831954956,1.2380962371826172,-0.17608791589736938,0.11939812451601028,-0.05465742573142052,1.4343743324279785,4.225103855133057,0.0270786874800892,-0.021356062963604927,1.707747459411621,0.007442965172231197,0.4892353117465973,1.0,0.753812849521637,1.0,0.6865641924179675,0.21154826377827335,0.47501592863969416,1.0,,,cvar,/Users/yaniszaim/deephedging/.deephedging_real_runs/real_data_sweep_paper_800_step_robust/model_artifacts/seed_1234/risk_cvar/vanilla,755.0,-0.6959074378510316,val_loss,0.49868741631507874,0.7447872161865234,0.6721354166666667,1.0,3139.0,20.0,2.0,,,,,,
vanilla,val,1234,vanilla,1.7045538425445557,1.2061121463775635,-0.11830614507198334,0.15471060574054718,-0.02472461573779583,1.4823970794677734,4.096658706665039,0.020833333333333332,-0.021169060841202736,1.7332066297531128,0.00748349167406559,0.49500739574432373,1.0,0.7498194575309753,1.0,0.6809151785714286,0.2210565476190476,0.45985863095238094,1.0,,,cvar,/Users/yaniszaim/deephedging/.deephedging_real_runs/real_data_sweep_paper_800_step_robust/model_artifacts/seed_1234/risk_cvar/vanilla,755.0,-0.6959074378510316,val_loss,0.49868741631507874,0.7447872161865234,0.6721354166666667,1.0,672.0,20.0,2.0,,,,,,
vanilla,test,1234,vanilla,1.6388167142868042,1.2313199043273926,-0.2293272167444229,0.06816936284303665,-0.12391063570976257,1.4350876808166504,4.077538013458252,0.03857566765578635,-0.020197231322526932,1.6663463115692139,0.007332265377044678,0.481740802526474,1.0,0.7586578726768494,1.0,0.691839762611276,0.21899109792284865,0.4728486646884273,1.0,,,cvar,/Users/yaniszaim/deephedging/.deephedging_real_runs/real_data_sweep_paper_800_step_robust/model_artifacts/seed_1234/risk_cvar/vanilla,755.0,-0.6959074378510316,val_loss,0.49868741631507874,0.7447872161865234,0.6721354166666667,1.0,674.0,20.0,2.0,,,,,,
proto_source=spot_delta_k=10_weighted=1_learnw=0,train,1234,proto,1.6517002582550049,1.229215383529663,-0.20838101208209991,0.08041418343782425,-0.10742680728435516,1.402335286140442,4.1194305419921875,0.03504300732717426,-0.021356062963604927,1.6797034740447998,0.006647245492786169,0.40493106842041016,1.126819372177124,0.7457779049873352,1.0000001192092896,0.5220293086970372,0.10185568652437083,0.42017362217266646,1.0,,,cvar,/Users/yaniszaim/deephedging/.deephedging_real_runs/real_data_sweep_paper_800_step_robust/model_artifacts/seed_1234/risk_cvar/proto_source_spot_delta_k_10_weighted_1_learnw_0,680.0,-0.732337923582111,val_loss,0.41198232769966125,0.7324992418289185,0.5036830357142857,1.0,3139.0,20.0,2.0,spot_delta,10.0,True,False,1.106221318244934,1.4935933351516724
proto_source=spot_delta_k=10_weighted=1_learnw=0,val,1234,proto,1.6497362852096558,1.2105095386505127,-0.22645282745361328,0.10787961632013321,-0.1022346243262291,1.4446591138839722,4.007309436798096,0.03273809523809524,-0.021169060841202736,1.6775803565979004,0.006675033364444971,0.40799421072006226,1.126819372177124,0.7420096397399902,1.0000001192092896,0.5158482142857143,0.10572916666666667,0.4101190476190476,1.0,,,cvar,/Users/yaniszaim/deephedging/.deephedging_real_runs/real_data_sweep_paper_800_step_robust/model_artifacts/seed_1234/risk_cvar/proto_source_spot_delta_k_10_weighted_1_learnw_0,680.0,-0.732337923582111,val_loss,0.41198232769966125,0.7324992418289185,0.5036830357142857,1.0,672.0,20.0,2.0,spot_delta,10.0,True,False,1.106221318244934,1.4935933351516724
proto_source=spot_delta_k=10_weighted=1_learnw=0,test,1234,proto,1.6019569635391235,1.2442348003387451,-0.13027261197566986,0.09490301460027695,-0.11150118708610535,1.3637025356292725,4.023918628692627,0.032640949554896145,-0.020197231322526932,1.6287237405776978,0.006569360848516226,0.40080487728118896,1.126819372177124,0.7472511529922485,1.0000001192092896,0.5244436201780416,0.10537833827893175,0.4190652818991098,1.0,,,cvar,/Users/yaniszaim/deephedging/.deephedging_real_runs/real_data_sweep_paper_800_step_robust/model_artifacts/seed_1234/risk_cvar/proto_source_spot_delta_k_10_weighted_1_learnw_0,680.0,-0.732337923582111,val_loss,0.41198232769966125,0.7324992418289185,0.5036830357142857,1.0,674.0,20.0,2.0,spot_delta,10.0,True,False,1.106221318244934,1.4935933351516724
proto_source=spot_delta_k=10_weighted=0_learnw=0,train,1234,proto,1.6828479766845703,1.2141048908233643,-0.14843516051769257,0.08895549178123474,-0.05909951403737068,1.4380978345870972,4.1400651931762695,0.030582988212806625,-0.021356062963604927,1.7107194662094116,0.006515268236398697,0.3920205533504486,1.126819372177124,0.7467899918556213,1.0000001192092896,0.4719735584581077,0.10686524370818733,0.36510831474992034,1.0,,,cvar,/Users/yaniszaim/deephedging/.deephedging_real_runs/real_data_sweep_paper_800_step_robust/model_artifacts/seed_1234/risk_cvar/proto_source_spot_delta_k_10_weighted_0_learnw_0,710.0,-0.7392668960278943,val_loss,0.4118151366710663,0.7174597382545471,0.4376860119047619,1.0,3139.0,20.0,2.0,spot_delta,10.0,False,False,0.9191757440567017,1.245249629020691
proto_source=spot_delta_k=10_weighted=0_learnw=0,val,1234,proto,1.6935455799102783,1.2210967540740967,-0.10264141857624054,0.09874685108661652,-0.03566690906882286,1.4507079124450684,4.125381946563721,0.026785714285714284,-0.021169060841202736,1.7212753295898438,0.006560768466442823,0.39565327763557434,1.126819372177124,0.7423818707466125,1.0000001192092896,0.4646205357142857,0.11023065476190476,0.35438988095238094,1.0,,,cvar,/Users/yaniszaim/deephedging/.deephedging_real_runs/real_data_sweep_paper_800_step_robust/model_artifacts/seed_1234/risk_cvar/proto_source_spot_delta_k_10_weighted_0_learnw_0,710.0,-0.7392668960278943,val_loss,0.4118151366710663,0.7174597382545471,0.4376860119047619,1.0,672.0,20.0,2.0,spot_delta,10.0,False,False,0.9191757440567017,1.245249629020691
proto_source=spot_delta_k=10_weighted=0_learnw=0,test,1234,proto,1.6212283372879028,1.2247846126556396,-0.23812760412693024,0.022974593564867973,-0.12459968030452728,1.3869088888168335,4.118135929107666,0.04154302670623145,-0.020197231322526932,1.647849440574646,0.0064239827916026115,0.3863472044467926,1.126819372177124,0.7479970455169678,1.0,0.475,0.11149851632047478,0.36350148367952523,1.0,,,cvar,/Users/yaniszaim/deephedging/.deephedging_real_runs/real_data_sweep_paper_800_step_robust/model_artifacts/seed_1234/risk_cvar/proto_source_spot_delta_k_10_weighted_0_learnw_0,710.0,-0.7392668960278943,val_loss,0.4118151366710663,0.7174597382545471,0.4376860119047619,1.0,674.0,20.0,2.0,spot_delta,10.0,False,False,0.9191757440567017,1.245249629020691
proto_source=spot_delta_k=25_weighted=1_learnw=0,train,1234,proto,1.667289137840271,1.242865800857544,-0.20486760139465332,0.07733675092458725,-0.10091821104288101,1.4227639436721802,4.214065074920654,0.034724434533290854,-0.021356062963604927,1.6947388648986816,0.006093612872064114,0.3307022452354431,1.126016616821289,0.8158168792724609,1.0000001192092896,0.5088722523096527,0.09268875438037591,0.41618349792927684,1.0,,,cvar,/Users/yaniszaim/deephedging/.deephedging_real_runs/real_data_sweep_paper_800_step_robust/model_artifacts/seed_1234/risk_cvar/proto_source_spot_delta_k_25_weighted_1_learnw_0,272.0,-0.6930886380303474,val_loss,0.33340269327163696,0.8219034671783447,0.5269717261904762,1.0,3139.0,20.0,2.0,spot_delta,25.0,True,False,0.5310279726982117,1.4466981887817383
proto_source=spot_delta_k=25_weighted=1_learnw=0,val,1234,proto,1.7007182836532593,1.2033605575561523,-0.03357135131955147,0.17865370213985443,0.03752385824918747,1.4594900608062744,4.061201095581055,0.01488095238095238,-0.021169060841202736,1.7280560731887817,0.006168602500110865,0.33575835824012756,1.126016616821289,0.8107173442840576,1.0000001192092896,0.4973958333333333,0.09501488095238095,0.4023809523809524,1.0,,,cvar,/Users/yaniszaim/deephedging/.deephedging_real_runs/real_data_sweep_paper_800_step_robust/model_artifacts/seed_1234/risk_cvar/proto_source_spot_delta_k_25_weighted_1_learnw_0,272.0,-0.6930886380303474,val_loss,0.33340269327163696,0.8219034671783447,0.5269717261904762,1.0,672.0,20.0,2.0,spot_delta,25.0,True,False,0.5310279726982117,1.4466981887817383
proto_source=spot_delta_k=25_weighted=1_learnw=0,test,1234,proto,1.6086091995239258,1.2402253150939941,-0.20010825991630554,0.07656621187925339,-0.10726406425237656,1.3778398036956787,4.135310649871826,0.03560830860534125,-0.020197231322526932,1.6348272562026978,0.006020768079906702,0.3273216485977173,1.126016616821289,0.8164889216423035,1.0000001192092896,0.5112017804154303,0.09606824925816024,0.41513353115727003,1.0,,,cvar,/Users/yaniszaim/deephedging/.deephedging_real_runs/real_data_sweep_paper_800_step_robust/model_artifacts/seed_1234/risk_cvar/proto_source_spot_delta_k_25_weighted_1_learnw_0,272.0,-0.6930886380303474,val_loss,0.33340269327163696,0.8219034671783447,0.5269717261904762,1.0,674.0,20.0,2.0,spot_delta,25.0,True,False,0.5310279726982117,1.4466981887817383
proto_source=spot_delta_k=25_weighted=0_learnw=0,train,1234,proto,1.69044029712677,1.2528079748153687,-0.11636430025100708,0.1312956064939499,-0.036947980523109436,1.411969542503357,4.285271644592285,0.024848677922905384,-0.021356062963604927,1.7187827825546265,0.006986440159380436,0.4360201358795166,1.1268194913864136,0.6994971632957458,1.0000001192092896,0.42099394711691623,0.08916056068811723,0.331833386428799,1.0,,,cvar,/Users/yaniszaim/deephedging/.deephedging_real_runs/real_data_sweep_paper_800_step_robust/model_artifacts/seed_1234/risk_cvar/proto_source_spot_delta_k_25_weighted_0_learnw_0,655.0,-0.7393627254026277,val_loss,0.4360024333000183,0.7020052075386047,0.41305803571428573,1.0,3139.0,20.0,2.0,spot_delta,25.0,False,False,0.4747213125228882,1.2144742012023926
proto_source=spot_delta_k=25_weighted=0_learnw=0,val,1234,proto,1.7230387926101685,1.2448947429656982,-0.0763263925909996,0.1921866536140442,0.04523805156350136,1.4134914875030518,4.137890815734863,0.01488095238095238,-0.021169060841202736,1.7513163089752197,0.007108436431735754,0.44481244683265686,1.126819372177124,0.6961472034454346,1.0000001192092896,0.41179315476190476,0.09136904761904761,0.32042410714285713,1.0,,,cvar,/Users/yaniszaim/deephedging/.deephedging_real_runs/real_data_sweep_paper_800_step_robust/model_artifacts/seed_1234/risk_cvar/proto_source_spot_delta_k_25_weighted_0_learnw_0,655.0,-0.7393627254026277,val_loss,0.4360024333000183,0.7020052075386047,0.41305803571428573,1.0,672.0,20.0,2.0,spot_delta,25.0,False,False,0.4747213125228882,1.2144742012023926
proto_source=spot_delta_k=25_weighted=0_learnw=0,test,1234,proto,1.6373649835586548,1.2462230920791626,-0.11983440071344376,0.10142693668603897,-0.06094151362776756,1.3522855043411255,4.11326265335083,0.03115727002967359,-0.020197231322526932,1.6644660234451294,0.006903667002916336,0.4314075708389282,1.1268194913864136,0.6987549066543579,1.0000001192092896,0.4211053412462908,0.09306379821958458,0.32804154302670624,1.0,,,cvar,/Users/yaniszaim/deephedging/.deephedging_real_runs/real_data_sweep_paper_800_step_robust/model_artifacts/seed_1234/risk_cvar/proto_source_spot_delta_k_25_weighted_0_learnw_0,655.0,-0.7393627254026277,val_loss,0.4360024333000183,0.7020052075386047,0.41305803571428573,1.0,674.0,20.0,2.0,spot_delta,25.0,False,False,0.4747213125228882,1.2144742012023926
proto_source=spot_delta_k=50_weighted=1_learnw=0,train,1234,proto,1.6691441535949707,1.237539291381836,-0.12769494950771332,0.07714301347732544,-0.06032116338610649,1.4107600450515747,4.162681579589844,0.03122013380057343,-0.021356062963604927,1.6964733600616455,0.005973313469439745,0.3215215802192688,1.126819372177124,0.8319220542907715,1.0000001192092896,0.7033051927365404,0.10907136030582988,0.5942338324307104,1.0,,,cvar,/Users/yaniszaim/deephedging/.deephedging_real_runs/real_data_sweep_paper_800_step_robust/model_artifacts/seed_1234/risk_cvar/proto_source_spot_delta_k_50_weighted_1_learnw_0,750.0,-0.6905671497256983,val_loss,0.3360775411128998,0.8166675567626953,0.6803199404761905,1.0,3139.0,20.0,2.0,spot_delta,50.0,True,False,0.5307072401046753,1.4794942140579224
proto_source=spot_delta_k=50_weighted=1_learnw=0,val,1234,proto,1.6973921060562134,1.2049968242645264,-0.11724136769771576,0.1543627381324768,-0.012532107532024384,1.416549801826477,3.9775938987731934,0.023809523809523808,-0.021169060841202736,1.7245900630950928,0.006028797011822462,0.3252062201499939,1.126819372177124,0.8296918869018555,1.0,0.6989583333333333,0.1111235119047619,0.5878348214285715,1.0,,,cvar,/Users/yaniszaim/deephedging/.deephedging_real_runs/real_data_sweep_paper_800_step_robust/model_artifacts/seed_1234/risk_cvar/proto_source_spot_delta_k_50_weighted_1_learnw_0,750.0,-0.6905671497256983,val_loss,0.3360775411128998,0.8166675567626953,0.6803199404761905,1.0,672.0,20.0,2.0,spot_delta,50.0,True,False,0.5307072401046753,1.4794942140579224
proto_source=spot_delta_k=50_weighted=1_learnw=0,test,1234,proto,1.6231260299682617,1.2304050922393799,-0.1553361564874649,0.04823295399546623,-0.11483633518218994,1.367443561553955,4.0949273109436035,0.04154302670623145,-0.020197231322526932,1.6492209434509277,0.005897570867091417,0.3177878260612488,1.126819372177124,0.8336427807807922,1.0,0.7063798219584569,0.11313056379821959,0.5932492581602374,1.0,,,cvar,/Users/yaniszaim/deephedging/.deephedging_real_runs/real_data_sweep_paper_800_step_robust/model_artifacts/seed_1234/risk_cvar/proto_source_spot_delta_k_50_weighted_1_learnw_0,750.0,-0.6905671497256983,val_loss,0.3360775411128998,0.8166675567626953,0.6803199404761905,1.0,674.0,20.0,2.0,spot_delta,50.0,True,False,0.5307072401046753,1.4794942140579224
proto_source=spot_delta_k=50_weighted=0_learnw=0,train,1234,proto,1.678911566734314,1.209276556968689,-0.14356417953968048,0.08607572317123413,-0.06611628085374832,1.4386652708053589,4.127975940704346,0.03122013380057343,-0.021356062963604927,1.7066994905471802,0.006431831978261471,0.38183507323265076,1.126819372177124,0.8018040657043457,1.0000001192092896,0.6413905702453011,0.11013857916533928,0.5312519910799618,1.0,,,cvar,/Users/yaniszaim/deephedging/.deephedging_real_runs/real_data_sweep_paper_800_step_robust/model_artifacts/seed_1234/risk_cvar/proto_source_spot_delta_k_50_weighted_0_learnw_0,794.0,-0.7273798178845927,val_loss,0.3839322030544281,0.8058924078941345,0.6474702380952381,1.0,3139.0,20.0,2.0,spot_delta,50.0,False,False,0.7932376861572266,1.5217427015304565
proto_source=spot_delta_k=50_weighted=0_learnw=0,val,1234,proto,1.7022087574005127,1.208923578262329,-0.10904429852962494,0.17644035816192627,-0.0251998919993639,1.5036213397979736,4.08815336227417,0.023809523809523808,-0.021169060841202736,1.7298671007156372,0.006489208899438381,0.3857700526714325,1.126819372177124,0.7998862862586975,1.0000001192092896,0.6376488095238095,0.11116071428571428,0.5264880952380953,1.0,,,cvar,/Users/yaniszaim/deephedging/.deephedging_real_runs/real_data_sweep_paper_800_step_robust/model_artifacts/seed_1234/risk_cvar/proto_source_spot_delta_k_50_weighted_0_learnw_0,794.0,-0.7273798178845927,val_loss,0.3839322030544281,0.8058924078941345,0.6474702380952381,1.0,672.0,20.0,2.0,spot_delta,50.0,False,False,0.7932376861572266,1.5217427015304565
proto_source=spot_delta_k=50_weighted=0_learnw=0,test,1234,proto,1.6081392765045166,1.2139465808868408,-0.3506161570549011,0.04532727599143982,-0.14745716750621796,1.3691375255584717,3.930140972137451,0.040059347181008904,-0.020197231322526932,1.6346397399902344,0.006303219124674797,0.3741348087787628,1.126819372177124,0.8058969974517822,1.0000001192092896,0.6467359050445104,0.11505934718100891,0.5316765578635014,1.0,,,cvar,/Users/yaniszaim/deephedging/.deephedging_real_runs/real_data_sweep_paper_800_step_robust/model_artifacts/seed_1234/risk_cvar/proto_source_spot_delta_k_50_weighted_0_learnw_0,794.0,-0.7273798178845927,val_loss,0.3839322030544281,0.8058924078941345,0.6474702380952381,1.0,674.0,20.0,2.0,spot_delta,50.0,False,False,0.7932376861572266,1.5217427015304565
proto_source=spot_delta_k=100_weighted=1_learnw=0,train,1234,proto,1.6883163452148438,1.256514310836792,-0.19357091188430786,0.12842927873134613,-0.08599761873483658,1.4143035411834717,4.206448078155518,0.0273972602739726,-0.021356062963604927,1.7159699201583862,0.006297548301517963,0.345427006483078,1.1268196105957031,0.5690000057220459,1.0000001192092896,0.3012344695762982,0.10332112137623448,0.1979133482000637,1.0,,,cvar,/Users/yaniszaim/deephedging/.deephedging_real_runs/real_data_sweep_paper_800_step_robust/model_artifacts/seed_1234/risk_cvar/proto_source_spot_delta_k_100_weighted_1_learnw_0,734.0,-0.7922049809495607,val_loss,0.3565600514411926,0.5999634265899658,0.2864583333333333,1.0,3139.0,20.0,2.0,spot_delta,100.0,True,False,0.9183282256126404,1.5608609914779663
proto_source=spot_delta_k=100_weighted=1_learnw=0,val,1234,proto,1.7500370740890503,1.2360411882400513,-0.04873807355761528,0.22902435064315796,0.051576558500528336,1.506157636642456,4.2228169441223145,0.01636904761904762,-0.021169060841202736,1.7776013612747192,0.006395122967660427,0.351365327835083,1.1268194913864136,0.5661596655845642,1.0000001192092896,0.2954985119047619,0.10632440476190476,0.18917410714285715,1.0,,,cvar,/Users/yaniszaim/deephedging/.deephedging_real_runs/real_data_sweep_paper_800_step_robust/model_artifacts/seed_1234/risk_cvar/proto_source_spot_delta_k_100_weighted_1_learnw_0,734.0,-0.7922049809495607,val_loss,0.3565600514411926,0.5999634265899658,0.2864583333333333,1.0,672.0,20.0,2.0,spot_delta,100.0,True,False,0.9183282256126404,1.5608609914779663
proto_source=spot_delta_k=100_weighted=1_learnw=0,test,1234,proto,1.650981068611145,1.2484647035598755,-0.19733090698719025,0.09559173882007599,-0.11967650800943375,1.4060744047164917,4.126075267791748,0.03412462908011869,-0.020197231322526932,1.6774322986602783,0.006254072301089764,0.3435300290584564,1.1268196105957031,0.5663164258003235,1.0,0.30467359050445103,0.10489614243323442,0.1997774480712166,1.0,,,cvar,/Users/yaniszaim/deephedging/.deephedging_real_runs/real_data_sweep_paper_800_step_robust/model_artifacts/seed_1234/risk_cvar/proto_source_spot_delta_k_100_weighted_1_learnw_0,734.0,-0.7922049809495607,val_loss,0.3565600514411926,0.5999634265899658,0.2864583333333333,1.0,674.0,20.0,2.0,spot_delta,100.0,True,False,0.9183282256126404,1.5608609914779663
proto_source=spot_delta_k=100_weighted=0_learnw=0,train,1234,proto,1.7067234516143799,1.2510242462158203,-0.1281798630952835,0.11344882845878601,-0.042333051562309265,1.4460515975952148,4.271885395050049,0.028990124243389613,-0.021356062963604927,1.7340738773345947,0.0059945001266896725,0.3238345682621002,1.1268194913864136,0.8509968519210815,1.0000001192092896,0.7466470213443772,0.1049060210258044,0.6417410003185728,1.0,,,cvar,/Users/yaniszaim/deephedging/.deephedging_real_runs/real_data_sweep_paper_800_step_robust/model_artifacts/seed_1234/risk_cvar/proto_source_spot_delta_k_100_weighted_0_learnw_0,794.0,-0.7070498359771001,val_loss,0.3276258707046509,0.8449389338493347,0.7326636904761905,1.0,3139.0,20.0,2.0,spot_delta,100.0,False,False,0.5261654257774353,1.5128189325332642
proto_source=spot_delta_k=100_weighted=0_learnw=0,val,1234,proto,1.7398347854614258,1.2366551160812378,-0.10841016471385956,0.18561585247516632,0.01340627670288086,1.4913147687911987,4.101565837860107,0.020833333333333332,-0.021169060841202736,1.767080545425415,0.006076726131141186,0.32943248748779297,1.126819372177124,0.8480303287506104,1.0000001192092896,0.739657738095238,0.10658482142857142,0.6330729166666667,1.0,,,cvar,/Users/yaniszaim/deephedging/.deephedging_real_runs/real_data_sweep_paper_800_step_robust/model_artifacts/seed_1234/risk_cvar/proto_source_spot_delta_k_100_weighted_0_learnw_0,794.0,-0.7070498359771001,val_loss,0.3276258707046509,0.8449389338493347,0.7326636904761905,1.0,672.0,20.0,2.0,spot_delta,100.0,False,False,0.5261654257774353,1.5128189325332642
proto_source=spot_delta_k=100_weighted=0_learnw=0,test,1234,proto,1.6497273445129395,1.2583420276641846,-0.18795469403266907,0.0171879343688488,-0.10578101873397827,1.389695167541504,4.279933929443359,0.04154302670623145,-0.020197231322526932,1.6758391857147217,0.005914562381803989,0.3199042081832886,1.126819372177124,0.8532077074050903,1.0000001192092896,0.7501112759643916,0.10879080118694362,0.641320474777448,1.0,,,cvar,/Users/yaniszaim/deephedging/.deephedging_real_runs/real_data_sweep_paper_800_step_robust/model_artifacts/seed_1234/risk_cvar/proto_source_spot_delta_k_100_weighted_0_learnw_0,794.0,-0.7070498359771001,val_loss,0.3276258707046509,0.8449389338493347,0.7326636904761905,1.0,674.0,20.0,2.0,spot_delta,100.0,False,False,0.5261654257774353,1.5128189325332642
proto_source=vanilla_k=10_weighted=1_learnw=0,train,1234,proto,1.6380255222320557,1.2926119565963745,-0.5121564269065857,0.004532405640929937,-0.2717401087284088,1.4233394861221313,4.153623580932617,0.04969735584581077,-0.021356062963604927,1.6666147708892822,0.007233195938169956,0.4213291108608246,1.126819372177124,0.5607075691223145,1.0000001192092896,0.24709302325581395,0.07992991398534566,0.1671631092704683,1.0,,,cvar,/Users/yaniszaim/deephedging/.deephedging_real_runs/real_data_sweep_paper_800_step_robust/model_artifacts/seed_1234/risk_cvar/proto_source_vanilla_k_10_weighted_1_learnw_0,533.0,-0.7648965479362578,val_loss,0.3719449043273926,0.6670741438865662,0.3425967261904762,1.0,3139.0,20.0,2.0,vanilla,10.0,True,False,0.771793007850647,1.1337578296661377
proto_source=vanilla_k=10_weighted=1_learnw=0,val,1234,proto,1.6817891597747803,1.2828764915466309,-0.45254912972450256,0.019355032593011856,-0.2269323766231537,1.4255268573760986,4.078042030334473,0.047619047619047616,-0.021169060841202736,1.7101991176605225,0.007240613456815481,0.42321446537971497,1.126819372177124,0.5615885853767395,1.0000001192092896,0.24110863095238094,0.08151041666666667,0.15959821428571427,1.0,,,cvar,/Users/yaniszaim/deephedging/.deephedging_real_runs/real_data_sweep_paper_800_step_robust/model_artifacts/seed_1234/risk_cvar/proto_source_vanilla_k_10_weighted_1_learnw_0,533.0,-0.7648965479362578,val_loss,0.3719449043273926,0.6670741438865662,0.3425967261904762,1.0,672.0,20.0,2.0,vanilla,10.0,True,False,0.771793007850647,1.1337578296661377
proto_source=vanilla_k=10_weighted=1_learnw=0,test,1234,proto,1.5844659805297852,1.2755199670791626,-0.4900516867637634,-0.00154669932089746,-0.2846681773662567,1.3803454637527466,4.131814002990723,0.050445103857566766,-0.020197231322526932,1.611802101135254,0.007138941437005997,0.4170592725276947,1.126819372177124,0.563159704208374,1.0000001192092896,0.25077893175074184,0.08186201780415431,0.16891691394658753,1.0,,,cvar,/Users/yaniszaim/deephedging/.deephedging_real_runs/real_data_sweep_paper_800_step_robust/model_artifacts/seed_1234/risk_cvar/proto_source_vanilla_k_10_weighted_1_learnw_0,533.0,-0.7648965479362578,val_loss,0.3719449043273926,0.6670741438865662,0.3425967261904762,1.0,674.0,20.0,2.0,vanilla,10.0,True,False,0.771793007850647,1.1337578296661377
proto_source=vanilla_k=10_weighted=0_learnw=0,train,1234,proto,1.6030088663101196,1.269892692565918,-0.35505521297454834,-0.010119611397385597,-0.23436233401298523,1.3675768375396729,4.180816650390625,0.05256451099076139,-0.021356062963604927,1.6313475370407104,0.006982589606195688,0.4071006178855896,1.1260395050048828,0.6843745708465576,1.0000001192092896,0.36632685568652434,0.07741318891366678,0.2889136667728576,1.0,,,cvar,/Users/yaniszaim/deephedging/.deephedging_real_runs/real_data_sweep_paper_800_step_robust/model_artifacts/seed_1234/risk_cvar/proto_source_vanilla_k_10_weighted_0_learnw_0,743.0,-0.7569960642854373,val_loss,0.41781145334243774,0.6593097448348999,0.3567708333333333,1.0,3139.0,20.0,2.0,vanilla,10.0,False,False,0.7990117073059082,1.2958052158355713
proto_source=vanilla_k=10_weighted=0_learnw=0,val,1234,proto,1.676471471786499,1.2540900707244873,-0.21255970001220703,0.05582689493894577,-0.1238725334405899,1.469098687171936,4.1312713623046875,0.03869047619047619,-0.021169060841202736,1.7046995162963867,0.007059137802571058,0.41353723406791687,1.1260393857955933,0.6853469014167786,1.0000001192092896,0.3640997023809524,0.07730654761904762,0.28679315476190476,1.0,,,cvar,/Users/yaniszaim/deephedging/.deephedging_real_runs/real_data_sweep_paper_800_step_robust/model_artifacts/seed_1234/risk_cvar/proto_source_vanilla_k_10_weighted_0_learnw_0,743.0,-0.7569960642854373,val_loss,0.41781145334243774,0.6593097448348999,0.3567708333333333,1.0,672.0,20.0,2.0,vanilla,10.0,False,False,0.7990117073059082,1.2958052158355713
proto_source=vanilla_k=10_weighted=0_learnw=0,test,1234,proto,1.5661932229995728,1.2803046703338623,-0.5030216574668884,-0.041108954697847366,-0.2894584834575653,1.3153443336486816,4.0945539474487305,0.0712166172106825,-0.020197231322526932,1.5932917594909668,0.006901197601109743,0.40230855345726013,1.1260393857955933,0.688173770904541,1.0000001192092896,0.37340504451038575,0.0803412462908012,0.29306379821958456,1.0,,,cvar,/Users/yaniszaim/deephedging/.deephedging_real_runs/real_data_sweep_paper_800_step_robust/model_artifacts/seed_1234/risk_cvar/proto_source_vanilla_k_10_weighted_0_learnw_0,743.0,-0.7569960642854373,val_loss,0.41781145334243774,0.6593097448348999,0.3567708333333333,1.0,674.0,20.0,2.0,vanilla,10.0,False,False,0.7990117073059082,1.2958052158355713
proto_source=vanilla_k=25_weighted=1_learnw=0,train,1234,proto,1.6670945882797241,1.2520155906677246,-0.17572422325611115,0.09431637823581696,-0.10305165499448776,1.4322282075881958,4.219390869140625,0.034087288945524055,-0.021356062963604927,1.6950256824493408,0.0065751452930271626,0.37825456261634827,1.1268194913864136,0.7244118452072144,1.0000001192092896,0.4711691621535521,0.07645747053201657,0.3947116916215355,1.0,,,cvar,/Users/yaniszaim/deephedging/.deephedging_real_runs/real_data_sweep_paper_800_step_robust/model_artifacts/seed_1234/risk_cvar/proto_source_vanilla_k_25_weighted_1_learnw_0,707.0,-0.7041482353565238,val_loss,0.37184545397758484,0.7141510248184204,0.43467261904761906,1.0,3139.0,20.0,2.0,vanilla,25.0,True,False,0.7796940803527832,1.2335395812988281
proto_source=vanilla_k=25_weighted=1_learnw=0,val,1234,proto,1.696234941482544,1.2256766557693481,-0.1275894194841385,0.12103299796581268,-0.0225668977946043,1.425931692123413,4.076082229614258,0.026785714285714284,-0.021169060841202736,1.7240211963653564,0.006617081817239523,0.38179996609687805,1.1268194913864136,0.7244938611984253,1.0000001192092896,0.4674479166666667,0.0800595238095238,0.3873883928571429,1.0,,,cvar,/Users/yaniszaim/deephedging/.deephedging_real_runs/real_data_sweep_paper_800_step_robust/model_artifacts/seed_1234/risk_cvar/proto_source_vanilla_k_25_weighted_1_learnw_0,707.0,-0.7041482353565238,val_loss,0.37184545397758484,0.7141510248184204,0.43467261904761906,1.0,672.0,20.0,2.0,vanilla,25.0,True,False,0.7796940803527832,1.2335395812988281
proto_source=vanilla_k=25_weighted=1_learnw=0,test,1234,proto,1.599062204360962,1.2377334833145142,-0.22228924930095673,0.06779105216264725,-0.1214689239859581,1.353763222694397,4.1306915283203125,0.03412462908011869,-0.020197231322526932,1.625745415687561,0.006486173719167709,0.37382468581199646,1.1268194913864136,0.7288532257080078,1.0000001192092896,0.4741097922848665,0.08100890207715133,0.39310089020771516,1.0,,,cvar,/Users/yaniszaim/deephedging/.deephedging_real_runs/real_data_sweep_paper_800_step_robust/model_artifacts/seed_1234/risk_cvar/proto_source_vanilla_k_25_weighted_1_learnw_0,707.0,-0.7041482353565238,val_loss,0.37184545397758484,0.7141510248184204,0.43467261904761906,1.0,674.0,20.0,2.0,vanilla,25.0,True,False,0.7796940803527832,1.2335395812988281
proto_source=vanilla_k=25_weighted=0_learnw=0,train,1234,proto,1.671608328819275,1.2221641540527344,-0.11354483664035797,0.12875118851661682,-0.02868284471333027,1.4381588697433472,4.154138088226318,0.02293724115960497,-0.021356062963604927,1.6991606950759888,0.0061961570754647255,0.3482218384742737,1.1266595125198364,0.604283332824707,1.0000001192092896,0.26984708505893595,0.09550812360624403,0.17433896145269193,0.9993628544122332,,,cvar,/Users/yaniszaim/deephedging/.deephedging_real_runs/real_data_sweep_paper_800_step_robust/model_artifacts/seed_1234/risk_cvar/proto_source_vanilla_k_25_weighted_0_learnw_0,525.0,-0.7900175830579939,val_loss,0.34957122802734375,0.577847421169281,0.24534970238095238,1.0,3139.0,20.0,2.0,vanilla,25.0,False,False,0.7548159956932068,1.1755708456039429
proto_source=vanilla_k=25_weighted=0_learnw=0,val,1234,proto,1.7142497301101685,1.1926918029785156,-0.11740515381097794,0.20124593377113342,-0.001519003533758223,1.5133349895477295,4.063811779022217,0.019345238095238096,-0.021169060841202736,1.7416621446609497,0.0062432787381112576,0.3510136604309082,1.1266593933105469,0.6096827387809753,1.0000001192092896,0.2683779761904762,0.0984375,0.1699404761904762,1.0,,,cvar,/Users/yaniszaim/deephedging/.deephedging_real_runs/real_data_sweep_paper_800_step_robust/model_artifacts/seed_1234/risk_cvar/proto_source_vanilla_k_25_weighted_0_learnw_0,525.0,-0.7900175830579939,val_loss,0.34957122802734375,0.577847421169281,0.24534970238095238,1.0,672.0,20.0,2.0,vanilla,25.0,False,False,0.7548159956932068,1.1755708456039429
proto_source=vanilla_k=25_weighted=0_learnw=0,test,1234,proto,1.6245993375778198,1.224374532699585,-0.15283814072608948,0.07261745631694794,-0.08691848814487457,1.420677661895752,3.992619514465332,0.02967359050445104,-0.020197231322526932,1.6509002447128296,0.006103632505983114,0.3433611989021301,1.1266593933105469,0.6094563603401184,1.0000001192092896,0.27288575667655784,0.0974406528189911,0.17544510385756676,1.0,,,cvar,/Users/yaniszaim/deephedging/.deephedging_real_runs/real_data_sweep_paper_800_step_robust/model_artifacts/seed_1234/risk_cvar/proto_source_vanilla_k_25_weighted_0_learnw_0,525.0,-0.7900175830579939,val_loss,0.34957122802734375,0.577847421169281,0.24534970238095238,1.0,674.0,20.0,2.0,vanilla,25.0,False,False,0.7548159956932068,1.1755708456039429
proto_source=vanilla_k=50_weighted=1_learnw=0,train,1234,proto,1.4922797679901123,1.077520489692688,-0.11432832479476929,0.08925315737724304,-0.05672942474484444,1.283758521080017,3.5928070545196533,0.03185727938834024,-0.021356062963604927,1.5191476345062256,0.005511775612831116,0.3142959177494049,1.1268194913864136,0.6707645654678345,1.0000001192092896,0.40498566422427523,0.08085377508760752,0.32413188913666774,1.0,,,cvar,/Users/yaniszaim/deephedging/.deephedging_real_runs/real_data_sweep_paper_800_step_robust/model_artifacts/seed_1234/risk_cvar/proto_source_vanilla_k_50_weighted_1_learnw_0,580.0,-0.7486702308129697,val_loss,0.3376055061817169,0.6595906615257263,0.3566220238095238,1.0,3139.0,20.0,2.0,vanilla,50.0,True,False,0.6766282916069031,1.2374134063720703
proto_source=vanilla_k=50_weighted=1_learnw=0,val,1234,proto,1.5375627279281616,1.0730491876602173,-0.04539300128817558,0.13254664838314056,0.009709452278912067,1.3500441312789917,3.645559310913086,0.022321428571428572,-0.021169060841202736,1.5643397569656372,0.0056078871712088585,0.32083797454833984,1.126819372177124,0.6681200265884399,1.0000001192092896,0.397172619047619,0.0826264880952381,0.31454613095238093,1.0,,,cvar,/Users/yaniszaim/deephedging/.deephedging_real_runs/real_data_sweep_paper_800_step_robust/model_artifacts/seed_1234/risk_cvar/proto_source_vanilla_k_50_weighted_1_learnw_0,580.0,-0.7486702308129697,val_loss,0.3376055061817169,0.6595906615257263,0.3566220238095238,1.0,672.0,20.0,2.0,vanilla,50.0,True,False,0.6766282916069031,1.2374134063720703
proto_source=vanilla_k=50_weighted=1_learnw=0,test,1234,proto,1.4689571857452393,1.092041015625,-0.09274116158485413,0.038021381944417953,-0.05891424044966698,1.3124709129333496,3.6503138542175293,0.03560830860534125,-0.020197231322526932,1.4946092367172241,0.0054549057967960835,0.3119055926799774,1.126819372177124,0.6725656390190125,1.0000001192092896,0.4080860534124629,0.08393916913946588,0.32414688427299704,1.0,,,cvar,/Users/yaniszaim/deephedging/.deephedging_real_runs/real_data_sweep_paper_800_step_robust/model_artifacts/seed_1234/risk_cvar/proto_source_vanilla_k_50_weighted_1_learnw_0,580.0,-0.7486702308129697,val_loss,0.3376055061817169,0.6595906615257263,0.3566220238095238,1.0,674.0,20.0,2.0,vanilla,50.0,True,False,0.6766282916069031,1.2374134063720703
proto_source=vanilla_k=50_weighted=0_learnw=0,train,1234,proto,1.6143797636032104,1.142904281616211,-0.1365484744310379,0.12734198570251465,-0.05111109837889671,1.4174270629882812,3.9317150115966797,0.028990124243389613,-0.021356062963604927,1.6420316696166992,0.0062958854250609875,0.3619363009929657,1.1268194913864136,0.5425980091094971,1.0000001192092896,0.20375915896782415,0.07832908569608156,0.1254300732717426,0.9987257088244664,,,cvar,/Users/yaniszaim/deephedging/.deephedging_real_runs/real_data_sweep_paper_800_step_robust/model_artifacts/seed_1234/risk_cvar/proto_source_vanilla_k_50_weighted_0_learnw_0,710.0,-0.7923837247419925,val_loss,0.3615681827068329,0.499785840511322,0.1933779761904762,1.0,3139.0,20.0,2.0,vanilla,50.0,False,False,0.6610115766525269,1.1767361164093018
proto_source=vanilla_k=50_weighted=0_learnw=0,val,1234,proto,1.6307355165481567,1.1251572370529175,-0.13140498101711273,0.14279630780220032,-0.03129792958498001,1.4502625465393066,3.8619163036346436,0.023809523809523808,-0.021169060841202736,1.6582491397857666,0.0063445083796978,0.365412175655365,1.1268194913864136,0.5468971729278564,1.0,0.20037202380952382,0.08128720238095238,0.11908482142857142,1.0,,,cvar,/Users/yaniszaim/deephedging/.deephedging_real_runs/real_data_sweep_paper_800_step_robust/model_artifacts/seed_1234/risk_cvar/proto_source_vanilla_k_50_weighted_0_learnw_0,710.0,-0.7923837247419925,val_loss,0.3615681827068329,0.499785840511322,0.1933779761904762,1.0,672.0,20.0,2.0,vanilla,50.0,False,False,0.6610115766525269,1.1767361164093018
proto_source=vanilla_k=50_weighted=0_learnw=0,test,1234,proto,1.5834035873413086,1.1341547966003418,-0.19490288197994232,0.050768665969371796,-0.11956725269556046,1.4577481746673584,3.787026882171631,0.03560830860534125,-0.020197231322526932,1.6098668575286865,0.0062662516720592976,0.3608696162700653,1.126819372177124,0.5439008474349976,1.0,0.20426557863501485,0.07870919881305638,0.12555637982195847,1.0,,,cvar,/Users/yaniszaim/deephedging/.deephedging_real_runs/real_data_sweep_paper_800_step_robust/model_artifacts/seed_1234/risk_cvar/proto_source_vanilla_k_50_weighted_0_learnw_0,710.0,-0.7923837247419925,val_loss,0.3615681827068329,0.499785840511322,0.1933779761904762,1.0,674.0,20.0,2.0,vanilla,50.0,False,False,0.6610115766525269,1.1767361164093018
proto_source=vanilla_k=100_weighted=1_learnw=0,train,1234,proto,1.6075326204299927,1.2064462900161743,-0.17478841543197632,0.0836247056722641,-0.09360852837562561,1.3436036109924316,4.021544456481934,0.034724434533290854,-0.021356062963604927,1.6349238157272339,0.006035275757312775,0.3344186246395111,1.1266964673995972,0.7603374123573303,1.0000001192092896,0.4349155782096209,0.10147339917171073,0.3334421790379102,1.0,,,cvar,/Users/yaniszaim/deephedging/.deephedging_real_runs/real_data_sweep_paper_800_step_robust/model_artifacts/seed_1234/risk_cvar/proto_source_vanilla_k_100_weighted_1_learnw_0,795.0,-0.795447375483456,val_loss,0.3619249165058136,0.6219896674156189,0.26990327380952384,1.0,3139.0,20.0,2.0,vanilla,100.0,True,False,0.5431230068206787,1.1672810316085815
proto_source=vanilla_k=100_weighted=1_learnw=0,val,1234,proto,1.6521207094192505,1.1782822608947754,-0.12692008912563324,0.10279037058353424,-0.0651450976729393,1.4372907876968384,3.885054111480713,0.03273809523809524,-0.021169060841202736,1.6793993711471558,0.006109836045652628,0.3386959731578827,1.126695990562439,0.7616797089576721,1.0000001192092896,0.4390625,0.10658482142857142,0.33247767857142857,1.0,,,cvar,/Users/yaniszaim/deephedging/.deephedging_real_runs/real_data_sweep_paper_800_step_robust/model_artifacts/seed_1234/risk_cvar/proto_source_vanilla_k_100_weighted_1_learnw_0,795.0,-0.795447375483456,val_loss,0.3619249165058136,0.6219896674156189,0.26990327380952384,1.0,672.0,20.0,2.0,vanilla,100.0,True,False,0.5431230068206787,1.1672810316085815
proto_source=vanilla_k=100_weighted=1_learnw=0,test,1234,proto,1.5648678541183472,1.228026270866394,-0.14637120068073273,0.015805087983608246,-0.10384058207273483,1.3456716537475586,4.06288480758667,0.04302670623145401,-0.020197231322526932,1.5910059213638306,0.005940910428762436,0.3294302821159363,1.1266963481903076,0.7616602778434753,1.0000001192092896,0.4359421364985163,0.10408011869436201,0.3318620178041543,1.0,,,cvar,/Users/yaniszaim/deephedging/.deephedging_real_runs/real_data_sweep_paper_800_step_robust/model_artifacts/seed_1234/risk_cvar/proto_source_vanilla_k_100_weighted_1_learnw_0,795.0,-0.795447375483456,val_loss,0.3619249165058136,0.6219896674156189,0.26990327380952384,1.0,674.0,20.0,2.0,vanilla,100.0,True,False,0.5431230068206787,1.1672810316085815
proto_source=vanilla_k=100_weighted=0_learnw=0,train,1234,proto,1.3608218431472778,1.0455518960952759,-0.16795478761196136,0.028774866834282875,-0.0957847386598587,1.1628538370132446,3.4565658569335938,0.0407773176170755,-0.021356062963604927,1.3873425722122192,0.00516450684517622,0.28267377614974976,1.1227003335952759,0.7316622734069824,1.0000001192092896,0.4321439949028353,0.09490283529786556,0.33724115960496975,1.0,,,cvar,/Users/yaniszaim/deephedging/.deephedging_real_runs/real_data_sweep_paper_800_step_robust/model_artifacts/seed_1234/risk_cvar/proto_source_vanilla_k_100_weighted_0_learnw_0,602.0,-0.7726308094745591,val_loss,0.33347243070602417,0.6513085961341858,0.2853422619047619,1.0,3139.0,20.0,2.0,vanilla,100.0,False,False,0.5357654094696045,1.1253873109817505
proto_source=vanilla_k=100_weighted=0_learnw=0,val,1234,proto,1.4032548666000366,1.059775471687317,-0.1505027413368225,0.024481266736984253,-0.09972790628671646,1.182335615158081,3.4604625701904297,0.041666666666666664,-0.021169060841202736,1.429630160331726,0.005206379573792219,0.2857755720615387,1.1227003335952759,0.7295413613319397,1.0000001192092896,0.43203125,0.09743303571428572,0.3345982142857143,1.0,,,cvar,/Users/yaniszaim/deephedging/.deephedging_real_runs/real_data_sweep_paper_800_step_robust/model_artifacts/seed_1234/risk_cvar/proto_source_vanilla_k_100_weighted_0_learnw_0,602.0,-0.7726308094745591,val_loss,0.33347243070602417,0.6513085961341858,0.2853422619047619,1.0,672.0,20.0,2.0,vanilla,100.0,False,False,0.5357654094696045,1.1253873109817505
proto_source=vanilla_k=100_weighted=0_learnw=0,test,1234,proto,1.3365885019302368,1.0792176723480225,-0.20345808565616608,0.010297197848558426,-0.12307780236005783,1.1044073104858398,3.550447940826416,0.04747774480712166,-0.020197231322526932,1.3619004487991333,0.0051146503537893295,0.27983641624450684,1.1227002143859863,0.7344093322753906,1.0000001192092896,0.43568249258160235,0.0990727002967359,0.3366097922848665,1.0,,,cvar,/Users/yaniszaim/deephedging/.deephedging_real_runs/real_data_sweep_paper_800_step_robust/model_artifacts/seed_1234/risk_cvar/proto_source_vanilla_k_100_weighted_0_learnw_0,602.0,-0.7726308094745591,val_loss,0.33347243070602417,0.6513085961341858,0.2853422619047619,1.0,674.0,20.0,2.0,vanilla,100.0,False,False,0.5357654094696045,1.1253873109817505
unhedged,train,2345,baseline,-0.0207765381783247,0.025215135887265205,-0.10518165677785873,-0.06739944219589233,-0.09148439764976501,-0.014331340789794922,0.0,0.6553042370181587,-0.0207765381783247,0.0,0.0,0.0,0.0,0.0,0.0,0.0,0.0,0.0,0.0,,,,,,,,,,,,,,,,,,,,
spot_delta,train,2345,baseline,-0.020669974386692047,0.02542760781943798,-0.10064420849084854,-0.065250463783741,-0.09034782648086548,-0.01591292954981327,0.007906924933195114,0.8174577891048105,-0.0207765381783247,0.0003271228342782706,0.0002205589844379574,0.027572238817811012,0.9999939799308777,0.4969050884246826,0.9999939799308777,0.011277476903472444,0.011277476903472444,0.0,0.31857279388340237,,,,,,,,,,,,,,,,,,,,
spot_delta_band,train,2345,baseline,-0.020630329847335815,0.025354860350489616,-0.09906547516584396,-0.06510793417692184,-0.09022022038698196,-0.01582999713718891,0.007778358180075884,0.817139216310927,-0.0207765381783247,0.0003441614389885217,0.00019795251137111336,0.024748053401708603,0.979993999004364,0.48912230134010315,0.979993999004364,0.0,0.0,0.0,0.0,0.02,gains_mean,,,,,,,,,,,,,,,,,,
unhedged,val,2345,baseline,-0.02243066392838955,0.02886081114411354,-0.12388939410448074,-0.06847984343767166,-0.1053505539894104,-0.01440495252609253,0.0,0.6458333333333334,-0.02243066392838955,0.0,0.0,0.0,0.0,0.0,0.0,0.0,0.0,0.0,0.0,,,,,,,,,,,,,,,,,,,,
spot_delta,val,2345,baseline,-0.02175407111644745,0.029462384060025215,-0.13142254948616028,-0.06977257132530212,-0.10582238435745239,-0.015353343449532986,0.009885030798614025,0.7976190476190477,-0.02243066392838955,0.0008962368010543287,0.00021964433835819364,0.02745954878628254,0.9999939799308777,0.4970055818557739,0.9999939799308777,0.01212797619047619,0.01212797619047619,0.0,0.33035714285714285,,,,,,,,,,,,,,,,,,,,
spot_delta_band,val,2345,baseline,-0.02172735705971718,0.02941710874438286,-0.13068440556526184,-0.06941681355237961,-0.10577206313610077,-0.01517460122704506,0.009722288697957993,0.8005952380952381,-0.02243066392838955,0.0009008763008750975,0.00019756921392399818,0.024701202288269997,0.979993999004364,0.4891858398914337,0.979993999004364,0.0,0.0,0.0,0.0,0.02,gains_mean,,,,,,,,,,,,,,,,,,
unhedged,test,2345,baseline,-0.02163837105035782,0.02623189426958561,-0.1149120032787323,-0.06943616271018982,-0.09809429198503494,-0.01486814022064209,0.0,0.6528189910979229,-0.02163837105035782,0.0,0.0,0.0,0.0,0.0,0.0,0.0,0.0,0.0,0.0,,,,,,,,,,,,,,,,,,,,
spot_delta,test,2345,baseline,-0.02171587198972702,0.025831282138824463,-0.10435615479946136,-0.06812535971403122,-0.09304940700531006,-0.017091330140829086,0.00813199020922184,0.8323442136498517,-0.02163837105035782,0.00014360099157784134,0.00022110325517132878,0.02764100581407547,0.9999939799308777,0.4967779815196991,0.9999939799308777,0.011683976261127596,0.011683976261127596,0.0,0.33827893175074186,,,,,,,,,,,,,,,,,,,,
spot_delta_band,test,2345,baseline,-0.021670950576663017,0.025757912546396255,-0.10447174310684204,-0.06795750558376312,-0.0929805263876915,-0.016894202679395676,0.007866518571972847,0.827893175074184,-0.02163837105035782,0.0001656076783547178,0.00019818739383481443,0.024777408689260483,0.979993999004364,0.48903539776802063,0.979993999004364,0.0,0.0,0.0,0.0,0.02,gains_mean,,,,,,,,,,,,,,,,,,
vanilla,train,2345,vanilla,1.7580126523971558,1.2253038883209229,-0.10588887333869934,0.1695408821105957,0.005761907901614904,1.5254395008087158,4.188286781311035,0.02261866836572157,-0.0207765381783247,1.7859878540039062,0.007198749575763941,0.46144500374794006,1.0,0.5822333693504333,1.0000001192092896,0.36947276202612295,0.19064192417967504,0.1788308378464479,1.0,,,cvar,/Users/yaniszaim/deephedging/.deephedging_real_runs/real_data_sweep_paper_800_step_robust/model_artifacts/seed_2345/risk_cvar/vanilla,785.0,-0.7560193248731749,val_loss,0.45560234785079956,0.5631486177444458,0.3611607142857143,1.0,3139.0,20.0,2.0,,,,,,
vanilla,val,2345,vanilla,1.7732794284820557,1.2281277179718018,-0.08463722467422485,0.17167755961418152,-0.00866390299052,1.5646939277648926,4.216053009033203,0.025297619047619048,-0.02243066392838955,1.8029215335845947,0.0072113401256501675,0.46100252866744995,1.0,0.5754624605178833,1.0,0.3645833333333333,0.18549107142857144,0.1790922619047619,1.0,,,cvar,/Users/yaniszaim/deephedging/.deephedging_real_runs/real_data_sweep_paper_800_step_robust/model_artifacts/seed_2345/risk_cvar/vanilla,785.0,-0.7560193248731749,val_loss,0.45560234785079956,0.5631486177444458,0.3611607142857143,1.0,672.0,20.0,2.0,,,,,,
vanilla,test,2345,vanilla,1.6939247846603394,1.2293701171875,-0.07176387310028076,0.16708362102508545,0.0001366210781270638,1.4504109621047974,4.183736801147461,0.02373887240356083,-0.02163837105035782,1.7227752208709717,0.007211943622678518,0.46286511421203613,1.0,0.5834783911705017,1.0,0.3740727002967359,0.19106083086053413,0.1830118694362018,1.0,,,cvar,/Users/yaniszaim/deephedging/.deephedging_real_runs/real_data_sweep_paper_800_step_robust/model_artifacts/seed_2345/risk_cvar/vanilla,785.0,-0.7560193248731749,val_loss,0.45560234785079956,0.5631486177444458,0.3611607142857143,1.0,674.0,20.0,2.0,,,,,,
proto_source=spot_delta_k=10_weighted=1_learnw=0,train,2345,proto,1.6276123523712158,1.2373054027557373,-0.2386891096830368,0.07079172879457474,-0.12811385095119476,1.37501859664917,4.142568111419678,0.03791016247212488,-0.0207765381783247,1.6547080278396606,0.006318954285234213,0.36629268527030945,1.1268194913864136,0.5651776790618896,1.0000001192092896,0.28005734310289904,0.06600031857279388,0.21405702453010514,0.9987257088244664,,,cvar,/Users/yaniszaim/deephedging/.deephedging_real_runs/real_data_sweep_paper_800_step_robust/model_artifacts/seed_2345/risk_cvar/proto_source_spot_delta_k_10_weighted_1_learnw_0,666.0,-0.7065162152264799,val_loss,0.3716260492801666,0.5782841444015503,0.27689732142857143,1.0,3139.0,20.0,2.0,spot_delta,10.0,True,False,0.7540057897567749,1.2961233854293823
proto_source=spot_delta_k=10_weighted=1_learnw=0,val,2345,proto,1.6357178688049316,1.2620792388916016,-0.33074378967285156,0.01583501510322094,-0.1806091070175171,1.371166467666626,4.206596374511719,0.049107142857142856,-0.02243066392838955,1.6644474267959595,0.0062991599552333355,0.36445486545562744,1.1268194913864136,0.5711153745651245,1.0000001192092896,0.2786830357142857,0.06316964285714285,0.21551339285714285,0.9970238095238095,,,cvar,/Users/yaniszaim/deephedging/.deephedging_real_runs/real_data_sweep_paper_800_step_robust/model_artifacts/seed_2345/risk_cvar/proto_source_spot_delta_k_10_weighted_1_learnw_0,666.0,-0.7065162152264799,val_loss,0.3716260492801666,0.5782841444015503,0.27689732142857143,1.0,672.0,20.0,2.0,spot_delta,10.0,True,False,0.7540057897567749,1.2961233854293823
proto_source=spot_delta_k=10_weighted=1_learnw=0,test,2345,proto,1.5829349756240845,1.2434654235839844,-0.404156893491745,0.0933174416422844,-0.13311046361923218,1.2878482341766357,4.256850242614746,0.028189910979228485,-0.02163837105035782,1.6108639240264893,0.006290464196354151,0.36392104625701904,1.1268194913864136,0.5713343620300293,1.0000001192092896,0.28301186943620177,0.06899109792284866,0.2140207715133531,1.0,,,cvar,/Users/yaniszaim/deephedging/.deephedging_real_runs/real_data_sweep_paper_800_step_robust/model_artifacts/seed_2345/risk_cvar/proto_source_spot_delta_k_10_weighted_1_learnw_0,666.0,-0.7065162152264799,val_loss,0.3716260492801666,0.5782841444015503,0.27689732142857143,1.0,674.0,20.0,2.0,spot_delta,10.0,True,False,0.7540057897567749,1.2961233854293823
proto_source=spot_delta_k=10_weighted=0_learnw=0,train,2345,proto,1.7366149425506592,1.2182590961456299,-0.08474436402320862,0.15952809154987335,-0.011658442206680775,1.48843514919281,4.127007484436035,0.01879579483912074,-0.0207765381783247,1.7638201713562012,0.006428641267120838,0.3764600157737732,1.126819372177124,0.5087000131607056,1.0000001192092896,0.22171870022300097,0.08156259955399808,0.14015610066900286,0.9987257088244664,,,cvar,/Users/yaniszaim/deephedging/.deephedging_real_runs/real_data_sweep_paper_800_step_robust/model_artifacts/seed_2345/risk_cvar/proto_source_spot_delta_k_10_weighted_0_learnw_0,732.0,-0.7548820847769577,val_loss,0.376415878534317,0.5016444325447083,0.21432291666666667,0.9985119047619048,3139.0,20.0,2.0,spot_delta,10.0,False,False,0.6438909769058228,1.143812894821167
proto_source=spot_delta_k=10_weighted=0_learnw=0,val,2345,proto,1.7364089488983154,1.224420428276062,-0.1527916043996811,0.15873102843761444,-0.03746907040476799,1.5297579765319824,4.239207744598389,0.026785714285714284,-0.02243066392838955,1.7653027772903442,0.0064631262794137,0.37799131870269775,1.126819372177124,0.5008332133293152,1.0000001192092896,0.21845238095238095,0.07771577380952381,0.14073660714285716,0.9970238095238095,,,cvar,/Users/yaniszaim/deephedging/.deephedging_real_runs/real_data_sweep_paper_800_step_robust/model_artifacts/seed_2345/risk_cvar/proto_source_spot_delta_k_10_weighted_0_learnw_0,732.0,-0.7548820847769577,val_loss,0.376415878534317,0.5016444325447083,0.21432291666666667,0.9985119047619048,672.0,20.0,2.0,spot_delta,10.0,False,False,0.6438909769058228,1.143812894821167
proto_source=spot_delta_k=10_weighted=0_learnw=0,test,2345,proto,1.6919147968292236,1.2390531301498413,-0.16016536951065063,0.15916180610656738,-0.03508194535970688,1.4281001091003418,4.250073432922363,0.019287833827893175,-0.02163837105035782,1.7199766635894775,0.006423718761652708,0.37594255805015564,1.126819372177124,0.510033130645752,1.0000001192092896,0.2288946587537092,0.08293768545994065,0.14595697329376855,1.0,,,cvar,/Users/yaniszaim/deephedging/.deephedging_real_runs/real_data_sweep_paper_800_step_robust/model_artifacts/seed_2345/risk_cvar/proto_source_spot_delta_k_10_weighted_0_learnw_0,732.0,-0.7548820847769577,val_loss,0.376415878534317,0.5016444325447083,0.21432291666666667,0.9985119047619048,674.0,20.0,2.0,spot_delta,10.0,False,False,0.6438909769058228,1.143812894821167
proto_source=spot_delta_k=25_weighted=1_learnw=0,train,2345,proto,1.6772186756134033,1.2197093963623047,-0.1296394318342209,0.15394794940948486,-0.019415317103266716,1.4337074756622314,4.125411033630371,0.019432940426887545,-0.0207765381783247,1.704209566116333,0.006214188411831856,0.34723618626594543,1.1268194913864136,0.6487626433372498,1.0000001192092896,0.27373367314431346,0.10937400446001912,0.16435966868429436,0.9993628544122332,,,cvar,/Users/yaniszaim/deephedging/.deephedging_real_runs/real_data_sweep_paper_800_step_robust/model_artifacts/seed_2345/risk_cvar/proto_source_spot_delta_k_25_weighted_1_learnw_0,472.0,-0.7303177113972958,val_loss,0.3494516909122467,0.5911489129066467,0.2484002976190476,1.0,3139.0,20.0,2.0,spot_delta,25.0,True,False,0.7548320889472961,1.381651520729065
proto_source=spot_delta_k=25_weighted=1_learnw=0,val,2345,proto,1.6692448854446411,1.2279846668243408,-0.10023728013038635,0.20708948373794556,-0.0252789668738842,1.431786298751831,4.166468143463135,0.025297619047619048,-0.02243066392838955,1.6979331970214844,0.006257721222937107,0.3486711382865906,1.1268194913864136,0.6523348093032837,1.0000001192092896,0.27101934523809523,0.10714285714285714,0.16387648809523808,0.9970238095238095,,,cvar,/Users/yaniszaim/deephedging/.deephedging_real_runs/real_data_sweep_paper_800_step_robust/model_artifacts/seed_2345/risk_cvar/proto_source_spot_delta_k_25_weighted_1_learnw_0,472.0,-0.7303177113972958,val_loss,0.3494516909122467,0.5911489129066467,0.2484002976190476,1.0,672.0,20.0,2.0,spot_delta,25.0,True,False,0.7548320889472961,1.381651520729065
proto_source=spot_delta_k=25_weighted=1_learnw=0,test,2345,proto,1.6185654401779175,1.2325562238693237,-0.12388403713703156,0.13298389315605164,-0.014752686023712158,1.3346205949783325,4.190051078796387,0.01483679525222552,-0.02163837105035782,1.6463927030563354,0.006188714411109686,0.3459812104701996,1.126819372177124,0.6577770113945007,1.0,0.27425816023738875,0.11160979228486646,0.16264836795252224,0.9970326409495549,,,cvar,/Users/yaniszaim/deephedging/.deephedging_real_runs/real_data_sweep_paper_800_step_robust/model_artifacts/seed_2345/risk_cvar/proto_source_spot_delta_k_25_weighted_1_learnw_0,472.0,-0.7303177113972958,val_loss,0.3494516909122467,0.5911489129066467,0.2484002976190476,1.0,674.0,20.0,2.0,spot_delta,25.0,True,False,0.7548320889472961,1.381651520729065
proto_source=spot_delta_k=25_weighted=0_learnw=0,train,2345,proto,1.7253180742263794,1.2498005628585815,-0.16428716480731964,0.13907408714294434,-0.042420338839292526,1.4639029502868652,4.276123523712158,0.02548582351067219,-0.0207765381783247,1.752655029296875,0.006560321897268295,0.36897245049476624,1.1268196105957031,0.5777445435523987,1.0000001192092896,0.3028352978655623,0.10951736221726664,0.19331793564829564,1.0,,,cvar,/Users/yaniszaim/deephedging/.deephedging_real_runs/real_data_sweep_paper_800_step_robust/model_artifacts/seed_2345/risk_cvar/proto_source_spot_delta_k_25_weighted_0_learnw_0,471.0,-0.7474005849375611,val_loss,0.36947211623191833,0.6045402884483337,0.30554315476190474,1.0,3139.0,20.0,2.0,spot_delta,25.0,False,False,0.8819363117218018,1.5382189750671387
proto_source=spot_delta_k=25_weighted=0_learnw=0,val,2345,proto,1.7165883779525757,1.2541645765304565,-0.20872600376605988,0.10765230655670166,-0.11518401652574539,1.5221134424209595,4.103251934051514,0.03273809523809524,-0.02243066392838955,1.7456138134002686,0.006594806909561157,0.36979806423187256,1.1268194913864136,0.5777308940887451,1.0,0.30375744047619047,0.1064360119047619,0.19732142857142856,1.0,,,cvar,/Users/yaniszaim/deephedging/.deephedging_real_runs/real_data_sweep_paper_800_step_robust/model_artifacts/seed_2345/risk_cvar/proto_source_spot_delta_k_25_weighted_0_learnw_0,471.0,-0.7474005849375611,val_loss,0.36947211623191833,0.6045402884483337,0.30554315476190474,1.0,672.0,20.0,2.0,spot_delta,25.0,False,False,0.8819363117218018,1.5382189750671387
proto_source=spot_delta_k=25_weighted=0_learnw=0,test,2345,proto,1.6511878967285156,1.2552542686462402,-0.07055721431970596,0.14301107823848724,-0.028432419523596764,1.3542251586914062,4.304846286773682,0.020771513353115726,-0.02163837105035782,1.679327130317688,0.006501045078039169,0.3659019470214844,1.1268196105957031,0.5769363641738892,1.0,0.30567507418397627,0.11131305637982196,0.1943620178041543,1.0,,,cvar,/Users/yaniszaim/deephedging/.deephedging_real_runs/real_data_sweep_paper_800_step_robust/model_artifacts/seed_2345/risk_cvar/proto_source_spot_delta_k_25_weighted_0_learnw_0,471.0,-0.7474005849375611,val_loss,0.36947211623191833,0.6045402884483337,0.30554315476190474,1.0,674.0,20.0,2.0,spot_delta,25.0,False,False,0.8819363117218018,1.5382189750671387
proto_source=spot_delta_k=50_weighted=1_learnw=0,train,2345,proto,1.722213864326477,1.2480535507202148,-0.11762125045061111,0.11388217657804489,-0.03359246626496315,1.4605308771133423,4.227408409118652,0.026122969098438992,-0.0207765381783247,1.7490473985671997,0.006056870799511671,0.32869893312454224,1.1268192529678345,0.45748358964920044,1.0,0.27394870978018476,0.11112615482637783,0.16282255495380696,1.0,,,cvar,/Users/yaniszaim/deephedging/.deephedging_real_runs/real_data_sweep_paper_800_step_robust/model_artifacts/seed_2345/risk_cvar/proto_source_spot_delta_k_50_weighted_1_learnw_0,777.0,-0.7516913694498084,val_loss,0.3486081659793854,0.47010013461112976,0.25107886904761906,1.0,3139.0,20.0,2.0,spot_delta,50.0,True,False,0.8136654496192932,1.4296531677246094
proto_source=spot_delta_k=50_weighted=1_learnw=0,val,2345,proto,1.7020163536071777,1.2418148517608643,-0.08958732336759567,0.09970345348119736,-0.053931329399347305,1.5137722492218018,4.217219829559326,0.02976190476190476,-0.02243066392838955,1.7304795980453491,0.0060325562953948975,0.32710883021354675,1.1268192529678345,0.4567308723926544,1.0,0.2774925595238095,0.11008184523809524,0.16741071428571427,1.0,,,cvar,/Users/yaniszaim/deephedging/.deephedging_real_runs/real_data_sweep_paper_800_step_robust/model_artifacts/seed_2345/risk_cvar/proto_source_spot_delta_k_50_weighted_1_learnw_0,777.0,-0.7516913694498084,val_loss,0.3486081659793854,0.47010013461112976,0.25107886904761906,1.0,672.0,20.0,2.0,spot_delta,50.0,True,False,0.8136654496192932,1.4296531677246094
proto_source=spot_delta_k=50_weighted=1_learnw=0,test,2345,proto,1.6503781080245972,1.2538641691207886,-0.05129113048315048,0.12612751126289368,-0.004408983513712883,1.3794819116592407,4.226885795593262,0.02225519287833828,-0.02163837105035782,1.678031086921692,0.006014485843479633,0.3263387978076935,1.126819372177124,0.4563516080379486,1.0,0.27722551928783384,0.11409495548961425,0.16313056379821958,1.0,,,cvar,/Users/yaniszaim/deephedging/.deephedging_real_runs/real_data_sweep_paper_800_step_robust/model_artifacts/seed_2345/risk_cvar/proto_source_spot_delta_k_50_weighted_1_learnw_0,777.0,-0.7516913694498084,val_loss,0.3486081659793854,0.47010013461112976,0.25107886904761906,1.0,674.0,20.0,2.0,spot_delta,50.0,True,False,0.8136654496192932,1.4296531677246094
proto_source=spot_delta_k=50_weighted=0_learnw=0,train,2345,proto,1.5501950979232788,1.1897825002670288,-0.2525985538959503,0.09277526289224625,-0.13073226809501648,1.2974426746368408,3.943777322769165,0.03791016247212488,-0.0207765381783247,1.5771201848983765,0.006148496177047491,0.34583961963653564,1.126819372177124,0.5340988636016846,1.0000001192092896,0.245038228735266,0.07032494424976107,0.17471328448550494,0.9977699904428162,,,cvar,/Users/yaniszaim/deephedging/.deephedging_real_runs/real_data_sweep_paper_800_step_robust/model_artifacts/seed_2345/risk_cvar/proto_source_spot_delta_k_50_weighted_0_learnw_0,566.0,-0.7108034395816779,val_loss,0.35275450348854065,0.5764198899269104,0.24501488095238094,1.0,3139.0,20.0,2.0,spot_delta,50.0,False,False,0.7095901966094971,1.2236021757125854
proto_source=spot_delta_k=50_weighted=0_learnw=0,val,2345,proto,1.539738655090332,1.1750532388687134,-0.2829355299472809,0.07467258721590042,-0.17440740764141083,1.2958369255065918,3.8333754539489746,0.04017857142857143,-0.02243066392838955,1.5683503150939941,0.006180946249514818,0.34653571248054504,1.126819372177124,0.5386232137680054,1.0000001192092896,0.23995535714285715,0.06640625,0.17354910714285715,0.9970238095238095,,,cvar,/Users/yaniszaim/deephedging/.deephedging_real_runs/real_data_sweep_paper_800_step_robust/model_artifacts/seed_2345/risk_cvar/proto_source_spot_delta_k_50_weighted_0_learnw_0,566.0,-0.7108034395816779,val_loss,0.35275450348854065,0.5764198899269104,0.24501488095238094,1.0,672.0,20.0,2.0,spot_delta,50.0,False,False,0.7095901966094971,1.2236021757125854
proto_source=spot_delta_k=50_weighted=0_learnw=0,test,2345,proto,1.5164589881896973,1.2073909044265747,-0.3332756459712982,0.046233318746089935,-0.17819611728191376,1.243161678314209,3.9599199295043945,0.04154302670623145,-0.02163837105035782,1.5442602634429932,0.006162977311760187,0.34582939743995667,1.126819372177124,0.5375099778175354,1.0000001192092896,0.2455118694362018,0.07103115727002968,0.1744807121661721,1.0,,,cvar,/Users/yaniszaim/deephedging/.deephedging_real_runs/real_data_sweep_paper_800_step_robust/model_artifacts/seed_2345/risk_cvar/proto_source_spot_delta_k_50_weighted_0_learnw_0,566.0,-0.7108034395816779,val_loss,0.35275450348854065,0.5764198899269104,0.24501488095238094,1.0,674.0,20.0,2.0,spot_delta,50.0,False,False,0.7095901966094971,1.2236021757125854
proto_source=spot_delta_k=100_weighted=1_learnw=0,train,2345,proto,1.5508805513381958,1.1283191442489624,-0.16259659826755524,0.0792311355471611,-0.09208673238754272,1.3526026010513306,3.719550609588623,0.034724434533290854,-0.0207765381783247,1.5780776739120483,0.0064205266535282135,0.3798361122608185,1.126819372177124,0.6852845549583435,1.0000001192092896,0.4400525645109908,0.11663746416056069,0.3234151003504301,1.0,,,cvar,/Users/yaniszaim/deephedging/.deephedging_real_runs/real_data_sweep_paper_800_step_robust/model_artifacts/seed_2345/risk_cvar/proto_source_spot_delta_k_100_weighted_1_learnw_0,477.0,-0.7051682789694695,val_loss,0.40522366762161255,0.7262032628059387,0.48865327380952384,1.0,3139.0,20.0,2.0,spot_delta,100.0,True,False,0.5108075737953186,1.1921695470809937
proto_source=spot_delta_k=100_weighted=1_learnw=0,val,2345,proto,1.5543150901794434,1.1219767332077026,-0.186761736869812,0.07593870908021927,-0.10084864497184753,1.3683634996414185,3.5852110385894775,0.03571428571428571,-0.02243066392838955,1.5831797122955322,0.006434087175875902,0.3812049627304077,1.126819372177124,0.6834866404533386,1.0000001192092896,0.43761160714285713,0.11108630952380952,0.32652529761904764,1.0,,,cvar,/Users/yaniszaim/deephedging/.deephedging_real_runs/real_data_sweep_paper_800_step_robust/model_artifacts/seed_2345/risk_cvar/proto_source_spot_delta_k_100_weighted_1_learnw_0,477.0,-0.7051682789694695,val_loss,0.40522366762161255,0.7262032628059387,0.48865327380952384,1.0,672.0,20.0,2.0,spot_delta,100.0,True,False,0.5108075737953186,1.1921695470809937
proto_source=spot_delta_k=100_weighted=1_learnw=0,test,2345,proto,1.535845398902893,1.1413884162902832,-0.11316275596618652,0.09720700979232788,-0.0602821409702301,1.326451063156128,3.800598382949829,0.02967359050445104,-0.02163837105035782,1.563887119293213,0.006403427571058273,0.37865322828292847,1.126819372177124,0.6888893842697144,1.0000001192092896,0.44510385756676557,0.11316765578635014,0.33193620178041544,1.0,,,cvar,/Users/yaniszaim/deephedging/.deephedging_real_runs/real_data_sweep_paper_800_step_robust/model_artifacts/seed_2345/risk_cvar/proto_source_spot_delta_k_100_weighted_1_learnw_0,477.0,-0.7051682789694695,val_loss,0.40522366762161255,0.7262032628059387,0.48865327380952384,1.0,674.0,20.0,2.0,spot_delta,100.0,True,False,0.5108075737953186,1.1921695470809937
proto_source=spot_delta_k=100_weighted=0_learnw=0,train,2345,proto,1.7244068384170532,1.2417175769805908,-0.18641246855258942,0.09622283279895782,-0.08996051549911499,1.5012658834457397,4.22587251663208,0.030264415418923225,-0.0207765381783247,1.75180983543396,0.006626560352742672,0.3844650983810425,1.1268194913864136,0.5080482363700867,1.0000001192092896,0.2704205160879261,0.10049378783051928,0.16992672825740682,1.0,,,cvar,/Users/yaniszaim/deephedging/.deephedging_real_runs/real_data_sweep_paper_800_step_robust/model_artifacts/seed_2345/risk_cvar/proto_source_spot_delta_k_100_weighted_0_learnw_0,752.0,-0.7491252933797383,val_loss,0.38240301609039307,0.5096870064735413,0.26748511904761907,1.0,3139.0,20.0,2.0,spot_delta,100.0,False,False,0.36963269114494324,1.267726182937622
proto_source=spot_delta_k=100_weighted=0_learnw=0,val,2345,proto,1.7159438133239746,1.2449367046356201,-0.2210809290409088,0.08733764290809631,-0.13001275062561035,1.5299930572509766,4.2200236320495605,0.03869047619047619,-0.02243066392838955,1.7449625730514526,0.0065881661139428616,0.38234981894493103,1.1268194913864136,0.5071378350257874,1.0000001192092896,0.27310267857142856,0.0978422619047619,0.17526041666666667,1.0,,,cvar,/Users/yaniszaim/deephedging/.deephedging_real_runs/real_data_sweep_paper_800_step_robust/model_artifacts/seed_2345/risk_cvar/proto_source_spot_delta_k_100_weighted_0_learnw_0,752.0,-0.7491252933797383,val_loss,0.38240301609039307,0.5096870064735413,0.26748511904761907,1.0,672.0,20.0,2.0,spot_delta,100.0,False,False,0.36963269114494324,1.267726182937622
proto_source=spot_delta_k=100_weighted=0_learnw=0,test,2345,proto,1.6800625324249268,1.2354519367218018,-0.07787242531776428,0.1389281153678894,-0.044268012046813965,1.4502167701721191,4.211818218231201,0.017804154302670624,-0.02163837105035782,1.7082983255386353,0.006597078870981932,0.38282087445259094,1.1268194913864136,0.507040798664093,1.0,0.2729228486646884,0.10178041543026706,0.17114243323442135,1.0,,,cvar,/Users/yaniszaim/deephedging/.deephedging_real_runs/real_data_sweep_paper_800_step_robust/model_artifacts/seed_2345/risk_cvar/proto_source_spot_delta_k_100_weighted_0_learnw_0,752.0,-0.7491252933797383,val_loss,0.38240301609039307,0.5096870064735413,0.26748511904761907,1.0,674.0,20.0,2.0,spot_delta,100.0,False,False,0.36963269114494324,1.267726182937622
proto_source=vanilla_k=10_weighted=1_learnw=0,train,2345,proto,1.60390043258667,1.2188704013824463,-0.21716055274009705,0.07927032560110092,-0.1066216379404068,1.371320128440857,4.117127895355225,0.03376871615164065,-0.0207765381783247,1.6309691667556763,0.006292296573519707,0.35964977741241455,1.1268190145492554,0.7684330940246582,1.0000001192092896,0.45338483593501117,0.09117553360942976,0.3622093023255814,1.0,,,cvar,/Users/yaniszaim/deephedging/.deephedging_real_runs/real_data_sweep_paper_800_step_robust/model_artifacts/seed_2345/risk_cvar/proto_source_vanilla_k_10_weighted_1_learnw_0,689.0,-0.6583964083024434,val_loss,0.3583564758300781,0.7585678696632385,0.44129464285714287,1.0,3139.0,20.0,2.0,vanilla,10.0,True,False,0.8389644622802734,1.1324596405029297
proto_source=vanilla_k=10_weighted=1_learnw=0,val,2345,proto,1.5962684154510498,1.2171318531036377,-0.2257329821586609,0.05347331240773201,-0.13831254839897156,1.3510488271713257,3.985088586807251,0.04017857142857143,-0.02243066392838955,1.624998927116394,0.006299697328358889,0.35984814167022705,1.126818060874939,0.7672097086906433,1.0000001192092896,0.45401785714285714,0.08813244047619048,0.3658854166666667,1.0,,,cvar,/Users/yaniszaim/deephedging/.deephedging_real_runs/real_data_sweep_paper_800_step_robust/model_artifacts/seed_2345/risk_cvar/proto_source_vanilla_k_10_weighted_1_learnw_0,689.0,-0.6583964083024434,val_loss,0.3583564758300781,0.7585678696632385,0.44129464285714287,1.0,672.0,20.0,2.0,vanilla,10.0,True,False,0.8389644622802734,1.1324596405029297
proto_source=vanilla_k=10_weighted=1_learnw=0,test,2345,proto,1.5792529582977295,1.2225834131240845,-0.11114202439785004,0.09939760714769363,-0.041526395827531815,1.2959787845611572,4.105320453643799,0.020771513353115726,-0.02163837105035782,1.6071628332138062,0.006271596997976303,0.3582622706890106,1.126818060874939,0.7693268060684204,1.0000001192092896,0.4572700296735905,0.09109792284866469,0.3661721068249258,1.0,,,cvar,/Users/yaniszaim/deephedging/.deephedging_real_runs/real_data_sweep_paper_800_step_robust/model_artifacts/seed_2345/risk_cvar/proto_source_vanilla_k_10_weighted_1_learnw_0,689.0,-0.6583964083024434,val_loss,0.3583564758300781,0.7585678696632385,0.44129464285714287,1.0,674.0,20.0,2.0,vanilla,10.0,True,False,0.8389644622802734,1.1324596405029297
proto_source=vanilla_k=10_weighted=0_learnw=0,train,2345,proto,1.6500259637832642,1.233044981956482,-0.12695342302322388,0.08426324278116226,-0.06158173456788063,1.4053601026535034,4.1469807624816895,0.030582988212806625,-0.0207765381783247,1.6766287088394165,0.005826124455779791,0.3156225383281708,1.1267871856689453,0.8016817569732666,1.0000001192092896,0.6477859190825104,0.08065466709143039,0.5671312519910799,1.0,,,cvar,/Users/yaniszaim/deephedging/.deephedging_real_runs/real_data_sweep_paper_800_step_robust/model_artifacts/seed_2345/risk_cvar/proto_source_vanilla_k_10_weighted_0_learnw_0,676.0,-0.657824815632332,val_loss,0.32961782813072205,0.8036737442016602,0.6453869047619047,1.0,3139.0,20.0,2.0,vanilla,10.0,False,False,0.7333117723464966,1.4403120279312134
proto_source=vanilla_k=10_weighted=0_learnw=0,val,2345,proto,1.6359995603561401,1.2274582386016846,-0.21377955377101898,0.07737062126398087,-0.11451387405395508,1.4077532291412354,4.211657524108887,0.03571428571428571,-0.02243066392838955,1.6642427444458008,0.005812311545014381,0.31501641869544983,1.1267871856689453,0.7997086048126221,1.0000001192092896,0.6448660714285714,0.07704613095238096,0.5678199404761904,1.0,,,cvar,/Users/yaniszaim/deephedging/.deephedging_real_runs/real_data_sweep_paper_800_step_robust/model_artifacts/seed_2345/risk_cvar/proto_source_vanilla_k_10_weighted_0_learnw_0,676.0,-0.657824815632332,val_loss,0.32961782813072205,0.8036737442016602,0.6453869047619047,1.0,672.0,20.0,2.0,vanilla,10.0,False,False,0.7333117723464966,1.4403120279312134
proto_source=vanilla_k=10_weighted=0_learnw=0,test,2345,proto,1.6152217388153076,1.2298864126205444,-0.09446081519126892,0.1386702060699463,-0.040068525820970535,1.337004542350769,4.065099239349365,0.020771513353115726,-0.02163837105035782,1.6426820755004883,0.005822046659886837,0.31456607580184937,1.1267871856689453,0.8038949966430664,1.0000001192092896,0.6499629080118694,0.07982195845697329,0.5701409495548961,1.0,,,cvar,/Users/yaniszaim/deephedging/.deephedging_real_runs/real_data_sweep_paper_800_step_robust/model_artifacts/seed_2345/risk_cvar/proto_source_vanilla_k_10_weighted_0_learnw_0,676.0,-0.657824815632332,val_loss,0.32961782813072205,0.8036737442016602,0.6453869047619047,1.0,674.0,20.0,2.0,vanilla,10.0,False,False,0.7333117723464966,1.4403120279312134
proto_source=vanilla_k=25_weighted=1_learnw=0,train,2345,proto,1.4460339546203613,1.161462426185608,-0.16131377220153809,0.029027054086327553,-0.09386099129915237,1.200445294380188,3.874241352081299,0.042688754380375914,-0.0207765381783247,1.4721251726150513,0.005314650945365429,0.28519633412361145,1.1265208721160889,0.7718502879142761,1.0000001192092896,0.5929436126154827,0.11916215355208665,0.47378145906339597,1.0,,,cvar,/Users/yaniszaim/deephedging/.deephedging_real_runs/real_data_sweep_paper_800_step_robust/model_artifacts/seed_2345/risk_cvar/proto_source_vanilla_k_25_weighted_1_learnw_0,324.0,-0.6276938727923802,val_loss,0.31720733642578125,0.792203426361084,0.6092633928571428,1.0,3139.0,20.0,2.0,vanilla,25.0,True,False,0.4334229528903961,1.1529289484024048
proto_source=vanilla_k=25_weighted=1_learnw=0,val,2345,proto,1.4165598154067993,1.1579174995422363,-0.19976551830768585,-0.005553053226321936,-0.1268359124660492,1.147057056427002,3.761683464050293,0.05357142857142857,-0.02243066392838955,1.444314956665039,0.0053245252929627895,0.2859155535697937,1.1265208721160889,0.7697858810424805,1.0000001192092896,0.5895089285714286,0.11480654761904761,0.47470238095238093,1.0,,,cvar,/Users/yaniszaim/deephedging/.deephedging_real_runs/real_data_sweep_paper_800_step_robust/model_artifacts/seed_2345/risk_cvar/proto_source_vanilla_k_25_weighted_1_learnw_0,324.0,-0.6276938727923802,val_loss,0.31720733642578125,0.792203426361084,0.6092633928571428,1.0,672.0,20.0,2.0,vanilla,25.0,True,False,0.4334229528903961,1.1529289484024048
proto_source=vanilla_k=25_weighted=1_learnw=0,test,2345,proto,1.4288393259048462,1.176297664642334,-0.12457726895809174,0.05508164316415787,-0.08164914697408676,1.123917818069458,3.8201282024383545,0.032640949554896145,-0.02163837105035782,1.4558552503585815,0.005377472843974829,0.28741008043289185,1.1265207529067993,0.7722777724266052,1.0000001192092896,0.5934718100890207,0.11539317507418398,0.4780786350148368,1.0,,,cvar,/Users/yaniszaim/deephedging/.deephedging_real_runs/real_data_sweep_paper_800_step_robust/model_artifacts/seed_2345/risk_cvar/proto_source_vanilla_k_25_weighted_1_learnw_0,324.0,-0.6276938727923802,val_loss,0.31720733642578125,0.792203426361084,0.6092633928571428,1.0,674.0,20.0,2.0,vanilla,25.0,True,False,0.4334229528903961,1.1529289484024048
proto_source=vanilla_k=25_weighted=0_learnw=0,train,2345,proto,1.6018123626708984,1.168052315711975,-0.21777045726776123,0.1377788484096527,-0.08464979380369186,1.3962986469268799,3.9309914112091064,0.028034405861739407,-0.0207765381783247,1.629350185394287,0.006761196535080671,0.4102746844291687,1.1268060207366943,0.5681710243225098,1.0000001192092896,0.22225230965275566,0.0845970054157375,0.13765530423701816,0.9987257088244664,,,cvar,/Users/yaniszaim/deephedging/.deephedging_real_runs/real_data_sweep_paper_800_step_robust/model_artifacts/seed_2345/risk_cvar/proto_source_vanilla_k_25_weighted_0_learnw_0,722.0,-0.7877382264676548,val_loss,0.4095359444618225,0.5172570943832397,0.20829613095238095,0.9985119047619048,3139.0,20.0,2.0,vanilla,25.0,False,False,0.6800157427787781,1.2682431936264038
proto_source=vanilla_k=25_weighted=0_learnw=0,val,2345,proto,1.6156564950942993,1.1573559045791626,-0.20062071084976196,0.10758014023303986,-0.12389950454235077,1.4243431091308594,3.885122537612915,0.03720238095238095,-0.02243066392838955,1.644829511642456,0.006742230616509914,0.4081975221633911,1.1267935037612915,0.5692612528800964,1.0000001192092896,0.22094494047619048,0.08229166666666667,0.1386532738095238,0.9985119047619048,,,cvar,/Users/yaniszaim/deephedging/.deephedging_real_runs/real_data_sweep_paper_800_step_robust/model_artifacts/seed_2345/risk_cvar/proto_source_vanilla_k_25_weighted_0_learnw_0,722.0,-0.7877382264676548,val_loss,0.4095359444618225,0.5172570943832397,0.20829613095238095,0.9985119047619048,672.0,20.0,2.0,vanilla,25.0,False,False,0.6800157427787781,1.2682431936264038
proto_source=vanilla_k=25_weighted=0_learnw=0,test,2345,proto,1.549784541130066,1.16825270652771,-0.17032131552696228,0.15660329163074493,-0.0876416340470314,1.3125274181365967,4.001248359680176,0.03115727002967359,-0.02163837105035782,1.5781341791152954,0.00671127624809742,0.4067261219024658,1.126792550086975,0.5699262619018555,1.0000001192092896,0.22474035608308604,0.08727744807121662,0.13746290801186944,0.9985163204747775,,,cvar,/Users/yaniszaim/deephedging/.deephedging_real_runs/real_data_sweep_paper_800_step_robust/model_artifacts/seed_2345/risk_cvar/proto_source_vanilla_k_25_weighted_0_learnw_0,722.0,-0.7877382264676548,val_loss,0.4095359444618225,0.5172570943832397,0.20829613095238095,0.9985119047619048,674.0,20.0,2.0,vanilla,25.0,False,False,0.6800157427787781,1.2682431936264038
proto_source=vanilla_k=50_weighted=1_learnw=0,train,2345,proto,1.373151421546936,1.13569974899292,-0.23209752142429352,0.012149670161306858,-0.14648282527923584,1.1298877000808716,3.711972713470459,0.04460019114367633,-0.0207765381783247,1.3993701934814453,0.005442353896796703,0.2946733236312866,1.1268194913864136,0.752425491809845,1.0000001192092896,0.6069369225868111,0.0916852500796432,0.5152516725071679,1.0,,,cvar,/Users/yaniszaim/deephedging/.deephedging_real_runs/real_data_sweep_paper_800_step_robust/model_artifacts/seed_2345/risk_cvar/proto_source_vanilla_k_50_weighted_1_learnw_0,759.0,-0.6384775465513979,val_loss,0.3354587256908417,0.8190791010856628,0.6691964285714286,1.0,3139.0,20.0,2.0,vanilla,50.0,True,False,0.5819193124771118,1.2058135271072388
proto_source=vanilla_k=50_weighted=1_learnw=0,val,2345,proto,1.36345374584198,1.1248112916946411,-0.21367250382900238,0.011755849234759808,-0.18378514051437378,1.1021002531051636,3.712153434753418,0.049107142857142856,-0.02243066392838955,1.3913679122924805,0.005483529530465603,0.2966139018535614,1.1268194913864136,0.7510579228401184,1.0000001192092896,0.6046502976190476,0.08735119047619047,0.5172991071428571,1.0,,,cvar,/Users/yaniszaim/deephedging/.deephedging_real_runs/real_data_sweep_paper_800_step_robust/model_artifacts/seed_2345/risk_cvar/proto_source_vanilla_k_50_weighted_1_learnw_0,759.0,-0.6384775465513979,val_loss,0.3354587256908417,0.8190791010856628,0.6691964285714286,1.0,672.0,20.0,2.0,vanilla,50.0,True,False,0.5819193124771118,1.2058135271072388
proto_source=vanilla_k=50_weighted=1_learnw=0,test,2345,proto,1.4023462533950806,1.163411259651184,-0.23891210556030273,0.054917167872190475,-0.12396931648254395,1.133070468902588,3.863304376602173,0.028189910979228485,-0.02163837105035782,1.4294615983963013,0.005476978607475758,0.2960909605026245,1.1268194913864136,0.7528508901596069,1.0000001192092896,0.6092729970326409,0.08983679525222552,0.5194362017804154,1.0,,,cvar,/Users/yaniszaim/deephedging/.deephedging_real_runs/real_data_sweep_paper_800_step_robust/model_artifacts/seed_2345/risk_cvar/proto_source_vanilla_k_50_weighted_1_learnw_0,759.0,-0.6384775465513979,val_loss,0.3354587256908417,0.8190791010856628,0.6691964285714286,1.0,674.0,20.0,2.0,vanilla,50.0,True,False,0.5819193124771118,1.2058135271072388
proto_source=vanilla_k=50_weighted=0_learnw=0,train,2345,proto,1.3329750299453735,1.0864204168319702,-0.18219619989395142,0.002621614607051015,-0.12063384801149368,1.1090468168258667,3.481276273727417,0.04937878305192737,-0.0207765381783247,1.3589555025100708,0.0052038864232599735,0.28410398960113525,1.1265634298324585,0.7495479583740234,1.0000001192092896,0.4778751194647977,0.09964956992672826,0.37822554953806947,1.0,,,cvar,/Users/yaniszaim/deephedging/.deephedging_real_runs/real_data_sweep_paper_800_step_robust/model_artifacts/seed_2345/risk_cvar/proto_source_vanilla_k_50_weighted_0_learnw_0,356.0,-0.659772818549758,val_loss,0.3331995904445648,0.7877762317657471,0.4726190476190476,1.0,3139.0,20.0,2.0,vanilla,50.0,False,False,0.45985642075538635,1.2096889019012451
proto_source=vanilla_k=50_weighted=0_learnw=0,val,2345,proto,1.3283742666244507,1.0928125381469727,-0.21142315864562988,-0.0055267359130084515,-0.1307489275932312,1.092728853225708,3.457537889480591,0.05505952380952381,-0.02243066392838955,1.3560594320297241,0.00525448564440012,0.2864971458911896,1.126563310623169,0.7482445240020752,1.0000001192092896,0.47421875,0.09605654761904762,0.3781622023809524,1.0,,,cvar,/Users/yaniszaim/deephedging/.deephedging_real_runs/real_data_sweep_paper_800_step_robust/model_artifacts/seed_2345/risk_cvar/proto_source_vanilla_k_50_weighted_0_learnw_0,356.0,-0.659772818549758,val_loss,0.3331995904445648,0.7877762317657471,0.4726190476190476,1.0,672.0,20.0,2.0,vanilla,50.0,False,False,0.45985642075538635,1.2096889019012451
proto_source=vanilla_k=50_weighted=0_learnw=0,test,2345,proto,1.3406567573547363,1.06892728805542,-0.12991681694984436,0.05908514931797981,-0.07170030474662781,1.1493957042694092,3.3943774700164795,0.03857566765578635,-0.02163837105035782,1.3675140142440796,0.005218659993261099,0.2845436632633209,1.126563310623169,0.7469255924224854,1.0000001192092896,0.47414688427299706,0.09799703264094956,0.3761498516320475,1.0,,,cvar,/Users/yaniszaim/deephedging/.deephedging_real_runs/real_data_sweep_paper_800_step_robust/model_artifacts/seed_2345/risk_cvar/proto_source_vanilla_k_50_weighted_0_learnw_0,356.0,-0.659772818549758,val_loss,0.3331995904445648,0.7877762317657471,0.4726190476190476,1.0,674.0,20.0,2.0,vanilla,50.0,False,False,0.45985642075538635,1.2096889019012451
proto_source=vanilla_k=100_weighted=1_learnw=0,train,2345,proto,1.3888165950775146,1.1183639764785767,-0.23779407143592834,0.006939732003957033,-0.14578455686569214,1.157706618309021,3.617288827896118,0.04969735584581077,-0.0207765381783247,1.414976716041565,0.005383563693612814,0.29434117674827576,1.1251384019851685,0.7726456522941589,1.0000001192092896,0.6262583625358394,0.06795954125517681,0.5582988212806627,1.0,,,cvar,/Users/yaniszaim/deephedging/.deephedging_real_runs/real_data_sweep_paper_800_step_robust/model_artifacts/seed_2345/risk_cvar/proto_source_vanilla_k_100_weighted_1_learnw_0,252.0,-0.6264685844310692,val_loss,0.33027467131614685,0.8157289028167725,0.6655133928571428,1.0,3139.0,20.0,2.0,vanilla,100.0,True,False,0.3978837728500366,1.3415509462356567
proto_source=vanilla_k=100_weighted=1_learnw=0,val,2345,proto,1.3564053773880005,1.1100746393203735,-0.34006375074386597,-0.06106800213456154,-0.21936234831809998,1.1141916513442993,3.4682862758636475,0.06101190476190476,-0.02243066392838955,1.384200096130371,0.005364195443689823,0.2931067645549774,1.1251384019851685,0.7728849649429321,1.0000001192092896,0.6262276785714286,0.06584821428571429,0.5603794642857143,1.0,,,cvar,/Users/yaniszaim/deephedging/.deephedging_real_runs/real_data_sweep_paper_800_step_robust/model_artifacts/seed_2345/risk_cvar/proto_source_vanilla_k_100_weighted_1_learnw_0,252.0,-0.6264685844310692,val_loss,0.33027467131614685,0.8157289028167725,0.6655133928571428,1.0,672.0,20.0,2.0,vanilla,100.0,True,False,0.3978837728500366,1.3415509462356567
proto_source=vanilla_k=100_weighted=1_learnw=0,test,2345,proto,1.3697960376739502,1.1134657859802246,-0.1772191822528839,0.04656223580241203,-0.09272024780511856,1.1047738790512085,3.633382797241211,0.03560830860534125,-0.02163837105035782,1.3967934846878052,0.005359097849577665,0.29249826073646545,1.1251384019851685,0.7741971611976624,1.0000001192092896,0.6290059347181008,0.06658011869436202,0.5624258160237389,1.0,,,cvar,/Users/yaniszaim/deephedging/.deephedging_real_runs/real_data_sweep_paper_800_step_robust/model_artifacts/seed_2345/risk_cvar/proto_source_vanilla_k_100_weighted_1_learnw_0,252.0,-0.6264685844310692,val_loss,0.33027467131614685,0.8157289028167725,0.6655133928571428,1.0,674.0,20.0,2.0,vanilla,100.0,True,False,0.3978837728500366,1.3415509462356567
proto_source=vanilla_k=100_weighted=0_learnw=0,train,2345,proto,1.34312903881073,1.0801265239715576,-0.2107633799314499,0.01602211967110634,-0.143342524766922,1.1365852355957031,3.5276758670806885,0.04587448231920994,-0.0207765381783247,1.3689887523651123,0.005083306692540646,0.27816590666770935,1.1268194913864136,0.7487389445304871,1.0000001192092896,0.5944170117871934,0.06226505256451099,0.5321519592226824,1.0,,,cvar,/Users/yaniszaim/deephedging/.deephedging_real_runs/real_data_sweep_paper_800_step_robust/model_artifacts/seed_2345/risk_cvar/proto_source_vanilla_k_100_weighted_0_learnw_0,572.0,-0.6203225628322079,val_loss,0.33800193667411804,0.8203928470611572,0.662686011904762,1.0,3139.0,20.0,2.0,vanilla,100.0,False,False,0.3891332149505615,1.2352272272109985
proto_source=vanilla_k=100_weighted=0_learnw=0,val,2345,proto,1.3148943185806274,1.0747114419937134,-0.2643755376338959,-0.0012236316688358784,-0.16173779964447021,1.093057632446289,3.3185853958129883,0.050595238095238096,-0.02243066392838955,1.3424263000488281,0.005101196002215147,0.2786787152290344,1.1268194913864136,0.7478147149085999,1.0000001192092896,0.5926339285714286,0.05889136904761905,0.5337425595238096,1.0,,,cvar,/Users/yaniszaim/deephedging/.deephedging_real_runs/real_data_sweep_paper_800_step_robust/model_artifacts/seed_2345/risk_cvar/proto_source_vanilla_k_100_weighted_0_learnw_0,572.0,-0.6203225628322079,val_loss,0.33800193667411804,0.8203928470611572,0.662686011904762,1.0,672.0,20.0,2.0,vanilla,100.0,False,False,0.3891332149505615,1.2352272272109985
proto_source=vanilla_k=100_weighted=0_learnw=0,test,2345,proto,1.3288018703460693,1.0789464712142944,-0.136430561542511,0.057618655264377594,-0.06868629902601242,1.1048672199249268,3.526120901107788,0.03560830860534125,-0.02163837105035782,1.3554975986480713,0.00505752582103014,0.2764124274253845,1.1268194913864136,0.7506449818611145,1.0000001192092896,0.5973293768545994,0.06086795252225519,0.5364614243323442,1.0,,,cvar,/Users/yaniszaim/deephedging/.deephedging_real_runs/real_data_sweep_paper_800_step_robust/model_artifacts/seed_2345/risk_cvar/proto_source_vanilla_k_100_weighted_0_learnw_0,572.0,-0.6203225628322079,val_loss,0.33800193667411804,0.8203928470611572,0.662686011904762,1.0,674.0,20.0,2.0,vanilla,100.0,False,False,0.3891332149505615,1.2352272272109985
unhedged,train,3456,baseline,-0.02118365280330181,0.02619563415646553,-0.11055326461791992,-0.06846670806407928,-0.095637746155262,-0.014558792114257812,0.0,0.6530742274609749,-0.02118365280330181,0.0,0.0,0.0,0.0,0.0,0.0,0.0,0.0,0.0,0.0,,,,,,,,,,,,,,,,,,,,
spot_delta,train,3456,baseline,-0.021096711978316307,0.026381652802228928,-0.10905268043279648,-0.06619400531053543,-0.09435980767011642,-0.016411716118454933,0.008234103210270405,0.8165020707231603,-0.02118365280330181,0.000307364301988855,0.00022042228374630213,0.02755490131676197,0.9999939799308777,0.4969134032726288,0.9999939799308777,0.011341191462249123,0.011341191462249123,0.0,0.32016565785281936,,,,,,,,,,,,,,,,,,,,
spot_delta_band,train,3456,baseline,-0.021042700856924057,0.026233427226543427,-0.1091509759426117,-0.06642777472734451,-0.09405231475830078,-0.016232041642069817,0.007805015426129103,0.8168206435170436,-0.02118365280330181,0.0003316144284326583,0.00019065978995058686,0.023834578692913055,0.9499939680099487,0.47430580854415894,0.9499939680099487,0.0,0.0,0.0,0.0,0.05,gains_mean,,,,,,,,,,,,,,,,,,
unhedged,val,3456,baseline,-0.020315494388341904,0.024075161665678024,-0.10411744564771652,-0.06530829519033432,-0.08857285231351852,-0.0134010910987854,0.0,0.6547619047619048,-0.020315494388341904,0.0,0.0,0.0,0.0,0.0,0.0,0.0,0.0,0.0,0.0,,,,,,,,,,,,,,,,,,,,
spot_delta,val,3456,baseline,-0.02010197564959526,0.024933312088251114,-0.09825167059898376,-0.06389538943767548,-0.0870714783668518,-0.015078396536409855,0.009279061108827591,0.8199404761904762,-0.020315494388341904,0.00043414405081421137,0.0002206270582973957,0.027584629133343697,0.9999930262565613,0.49689415097236633,0.9999939799308777,0.011458333333333333,0.011458333333333333,0.0,0.3318452380952381,,,,,,,,,,,,,,,,,,,,
spot_delta_band,val,3456,baseline,-0.020063601434230804,0.024630490690469742,-0.09778852760791779,-0.06334351748228073,-0.08651063591241837,-0.015098999254405499,0.008761469274759293,0.8184523809523809,-0.020315494388341904,0.00044234367669560015,0.000190453021787107,0.023807616904377937,0.9499930143356323,0.4743383824825287,0.9499939680099487,0.0,0.0,0.0,0.0,0.05,gains_mean,,,,,,,,,,,,,,,,,,
unhedged,test,3456,baseline,-0.02185121923685074,0.026594379916787148,-0.103153757750988,-0.06653468310832977,-0.09547054022550583,-0.014408290386199951,0.0,0.6543026706231454,-0.02185121923685074,0.0,0.0,0.0,0.0,0.0,0.0,0.0,0.0,0.0,0.0,,,,,,,,,,,,,,,,,,,,
spot_delta,test,3456,baseline,-0.021375633776187897,0.026139676570892334,-0.10341847687959671,-0.06740149855613708,-0.09367011487483978,-0.015243246220052242,0.007242645137012005,0.814540059347181,-0.02185121923685074,0.0006963431369513273,0.00022075999004300684,0.027597034350037575,0.9999939799308777,0.49685025215148926,0.9999939799308777,0.012054896142433234,0.012054896142433234,0.0,0.3293768545994065,,,,,,,,,,,,,,,,,,,,
spot_delta_band,test,3456,baseline,-0.021337347105145454,0.02607428841292858,-0.10208872705698013,-0.06754488497972488,-0.09352605789899826,-0.015290282666683197,0.006764891091734171,0.8204747774480712,-0.02185121923685074,0.0007043841760605574,0.00019051368872169405,0.02381412498652935,0.9499939680099487,0.47434741258621216,0.9499939680099487,0.0,0.0,0.0,0.0,0.05,gains_mean,,,,,,,,,,,,,,,,,,
vanilla,train,3456,vanilla,1.6833806037902832,1.22556734085083,-0.09658302366733551,0.09508077055215836,-0.05365219712257385,1.4531664848327637,4.175515174865723,0.02835297865562281,-0.02118365280330181,1.710654377937317,0.006089964881539345,0.35200512409210205,1.0,0.8099830746650696,1.0,0.724442497610704,0.5708187320802803,0.1536237655304237,1.0,,,cvar,/Users/yaniszaim/deephedging/.deephedging_real_runs/real_data_sweep_paper_800_step_robust/model_artifacts/seed_3456/risk_cvar/vanilla,794.0,-0.6591447690625986,val_loss,0.34783419966697693,0.8127467632293701,0.7307291666666667,1.0,3139.0,20.0,2.0,,,,,,
vanilla,val,3456,vanilla,1.7204666137695312,1.2339898347854614,-0.03948133811354637,0.17916029691696167,0.025064514949917793,1.4475740194320679,4.077744483947754,0.01636904761904762,-0.020315494388341904,1.7468161582946777,0.006033840589225292,0.3483220338821411,1.0,0.8122156262397766,1.0,0.7303199404761904,0.573921130952381,0.15639880952380952,1.0,,,cvar,/Users/yaniszaim/deephedging/.deephedging_real_runs/real_data_sweep_paper_800_step_robust/model_artifacts/seed_3456/risk_cvar/vanilla,794.0,-0.6591447690625986,val_loss,0.34783419966697693,0.8127467632293701,0.7307291666666667,1.0,672.0,20.0,2.0,,,,,,
vanilla,test,3456,vanilla,1.646901249885559,1.2205913066864014,-0.06039832532405853,0.13925829529762268,-0.01093605812638998,1.448235273361206,4.177699089050293,0.019287833827893175,-0.02185121923685074,1.6746851205825806,0.005932686384767294,0.33936408162117004,1.0,0.8196993470191956,1.0,0.7429896142433234,0.5749258160237388,0.16806379821958456,1.0,,,cvar,/Users/yaniszaim/deephedging/.deephedging_real_runs/real_data_sweep_paper_800_step_robust/model_artifacts/seed_3456/risk_cvar/vanilla,794.0,-0.6591447690625986,val_loss,0.34783419966697693,0.8127467632293701,0.7307291666666667,1.0,674.0,20.0,2.0,,,,,,
proto_source=spot_delta_k=10_weighted=1_learnw=0,train,3456,proto,1.5574370622634888,1.1842907667160034,-0.21917758882045746,0.023289423435926437,-0.1306029111146927,1.322706937789917,3.9999334812164307,0.04491876393755973,-0.02118365280330181,1.5843007564544678,0.005680016241967678,0.3071211278438568,1.126819372177124,0.7398234009742737,1.0000001192092896,0.501688435807582,0.10277954762663269,0.39890888818094933,1.0,,,cvar,/Users/yaniszaim/deephedging/.deephedging_real_runs/real_data_sweep_paper_800_step_robust/model_artifacts/seed_3456/risk_cvar/proto_source_spot_delta_k_10_weighted_1_learnw_0,518.0,-0.6796703004269373,val_loss,0.32928669452667236,0.7118592858314514,0.4712425595238095,1.0,3139.0,20.0,2.0,spot_delta,10.0,True,False,0.5923303961753845,1.1269755363464355
proto_source=spot_delta_k=10_weighted=1_learnw=0,val,3456,proto,1.5854381322860718,1.1926701068878174,-0.17998819053173065,0.06373908370733261,-0.07505929470062256,1.3406105041503906,3.939136505126953,0.03869047619047619,-0.020315494388341904,1.611365556716919,0.005611582659184933,0.3034960925579071,1.126819372177124,0.7443919777870178,1.0,0.51015625,0.10584077380952381,0.4043154761904762,1.0,,,cvar,/Users/yaniszaim/deephedging/.deephedging_real_runs/real_data_sweep_paper_800_step_robust/model_artifacts/seed_3456/risk_cvar/proto_source_spot_delta_k_10_weighted_1_learnw_0,518.0,-0.6796703004269373,val_loss,0.32928669452667236,0.7118592858314514,0.4712425595238095,1.0,672.0,20.0,2.0,spot_delta,10.0,True,False,0.5923303961753845,1.1269755363464355
proto_source=spot_delta_k=10_weighted=1_learnw=0,test,3456,proto,1.500752568244934,1.1661508083343506,-0.13326354324817657,0.0006093449774198234,-0.10192717611789703,1.2882388830184937,3.738854169845581,0.04896142433234421,-0.02185121923685074,1.5281062126159668,0.005502314306795597,0.2958678901195526,1.126819372177124,0.7431082129478455,1.0,0.5061943620178041,0.10382047477744807,0.4023738872403561,1.0,,,cvar,/Users/yaniszaim/deephedging/.deephedging_real_runs/real_data_sweep_paper_800_step_robust/model_artifacts/seed_3456/risk_cvar/proto_source_spot_delta_k_10_weighted_1_learnw_0,518.0,-0.6796703004269373,val_loss,0.32928669452667236,0.7118592858314514,0.4712425595238095,1.0,674.0,20.0,2.0,spot_delta,10.0,True,False,0.5923303961753845,1.1269755363464355
proto_source=spot_delta_k=10_weighted=0_learnw=0,train,3456,proto,1.6703773736953735,1.179073452949524,-0.1207597479224205,0.16610223054885864,-0.009996644221246243,1.463842511177063,4.031685829162598,0.023255813953488372,-0.02118365280330181,1.6977109909057617,0.006149914115667343,0.3473793864250183,1.1268173456192017,0.5006157159805298,1.0000001192092896,0.23865880853775087,0.08071041733035998,0.15794839120739088,1.0,,,cvar,/Users/yaniszaim/deephedging/.deephedging_real_runs/real_data_sweep_paper_800_step_robust/model_artifacts/seed_3456/risk_cvar/proto_source_spot_delta_k_10_weighted_0_learnw_0,799.0,-0.7552475959843113,val_loss,0.3543855845928192,0.4880996644496918,0.2392485119047619,0.9985119047619048,3139.0,20.0,2.0,spot_delta,10.0,False,False,0.9172587394714355,1.2428874969482422
proto_source=spot_delta_k=10_weighted=0_learnw=0,val,3456,proto,1.6981935501098633,1.1999173164367676,-0.04057890921831131,0.18494753539562225,0.01852000690996647,1.4423391819000244,4.106888294219971,0.01488095238095238,-0.020315494388341904,1.7246153354644775,0.006106441840529442,0.34508320689201355,1.1268162727355957,0.5037179589271545,1.0000001192092896,0.24095982142857142,0.08247767857142857,0.15848214285714285,1.0,,,cvar,/Users/yaniszaim/deephedging/.deephedging_real_runs/real_data_sweep_paper_800_step_robust/model_artifacts/seed_3456/risk_cvar/proto_source_spot_delta_k_10_weighted_0_learnw_0,799.0,-0.7552475959843113,val_loss,0.3543855845928192,0.4880996644496918,0.2392485119047619,0.9985119047619048,672.0,20.0,2.0,spot_delta,10.0,False,False,0.9172587394714355,1.2428874969482422
proto_source=spot_delta_k=10_weighted=0_learnw=0,test,3456,proto,1.6266374588012695,1.1902542114257812,-0.08037705719470978,0.16577042639255524,-0.009951779618859291,1.4199025630950928,4.040615081787109,0.02225519287833828,-0.02185121923685074,1.654566764831543,0.006078028120100498,0.34118279814720154,1.1268178224563599,0.5158372521400452,1.0000001192092896,0.24740356083086054,0.0795994065281899,0.16780415430267062,1.0,,,cvar,/Users/yaniszaim/deephedging/.deephedging_real_runs/real_data_sweep_paper_800_step_robust/model_artifacts/seed_3456/risk_cvar/proto_source_spot_delta_k_10_weighted_0_learnw_0,799.0,-0.7552475959843113,val_loss,0.3543855845928192,0.4880996644496918,0.2392485119047619,0.9985119047619048,674.0,20.0,2.0,spot_delta,10.0,False,False,0.9172587394714355,1.2428874969482422
proto_source=spot_delta_k=25_weighted=1_learnw=0,train,3456,proto,1.6266214847564697,1.2049421072006226,-0.36049067974090576,0.07157420367002487,-0.20430806279182434,1.395724892616272,4.021783828735352,0.03886588085377509,-0.02118365280330181,1.6547150611877441,0.006909798365086317,0.4102141857147217,1.1268194913864136,0.5742366909980774,1.0000001192092896,0.2609190825103536,0.059111181905065306,0.2018079006052883,0.9996814272061166,,,cvar,/Users/yaniszaim/deephedging/.deephedging_real_runs/real_data_sweep_paper_800_step_robust/model_artifacts/seed_3456/risk_cvar/proto_source_spot_delta_k_25_weighted_1_learnw_0,604.0,-0.7558429028874352,val_loss,0.39041006565093994,0.5563921332359314,0.2619047619047619,1.0,3139.0,20.0,2.0,spot_delta,25.0,True,False,0.8821556568145752,1.2881553173065186
proto_source=spot_delta_k=25_weighted=1_learnw=0,val,3456,proto,1.652992606163025,1.2541415691375732,-0.31435421109199524,0.06038375943899155,-0.17843690514564514,1.4124900102615356,4.078139305114746,0.03869047619047619,-0.020315494388341904,1.6801989078521729,0.006890856195241213,0.40957292914390564,1.1268194913864136,0.5713036060333252,1.0,0.2632440476190476,0.06130952380952381,0.2019345238095238,1.0,,,cvar,/Users/yaniszaim/deephedging/.deephedging_real_runs/real_data_sweep_paper_800_step_robust/model_artifacts/seed_3456/risk_cvar/proto_source_spot_delta_k_25_weighted_1_learnw_0,604.0,-0.7558429028874352,val_loss,0.39041006565093994,0.5563921332359314,0.2619047619047619,1.0,672.0,20.0,2.0,spot_delta,25.0,True,False,0.8821556568145752,1.2881553173065186
proto_source=spot_delta_k=25_weighted=1_learnw=0,test,3456,proto,1.5955535173416138,1.2254403829574585,-0.27492043375968933,0.11385585367679596,-0.1687508076429367,1.3769276142120361,4.1234049797058105,0.04154302670623145,-0.02185121923685074,1.6242239475250244,0.00681927939876914,0.40250134468078613,1.1268194913864136,0.5843127369880676,1.0000001192092896,0.2761127596439169,0.060385756676557864,0.21572700296735906,1.0,,,cvar,/Users/yaniszaim/deephedging/.deephedging_real_runs/real_data_sweep_paper_800_step_robust/model_artifacts/seed_3456/risk_cvar/proto_source_spot_delta_k_25_weighted_1_learnw_0,604.0,-0.7558429028874352,val_loss,0.39041006565093994,0.5563921332359314,0.2619047619047619,1.0,674.0,20.0,2.0,spot_delta,25.0,True,False,0.8821556568145752,1.2881553173065186
proto_source=spot_delta_k=25_weighted=0_learnw=0,train,3456,proto,1.6714637279510498,1.2322311401367188,-0.10290759801864624,0.1179441586136818,-0.027219217270612717,1.411292552947998,4.160116672515869,0.024848677922905384,-0.02118365280330181,1.6987574100494385,0.006109881680458784,0.3438471257686615,1.1268194913864136,0.6031595468521118,1.0,0.3277237973877031,0.1105527237973877,0.2171710735903154,1.0,,,cvar,/Users/yaniszaim/deephedging/.deephedging_real_runs/real_data_sweep_paper_800_step_robust/model_artifacts/seed_3456/risk_cvar/proto_source_spot_delta_k_25_weighted_0_learnw_0,456.0,-0.7493421648087955,val_loss,0.350031316280365,0.6345692276954651,0.33407738095238093,1.0,3139.0,20.0,2.0,spot_delta,25.0,False,False,0.8332715630531311,1.4628461599349976
proto_source=spot_delta_k=25_weighted=0_learnw=0,val,3456,proto,1.7068601846694946,1.2206034660339355,-0.15349900722503662,0.20356732606887817,-0.007626470178365707,1.4140247106552124,4.037982940673828,0.017857142857142856,-0.020315494388341904,1.7332288026809692,0.006052897311747074,0.3405435085296631,1.1268194913864136,0.6038731336593628,1.0,0.33158482142857143,0.11361607142857143,0.21796875,1.0,,,cvar,/Users/yaniszaim/deephedging/.deephedging_real_runs/real_data_sweep_paper_800_step_robust/model_artifacts/seed_3456/risk_cvar/proto_source_spot_delta_k_25_weighted_0_learnw_0,456.0,-0.7493421648087955,val_loss,0.350031316280365,0.6345692276954651,0.33407738095238093,1.0,672.0,20.0,2.0,spot_delta,25.0,False,False,0.8332715630531311,1.4628461599349976
proto_source=spot_delta_k=25_weighted=0_learnw=0,test,3456,proto,1.626328468322754,1.18214750289917,-0.06484879553318024,0.16365881264209747,0.001318860799074173,1.4025540351867676,4.0750813484191895,0.01483679525222552,-0.02185121923685074,1.6542229652404785,0.006043248809874058,0.33773529529571533,1.1268194913864136,0.6188479661941528,1.0,0.3385385756676558,0.11001483679525223,0.22852373887240357,1.0,,,cvar,/Users/yaniszaim/deephedging/.deephedging_real_runs/real_data_sweep_paper_800_step_robust/model_artifacts/seed_3456/risk_cvar/proto_source_spot_delta_k_25_weighted_0_learnw_0,456.0,-0.7493421648087955,val_loss,0.350031316280365,0.6345692276954651,0.33407738095238093,1.0,674.0,20.0,2.0,spot_delta,25.0,False,False,0.8332715630531311,1.4628461599349976
proto_source=spot_delta_k=50_weighted=1_learnw=0,train,3456,proto,1.6087932586669922,1.2117263078689575,-0.23075184226036072,0.05360199883580208,-0.12466073781251907,1.3517556190490723,4.066712379455566,0.039821599235425297,-0.02118365280330181,1.6358667612075806,0.0058897556737065315,0.32747799158096313,1.126819372177124,0.5359382629394531,1.0000001192092896,0.2747292131251991,0.07977859190825104,0.19495062121694806,1.0,,,cvar,/Users/yaniszaim/deephedging/.deephedging_real_runs/real_data_sweep_paper_800_step_robust/model_artifacts/seed_3456/risk_cvar/proto_source_spot_delta_k_50_weighted_1_learnw_0,476.0,-0.7165794973714011,val_loss,0.336631178855896,0.5423759818077087,0.24787946428571428,1.0,3139.0,20.0,2.0,spot_delta,50.0,True,False,0.8286501169204712,1.3256365060806274
proto_source=spot_delta_k=50_weighted=1_learnw=0,val,3456,proto,1.6626489162445068,1.2325505018234253,-0.12641052901744843,0.10672556608915329,-0.06198357790708542,1.407102346420288,4.032232761383057,0.03125,-0.020315494388341904,1.688865065574646,0.005900784395635128,0.32820025086402893,1.126819372177124,0.5329272150993347,1.0,0.27648809523809526,0.08058035714285715,0.1959077380952381,1.0,,,cvar,/Users/yaniszaim/deephedging/.deephedging_real_runs/real_data_sweep_paper_800_step_robust/model_artifacts/seed_3456/risk_cvar/proto_source_spot_delta_k_50_weighted_1_learnw_0,476.0,-0.7165794973714011,val_loss,0.336631178855896,0.5423759818077087,0.24787946428571428,1.0,672.0,20.0,2.0,spot_delta,50.0,True,False,0.8286501169204712,1.3256365060806274
proto_source=spot_delta_k=50_weighted=1_learnw=0,test,3456,proto,1.5988277196884155,1.217732310295105,-0.15301696956157684,0.13987413048744202,-0.04925157502293587,1.391765832901001,4.1757731437683105,0.028189910979228485,-0.02185121923685074,1.6264899969100952,0.0058110980316996574,0.321205198764801,1.126819372177124,0.546783983707428,1.0,0.2822700296735905,0.0806379821958457,0.2016320474777448,1.0,,,cvar,/Users/yaniszaim/deephedging/.deephedging_real_runs/real_data_sweep_paper_800_step_robust/model_artifacts/seed_3456/risk_cvar/proto_source_spot_delta_k_50_weighted_1_learnw_0,476.0,-0.7165794973714011,val_loss,0.336631178855896,0.5423759818077087,0.24787946428571428,1.0,674.0,20.0,2.0,spot_delta,50.0,True,False,0.8286501169204712,1.3256365060806274
proto_source=spot_delta_k=50_weighted=0_learnw=0,train,3456,proto,1.7048043012619019,1.2567155361175537,-0.1444339007139206,0.10804147273302078,-0.06562129408121109,1.4495402574539185,4.257654190063477,0.03217585218222364,-0.02118365280330181,1.7320367097854614,0.006048742216080427,0.3270699083805084,1.1268194913864136,0.8460748195648193,1.0000001192092896,0.7101784007645747,0.10514495062121695,0.6050334501433577,1.0,,,cvar,/Users/yaniszaim/deephedging/.deephedging_real_runs/real_data_sweep_paper_800_step_robust/model_artifacts/seed_3456/risk_cvar/proto_source_spot_delta_k_50_weighted_0_learnw_0,649.0,-0.6721755251146497,val_loss,0.3243114948272705,0.8457817435264587,0.7094122023809524,1.0,3139.0,20.0,2.0,spot_delta,50.0,False,False,0.892866313457489,1.5215270519256592
proto_source=spot_delta_k=50_weighted=0_learnw=0,val,3456,proto,1.7170610427856445,1.257802128791809,-0.13517490029335022,0.11342234909534454,-0.04001716151833534,1.4097472429275513,4.172635555267334,0.025297619047619048,-0.020315494388341904,1.7433457374572754,0.005969391670078039,0.32292619347572327,1.1268194913864136,0.8485444784164429,1.0000001192092896,0.716220238095238,0.10784970238095239,0.6083705357142857,1.0,,,cvar,/Users/yaniszaim/deephedging/.deephedging_real_runs/real_data_sweep_paper_800_step_robust/model_artifacts/seed_3456/risk_cvar/proto_source_spot_delta_k_50_weighted_0_learnw_0,649.0,-0.6721755251146497,val_loss,0.3243114948272705,0.8457817435264587,0.7094122023809524,1.0,672.0,20.0,2.0,spot_delta,50.0,False,False,0.892866313457489,1.5215270519256592
proto_source=spot_delta_k=50_weighted=0_learnw=0,test,3456,proto,1.6609032154083252,1.2438150644302368,-0.21469315886497498,0.09549153596162796,-0.09018524736166,1.4530693292617798,4.064528942108154,0.028189910979228485,-0.02185121923685074,1.6886587142944336,0.005904379300773144,0.31748002767562866,1.1268194913864136,0.8511984348297119,1.0000001192092896,0.7206602373887241,0.10304154302670623,0.6176186943620178,1.0,,,cvar,/Users/yaniszaim/deephedging/.deephedging_real_runs/real_data_sweep_paper_800_step_robust/model_artifacts/seed_3456/risk_cvar/proto_source_spot_delta_k_50_weighted_0_learnw_0,649.0,-0.6721755251146497,val_loss,0.3243114948272705,0.8457817435264587,0.7094122023809524,1.0,674.0,20.0,2.0,spot_delta,50.0,False,False,0.892866313457489,1.5215270519256592
proto_source=spot_delta_k=100_weighted=1_learnw=0,train,3456,proto,1.686798095703125,1.2381198406219482,-0.1552823930978775,0.11239711940288544,-0.07713177800178528,1.4373323917388916,4.167235374450684,0.030901561006690028,-0.02118365280330181,1.7140703201293945,0.006088601890951395,0.33837631344795227,1.1268194913864136,0.5971473455429077,1.0000001192092896,0.32874323032812997,0.11687639375597324,0.21186683657215674,1.0,,,cvar,/Users/yaniszaim/deephedging/.deephedging_real_runs/real_data_sweep_paper_800_step_robust/model_artifacts/seed_3456/risk_cvar/proto_source_spot_delta_k_100_weighted_1_learnw_0,758.0,-0.7544045880224024,val_loss,0.33846762776374817,0.596276581287384,0.30747767857142855,1.0,3139.0,20.0,2.0,spot_delta,100.0,True,False,0.5809143781661987,1.4699857234954834
proto_source=spot_delta_k=100_weighted=1_learnw=0,val,3456,proto,1.715433955192566,1.24265456199646,-0.12275134027004242,0.08446267247200012,-0.06377473473548889,1.4443042278289795,4.044942378997803,0.02976190476190476,-0.020315494388341904,1.741790771484375,0.006041417364031076,0.3355594873428345,1.1268194913864136,0.5951583385467529,1.0,0.3301339285714286,0.12072172619047619,0.20941220238095237,1.0,,,cvar,/Users/yaniszaim/deephedging/.deephedging_real_runs/real_data_sweep_paper_800_step_robust/model_artifacts/seed_3456/risk_cvar/proto_source_spot_delta_k_100_weighted_1_learnw_0,758.0,-0.7544045880224024,val_loss,0.33846762776374817,0.596276581287384,0.30747767857142855,1.0,672.0,20.0,2.0,spot_delta,100.0,True,False,0.5809143781661987,1.4699857234954834
proto_source=spot_delta_k=100_weighted=1_learnw=0,test,3456,proto,1.6313364505767822,1.2051842212677002,-0.12535478174686432,0.10550348460674286,-0.07991871982812881,1.4107935428619385,4.190481662750244,0.03115727002967359,-0.02185121923685074,1.6592588424682617,0.006071142852306366,0.33549007773399353,1.1268196105957031,0.6080567836761475,1.0,0.3369807121661721,0.11416913946587537,0.22281157270029672,1.0,,,cvar,/Users/yaniszaim/deephedging/.deephedging_real_runs/real_data_sweep_paper_800_step_robust/model_artifacts/seed_3456/risk_cvar/proto_source_spot_delta_k_100_weighted_1_learnw_0,758.0,-0.7544045880224024,val_loss,0.33846762776374817,0.596276581287384,0.30747767857142855,1.0,674.0,20.0,2.0,spot_delta,100.0,True,False,0.5809143781661987,1.4699857234954834
proto_source=spot_delta_k=100_weighted=0_learnw=0,train,3456,proto,1.647394061088562,1.237652063369751,-0.1552361696958542,0.0695171058177948,-0.08240602165460587,1.4052650928497314,4.202304840087891,0.03599872570882447,-0.02118365280330181,1.6745293140411377,0.0059517063200473785,0.3219325840473175,1.1256459951400757,0.8304343819618225,1.0000001192092896,0.713945524052246,0.09908410321758522,0.6148614208346607,1.0,,,cvar,/Users/yaniszaim/deephedging/.deephedging_real_runs/real_data_sweep_paper_800_step_robust/model_artifacts/seed_3456/risk_cvar/proto_source_spot_delta_k_100_weighted_0_learnw_0,418.0,-0.65125588105548,val_loss,0.31763479113578796,0.8459041714668274,0.7351190476190477,1.0,3139.0,20.0,2.0,spot_delta,100.0,False,False,0.18216121196746826,1.5258193016052246
proto_source=spot_delta_k=100_weighted=0_learnw=0,val,3456,proto,1.6834865808486938,1.2498435974121094,-0.051800187677145004,0.12858134508132935,0.001469339127652347,1.4044723510742188,4.183925628662109,0.022321428571428572,-0.020315494388341904,1.7096914052963257,0.00588924391195178,0.31825095415115356,1.1256459951400757,0.8322926163673401,1.0,0.7186011904761904,0.10208333333333333,0.6165178571428571,1.0,,,cvar,/Users/yaniszaim/deephedging/.deephedging_real_runs/real_data_sweep_paper_800_step_robust/model_artifacts/seed_3456/risk_cvar/proto_source_spot_delta_k_100_weighted_0_learnw_0,418.0,-0.65125588105548,val_loss,0.31763479113578796,0.8459041714668274,0.7351190476190477,1.0,672.0,20.0,2.0,spot_delta,100.0,False,False,0.18216121196746826,1.5258193016052246
proto_source=spot_delta_k=100_weighted=0_learnw=0,test,3456,proto,1.585754632949829,1.228062391281128,-0.14457441866397858,0.006111667491495609,-0.07482527196407318,1.3674002885818481,3.9527390003204346,0.04747774480712166,-0.02185121923685074,1.6133683919906616,0.00576251745223999,0.3095652461051941,1.1256459951400757,0.8369520306587219,1.0000001192092896,0.7275593471810089,0.1008160237388724,0.6267433234421365,1.0,,,cvar,/Users/yaniszaim/deephedging/.deephedging_real_runs/real_data_sweep_paper_800_step_robust/model_artifacts/seed_3456/risk_cvar/proto_source_spot_delta_k_100_weighted_0_learnw_0,418.0,-0.65125588105548,val_loss,0.31763479113578796,0.8459041714668274,0.7351190476190477,1.0,674.0,20.0,2.0,spot_delta,100.0,False,False,0.18216121196746826,1.5258193016052246
proto_source=vanilla_k=10_weighted=1_learnw=0,train,3456,proto,1.5900590419769287,1.211241602897644,-0.15918809175491333,0.09515155851840973,-0.07077466696500778,1.3174465894699097,4.058558464050293,0.030901561006690028,-0.02118365280330181,1.6168521642684937,0.005609308835119009,0.31850579380989075,1.126819372177124,0.6592941284179688,1.0000001192092896,0.3373446957629818,0.07659286396941702,0.2607518317935648,1.0,,,cvar,/Users/yaniszaim/deephedging/.deephedging_real_runs/real_data_sweep_paper_800_step_robust/model_artifacts/seed_3456/risk_cvar/proto_source_vanilla_k_10_weighted_1_learnw_0,791.0,-0.7241547345405532,val_loss,0.3405612111091614,0.6309155225753784,0.30956101190476193,0.9955357142857143,3139.0,20.0,2.0,vanilla,10.0,True,False,0.7614288330078125,1.1414263248443604
proto_source=vanilla_k=10_weighted=1_learnw=0,val,3456,proto,1.6171083450317383,1.2326802015304565,-0.06703558564186096,0.10828646272420883,-0.013787372969090939,1.3241491317749023,4.004832744598389,0.020833333333333332,-0.020315494388341904,1.643035888671875,0.005612032022327185,0.3187207281589508,1.126819372177124,0.6578017473220825,1.0000001192092896,0.33887648809523807,0.07845982142857143,0.2604166666666667,1.0,,,cvar,/Users/yaniszaim/deephedging/.deephedging_real_runs/real_data_sweep_paper_800_step_robust/model_artifacts/seed_3456/risk_cvar/proto_source_vanilla_k_10_weighted_1_learnw_0,791.0,-0.7241547345405532,val_loss,0.3405612111091614,0.6309155225753784,0.30956101190476193,0.9955357142857143,672.0,20.0,2.0,vanilla,10.0,True,False,0.7614288330078125,1.1414263248443604
proto_source=vanilla_k=10_weighted=1_learnw=0,test,3456,proto,1.5694999694824219,1.233422875404358,-0.08465919643640518,0.09645893424749374,-0.03266026824712753,1.302022099494934,4.050618648529053,0.025222551928783383,-0.02185121923685074,1.5968571901321411,0.005506021436303854,0.3104442059993744,1.1268194913864136,0.6656423807144165,1.0000001192092896,0.35578635014836796,0.07767062314540059,0.2781157270029674,1.0,,,cvar,/Users/yaniszaim/deephedging/.deephedging_real_runs/real_data_sweep_paper_800_step_robust/model_artifacts/seed_3456/risk_cvar/proto_source_vanilla_k_10_weighted_1_learnw_0,791.0,-0.7241547345405532,val_loss,0.3405612111091614,0.6309155225753784,0.30956101190476193,0.9955357142857143,674.0,20.0,2.0,vanilla,10.0,True,False,0.7614288330078125,1.1414263248443604
proto_source=vanilla_k=10_weighted=0_learnw=0,train,3456,proto,1.6740020513534546,1.2031373977661133,-0.10447803139686584,0.1811869740486145,0.0005208775983192027,1.4064222574234009,4.052545547485352,0.019751513220770945,-0.02118365280330181,1.7015280723571777,0.00634222524240613,0.37059834599494934,1.126819372177124,0.5234867334365845,1.0000001192092896,0.26533928002548585,0.08293246256769672,0.1824068174577891,1.0,,,cvar,/Users/yaniszaim/deephedging/.deephedging_real_runs/real_data_sweep_paper_800_step_robust/model_artifacts/seed_3456/risk_cvar/proto_source_vanilla_k_10_weighted_0_learnw_0,793.0,-0.7641125597911221,val_loss,0.3696539103984833,0.5108917355537415,0.2654017857142857,0.9985119047619048,3139.0,20.0,2.0,vanilla,10.0,False,False,0.6804294586181641,1.1403087377548218
proto_source=vanilla_k=10_weighted=0_learnw=0,val,3456,proto,1.6995173692703247,1.2333041429519653,-0.15514712035655975,0.1498117744922638,-0.05588981881737709,1.4379411935806274,4.049781322479248,0.026785714285714284,-0.020315494388341904,1.7261370420455933,0.006304297596216202,0.3694595694541931,1.126819372177124,0.524911642074585,1.0,0.2719122023809524,0.08560267857142857,0.1863095238095238,1.0,,,cvar,/Users/yaniszaim/deephedging/.deephedging_real_runs/real_data_sweep_paper_800_step_robust/model_artifacts/seed_3456/risk_cvar/proto_source_vanilla_k_10_weighted_0_learnw_0,793.0,-0.7641125597911221,val_loss,0.3696539103984833,0.5108917355537415,0.2654017857142857,0.9985119047619048,672.0,20.0,2.0,vanilla,10.0,False,False,0.6804294586181641,1.1403087377548218
proto_source=vanilla_k=10_weighted=0_learnw=0,test,3456,proto,1.6301339864730835,1.2192081212997437,-0.18207603693008423,0.15536536276340485,-0.043659795075654984,1.4006445407867432,4.081549644470215,0.02373887240356083,-0.02185121923685074,1.658200740814209,0.006215629167854786,0.36196640133857727,1.126819372177124,0.5371066331863403,1.0000001192092896,0.2803412462908012,0.08341988130563799,0.19692136498516322,1.0,,,cvar,/Users/yaniszaim/deephedging/.deephedging_real_runs/real_data_sweep_paper_800_step_robust/model_artifacts/seed_3456/risk_cvar/proto_source_vanilla_k_10_weighted_0_learnw_0,793.0,-0.7641125597911221,val_loss,0.3696539103984833,0.5108917355537415,0.2654017857142857,0.9985119047619048,674.0,20.0,2.0,vanilla,10.0,False,False,0.6804294586181641,1.1403087377548218
proto_source=vanilla_k=25_weighted=1_learnw=0,train,3456,proto,1.6055651903152466,1.2204887866973877,-0.21573585271835327,0.10914254188537598,-0.09267403930425644,1.3387932777404785,4.0921549797058105,0.03249442497610704,-0.02118365280330181,1.6326813697814941,0.005932540167123079,0.3287067115306854,1.126819372177124,0.6494901180267334,1.0000001192092896,0.32918126791971963,0.08584740363172985,0.2433338642879898,1.0,,,cvar,/Users/yaniszaim/deephedging/.deephedging_real_runs/real_data_sweep_paper_800_step_robust/model_artifacts/seed_3456/risk_cvar/proto_source_vanilla_k_25_weighted_1_learnw_0,732.0,-0.7167782812175297,val_loss,0.3254406452178955,0.6941507458686829,0.32529761904761906,1.0,3139.0,20.0,2.0,vanilla,25.0,True,False,0.6521916389465332,1.4831410646438599
proto_source=vanilla_k=25_weighted=1_learnw=0,val,3456,proto,1.6440134048461914,1.2339246273040771,-0.18031065165996552,0.07197441905736923,-0.11287280917167664,1.3905274868011475,3.9366872310638428,0.03869047619047619,-0.020315494388341904,1.6702131032943726,0.005884163547307253,0.3259694278240204,1.126819372177124,0.6518852710723877,1.0000001192092896,0.3338541666666667,0.08932291666666667,0.24453125,1.0,,,cvar,/Users/yaniszaim/deephedging/.deephedging_real_runs/real_data_sweep_paper_800_step_robust/model_artifacts/seed_3456/risk_cvar/proto_source_vanilla_k_25_weighted_1_learnw_0,732.0,-0.7167782812175297,val_loss,0.3254406452178955,0.6941507458686829,0.32529761904761906,1.0,672.0,20.0,2.0,vanilla,25.0,True,False,0.6521916389465332,1.4831410646438599
proto_source=vanilla_k=25_weighted=1_learnw=0,test,3456,proto,1.576395034790039,1.2081242799758911,-0.1792750358581543,0.11410060524940491,-0.09300890564918518,1.3423042297363281,4.1105146408081055,0.032640949554896145,-0.02185121923685074,1.6040771007537842,0.00583063717931509,0.3213617205619812,1.126819372177124,0.6580544114112854,1.0000001192092896,0.34247032640949554,0.08445845697329377,0.2580118694362018,1.0,,,cvar,/Users/yaniszaim/deephedging/.deephedging_real_runs/real_data_sweep_paper_800_step_robust/model_artifacts/seed_3456/risk_cvar/proto_source_vanilla_k_25_weighted_1_learnw_0,732.0,-0.7167782812175297,val_loss,0.3254406452178955,0.6941507458686829,0.32529761904761906,1.0,674.0,20.0,2.0,vanilla,25.0,True,False,0.6521916389465332,1.4831410646438599
proto_source=vanilla_k=25_weighted=0_learnw=0,train,3456,proto,1.6399816274642944,1.2324750423431396,-0.21179449558258057,0.079727403819561,-0.1117660403251648,1.3705356121063232,4.103775978088379,0.034405861739407455,-0.02118365280330181,1.6670646667480469,0.005899295210838318,0.327429860830307,1.126819372177124,0.7625744938850403,1.0000001192092896,0.3784405861739407,0.08417489646384199,0.29426568971009875,0.9996814272061166,,,cvar,/Users/yaniszaim/deephedging/.deephedging_real_runs/real_data_sweep_paper_800_step_robust/model_artifacts/seed_3456/risk_cvar/proto_source_vanilla_k_25_weighted_0_learnw_0,758.0,-0.7079440431225867,val_loss,0.3312895894050598,0.7136499881744385,0.3488467261904762,1.0,3139.0,20.0,2.0,vanilla,25.0,False,False,0.7257104516029358,1.306146264076233
proto_source=vanilla_k=25_weighted=0_learnw=0,val,3456,proto,1.6586002111434937,1.2443281412124634,-0.2681322991847992,0.14623120427131653,-0.08462227880954742,1.327931523323059,4.021496772766113,0.028273809523809524,-0.020315494388341904,1.6847642660140991,0.005848256405442953,0.324897825717926,1.126819372177124,0.7641299962997437,1.0000001192092896,0.38377976190476193,0.08742559523809523,0.29635416666666664,1.0,,,cvar,/Users/yaniszaim/deephedging/.deephedging_real_runs/real_data_sweep_paper_800_step_robust/model_artifacts/seed_3456/risk_cvar/proto_source_vanilla_k_25_weighted_0_learnw_0,758.0,-0.7079440431225867,val_loss,0.3312895894050598,0.7136499881744385,0.3488467261904762,1.0,672.0,20.0,2.0,vanilla,25.0,False,False,0.7257104516029358,1.306146264076233
proto_source=vanilla_k=25_weighted=0_learnw=0,test,3456,proto,1.6097941398620605,1.2266335487365723,-0.13797467947006226,0.14551016688346863,-0.0478031225502491,1.3458921909332275,4.084697246551514,0.028189910979228485,-0.02185121923685074,1.637433409690857,0.005788055714219809,0.31956297159194946,1.126819372177124,0.76381915807724,1.0,0.3956973293768546,0.0827893175074184,0.3129080118694362,1.0,,,cvar,/Users/yaniszaim/deephedging/.deephedging_real_runs/real_data_sweep_paper_800_step_robust/model_artifacts/seed_3456/risk_cvar/proto_source_vanilla_k_25_weighted_0_learnw_0,758.0,-0.7079440431225867,val_loss,0.3312895894050598,0.7136499881744385,0.3488467261904762,1.0,674.0,20.0,2.0,vanilla,25.0,False,False,0.7257104516029358,1.306146264076233
proto_source=vanilla_k=50_weighted=1_learnw=0,train,3456,proto,1.5322494506835938,1.2335327863693237,-0.3589256703853607,-0.03887590393424034,-0.23621468245983124,1.3080294132232666,3.9970204830169678,0.05957311245619624,-0.02118365280330181,1.559773564338684,0.006340485531836748,0.3461792469024658,1.126819372177124,0.7564152479171753,1.0000001192092896,0.39912392481682063,0.12738133163427842,0.27174259318254224,1.0,,,cvar,/Users/yaniszaim/deephedging/.deephedging_real_runs/real_data_sweep_paper_800_step_robust/model_artifacts/seed_3456/risk_cvar/proto_source_vanilla_k_50_weighted_1_learnw_0,765.0,-0.721592742822,val_loss,0.3533534109592438,0.6293060779571533,0.28080357142857143,1.0,3139.0,20.0,2.0,vanilla,50.0,True,False,0.7831761240959167,1.2480312585830688
proto_source=vanilla_k=50_weighted=1_learnw=0,val,3456,proto,1.5094780921936035,1.2217575311660767,-0.343740850687027,-0.04701582342386246,-0.24249166250228882,1.2906489372253418,3.995863199234009,0.06398809523809523,-0.020315494388341904,1.5359811782836914,0.006187536288052797,0.3385757803916931,1.126819372177124,0.7589787840843201,1.0,0.40710565476190474,0.13076636904761904,0.27633928571428573,1.0,,,cvar,/Users/yaniszaim/deephedging/.deephedging_real_runs/real_data_sweep_paper_800_step_robust/model_artifacts/seed_3456/risk_cvar/proto_source_vanilla_k_50_weighted_1_learnw_0,765.0,-0.721592742822,val_loss,0.3533534109592438,0.6293060779571533,0.28080357142857143,1.0,672.0,20.0,2.0,vanilla,50.0,True,False,0.7831761240959167,1.2480312585830688
proto_source=vanilla_k=50_weighted=1_learnw=0,test,3456,proto,1.4432752132415771,1.2084656953811646,-0.5039263367652893,-0.06756201386451721,-0.30345258116722107,1.2391088008880615,3.9312400817871094,0.07566765578635015,-0.02185121923685074,1.4713491201400757,0.006222717929631472,0.3378123939037323,1.126819372177124,0.7566388249397278,1.0,0.4048219584569733,0.12937685459940654,0.27544510385756676,1.0,,,cvar,/Users/yaniszaim/deephedging/.deephedging_real_runs/real_data_sweep_paper_800_step_robust/model_artifacts/seed_3456/risk_cvar/proto_source_vanilla_k_50_weighted_1_learnw_0,765.0,-0.721592742822,val_loss,0.3533534109592438,0.6293060779571533,0.28080357142857143,1.0,674.0,20.0,2.0,vanilla,50.0,True,False,0.7831761240959167,1.2480312585830688
proto_source=vanilla_k=50_weighted=0_learnw=0,train,3456,proto,1.5922846794128418,1.2278116941452026,-0.1233898252248764,0.06635037064552307,-0.07158993929624557,1.3205480575561523,4.196444988250732,0.03345014335775725,-0.02118365280330181,1.6192243099212646,0.005755893420428038,0.32534223794937134,1.1268194913864136,0.7457319498062134,1.0000001192092896,0.4167887862376553,0.1154587448231921,0.3013300414144632,1.0,,,cvar,/Users/yaniszaim/deephedging/.deephedging_real_runs/real_data_sweep_paper_800_step_robust/model_artifacts/seed_3456/risk_cvar/proto_source_vanilla_k_50_weighted_0_learnw_0,748.0,-0.7426741839022863,val_loss,0.3552316427230835,0.6762983202934265,0.3529761904761905,1.0,3139.0,20.0,2.0,vanilla,50.0,False,False,0.5807637572288513,1.1994094848632812
proto_source=vanilla_k=50_weighted=0_learnw=0,val,3456,proto,1.6098508834838867,1.2226725816726685,-0.08500280976295471,0.10096971690654755,-0.029373202472925186,1.3193819522857666,4.057794570922852,0.026785714285714284,-0.020315494388341904,1.6358622312545776,0.0056957765482366085,0.32274606823921204,1.1268194913864136,0.7467635273933411,1.0000001192092896,0.41845238095238096,0.1183407738095238,0.3001116071428571,1.0,,,cvar,/Users/yaniszaim/deephedging/.deephedging_real_runs/real_data_sweep_paper_800_step_robust/model_artifacts/seed_3456/risk_cvar/proto_source_vanilla_k_50_weighted_0_learnw_0,748.0,-0.7426741839022863,val_loss,0.3552316427230835,0.6762983202934265,0.3529761904761905,1.0,672.0,20.0,2.0,vanilla,50.0,False,False,0.5807637572288513,1.1994094848632812
proto_source=vanilla_k=50_weighted=0_learnw=0,test,3456,proto,1.5616514682769775,1.2116965055465698,-0.08892031013965607,0.0016108246054500341,-0.06843137741088867,1.351771354675293,3.9486379623413086,0.04896142433234421,-0.02185121923685074,1.5891399383544922,0.005637394730001688,0.31688886880874634,1.1268194913864136,0.7489513754844666,1.0000001192092896,0.4211053412462908,0.1173219584569733,0.3037833827893175,1.0,,,cvar,/Users/yaniszaim/deephedging/.deephedging_real_runs/real_data_sweep_paper_800_step_robust/model_artifacts/seed_3456/risk_cvar/proto_source_vanilla_k_50_weighted_0_learnw_0,748.0,-0.7426741839022863,val_loss,0.3552316427230835,0.6762983202934265,0.3529761904761905,1.0,674.0,20.0,2.0,vanilla,50.0,False,False,0.5807637572288513,1.1994094848632812
proto_source=vanilla_k=100_weighted=1_learnw=0,train,3456,proto,1.399200677871704,1.1366850137710571,-0.34013622999191284,-0.011684169061481953,-0.20357826352119446,1.1776059865951538,3.615859031677246,0.0541573749601784,-0.02118365280330181,1.425795555114746,0.005411199759691954,0.2944226861000061,1.1268194913864136,0.759896993637085,1.0000001192092896,0.49741159604969737,0.07464956992672826,0.4227620261229691,1.0,,,cvar,/Users/yaniszaim/deephedging/.deephedging_real_runs/real_data_sweep_paper_800_step_robust/model_artifacts/seed_3456/risk_cvar/proto_source_vanilla_k_100_weighted_1_learnw_0,643.0,-0.7186212148410934,val_loss,0.31147390604019165,0.7048070430755615,0.3885044642857143,1.0,3139.0,20.0,2.0,vanilla,100.0,True,False,0.47061800956726074,1.3481149673461914
proto_source=vanilla_k=100_weighted=1_learnw=0,val,3456,proto,1.4472736120224,1.1828163862228394,-0.2518638074398041,0.031490933150053024,-0.1315620094537735,1.1763124465942383,3.8591017723083496,0.03869047619047619,-0.020315494388341904,1.4730212688446045,0.00543218944221735,0.29571080207824707,1.1268194913864136,0.7637345790863037,1.0000001192092896,0.5026785714285714,0.07886904761904762,0.4238095238095238,1.0,,,cvar,/Users/yaniszaim/deephedging/.deephedging_real_runs/real_data_sweep_paper_800_step_robust/model_artifacts/seed_3456/risk_cvar/proto_source_vanilla_k_100_weighted_1_learnw_0,643.0,-0.7186212148410934,val_loss,0.31147390604019165,0.7048070430755615,0.3885044642857143,1.0,672.0,20.0,2.0,vanilla,100.0,True,False,0.47061800956726074,1.3481149673461914
proto_source=vanilla_k=100_weighted=1_learnw=0,test,3456,proto,1.382245659828186,1.1521092653274536,-0.2674679160118103,-0.045886822044849396,-0.20909053087234497,1.1405727863311768,3.757403612136841,0.05934718100890208,-0.02185121923685074,1.409448504447937,0.0053515867330133915,0.2882109582424164,1.1268194913864136,0.7611171007156372,1.0000001192092896,0.5062685459940652,0.07273738872403561,0.43353115727002967,1.0,,,cvar,/Users/yaniszaim/deephedging/.deephedging_real_runs/real_data_sweep_paper_800_step_robust/model_artifacts/seed_3456/risk_cvar/proto_source_vanilla_k_100_weighted_1_learnw_0,643.0,-0.7186212148410934,val_loss,0.31147390604019165,0.7048070430755615,0.3885044642857143,1.0,674.0,20.0,2.0,vanilla,100.0,True,False,0.47061800956726074,1.3481149673461914
proto_source=vanilla_k=100_weighted=0_learnw=0,train,3456,proto,1.5293142795562744,1.20035719871521,-0.14554205536842346,0.0794135183095932,-0.0798487663269043,1.2823694944381714,3.9822258949279785,0.034087288945524055,-0.02118365280330181,1.5562925338745117,0.005794568918645382,0.3312317132949829,1.1268194913864136,0.689730703830719,1.0000001192092896,0.31728257406817456,0.06628703408728895,0.25099553998088564,0.9990442816183498,,,cvar,/Users/yaniszaim/deephedging/.deephedging_real_runs/real_data_sweep_paper_800_step_robust/model_artifacts/seed_3456/risk_cvar/proto_source_vanilla_k_100_weighted_0_learnw_0,541.0,-0.7414279163948128,val_loss,0.35345640778541565,0.7423008680343628,0.36573660714285716,1.0,3139.0,20.0,2.0,vanilla,100.0,False,False,0.35242530703544617,1.1787315607070923
proto_source=vanilla_k=100_weighted=0_learnw=0,val,3456,proto,1.5321311950683594,1.237573266029358,-0.3471308946609497,0.05352632328867912,-0.15313675999641418,1.284114956855774,3.971001148223877,0.03869047619047619,-0.020315494388341904,1.5582529306411743,0.005806335248053074,0.33190950751304626,1.1268194913864136,0.6882668137550354,1.0,0.31982886904761904,0.06633184523809524,0.2534970238095238,0.9985119047619048,,,cvar,/Users/yaniszaim/deephedging/.deephedging_real_runs/real_data_sweep_paper_800_step_robust/model_artifacts/seed_3456/risk_cvar/proto_source_vanilla_k_100_weighted_0_learnw_0,541.0,-0.7414279163948128,val_loss,0.35345640778541565,0.7423008680343628,0.36573660714285716,1.0,672.0,20.0,2.0,vanilla,100.0,False,False,0.35242530703544617,1.1787315607070923
proto_source=vanilla_k=100_weighted=0_learnw=0,test,3456,proto,1.4439330101013184,1.214916467666626,-0.2926659882068634,0.04417676851153374,-0.19040383398532867,1.1702868938446045,4.025204181671143,0.03857566765578635,-0.02185121923685074,1.4714038372039795,0.005619524512439966,0.31973662972450256,1.1268194913864136,0.6931127905845642,1.0000001192092896,0.33230712166172105,0.06606083086053413,0.26624629080118695,0.9985163204747775,,,cvar,/Users/yaniszaim/deephedging/.deephedging_real_runs/real_data_sweep_paper_800_step_robust/model_artifacts/seed_3456/risk_cvar/proto_source_vanilla_k_100_weighted_0_learnw_0,541.0,-0.7414279163948128,val_loss,0.35345640778541565,0.7423008680343628,0.36573660714285716,1.0,674.0,20.0,2.0,vanilla,100.0,False,False,0.35242530703544617,1.1787315607070923
