model,split,seed,model_family,gains_mean,gains_std,gains_p01,gains_p05,gains_cvar05,gains_p50,gains_p95,shortfall_prob,payoff_mean,pnl_mean,cost_mean,action_abs_mean,action_abs_max,delta_abs_mean,delta_abs_max,pct_at_any_position_bound,pct_at_upper_position_bound,pct_at_lower_position_bound,pct_paths_touch_any_position_bound,selected_band,baseline_selection_metric,risk_measure,artifact_dir,selected_epoch,selected_score,selection_metric,selected_val_action_abs_mean,selected_val_delta_abs_mean,selected_val_pct_at_any_position_bound,selected_val_pct_paths_touch_any_position_bound,n_paths,n_steps,n_inst,prototype_source,n_prototypes,weighted_similarity,learn_distance_feature_weights,proto_action_norm_mean,proto_action_norm_max
unhedged,train,1234,baseline,-0.026662301272153854,0.03072747029364109,-0.12224320411682128,-0.0834491491317749,-0.11141950637102127,-0.017903447151184082,-0.0,0.6737019839594766,-0.026662301272153854,0.0,0.0,0.0,0.0,0.0,0.0,0.0,0.0,0.0,0.0,,,,,,,,,,,,,,,,,,,,
spot_delta,train,1234,baseline,-0.02639460191130638,0.029773779213428497,-0.11727109551429749,-0.08205988854169846,-0.10699289292097092,-0.018776701763272285,0.005038955342024564,0.8442380751371887,-0.026662301272153854,0.0004320225561968982,0.0001643231080379337,0.020484503358602524,0.6460080146789551,0.25848260521888733,0.6460080146789551,0.0,0.0,0.0,0.0,,,,,,,,,,,,,,,,,,,,
spot_delta_band,train,1234,baseline,-0.026441948488354683,0.029801437631249428,-0.11728992313146591,-0.08290974795818329,-0.10778909921646118,-0.018333163112401962,0.003681411780416959,0.8471929084001688,-0.026662301272153854,0.0003087592194788158,8.840718510327861e-05,0.011049402877688408,0.5460079908370972,0.21816317737102509,0.5460079908370972,0.0,0.0,0.0,0.0,0.1,gains_mean,,,,,,,,,,,,,,,,,,
unhedged,val,1234,baseline,-0.02663908153772354,0.02977326698601246,-0.11842375516891479,-0.07949483394622803,-0.10728414356708527,-0.01992034912109375,-0.0,0.6568047337278107,-0.02663908153772354,0.0,0.0,0.0,0.0,0.0,0.0,0.0,0.0,0.0,0.0,,,,,,,,,,,,,,,,,,,,
spot_delta,val,1234,baseline,-0.02629839815199375,0.02899668551981449,-0.11384592577815056,-0.07649334222078323,-0.10280342400074005,-0.02035430260002613,0.005377248581498859,0.8067061143984221,-0.02663908153772354,0.0005085722077637911,0.00016789065557532012,0.02091033011674881,0.6247119903564453,0.2588909864425659,0.6460080146789551,0.0,0.0,0.0,0.0,,,,,,,,,,,,,,,,,,,,
spot_delta_band,val,1234,baseline,-0.026264121755957603,0.028987614437937737,-0.11438524186611175,-0.076889718323946,-0.10332177579402924,-0.019778139889240265,0.004301875596866011,0.796844181459566,-0.02663908153772354,0.0004636906087398529,8.873196202330291e-05,0.011088965460658073,0.5247119665145874,0.21876806020736694,0.5460079908370972,0.0,0.0,0.0,0.0,0.1,gains_mean,,,,,,,,,,,,,,,,,,
unhedged,test,1234,baseline,-0.03000466339290142,0.030030563473701477,-0.12231046199798584,-0.09188811779022217,-0.10915521532297134,-0.02465689182281494,-0.0,0.730844793713163,-0.03000466339290142,0.0,0.0,0.0,0.0,0.0,0.0,0.0,0.0,0.0,0.0,,,,,,,,,,,,,,,,,,,,
spot_delta,test,1234,baseline,-0.029924016445875168,0.02981552481651306,-0.12132799506187439,-0.0930969849228859,-0.10823529213666916,-0.02490328811109066,0.0033699135296046696,0.8801571709233792,-0.03000466339290142,0.00024262015358544886,0.0001619743270566687,0.020169874653220177,0.5882319808006287,0.2586522102355957,0.6460080146789551,0.0,0.0,0.0,0.0,,,,,,,,,,,,,,,,,,,,
spot_delta_band,test,1234,baseline,-0.029863031581044197,0.02975403517484665,-0.1210240975022316,-0.09302146881818771,-0.10827244073152542,-0.024679260328412056,0.002799667185172438,0.8821218074656189,-0.03000466339290142,0.00023000926012173295,8.837875793687999e-05,0.011043626815080643,0.48823198676109314,0.2181859314441681,0.5460079908370972,0.0,0.0,0.0,0.0,0.1,gains_mean,,,,,,,,,,,,,,,,,,
vanilla,train,1234,vanilla,-0.026141226291656494,0.028588075190782547,-0.11571506381034852,-0.07937228381633758,-0.10588102042675018,-0.016947537660598755,0.00010797198629006626,0.941747572815534,-0.026662301272153854,0.0007260800921358168,0.00020500535902101547,0.025041727349162102,0.09469163417816162,0.29799243807792664,1.0,0.12653018151118617,0.12653018151118617,0.0,1.0,,,cvar,/Users/yaniszaim/deephedging/.deephedging_real_runs/final_paper_notebook/panel_sweeps/QQQ_full_paper_grid_800_step_robust/model_artifacts/seed_1234/risk_cvar/vanilla,274.0,0.10014229085296393,val_loss,0.02123119682073593,0.15939082205295563,0.0,0.0,2369.0,20.0,2.0,,,,,,
vanilla,val,1234,vanilla,-0.026212148368358612,0.02768263965845108,-0.11517109557986259,-0.07725571021437645,-0.10230579972267151,-0.018527692183852196,0.00015586606168653755,0.9388560157790927,-0.02663908153772354,0.0006321723922155797,0.00020524165302049369,0.02504190057516098,0.09597700834274292,0.29785123467445374,1.0,0.12652859960552268,0.12652859960552268,0.0,1.0,,,cvar,/Users/yaniszaim/deephedging/.deephedging_real_runs/final_paper_notebook/panel_sweeps/QQQ_full_paper_grid_800_step_robust/model_artifacts/seed_1234/risk_cvar/vanilla,274.0,0.10014229085296393,val_loss,0.02123119682073593,0.15939082205295563,0.0,0.0,507.0,20.0,2.0,,,,,,
vanilla,test,1234,vanilla,-0.029152605682611465,0.027872232720255852,-0.11726192057132721,-0.08719458281993867,-0.10361552238464355,-0.023709742352366447,-5.992235091980585e-05,0.9548133595284872,-0.03000466339290142,0.0010576223721727729,0.00020556362869683653,0.025041183456778526,0.09267944097518921,0.2977867126464844,1.0,0.12617878192534382,0.12617878192534382,0.0,1.0,,,cvar,/Users/yaniszaim/deephedging/.deephedging_real_runs/final_paper_notebook/panel_sweeps/QQQ_full_paper_grid_800_step_robust/model_artifacts/seed_1234/risk_cvar/vanilla,274.0,0.10014229085296393,val_loss,0.02123119682073593,0.15939082205295563,0.0,0.0,509.0,20.0,2.0,,,,,,
proto_source=spot_delta_k=10_weighted=0_learnw=0,train,1234,proto,-0.026169482618570328,0.02965160831809044,-0.12004859000444412,-0.08051287233829499,-0.10794278979301453,-0.01779809221625328,0.0009239909937605261,0.8902490502321655,-0.026662301272153854,0.0006643453962169588,0.00017152873624581844,0.019162561744451523,0.8031309843063354,0.17966318130493164,1.0,0.032978049810046435,0.032978049810046435,0.0,0.22878851836217814,,,cvar,/Users/yaniszaim/deephedging/.deephedging_real_runs/final_paper_notebook/panel_sweeps/QQQ_full_paper_grid_800_step_robust/model_artifacts/seed_1234/risk_cvar/proto_source_spot_delta_k_10_weighted_0_learnw_0,786.0,0.09936699567079779,val_loss,0.01593315601348877,0.08366675674915314,0.0021696252465483235,0.02564102564102564,2369.0,20.0,2.0,spot_delta,10.0,False,False,0.2352047860622406,0.8031309843063354
proto_source=spot_delta_k=10_weighted=0_learnw=0,val,1234,proto,-0.026449494063854218,0.028763720765709877,-0.11786314949393273,-0.07311379089951515,-0.10494004935026169,-0.019672060385346413,0.0010317113716155288,0.883629191321499,-0.02663908153772354,0.0003662395174615085,0.00017665450286585838,0.01970253884792328,0.8031309843063354,0.1820104420185089,1.0,0.03609467455621302,0.03609467455621302,0.0,0.24260355029585798,,,cvar,/Users/yaniszaim/deephedging/.deephedging_real_runs/final_paper_notebook/panel_sweeps/QQQ_full_paper_grid_800_step_robust/model_artifacts/seed_1234/risk_cvar/proto_source_spot_delta_k_10_weighted_0_learnw_0,786.0,0.09936699567079779,val_loss,0.01593315601348877,0.08366675674915314,0.0021696252465483235,0.02564102564102564,507.0,20.0,2.0,spot_delta,10.0,False,False,0.2352047860622406,0.8031309843063354
proto_source=spot_delta_k=10_weighted=0_learnw=0,test,1234,proto,-0.029528101906180382,0.029150666669011116,-0.1213085800409317,-0.08799054771661759,-0.1082526445388794,-0.02493932470679283,0.0007990644196979662,0.9174852652259332,-0.03000466339290142,0.0006564182112924755,0.0001798592711566016,0.020074613392353058,0.8031309843063354,0.18071532249450684,1.0,0.033644400785854615,0.033644400785854615,0.0,0.25736738703339884,,,cvar,/Users/yaniszaim/deephedging/.deephedging_real_runs/final_paper_notebook/panel_sweeps/QQQ_full_paper_grid_800_step_robust/model_artifacts/seed_1234/risk_cvar/proto_source_spot_delta_k_10_weighted_0_learnw_0,786.0,0.09936699567079779,val_loss,0.01593315601348877,0.08366675674915314,0.0021696252465483235,0.02564102564102564,509.0,20.0,2.0,spot_delta,10.0,False,False,0.2352047860622406,0.8031309843063354
proto_source=spot_delta_k=10_weighted=1_learnw=0,train,1234,proto,-0.026780452579259872,0.028756573796272278,-0.11574523419141769,-0.08026548773050309,-0.10752909630537033,-0.01788797602057457,0.00028098559705540493,0.9392148585901224,-0.026662301272153854,0.0002725481754168868,0.0003906998026650399,0.0271448977291584,0.08982759714126587,0.3151889145374298,1.0,6.331785563528915e-05,6.331785563528915e-05,0.0,0.002110595187842972,,,cvar,/Users/yaniszaim/deephedging/.deephedging_real_runs/final_paper_notebook/panel_sweeps/QQQ_full_paper_grid_800_step_robust/model_artifacts/seed_1234/risk_cvar/proto_source_spot_delta_k_10_weighted_1_learnw_0,6.0,0.10027358661405741,val_loss,0.02626531384885311,0.16066105663776398,0.0,0.0,2369.0,20.0,2.0,spot_delta,10.0,True,False,0.06930035352706909,0.11609730124473572
proto_source=spot_delta_k=10_weighted=1_learnw=0,val,1234,proto,-0.026575053110718727,0.027713317424058914,-0.11577949643135071,-0.07769797667860985,-0.10210377722978592,-0.019601739943027496,0.0009982385090552266,0.9112426035502958,-0.02663908153772354,0.00045590451918542385,0.00039187754737213254,0.02717546932399273,0.0898265466094017,0.3128090500831604,0.9990798830986023,0.0,0.0,0.0,0.0,,,cvar,/Users/yaniszaim/deephedging/.deephedging_real_runs/final_paper_notebook/panel_sweeps/QQQ_full_paper_grid_800_step_robust/model_artifacts/seed_1234/risk_cvar/proto_source_spot_delta_k_10_weighted_1_learnw_0,6.0,0.10027358661405741,val_loss,0.02626531384885311,0.16066105663776398,0.0,0.0,507.0,20.0,2.0,spot_delta,10.0,True,False,0.06930035352706909,0.11609730124473572
proto_source=spot_delta_k=10_weighted=1_learnw=0,test,1234,proto,-0.029665686190128326,0.028055859729647636,-0.11576517581939698,-0.08939290791749954,-0.10459797829389572,-0.023797806352376938,-3.5559246316554247e-05,0.9508840864440079,-0.03000466339290142,0.0006998729659244418,0.0003608956467360258,0.02651166543364525,0.08982672542333603,0.31465113162994385,0.9956366419792175,0.0,0.0,0.0,0.0,,,cvar,/Users/yaniszaim/deephedging/.deephedging_real_runs/final_paper_notebook/panel_sweeps/QQQ_full_paper_grid_800_step_robust/model_artifacts/seed_1234/risk_cvar/proto_source_spot_delta_k_10_weighted_1_learnw_0,6.0,0.10027358661405741,val_loss,0.02626531384885311,0.16066105663776398,0.0,0.0,509.0,20.0,2.0,spot_delta,10.0,True,False,0.06930035352706909,0.11609730124473572
proto_source=spot_delta_k=25_weighted=0_learnw=0,train,1234,proto,-0.025956233963370323,0.028439708054065704,-0.11675971269607544,-0.07883685231208801,-0.10461846739053726,-0.01763930544257164,0.0013799267122521954,0.9020683832840861,-0.026662301272153854,0.0009500222513452172,0.00024395536456722766,0.029627278447151184,0.28737175464630127,0.324760377407074,1.0,0.04448079358379063,0.04448079358379063,0.0,0.43056141831996625,,,cvar,/Users/yaniszaim/deephedging/.deephedging_real_runs/final_paper_notebook/panel_sweeps/QQQ_full_paper_grid_800_step_robust/model_artifacts/seed_1234/risk_cvar/proto_source_spot_delta_k_25_weighted_0_learnw_0,39.0,0.09953141627219714,val_loss,0.020767904818058014,0.09993577003479004,0.0011341222879684418,0.045364891518737675,2369.0,20.0,2.0,spot_delta,25.0,False,False,0.09617103636264801,0.30391576886177063
proto_source=spot_delta_k=25_weighted=0_learnw=0,val,1234,proto,-0.026052577421069145,0.027547767385840416,-0.11699310645461082,-0.07470157518982887,-0.10027870535850525,-0.02055785059928894,0.001719996985048055,0.8875739644970414,-0.02663908153772354,0.0008305673254653811,0.00024406438751611859,0.029620427638292313,0.2793996036052704,0.3223775625228882,1.0,0.04220907297830375,0.04220907297830375,0.0,0.4181459566074951,,,cvar,/Users/yaniszaim/deephedging/.deephedging_real_runs/final_paper_notebook/panel_sweeps/QQQ_full_paper_grid_800_step_robust/model_artifacts/seed_1234/risk_cvar/proto_source_spot_delta_k_25_weighted_0_learnw_0,39.0,0.09953141627219714,val_loss,0.020767904818058014,0.09993577003479004,0.0011341222879684418,0.045364891518737675,507.0,20.0,2.0,spot_delta,25.0,False,False,0.09617103636264801,0.30391576886177063
proto_source=spot_delta_k=25_weighted=0_learnw=0,test,1234,proto,-0.02885305881500244,0.027844779193401337,-0.11137636810541153,-0.088252155482769,-0.10142815858125687,-0.023209070786833763,0.0018668364500626867,0.9056974459724951,-0.03000466339290142,0.0013963747769594193,0.00024476958788000047,0.02970067784190178,0.28728508949279785,0.32772549986839294,1.0,0.05221021611001964,0.05221021611001964,0.0,0.4774066797642436,,,cvar,/Users/yaniszaim/deephedging/.deephedging_real_runs/final_paper_notebook/panel_sweeps/QQQ_full_paper_grid_800_step_robust/model_artifacts/seed_1234/risk_cvar/proto_source_spot_delta_k_25_weighted_0_learnw_0,39.0,0.09953141627219714,val_loss,0.020767904818058014,0.09993577003479004,0.0011341222879684418,0.045364891518737675,509.0,20.0,2.0,spot_delta,25.0,False,False,0.09617103636264801,0.30391576886177063
proto_source=spot_delta_k=25_weighted=1_learnw=0,train,1234,proto,-0.026087583974003792,0.02828042581677437,-0.11619647741317748,-0.08048993349075317,-0.10374615341424942,-0.01786758564412594,0.0029017593711614604,0.8763191219924018,-0.026662301272153854,0.0008223748882301152,0.00024765831767581403,0.030237695202231407,0.3593113422393799,0.3710711598396301,1.0,0.04100886449978894,0.04100886449978894,0.0,0.610806247361756,,,cvar,/Users/yaniszaim/deephedging/.deephedging_real_runs/final_paper_notebook/panel_sweeps/QQQ_full_paper_grid_800_step_robust/model_artifacts/seed_1234/risk_cvar/proto_source_spot_delta_k_25_weighted_1_learnw_0,33.0,0.09959173089185366,val_loss,0.02792510949075222,0.1108396053314209,0.0013313609467455621,0.05325443786982249,2369.0,20.0,2.0,spot_delta,25.0,True,False,0.09964214265346527,0.3594626784324646
proto_source=spot_delta_k=25_weighted=1_learnw=0,val,1234,proto,-0.025680135935544968,0.028180845081806183,-0.11501647680997848,-0.07358106225728989,-0.10124899446964264,-0.0195084847509861,0.005050644185394044,0.8500986193293886,-0.02663908153772354,0.0012117045698687434,0.00025275995722040534,0.030837880447506905,0.35818207263946533,0.368960976600647,1.0,0.03742603550295858,0.03742603550295858,0.0,0.5838264299802761,,,cvar,/Users/yaniszaim/deephedging/.deephedging_real_runs/final_paper_notebook/panel_sweeps/QQQ_full_paper_grid_800_step_robust/model_artifacts/seed_1234/risk_cvar/proto_source_spot_delta_k_25_weighted_1_learnw_0,33.0,0.09959173089185366,val_loss,0.02792510949075222,0.1108396053314209,0.0013313609467455621,0.05325443786982249,507.0,20.0,2.0,spot_delta,25.0,True,False,0.09964214265346527,0.3594626784324646
proto_source=spot_delta_k=25_weighted=1_learnw=0,test,1234,proto,-0.029337769374251366,0.0284542515873909,-0.1176507967710495,-0.09071373194456099,-0.10552053898572922,-0.024631833657622337,0.0025552233215421433,0.888015717092338,-0.03000466339290142,0.0009165116935037076,0.0002496183442417532,0.03043183498084545,0.3238001763820648,0.3694099187850952,1.0,0.03781925343811395,0.03781925343811395,0.0,0.5736738703339882,,,cvar,/Users/yaniszaim/deephedging/.deephedging_real_runs/final_paper_notebook/panel_sweeps/QQQ_full_paper_grid_800_step_robust/model_artifacts/seed_1234/risk_cvar/proto_source_spot_delta_k_25_weighted_1_learnw_0,33.0,0.09959173089185366,val_loss,0.02792510949075222,0.1108396053314209,0.0013313609467455621,0.05325443786982249,509.0,20.0,2.0,spot_delta,25.0,True,False,0.09964214265346527,0.3594626784324646
proto_source=spot_delta_k=50_weighted=0_learnw=0,train,1234,proto,-0.02637690305709839,0.029160737991333008,-0.11518960386514664,-0.08128970265388488,-0.10689866542816162,-0.01765960454940796,0.0009663258912041775,0.8932038834951457,-0.026662301272153854,0.000503460643813014,0.00021806229779031128,0.022039787843823433,0.12334007024765015,0.25272881984710693,0.8558367490768433,0.0,0.0,0.0,0.0,,,cvar,/Users/yaniszaim/deephedging/.deephedging_real_runs/final_paper_notebook/panel_sweeps/QQQ_full_paper_grid_800_step_robust/model_artifacts/seed_1234/risk_cvar/proto_source_spot_delta_k_50_weighted_0_learnw_0,15.0,0.09997405198868364,val_loss,0.011804620735347271,0.04845721274614334,0.0,0.0,2369.0,20.0,2.0,spot_delta,50.0,False,False,0.09037239104509354,0.15839029848575592
proto_source=spot_delta_k=50_weighted=0_learnw=0,val,1234,proto,-0.026204867288470268,0.02837798185646534,-0.11538669303059577,-0.0786167860031128,-0.10253424942493439,-0.019504494965076447,0.001387361658271402,0.8658777120315582,-0.02663908153772354,0.0006557373562827706,0.00022152539168018848,0.022276338189840317,0.10846355557441711,0.25172555446624756,0.8176572918891907,0.0,0.0,0.0,0.0,,,cvar,/Users/yaniszaim/deephedging/.deephedging_real_runs/final_paper_notebook/panel_sweeps/QQQ_full_paper_grid_800_step_robust/model_artifacts/seed_1234/risk_cvar/proto_source_spot_delta_k_50_weighted_0_learnw_0,15.0,0.09997405198868364,val_loss,0.011804620735347271,0.04845721274614334,0.0,0.0,507.0,20.0,2.0,spot_delta,50.0,False,False,0.09037239104509354,0.15839029848575592
proto_source=spot_delta_k=50_weighted=0_learnw=0,test,1234,proto,-0.029406806454062462,0.0285190436989069,-0.11463205128908158,-0.0896812692284584,-0.1040290892124176,-0.02417973428964615,0.001153876632452011,0.8919449901768173,-0.03000466339290142,0.0008116126991808414,0.0002137569827027619,0.02187999337911606,0.11057713627815247,0.2515794336795807,0.8442209959030151,0.0,0.0,0.0,0.0,,,cvar,/Users/yaniszaim/deephedging/.deephedging_real_runs/final_paper_notebook/panel_sweeps/QQQ_full_paper_grid_800_step_robust/model_artifacts/seed_1234/risk_cvar/proto_source_spot_delta_k_50_weighted_0_learnw_0,15.0,0.09997405198868364,val_loss,0.011804620735347271,0.04845721274614334,0.0,0.0,509.0,20.0,2.0,spot_delta,50.0,False,False,0.09037239104509354,0.15839029848575592
proto_source=spot_delta_k=50_weighted=1_learnw=0,train,1234,proto,-0.026346590369939804,0.028954125940799713,-0.11402492582798004,-0.07925068438053132,-0.10645800828933716,-0.017985112965106964,0.002706794021651147,0.8763191219924018,-0.026662301272153854,0.0006611930439248681,0.00034548278199508786,0.040354516357183456,0.23272305727005005,0.3166765570640564,1.0,0.0046749683410721825,0.0046749683410721825,0.0,0.08357956943858168,,,cvar,/Users/yaniszaim/deephedging/.deephedging_real_runs/final_paper_notebook/panel_sweeps/QQQ_full_paper_grid_800_step_robust/model_artifacts/seed_1234/risk_cvar/proto_source_spot_delta_k_50_weighted_1_learnw_0,77.0,0.09991321822091996,val_loss,0.02834080532193184,0.11358700692653656,0.0005424063116370809,0.01972386587771203,2369.0,20.0,2.0,spot_delta,50.0,True,False,0.07907244563102722,0.262238085269928
proto_source=spot_delta_k=50_weighted=1_learnw=0,val,1234,proto,-0.026223979890346527,0.02811042219400406,-0.11413324013352394,-0.0775599718093872,-0.10223802924156189,-0.018670538440346718,0.0033980662003159513,0.863905325443787,-0.02663908153772354,0.0007600112003274262,0.00034491074620746076,0.04032031074166298,0.22708183526992798,0.3161642253398895,1.0,0.004733727810650888,0.004733727810650888,0.0,0.08284023668639054,,,cvar,/Users/yaniszaim/deephedging/.deephedging_real_runs/final_paper_notebook/panel_sweeps/QQQ_full_paper_grid_800_step_robust/model_artifacts/seed_1234/risk_cvar/proto_source_spot_delta_k_50_weighted_1_learnw_0,77.0,0.09991321822091996,val_loss,0.02834080532193184,0.11358700692653656,0.0005424063116370809,0.01972386587771203,507.0,20.0,2.0,spot_delta,50.0,True,False,0.07907244563102722,0.262238085269928
proto_source=spot_delta_k=50_weighted=1_learnw=0,test,1234,proto,-0.029223622754216194,0.028422215953469276,-0.1142742532491684,-0.08882544338703155,-0.10322296619415283,-0.023545347154140472,0.0033018046990036945,0.8840864440078585,-0.03000466339290142,0.001125828130170703,0.00034478664747439325,0.040133193135261536,0.21637529134750366,0.31459903717041016,1.0,0.0037328094302554026,0.0037328094302554026,0.0,0.06286836935166994,,,cvar,/Users/yaniszaim/deephedging/.deephedging_real_runs/final_paper_notebook/panel_sweeps/QQQ_full_paper_grid_800_step_robust/model_artifacts/seed_1234/risk_cvar/proto_source_spot_delta_k_50_weighted_1_learnw_0,77.0,0.09991321822091996,val_loss,0.02834080532193184,0.11358700692653656,0.0005424063116370809,0.01972386587771203,509.0,20.0,2.0,spot_delta,50.0,True,False,0.07907244563102722,0.262238085269928
proto_source=spot_delta_k=100_weighted=0_learnw=0,train,1234,proto,-0.02658989280462265,0.029216377064585686,-0.11539235353469848,-0.07983258366584778,-0.10743800550699234,-0.0177545715123415,0.0011930469423532468,0.8940481215702828,-0.026662301272153854,0.0003320144605822861,0.0002596050617285073,0.021878056228160858,0.16534999012947083,0.284406840801239,1.0,0.0007598142676234699,0.00013718868720979317,0.0006226255804136767,0.007176023638666104,,,cvar,/Users/yaniszaim/deephedging/.deephedging_real_runs/final_paper_notebook/panel_sweeps/QQQ_full_paper_grid_800_step_robust/model_artifacts/seed_1234/risk_cvar/proto_source_spot_delta_k_100_weighted_0_learnw_0,26.0,0.09980211932658488,val_loss,0.017308929935097694,0.11427507549524307,0.00014792899408284024,0.0019723865877712033,2369.0,20.0,2.0,spot_delta,100.0,False,False,0.08307017385959625,0.1831655204296112
proto_source=spot_delta_k=100_weighted=0_learnw=0,val,1234,proto,-0.026363231241703033,0.028114084154367447,-0.11516843885183334,-0.07740969806909562,-0.10200417786836624,-0.020292751491069794,0.0016758116660639632,0.8816568047337278,-0.02663908153772354,0.0005395426414906979,0.00026369516854174435,0.02199801616370678,0.16534996032714844,0.2843465805053711,1.0,0.0009861932938856016,0.000591715976331361,0.0003944773175542406,0.007889546351084813,,,cvar,/Users/yaniszaim/deephedging/.deephedging_real_runs/final_paper_notebook/panel_sweeps/QQQ_full_paper_grid_800_step_robust/model_artifacts/seed_1234/risk_cvar/proto_source_spot_delta_k_100_weighted_0_learnw_0,26.0,0.09980211932658488,val_loss,0.017308929935097694,0.11427507549524307,0.00014792899408284024,0.0019723865877712033,507.0,20.0,2.0,spot_delta,100.0,False,False,0.08307017385959625,0.1831655204296112
proto_source=spot_delta_k=100_weighted=0_learnw=0,test,1234,proto,-0.02963271737098694,0.028383586555719376,-0.11529250502586365,-0.08840523809194564,-0.10407701879739761,-0.024292610585689545,0.001343717984855174,0.899803536345776,-0.03000466339290142,0.0006206518737599254,0.0002487085876055062,0.021364012733101845,0.16534996032714844,0.2851741313934326,1.0,0.00019646365422396856,9.823182711198428e-05,9.823182711198428e-05,0.003929273084479371,,,cvar,/Users/yaniszaim/deephedging/.deephedging_real_runs/final_paper_notebook/panel_sweeps/QQQ_full_paper_grid_800_step_robust/model_artifacts/seed_1234/risk_cvar/proto_source_spot_delta_k_100_weighted_0_learnw_0,26.0,0.09980211932658488,val_loss,0.017308929935097694,0.11427507549524307,0.00014792899408284024,0.0019723865877712033,509.0,20.0,2.0,spot_delta,100.0,False,False,0.08307017385959625,0.1831655204296112
proto_source=spot_delta_k=100_weighted=1_learnw=0,train,1234,proto,-0.02633460983633995,0.028586532920598984,-0.11137003183364869,-0.07994793951511384,-0.1048707365989685,-0.018279289826750755,0.0022856561001390204,0.8805403123680878,-0.026662301272153854,0.0005700219771824777,0.00024233211297541857,0.02788703702390194,0.29042261838912964,0.377657413482666,1.0,0.038666103841283245,0.038666103841283245,0.0,0.8750527648796961,,,cvar,/Users/yaniszaim/deephedging/.deephedging_real_runs/final_paper_notebook/panel_sweeps/QQQ_full_paper_grid_800_step_robust/model_artifacts/seed_1234/risk_cvar/proto_source_spot_delta_k_100_weighted_1_learnw_0,56.0,0.09950266330490068,val_loss,0.021814797073602676,0.10235465317964554,9.861932938856015e-05,0.0039447731755424065,2369.0,20.0,2.0,spot_delta,100.0,True,False,0.10116031020879745,0.48733896017074585
proto_source=spot_delta_k=100_weighted=1_learnw=0,val,1234,proto,-0.02576439268887043,0.027914756909012794,-0.11637286260724068,-0.07423034086823463,-0.10035813599824905,-0.01902671530842781,0.003588538663461802,0.854043392504931,-0.02663908153772354,0.0011178728891536593,0.0002431851753499359,0.02782820351421833,0.29042261838912964,0.37786245346069336,1.0,0.040039447731755426,0.040039447731755426,0.0,0.8974358974358975,,,cvar,/Users/yaniszaim/deephedging/.deephedging_real_runs/final_paper_notebook/panel_sweeps/QQQ_full_paper_grid_800_step_robust/model_artifacts/seed_1234/risk_cvar/proto_source_spot_delta_k_100_weighted_1_learnw_0,56.0,0.09950266330490068,val_loss,0.021814797073602676,0.10235465317964554,9.861932938856015e-05,0.0039447731755424065,507.0,20.0,2.0,spot_delta,100.0,True,False,0.10116031020879745,0.48733896017074585
proto_source=spot_delta_k=100_weighted=1_learnw=0,test,1234,proto,-0.029512567445635796,0.028054209426045418,-0.11665189415216445,-0.08891430050134659,-0.1039549857378006,-0.024713434278964996,0.0015309567796066396,0.9076620825147348,-0.03000466339290142,0.000732151442207396,0.0002400572702754289,0.02769104763865471,0.29042261838912964,0.3762989938259125,1.0,0.03600196463654224,0.03600196463654224,0.0,0.8388998035363457,,,cvar,/Users/yaniszaim/deephedging/.deephedging_real_runs/final_paper_notebook/panel_sweeps/QQQ_full_paper_grid_800_step_robust/model_artifacts/seed_1234/risk_cvar/proto_source_spot_delta_k_100_weighted_1_learnw_0,56.0,0.09950266330490068,val_loss,0.021814797073602676,0.10235465317964554,9.861932938856015e-05,0.0039447731755424065,509.0,20.0,2.0,spot_delta,100.0,True,False,0.10116031020879745,0.48733896017074585
proto_source=vanilla_k=10_weighted=0_learnw=0,train,1234,proto,-0.026572106406092644,0.029738718643784523,-0.12129904210567474,-0.08185331076383591,-0.1090918704867363,-0.01781582646071911,-0.00020321373012848214,0.9658083579569439,-0.026662301272153854,0.0003456511767581105,0.0002554564271122217,0.015729252249002457,0.11763463169336319,0.1414952427148819,0.5087053775787354,0.0,0.0,0.0,0.0,,,cvar,/Users/yaniszaim/deephedging/.deephedging_real_runs/final_paper_notebook/panel_sweeps/QQQ_full_paper_grid_800_step_robust/model_artifacts/seed_1234/risk_cvar/proto_source_vanilla_k_10_weighted_0_learnw_0,3.0,0.1006059162085876,val_loss,0.014382745139300823,0.14927417039871216,0.0,0.0,2369.0,20.0,2.0,vanilla,10.0,False,False,0.09343558549880981,0.1417023092508316
proto_source=vanilla_k=10_weighted=0_learnw=0,val,1234,proto,-0.026589779183268547,0.02877211757004261,-0.1161850181221962,-0.07892088368535041,-0.105169378221035,-0.01986210234463215,-0.00020107013115193715,0.9644970414201184,-0.02663908153772354,0.0003048370126634836,0.00025553477462381124,0.015727989375591278,0.1006464809179306,0.14144110679626465,0.5085824728012085,0.0,0.0,0.0,0.0,,,cvar,/Users/yaniszaim/deephedging/.deephedging_real_runs/final_paper_notebook/panel_sweeps/QQQ_full_paper_grid_800_step_robust/model_artifacts/seed_1234/risk_cvar/proto_source_vanilla_k_10_weighted_0_learnw_0,3.0,0.1006059162085876,val_loss,0.014382745139300823,0.14927417039871216,0.0,0.0,507.0,20.0,2.0,vanilla,10.0,False,False,0.09343558549880981,0.1417023092508316
proto_source=vanilla_k=10_weighted=0_learnw=0,test,1234,proto,-0.029717331752181053,0.02899283915758133,-0.1171620586514473,-0.08973947763442992,-0.10657365620136261,-0.02393585816025734,-0.00027266476536169654,0.9646365422396856,-0.03000466339290142,0.0005430669407360256,0.0002557349798735231,0.015728604048490524,0.10422632843255997,0.1414719820022583,0.5086044073104858,0.0,0.0,0.0,0.0,,,cvar,/Users/yaniszaim/deephedging/.deephedging_real_runs/final_paper_notebook/panel_sweeps/QQQ_full_paper_grid_800_step_robust/model_artifacts/seed_1234/risk_cvar/proto_source_vanilla_k_10_weighted_0_learnw_0,3.0,0.1006059162085876,val_loss,0.014382745139300823,0.14927417039871216,0.0,0.0,509.0,20.0,2.0,vanilla,10.0,False,False,0.09343558549880981,0.1417023092508316
proto_source=vanilla_k=10_weighted=1_learnw=0,train,1234,proto,-0.02673751674592495,0.029649551957845688,-0.12301724404096603,-0.08209601491689682,-0.10915230959653854,-0.01771567575633526,9.715863270685065e-05,0.9459687631912199,-0.026662301272153854,0.0004417698073666543,0.0005169863579794765,0.023426901549100876,0.09732634574174881,0.13933885097503662,0.6388229727745056,0.0,0.0,0.0,0.0,,,cvar,/Users/yaniszaim/deephedging/.deephedging_real_runs/final_paper_notebook/panel_sweeps/QQQ_full_paper_grid_800_step_robust/model_artifacts/seed_1234/risk_cvar/proto_source_vanilla_k_10_weighted_1_learnw_0,3.0,0.10080920204520225,val_loss,0.024728775024414062,0.24586458504199982,0.0,0.0,2369.0,20.0,2.0,vanilla,10.0,True,False,0.10688738524913788,0.16035059094429016
proto_source=vanilla_k=10_weighted=1_learnw=0,val,1234,proto,-0.026827923953533173,0.02869945764541626,-0.11605118498206139,-0.07940468192100525,-0.10552915930747986,-0.02031071111559868,2.2524036467066403e-07,0.9487179487179487,-0.02663908153772354,0.0003294845810160041,0.0005183285102248192,0.023426467552781105,0.09573657065629959,0.13928933441638947,0.640475332736969,0.0,0.0,0.0,0.0,,,cvar,/Users/yaniszaim/deephedging/.deephedging_real_runs/final_paper_notebook/panel_sweeps/QQQ_full_paper_grid_800_step_robust/model_artifacts/seed_1234/risk_cvar/proto_source_vanilla_k_10_weighted_1_learnw_0,3.0,0.10080920204520225,val_loss,0.024728775024414062,0.24586458504199982,0.0,0.0,507.0,20.0,2.0,vanilla,10.0,True,False,0.10688738524913788,0.16035059094429016
proto_source=vanilla_k=10_weighted=1_learnw=0,test,1234,proto,-0.029843121767044067,0.02884713001549244,-0.11607672274112701,-0.08964032679796219,-0.1064445823431015,-0.024160686880350113,0.00011722311610355835,0.9449901768172888,-0.03000466339290142,0.0006790299084968865,0.0005174880498088896,0.023418672382831573,0.09583406895399094,0.13925540447235107,0.6372659206390381,0.0,0.0,0.0,0.0,,,cvar,/Users/yaniszaim/deephedging/.deephedging_real_runs/final_paper_notebook/panel_sweeps/QQQ_full_paper_grid_800_step_robust/model_artifacts/seed_1234/risk_cvar/proto_source_vanilla_k_10_weighted_1_learnw_0,3.0,0.10080920204520225,val_loss,0.024728775024414062,0.24586458504199982,0.0,0.0,509.0,20.0,2.0,vanilla,10.0,True,False,0.10688738524913788,0.16035059094429016
proto_source=vanilla_k=25_weighted=0_learnw=0,train,1234,proto,-0.026821313425898552,0.02969968132674694,-0.11817395716905595,-0.08178459852933884,-0.10865097492933273,-0.018141647800803185,-3.916948917322026e-05,0.9501899535669058,-0.026662301272153854,0.0003223474486730993,0.00048135980614461005,0.017953984439373016,0.3994447588920593,0.10596181452274323,1.0,3.165892781764457e-05,3.165892781764457e-05,0.0,0.0008442380751371887,,,cvar,/Users/yaniszaim/deephedging/.deephedging_real_runs/final_paper_notebook/panel_sweeps/QQQ_full_paper_grid_800_step_robust/model_artifacts/seed_1234/risk_cvar/proto_source_vanilla_k_25_weighted_0_learnw_0,485.0,0.10087283945642413,val_loss,0.015978438779711723,0.12133745849132538,0.0,0.0,2369.0,20.0,2.0,vanilla,25.0,False,False,0.09166626632213593,0.39986881613731384
proto_source=vanilla_k=25_weighted=0_learnw=0,val,1234,proto,-0.02692352794110775,0.02868703193962574,-0.11707303911447525,-0.07815466448664665,-0.1044609546661377,-0.020672697573900223,-0.00018180002516601272,0.9546351084812623,-0.02663908153772354,0.00018810130131896585,0.0004725493781734258,0.017847079783678055,0.1614648401737213,0.10399114340543747,0.862734317779541,0.0,0.0,0.0,0.0,,,cvar,/Users/yaniszaim/deephedging/.deephedging_real_runs/final_paper_notebook/panel_sweeps/QQQ_full_paper_grid_800_step_robust/model_artifacts/seed_1234/risk_cvar/proto_source_vanilla_k_25_weighted_0_learnw_0,485.0,0.10087283945642413,val_loss,0.015978438779711723,0.12133745849132538,0.0,0.0,507.0,20.0,2.0,vanilla,25.0,False,False,0.09166626632213593,0.39986881613731384
proto_source=vanilla_k=25_weighted=0_learnw=0,test,1234,proto,-0.030148284509778023,0.02924029715359211,-0.1193730267882347,-0.08974667638540268,-0.10761814564466476,-0.02380945160984993,-0.00027903511654585615,0.9666011787819253,-0.03000466339290142,0.0003380338312126696,0.00048165683983825147,0.01804887130856514,0.16663677990436554,0.10585527122020721,0.7977655529975891,0.0,0.0,0.0,0.0,,,cvar,/Users/yaniszaim/deephedging/.deephedging_real_runs/final_paper_notebook/panel_sweeps/QQQ_full_paper_grid_800_step_robust/model_artifacts/seed_1234/risk_cvar/proto_source_vanilla_k_25_weighted_0_learnw_0,485.0,0.10087283945642413,val_loss,0.015978438779711723,0.12133745849132538,0.0,0.0,509.0,20.0,2.0,vanilla,25.0,False,False,0.09166626632213593,0.39986881613731384
proto_source=vanilla_k=25_weighted=1_learnw=0,train,1234,proto,-0.02619948983192444,0.028635183349251747,-0.11574495762586594,-0.0794580489397049,-0.10614551603794098,-0.01696457527577877,-0.00010281208960805149,0.9560996200928662,-0.026662301272153854,0.0007123840623535216,0.0002495736407581717,0.02550836093723774,0.0728541687130928,0.2958618998527527,1.0,0.09938792739552554,0.09938792739552554,0.0,1.0,,,cvar,/Users/yaniszaim/deephedging/.deephedging_real_runs/final_paper_notebook/panel_sweeps/QQQ_full_paper_grid_800_step_robust/model_artifacts/seed_1234/risk_cvar/proto_source_vanilla_k_25_weighted_1_learnw_0,9.0,0.10031333313323558,val_loss,0.018487663939595222,0.12155979871749878,0.0,0.0,2369.0,20.0,2.0,vanilla,25.0,True,False,0.04598316550254822,0.15179307758808136
proto_source=vanilla_k=25_weighted=1_learnw=0,val,1234,proto,-0.02625468000769615,0.027606841176748276,-0.11379242330789566,-0.07724769487977028,-0.1021861582994461,-0.01847030781209469,0.00017842132074292655,0.9447731755424064,-0.02663908153772354,0.0006345774745568633,0.0002501776907593012,0.02551122009754181,0.07292810082435608,0.2954859435558319,1.0,0.0990138067061144,0.0990138067061144,0.0,1.0,,,cvar,/Users/yaniszaim/deephedging/.deephedging_real_runs/final_paper_notebook/panel_sweeps/QQQ_full_paper_grid_800_step_robust/model_artifacts/seed_1234/risk_cvar/proto_source_vanilla_k_25_weighted_1_learnw_0,9.0,0.10031333313323558,val_loss,0.018487663939595222,0.12155979871749878,0.0,0.0,507.0,20.0,2.0,vanilla,25.0,True,False,0.04598316550254822,0.15179307758808136
proto_source=vanilla_k=25_weighted=1_learnw=0,test,1234,proto,-0.02915121242403984,0.02789481170475483,-0.11431143015623092,-0.08691612631082535,-0.10364251583814621,-0.023276206105947495,-0.00033846971346065437,0.962671905697446,-0.03000466339290142,0.0011023880215361714,0.0002489363541826606,0.025495002046227455,0.07271463423967361,0.29568207263946533,1.0,0.09916502946954814,0.09916502946954814,0.0,1.0,,,cvar,/Users/yaniszaim/deephedging/.deephedging_real_runs/final_paper_notebook/panel_sweeps/QQQ_full_paper_grid_800_step_robust/model_artifacts/seed_1234/risk_cvar/proto_source_vanilla_k_25_weighted_1_learnw_0,9.0,0.10031333313323558,val_loss,0.018487663939595222,0.12155979871749878,0.0,0.0,509.0,20.0,2.0,vanilla,25.0,True,False,0.04598316550254822,0.15179307758808136
proto_source=vanilla_k=50_weighted=0_learnw=0,train,1234,proto,-0.02717657946050167,0.029665714129805565,-0.119825721681118,-0.08273982852697373,-0.10942790657281876,-0.01817295514047146,-0.0006705610314384103,0.982271000422119,-0.026662301272153854,0.000390552741009742,0.0009048309875652194,0.02392739988863468,0.14731758832931519,0.151398703455925,0.8441564440727234,0.0,0.0,0.0,0.0,,,cvar,/Users/yaniszaim/deephedging/.deephedging_real_runs/final_paper_notebook/panel_sweeps/QQQ_full_paper_grid_800_step_robust/model_artifacts/seed_1234/risk_cvar/proto_source_vanilla_k_50_weighted_0_learnw_0,177.0,0.10131153107620776,val_loss,0.024707140401005745,0.10282683372497559,0.0,0.0,2369.0,20.0,2.0,vanilla,50.0,False,False,0.0763619914650917,0.19041307270526886
proto_source=vanilla_k=50_weighted=0_learnw=0,val,1234,proto,-0.027194762602448463,0.02870379574596882,-0.11736892580986023,-0.07857885360717773,-0.10514868795871735,-0.019934050738811493,-0.00037255578790791426,0.9684418145956607,-0.02663908153772354,0.0003507485380396247,0.000906433560885489,0.023913033306598663,0.1255345642566681,0.15192902088165283,0.7757325172424316,0.0,0.0,0.0,0.0,,,cvar,/Users/yaniszaim/deephedging/.deephedging_real_runs/final_paper_notebook/panel_sweeps/QQQ_full_paper_grid_800_step_robust/model_artifacts/seed_1234/risk_cvar/proto_source_vanilla_k_50_weighted_0_learnw_0,177.0,0.10131153107620776,val_loss,0.024707140401005745,0.10282683372497559,0.0,0.0,507.0,20.0,2.0,vanilla,50.0,False,False,0.0763619914650917,0.19041307270526886
proto_source=vanilla_k=50_weighted=0_learnw=0,test,1234,proto,-0.030335577204823494,0.028978552669286728,-0.11910038053989411,-0.09000714421272278,-0.10718600451946259,-0.024524260312318802,-0.0007733060629107081,0.9783889980353635,-0.03000466339290142,0.0005782766384072602,0.0009091913234442472,0.023920008912682533,0.13269072771072388,0.15153256058692932,0.7482808828353882,0.0,0.0,0.0,0.0,,,cvar,/Users/yaniszaim/deephedging/.deephedging_real_runs/final_paper_notebook/panel_sweeps/QQQ_full_paper_grid_800_step_robust/model_artifacts/seed_1234/risk_cvar/proto_source_vanilla_k_50_weighted_0_learnw_0,177.0,0.10131153107620776,val_loss,0.024707140401005745,0.10282683372497559,0.0,0.0,509.0,20.0,2.0,vanilla,50.0,False,False,0.0763619914650917,0.19041307270526886
proto_source=vanilla_k=50_weighted=1_learnw=0,train,1234,proto,-0.02620088867843151,0.028536971658468246,-0.11519778519868851,-0.07980708926916122,-0.10577978193759918,-0.017248017713427544,-0.00045642330078408147,0.9810046433094133,-0.026662301272153854,0.0007127643330022693,0.0002513509534765035,0.025526879355311394,0.0927848294377327,0.29021909832954407,1.0,0.05948712536935416,0.05948712536935416,0.0,1.0,,,cvar,/Users/yaniszaim/deephedging/.deephedging_real_runs/final_paper_notebook/panel_sweeps/QQQ_full_paper_grid_800_step_robust/model_artifacts/seed_1234/risk_cvar/proto_source_vanilla_k_50_weighted_1_learnw_0,104.0,0.10079939643212128,val_loss,0.0018280973890796304,0.02169695310294628,0.0,0.0,2369.0,20.0,2.0,vanilla,50.0,True,False,0.0776764526963234,0.2334682047367096
proto_source=vanilla_k=50_weighted=1_learnw=0,val,1234,proto,-0.026166141033172607,0.027575159445405006,-0.11280919387936592,-0.07612817957997323,-0.101806640625,-0.018657101318240166,-0.0003576530754799023,0.9783037475345168,-0.02663908153772354,0.0007249573245644569,0.000252018915489316,0.025531403720378876,0.08217495679855347,0.29029330611228943,1.0,0.05936883629191322,0.05936883629191322,0.0,1.0,,,cvar,/Users/yaniszaim/deephedging/.deephedging_real_runs/final_paper_notebook/panel_sweeps/QQQ_full_paper_grid_800_step_robust/model_artifacts/seed_1234/risk_cvar/proto_source_vanilla_k_50_weighted_1_learnw_0,104.0,0.10079939643212128,val_loss,0.0018280973890796304,0.02169695310294628,0.0,0.0,507.0,20.0,2.0,vanilla,50.0,True,False,0.0776764526963234,0.2334682047367096
proto_source=vanilla_k=50_weighted=1_learnw=0,test,1234,proto,-0.02919948473572731,0.027983294799923897,-0.11620394349098205,-0.08684083372354508,-0.10376213490962982,-0.023427385836839676,-0.0005214174045249829,0.9901768172888016,-0.03000466339290142,0.0010561806848272681,0.00025100106722675264,0.025515984743833542,0.08548437058925629,0.290220707654953,1.0,0.060117878192534384,0.060117878192534384,0.0,1.0,,,cvar,/Users/yaniszaim/deephedging/.deephedging_real_runs/final_paper_notebook/panel_sweeps/QQQ_full_paper_grid_800_step_robust/model_artifacts/seed_1234/risk_cvar/proto_source_vanilla_k_50_weighted_1_learnw_0,104.0,0.10079939643212128,val_loss,0.0018280973890796304,0.02169695310294628,0.0,0.0,509.0,20.0,2.0,vanilla,50.0,True,False,0.0776764526963234,0.2334682047367096
proto_source=vanilla_k=100_weighted=0_learnw=0,train,1234,proto,-0.026698123663663864,0.03008144535124302,-0.12046464264392853,-0.08242044746875762,-0.10995512455701828,-0.01774507761001587,-0.0002416469273157418,0.9835373575348249,-0.026662301272153854,0.00020381540525704622,0.00023963690910022706,0.009702462702989578,0.08015500009059906,0.0980047956109047,0.4899715483188629,0.0,0.0,0.0,0.0,,,cvar,/Users/yaniszaim/deephedging/.deephedging_real_runs/final_paper_notebook/panel_sweeps/QQQ_full_paper_grid_800_step_robust/model_artifacts/seed_1234/risk_cvar/proto_source_vanilla_k_100_weighted_0_learnw_0,26.0,0.10077869132161141,val_loss,0.009337902069091797,0.08560450375080109,0.0,0.0,2369.0,20.0,2.0,vanilla,100.0,False,False,0.0547013096511364,0.12002131342887878
proto_source=vanilla_k=100_weighted=0_learnw=0,val,1234,proto,-0.026714392006397247,0.029150743037462234,-0.116543630361557,-0.07874777168035507,-0.10602859407663345,-0.01984800212085247,-0.0001646018514293248,0.9723865877712031,-0.02663908153772354,0.000164872471941635,0.00024018622934818268,0.009691422805190086,0.06362709403038025,0.09757480025291443,0.4704605042934418,0.0,0.0,0.0,0.0,,,cvar,/Users/yaniszaim/deephedging/.deephedging_real_runs/final_paper_notebook/panel_sweeps/QQQ_full_paper_grid_800_step_robust/model_artifacts/seed_1234/risk_cvar/proto_source_vanilla_k_100_weighted_0_learnw_0,26.0,0.10077869132161141,val_loss,0.009337902069091797,0.08560450375080109,0.0,0.0,507.0,20.0,2.0,vanilla,100.0,False,False,0.0547013096511364,0.12002131342887878
proto_source=vanilla_k=100_weighted=0_learnw=0,test,1234,proto,-0.029943173751235008,0.029443494975566864,-0.1194664666056633,-0.09117026925086975,-0.10780412703752518,-0.024455808103084564,-0.0002470125444233419,0.9901768172888016,-0.03000466339290142,0.0003009744395967573,0.00023948655871208757,0.009702230803668499,0.0731906071305275,0.09798477590084076,0.5071657299995422,0.0,0.0,0.0,0.0,,,cvar,/Users/yaniszaim/deephedging/.deephedging_real_runs/final_paper_notebook/panel_sweeps/QQQ_full_paper_grid_800_step_robust/model_artifacts/seed_1234/risk_cvar/proto_source_vanilla_k_100_weighted_0_learnw_0,26.0,0.10077869132161141,val_loss,0.009337902069091797,0.08560450375080109,0.0,0.0,509.0,20.0,2.0,vanilla,100.0,False,False,0.0547013096511364,0.12002131342887878
proto_source=vanilla_k=100_weighted=1_learnw=0,train,1234,proto,-0.026204051449894905,0.028702178969979286,-0.11790608048439026,-0.07930658012628555,-0.10635337233543396,-0.017114801332354546,0.0005217956844717256,0.9248628113127902,-0.026662301272153854,0.0006997899035923183,0.00024154045968316495,0.026365969330072403,0.0851728767156601,0.32849401235580444,1.0,0.175,0.175,0.0,1.0,,,cvar,/Users/yaniszaim/deephedging/.deephedging_real_runs/final_paper_notebook/panel_sweeps/QQQ_full_paper_grid_800_step_robust/model_artifacts/seed_1234/risk_cvar/proto_source_vanilla_k_100_weighted_1_learnw_0,81.0,0.10045321090146898,val_loss,0.02845534309744835,0.15417462587356567,0.0,0.0,2369.0,20.0,2.0,vanilla,100.0,True,False,0.07670969516038895,0.17267587780952454
proto_source=vanilla_k=100_weighted=1_learnw=0,val,1234,proto,-0.026243988424539566,0.027709219604730606,-0.11398511797189713,-0.07757468298077583,-0.10226701945066452,-0.019244935363531113,0.0006507385754957787,0.9171597633136095,-0.02663908153772354,0.000636933371424675,0.00024184152425732464,0.026367010548710823,0.08479756116867065,0.3284374475479126,1.0,0.175,0.175,0.0,1.0,,,cvar,/Users/yaniszaim/deephedging/.deephedging_real_runs/final_paper_notebook/panel_sweeps/QQQ_full_paper_grid_800_step_robust/model_artifacts/seed_1234/risk_cvar/proto_source_vanilla_k_100_weighted_1_learnw_0,81.0,0.10045321090146898,val_loss,0.02845534309744835,0.15417462587356567,0.0,0.0,507.0,20.0,2.0,vanilla,100.0,True,False,0.07670969516038895,0.17267587780952454
proto_source=vanilla_k=100_weighted=1_learnw=0,test,1234,proto,-0.02914302609860897,0.02782590501010418,-0.11224866330623627,-0.0862045407295227,-0.10320507735013962,-0.02325880341231823,0.0004492144682444623,0.9332023575638507,-0.03000466339290142,0.0011038454249501228,0.00024220897466875613,0.026365205645561218,0.08503354340791702,0.3284320533275604,1.0,0.175,0.175,0.0,1.0,,,cvar,/Users/yaniszaim/deephedging/.deephedging_real_runs/final_paper_notebook/panel_sweeps/QQQ_full_paper_grid_800_step_robust/model_artifacts/seed_1234/risk_cvar/proto_source_vanilla_k_100_weighted_1_learnw_0,81.0,0.10045321090146898,val_loss,0.02845534309744835,0.15417462587356567,0.0,0.0,509.0,20.0,2.0,vanilla,100.0,True,False,0.07670969516038895,0.17267587780952454
unhedged,train,2345,baseline,-0.026826728135347366,0.029421282932162285,-0.11633431434631347,-0.0826338768005371,-0.1060757115483284,-0.019631266593933105,-0.0,0.6787674124102997,-0.026826728135347366,0.0,0.0,0.0,0.0,0.0,0.0,0.0,0.0,0.0,0.0,,,,,,,,,,,,,,,,,,,,
spot_delta,train,2345,baseline,-0.02657952904701233,0.028686298057436943,-0.1138404980301857,-0.08202298879623413,-0.10312635451555252,-0.019919143989682198,0.005014511197805402,0.8438159560996201,-0.026826728135347366,0.0004120721132494509,0.00016487296670675278,0.02054806612432003,0.6460080146789551,0.2585102915763855,0.6460080146789551,0.0,0.0,0.0,0.0,,,,,,,,,,,,,,,,,,,,
spot_delta_band,train,2345,baseline,-0.02659819833934307,0.028675789013504982,-0.11249560832977296,-0.08290974795818329,-0.1036890298128128,-0.01930154860019684,0.003874859446659682,0.8455044322498945,-0.026826728135347366,0.0003169768024235964,8.844534022500739e-05,0.011053991504013538,0.5460079908370972,0.21824336051940918,0.5460079908370972,0.0,0.0,0.0,0.0,0.1,gains_mean,,,,,,,,,,,,,,,,,,
unhedged,val,2345,baseline,-0.02615988813340664,0.03281106799840927,-0.1276412343978882,-0.08215768337249756,-0.12250255048274994,-0.014992833137512207,-0.0,0.6725838264299803,-0.02615988813340664,0.0,0.0,0.0,0.0,0.0,0.0,0.0,0.0,0.0,0.0,,,,,,,,,,,,,,,,,,,,
spot_delta,val,2345,baseline,-0.026070160791277885,0.031034260988235474,-0.13295268386602402,-0.08077793344855308,-0.11621784418821335,-0.016987180337309837,0.003974294709041709,0.8560157790927022,-0.02615988813340664,0.00025336979888379574,0.00016364146722480655,0.02038613334298134,0.6420050263404846,0.25870707631111145,0.6460080146789551,0.0,0.0,0.0,0.0,,,,,,,,,,,,,,,,,,,,
spot_delta_band,val,2345,baseline,-0.026045944541692734,0.031230738386511803,-0.1299263960123062,-0.07986052110791206,-0.11750596016645432,-0.016796762123703957,0.0028157846303656685,0.8599605522682445,-0.02615988813340664,0.00020245257474016398,8.851113670971245e-05,0.011061043478548527,0.5420050024986267,0.2185238003730774,0.5460079908370972,0.0,0.0,0.0,0.0,0.1,gains_mean,,,,,,,,,,,,,,,,,,
unhedged,test,2345,baseline,-0.029716691002249718,0.03285712003707886,-0.12699578285217286,-0.09535706043243408,-0.11818423867225647,-0.020919084548950195,-0.0,0.6915520628683693,-0.029716691002249718,0.0,0.0,0.0,0.0,0.0,0.0,0.0,0.0,0.0,0.0,,,,,,,,,,,,,,,,,,,,
spot_delta,test,2345,baseline,-0.029290663078427315,0.032662395387887955,-0.11837741881608962,-0.08949193060398102,-0.11473239958286285,-0.021529849618673325,0.005116267967969179,0.8330058939096268,-0.029716691002249718,0.0005896735819987953,0.0001636476517887786,0.020396169275045395,0.6232870221138,0.2587064802646637,0.6355419754981995,0.0,0.0,0.0,0.0,,,,,,,,,,,,,,,,,,,,
spot_delta_band,test,2345,baseline,-0.02935313619673252,0.03255933150649071,-0.12034590989351272,-0.0913142129778862,-0.11482951045036316,-0.0216742604970932,0.003681411780416963,0.8271119842829077,-0.029716691002249718,0.00045197425060905516,8.842116221785545e-05,0.011050082743167877,0.5232869982719421,0.21805614233016968,0.5355419516563416,0.0,0.0,0.0,0.0,0.1,gains_mean,,,,,,,,,,,,,,,,,,
vanilla,train,2345,vanilla,-0.026311589404940605,0.027343912050127983,-0.11053979337215424,-0.07867529839277267,-0.10029949247837067,-0.018792808055877686,0.0012866917531937348,0.8961587167581258,-0.026826728135347366,0.0007354478584602475,0.00022030888067092746,0.02520534209907055,0.17496371269226074,0.3593234717845917,1.0,0.25068594343604894,0.25068594343604894,0.0,1.0,,,cvar,/Users/yaniszaim/deephedging/.deephedging_real_runs/final_paper_notebook/panel_sweeps/QQQ_full_paper_grid_800_step_robust/model_artifacts/seed_2345/risk_cvar/vanilla,421.0,0.09863593546175847,val_loss,0.021117346361279488,0.10217087715864182,0.0002465483234714004,0.009861932938856016,2369.0,20.0,2.0,,,,,,
vanilla,val,2345,vanilla,-0.025738537311553955,0.030518867075443268,-0.12284417763352394,-0.07698923721909523,-0.11593282967805862,-0.015313691459596157,0.0010769539163447905,0.8974358974358975,-0.02615988813340664,0.0006418764241971076,0.00022052472922950983,0.025206083431839943,0.1686105728149414,0.3593418300151825,1.0,0.2507889546351085,0.2507889546351085,0.0,1.0,,,cvar,/Users/yaniszaim/deephedging/.deephedging_real_runs/final_paper_notebook/panel_sweeps/QQQ_full_paper_grid_800_step_robust/model_artifacts/seed_2345/risk_cvar/vanilla,421.0,0.09863593546175847,val_loss,0.021117346361279488,0.10217087715864182,0.0002465483234714004,0.009861932938856016,507.0,20.0,2.0,,,,,,
vanilla,test,2345,vanilla,-0.02893075905740261,0.03074919432401657,-0.1200154122710228,-0.08869530260562897,-0.11250991374254227,-0.020661456510424614,0.001098084403201936,0.899803536345776,-0.029716691002249718,0.0010068337433040142,0.0002209050435340032,0.02520708180963993,0.16816580295562744,0.3593928813934326,1.0,0.2505402750491159,0.2505402750491159,0.0,1.0,,,cvar,/Users/yaniszaim/deephedging/.deephedging_real_runs/final_paper_notebook/panel_sweeps/QQQ_full_paper_grid_800_step_robust/model_artifacts/seed_2345/risk_cvar/vanilla,421.0,0.09863593546175847,val_loss,0.021117346361279488,0.10217087715864182,0.0002465483234714004,0.009861932938856016,509.0,20.0,2.0,,,,,,
proto_source=spot_delta_k=10_weighted=0_learnw=0,train,2345,proto,-0.02658146247267723,0.027568088844418526,-0.11075538128614426,-0.07937005162239075,-0.10142689943313599,-0.01925002597272396,0.0016924709780141707,0.9008020261713803,-0.026826728135347366,0.0005429936572909355,0.00029772863490507007,0.025805959478020668,0.1682920604944229,0.3333779573440552,1.0,0.0022688898269311946,0.0022688898269311946,0.0,0.06205149852258337,,,cvar,/Users/yaniszaim/deephedging/.deephedging_real_runs/final_paper_notebook/panel_sweeps/QQQ_full_paper_grid_800_step_robust/model_artifacts/seed_2345/risk_cvar/proto_source_spot_delta_k_10_weighted_0_learnw_0,8.0,0.09904870256781578,val_loss,0.022287070751190186,0.13013722002506256,0.0,0.0,2369.0,20.0,2.0,spot_delta,10.0,False,False,0.09896290302276611,0.16829729080200195
proto_source=spot_delta_k=10_weighted=0_learnw=0,val,2345,proto,-0.02561669982969761,0.030669545754790306,-0.12373807996511459,-0.07729761749505996,-0.11713559180498123,-0.01648765616118908,0.001361506769899278,0.8856015779092702,-0.02615988813340664,0.0008491487242281437,0.00030596129363402724,0.025853369385004044,0.16829220950603485,0.33030107617378235,1.0,0.0016765285996055226,0.0016765285996055226,0.0,0.04930966469428008,,,cvar,/Users/yaniszaim/deephedging/.deephedging_real_runs/final_paper_notebook/panel_sweeps/QQQ_full_paper_grid_800_step_robust/model_artifacts/seed_2345/risk_cvar/proto_source_spot_delta_k_10_weighted_0_learnw_0,8.0,0.09904870256781578,val_loss,0.022287070751190186,0.13013722002506256,0.0,0.0,507.0,20.0,2.0,spot_delta,10.0,False,False,0.09896290302276611,0.16829729080200195
proto_source=spot_delta_k=10_weighted=0_learnw=0,test,2345,proto,-0.02920074760913849,0.030907146632671356,-0.11594251394271851,-0.08936160057783127,-0.1113714724779129,-0.020977485924959183,0.0018177727703005075,0.8860510805500982,-0.029716691002249718,0.0008203521720133722,0.000304408953525126,0.025893451645970345,0.1682906448841095,0.32462334632873535,1.0,0.0022102161100196463,0.0022102161100196463,0.0,0.05304518664047151,,,cvar,/Users/yaniszaim/deephedging/.deephedging_real_runs/final_paper_notebook/panel_sweeps/QQQ_full_paper_grid_800_step_robust/model_artifacts/seed_2345/risk_cvar/proto_source_spot_delta_k_10_weighted_0_learnw_0,8.0,0.09904870256781578,val_loss,0.022287070751190186,0.13013722002506256,0.0,0.0,509.0,20.0,2.0,spot_delta,10.0,False,False,0.09896290302276611,0.16829729080200195
proto_source=spot_delta_k=10_weighted=1_learnw=0,train,2345,proto,-0.02680433914065361,0.02921726554632187,-0.11557028353214265,-0.08228060752153396,-0.1055668294429779,-0.01959138922393322,-9.561222686897964e-05,0.9983115238497257,-0.026826728135347366,8.144479215843603e-05,5.9055175370303914e-05,0.0031008191872388124,0.29310908913612366,0.030559059232473373,0.451802134513855,0.0,0.0,0.0,0.0,,,cvar,/Users/yaniszaim/deephedging/.deephedging_real_runs/final_paper_notebook/panel_sweeps/QQQ_full_paper_grid_800_step_robust/model_artifacts/seed_2345/risk_cvar/proto_source_spot_delta_k_10_weighted_1_learnw_0,152.0,0.09875164226279594,val_loss,0.003647276433184743,0.03222481533885002,0.0,0.0,2369.0,20.0,2.0,spot_delta,10.0,True,False,0.10233749449253082,0.4972049295902252
proto_source=spot_delta_k=10_weighted=1_learnw=0,val,2345,proto,-0.02605607360601425,0.0320710614323616,-0.1311137145757675,-0.0804259330034256,-0.12023437023162842,-0.014974236488342285,-8.29758559120819e-05,0.9980276134122288,-0.02615988813340664,0.0001642230781726539,6.040816515451297e-05,0.003234642092138529,0.29348474740982056,0.0313100591301918,0.5131447315216064,0.0,0.0,0.0,0.0,,,cvar,/Users/yaniszaim/deephedging/.deephedging_real_runs/final_paper_notebook/panel_sweeps/QQQ_full_paper_grid_800_step_robust/model_artifacts/seed_2345/risk_cvar/proto_source_spot_delta_k_10_weighted_1_learnw_0,152.0,0.09875164226279594,val_loss,0.003647276433184743,0.03222481533885002,0.0,0.0,507.0,20.0,2.0,spot_delta,10.0,True,False,0.10233749449253082,0.4972049295902252
proto_source=spot_delta_k=10_weighted=1_learnw=0,test,2345,proto,-0.029664412140846252,0.03264515846967697,-0.12453070789575577,-0.09496145248413086,-0.11768332868814468,-0.020873207598924637,-9.578950121067469e-05,0.9980353634577603,-0.029716691002249718,0.00011257729056524113,6.030061558703892e-05,0.003216533688828349,0.2928614914417267,0.030951282009482384,0.27246126532554626,0.0,0.0,0.0,0.0,,,cvar,/Users/yaniszaim/deephedging/.deephedging_real_runs/final_paper_notebook/panel_sweeps/QQQ_full_paper_grid_800_step_robust/model_artifacts/seed_2345/risk_cvar/proto_source_spot_delta_k_10_weighted_1_learnw_0,152.0,0.09875164226279594,val_loss,0.003647276433184743,0.03222481533885002,0.0,0.0,509.0,20.0,2.0,spot_delta,10.0,True,False,0.10233749449253082,0.4972049295902252
proto_source=spot_delta_k=25_weighted=0_learnw=0,train,2345,proto,-0.026418007910251617,0.02743903174996376,-0.10943481892347336,-0.07870218455791474,-0.10082029551267624,-0.01905750297009945,0.0017450565006583913,0.9012241452089489,-0.026826728135347366,0.000655796320643276,0.0002470780455041677,0.02504463866353035,0.19413667917251587,0.3668128252029419,1.0,0.020567750105529758,0.020567750105529758,0.0,0.22667792317433516,,,cvar,/Users/yaniszaim/deephedging/.deephedging_real_runs/final_paper_notebook/panel_sweeps/QQQ_full_paper_grid_800_step_robust/model_artifacts/seed_2345/risk_cvar/proto_source_spot_delta_k_25_weighted_0_learnw_0,15.0,0.09877231102857438,val_loss,0.027748694643378258,0.1591351479291916,0.00034516765285996055,0.013806706114398421,2369.0,20.0,2.0,spot_delta,25.0,False,False,0.08012703061103821,0.20370490849018097
proto_source=spot_delta_k=25_weighted=0_learnw=0,val,2345,proto,-0.025527290999889374,0.030665917322039604,-0.12137907072901725,-0.07721380144357681,-0.11687524616718292,-0.01610003039240837,0.0019657588563859463,0.8757396449704142,-0.02615988813340664,0.0008802157826721668,0.0002476180379744619,0.02506096661090851,0.1937195062637329,0.3640356659889221,1.0,0.01947731755424063,0.01947731755424063,0.0,0.20907297830374755,,,cvar,/Users/yaniszaim/deephedging/.deephedging_real_runs/final_paper_notebook/panel_sweeps/QQQ_full_paper_grid_800_step_robust/model_artifacts/seed_2345/risk_cvar/proto_source_spot_delta_k_25_weighted_0_learnw_0,15.0,0.09877231102857438,val_loss,0.027748694643378258,0.1591351479291916,0.00034516765285996055,0.013806706114398421,507.0,20.0,2.0,spot_delta,25.0,False,False,0.08012703061103821,0.20370490849018097
proto_source=spot_delta_k=25_weighted=0_learnw=0,test,2345,proto,-0.02909431792795658,0.030730297788977623,-0.1151278954744339,-0.08925427794456482,-0.11101145297288895,-0.0209294892847538,0.0014950119424611292,0.8958742632612967,-0.029716691002249718,0.0008682094048708677,0.00024583778576925397,0.0249214768409729,0.19359499216079712,0.3584088385105133,1.0,0.01699410609037328,0.01699410609037328,0.0,0.1787819253438114,,,cvar,/Users/yaniszaim/deephedging/.deephedging_real_runs/final_paper_notebook/panel_sweeps/QQQ_full_paper_grid_800_step_robust/model_artifacts/seed_2345/risk_cvar/proto_source_spot_delta_k_25_weighted_0_learnw_0,15.0,0.09877231102857438,val_loss,0.027748694643378258,0.1591351479291916,0.00034516765285996055,0.013806706114398421,509.0,20.0,2.0,spot_delta,25.0,False,False,0.08012703061103821,0.20370490849018097
proto_source=spot_delta_k=25_weighted=1_learnw=0,train,2345,proto,-0.0265228021889925,0.02720031887292862,-0.11011133164167404,-0.07834857702255249,-0.10027172416448593,-0.019224565476179123,0.0009595251176506278,0.9206416209371042,-0.026826728135347366,0.0005239033489488065,0.00021997852309141308,0.024927038699388504,0.1460801362991333,0.36979347467422485,1.0,0.02032503165892782,0.02032503165892782,0.0,0.37484170536091177,,,cvar,/Users/yaniszaim/deephedging/.deephedging_real_runs/final_paper_notebook/panel_sweeps/QQQ_full_paper_grid_800_step_robust/model_artifacts/seed_2345/risk_cvar/proto_source_spot_delta_k_25_weighted_1_learnw_0,12.0,0.09880783079192043,val_loss,0.026196595281362534,0.13479241728782654,0.0,0.0,2369.0,20.0,2.0,spot_delta,25.0,True,False,0.08379732817411423,0.17408891022205353
proto_source=spot_delta_k=25_weighted=1_learnw=0,val,2345,proto,-0.025666873902082443,0.030294379219412804,-0.1194608798623085,-0.07789358422160149,-0.11523957550525665,-0.015819614753127098,0.0013962000957690175,0.8895463510848126,-0.02615988813340664,0.000713449262548238,0.00022043373610358685,0.024994391947984695,0.14619186520576477,0.36751890182495117,1.0,0.020069033530571993,0.020069033530571993,0.0,0.3747534516765286,,,cvar,/Users/yaniszaim/deephedging/.deephedging_real_runs/final_paper_notebook/panel_sweeps/QQQ_full_paper_grid_800_step_robust/model_artifacts/seed_2345/risk_cvar/proto_source_spot_delta_k_25_weighted_1_learnw_0,12.0,0.09880783079192043,val_loss,0.026196595281362534,0.13479241728782654,0.0,0.0,507.0,20.0,2.0,spot_delta,25.0,True,False,0.08379732817411423,0.17408891022205353
proto_source=spot_delta_k=25_weighted=1_learnw=0,test,2345,proto,-0.029060259461402893,0.030441947281360626,-0.11538062274456024,-0.08957669585943222,-0.11008249223232269,-0.020847415551543236,0.0008443430182524013,0.9273084479371316,-0.029716691002249718,0.0008765173843130469,0.00022008536325301975,0.024899961426854134,0.14602896571159363,0.36678943037986755,1.0,0.017288801571709235,0.017288801571709235,0.0,0.3379174852652259,,,cvar,/Users/yaniszaim/deephedging/.deephedging_real_runs/final_paper_notebook/panel_sweeps/QQQ_full_paper_grid_800_step_robust/model_artifacts/seed_2345/risk_cvar/proto_source_spot_delta_k_25_weighted_1_learnw_0,12.0,0.09880783079192043,val_loss,0.026196595281362534,0.13479241728782654,0.0,0.0,509.0,20.0,2.0,spot_delta,25.0,True,False,0.08379732817411423,0.17408891022205353
proto_source=spot_delta_k=50_weighted=0_learnw=0,train,2345,proto,-0.026765210554003716,0.027529103681445122,-0.11018625110387802,-0.07860677391290664,-0.10104289650917053,-0.019635967910289764,0.0013553361175581804,0.9033347403967918,-0.026826728135347366,0.000328432593960315,0.0002669180103112012,0.022667037323117256,0.2018689513206482,0.3090817332267761,0.8071101307868958,0.0,0.0,0.0,0.0,,,cvar,/Users/yaniszaim/deephedging/.deephedging_real_runs/final_paper_notebook/panel_sweeps/QQQ_full_paper_grid_800_step_robust/model_artifacts/seed_2345/risk_cvar/proto_source_spot_delta_k_50_weighted_0_learnw_0,18.0,0.09887819255637906,val_loss,0.019558463245630264,0.13290990889072418,0.0004930966469428008,0.0039447731755424065,2369.0,20.0,2.0,spot_delta,50.0,False,False,0.07894642651081085,0.20192700624465942
proto_source=spot_delta_k=50_weighted=0_learnw=0,val,2345,proto,-0.02585124596953392,0.030306044965982437,-0.12428864538669586,-0.07824771627783775,-0.11606967449188232,-0.016334176063537598,0.0010164424777030943,0.8954635108481263,-0.02615988813340664,0.0005808303831145167,0.0002721875498536974,0.02307918108999729,0.20188555121421814,0.30704253911972046,1.0,4.930966469428008e-05,0.0,4.930966469428008e-05,0.0019723865877712033,,,cvar,/Users/yaniszaim/deephedging/.deephedging_real_runs/final_paper_notebook/panel_sweeps/QQQ_full_paper_grid_800_step_robust/model_artifacts/seed_2345/risk_cvar/proto_source_spot_delta_k_50_weighted_0_learnw_0,18.0,0.09887819255637906,val_loss,0.019558463245630264,0.13290990889072418,0.0004930966469428008,0.0039447731755424065,507.0,20.0,2.0,spot_delta,50.0,False,False,0.07894642651081085,0.20192700624465942
proto_source=spot_delta_k=50_weighted=0_learnw=0,test,2345,proto,-0.029253456741571426,0.030842667445540428,-0.11865426510572434,-0.08647065609693527,-0.11094674468040466,-0.021139178425073624,0.001554414560087025,0.888015717092338,-0.029716691002249718,0.0007345021003857255,0.0002712704590521753,0.023114634677767754,0.20175829529762268,0.3042970597743988,0.8036051988601685,0.0,0.0,0.0,0.0,,,cvar,/Users/yaniszaim/deephedging/.deephedging_real_runs/final_paper_notebook/panel_sweeps/QQQ_full_paper_grid_800_step_robust/model_artifacts/seed_2345/risk_cvar/proto_source_spot_delta_k_50_weighted_0_learnw_0,18.0,0.09887819255637906,val_loss,0.019558463245630264,0.13290990889072418,0.0004930966469428008,0.0039447731755424065,509.0,20.0,2.0,spot_delta,50.0,False,False,0.07894642651081085,0.20192700624465942
proto_source=spot_delta_k=50_weighted=1_learnw=0,train,2345,proto,-0.026888133957982063,0.028383314609527588,-0.11381804794073105,-0.08057818114757538,-0.1037357822060585,-0.019872810691595078,0.00020226272463332848,0.937526382439848,-0.026826728135347366,0.00011169398203492165,0.0001731029333313927,0.012771444395184517,0.09283389896154404,0.17097719013690948,0.7053437829017639,0.0,0.0,0.0,0.0,,,cvar,/Users/yaniszaim/deephedging/.deephedging_real_runs/final_paper_notebook/panel_sweeps/QQQ_full_paper_grid_800_step_robust/model_artifacts/seed_2345/risk_cvar/proto_source_spot_delta_k_50_weighted_1_learnw_0,25.0,0.09919469600077718,val_loss,0.01263428758829832,0.0890485942363739,0.0,0.0,2369.0,20.0,2.0,spot_delta,50.0,True,False,0.05773601680994034,0.11812742054462433
proto_source=spot_delta_k=50_weighted=1_learnw=0,val,2345,proto,-0.02623526193201542,0.0319184809923172,-0.1239689414203167,-0.08044754713773727,-0.1202315241098404,-0.015486089512705803,1.32224391563791e-05,0.9487179487179487,-0.02615988813340664,0.00010140171070815995,0.00017677611322142184,0.01287764124572277,0.09136396646499634,0.17058469355106354,0.6519619822502136,0.0,0.0,0.0,0.0,,,cvar,/Users/yaniszaim/deephedging/.deephedging_real_runs/final_paper_notebook/panel_sweeps/QQQ_full_paper_grid_800_step_robust/model_artifacts/seed_2345/risk_cvar/proto_source_spot_delta_k_50_weighted_1_learnw_0,25.0,0.09919469600077718,val_loss,0.01263428758829832,0.0890485942363739,0.0,0.0,507.0,20.0,2.0,spot_delta,50.0,True,False,0.05773601680994034,0.11812742054462433
proto_source=spot_delta_k=50_weighted=1_learnw=0,test,2345,proto,-0.02963358350098133,0.031916406005620956,-0.12380974888801574,-0.09264476150274277,-0.11579941213130951,-0.02136029675602913,0.00010810365783981914,0.9410609037328095,-0.029716691002249718,0.00026126764714717865,0.0001781611208571121,0.012955659069120884,0.09274519234895706,0.173003688454628,0.7044392228126526,0.0,0.0,0.0,0.0,,,cvar,/Users/yaniszaim/deephedging/.deephedging_real_runs/final_paper_notebook/panel_sweeps/QQQ_full_paper_grid_800_step_robust/model_artifacts/seed_2345/risk_cvar/proto_source_spot_delta_k_50_weighted_1_learnw_0,25.0,0.09919469600077718,val_loss,0.01263428758829832,0.0890485942363739,0.0,0.0,509.0,20.0,2.0,spot_delta,50.0,True,False,0.05773601680994034,0.11812742054462433
proto_source=spot_delta_k=100_weighted=0_learnw=0,train,2345,proto,-0.026775864884257317,0.028493965044617653,-0.11435467511415481,-0.08016676008701325,-0.10356540977954865,-0.019778292626142502,0.002151444321498275,0.8767412410299704,-0.026826728135347366,0.0003299610398244113,0.0002790972648654133,0.027179602533578873,0.30216479301452637,0.17540468275547028,1.0,0.0014563106796116505,0.0,0.0014563106796116505,0.009286618826509076,,,cvar,/Users/yaniszaim/deephedging/.deephedging_real_runs/final_paper_notebook/panel_sweeps/QQQ_full_paper_grid_800_step_robust/model_artifacts/seed_2345/risk_cvar/proto_source_spot_delta_k_100_weighted_0_learnw_0,40.0,0.09921239160662572,val_loss,0.020125478506088257,0.09851399064064026,0.0020710059171597634,0.011834319526627219,2369.0,20.0,2.0,spot_delta,100.0,False,False,0.09487598389387131,0.3039900064468384
proto_source=spot_delta_k=100_weighted=0_learnw=0,val,2345,proto,-0.026152752339839935,0.0318453311920166,-0.12438837006688118,-0.080679751932621,-0.11953794211149216,-0.015953393653035164,0.002810313692316412,0.8619329388560157,-0.02615988813340664,0.0003008575877174735,0.0002937219978775829,0.027311429381370544,0.30216479301452637,0.1765148937702179,1.0,0.0023175542406311637,0.0,0.0023175542406311637,0.011834319526627219,,,cvar,/Users/yaniszaim/deephedging/.deephedging_real_runs/final_paper_notebook/panel_sweeps/QQQ_full_paper_grid_800_step_robust/model_artifacts/seed_2345/risk_cvar/proto_source_spot_delta_k_100_weighted_0_learnw_0,40.0,0.09921239160662572,val_loss,0.020125478506088257,0.09851399064064026,0.0020710059171597634,0.011834319526627219,507.0,20.0,2.0,spot_delta,100.0,False,False,0.09487598389387131,0.3039900064468384
proto_source=spot_delta_k=100_weighted=0_learnw=0,test,2345,proto,-0.029670350253582,0.03190191462635994,-0.12082443565130234,-0.09191398024559021,-0.11586122959852219,-0.022452399134635925,0.0017445486271753894,0.8840864440078585,-0.029716691002249718,0.00031729674083180726,0.0002709580585360527,0.026790538802742958,0.30216482281684875,0.17426101863384247,1.0,0.0004420432220039293,0.0,0.0004420432220039293,0.005893909626719057,,,cvar,/Users/yaniszaim/deephedging/.deephedging_real_runs/final_paper_notebook/panel_sweeps/QQQ_full_paper_grid_800_step_robust/model_artifacts/seed_2345/risk_cvar/proto_source_spot_delta_k_100_weighted_0_learnw_0,40.0,0.09921239160662572,val_loss,0.020125478506088257,0.09851399064064026,0.0020710059171597634,0.011834319526627219,509.0,20.0,2.0,spot_delta,100.0,False,False,0.09487598389387131,0.3039900064468384
proto_source=spot_delta_k=100_weighted=1_learnw=0,train,2345,proto,-0.02701111137866974,0.028271108865737915,-0.11422842592000962,-0.07996553778648377,-0.10373937338590622,-0.019903356209397316,0.0013187658740207537,0.8927817644575771,-0.026826728135347366,0.0001458340702811256,0.0003302187833469361,0.019489597529172897,0.17961513996124268,0.20677505433559418,1.0,0.006553398058252427,0.0,0.006553398058252427,0.036724356268467706,,,cvar,/Users/yaniszaim/deephedging/.deephedging_real_runs/final_paper_notebook/panel_sweeps/QQQ_full_paper_grid_800_step_robust/model_artifacts/seed_2345/risk_cvar/proto_source_spot_delta_k_100_weighted_1_learnw_0,21.0,0.09945134147747256,val_loss,0.014426068402826786,0.09221117198467255,0.005522682445759369,0.01972386587771203,2369.0,20.0,2.0,spot_delta,100.0,True,False,0.08696961402893066,0.20457366108894348
proto_source=spot_delta_k=100_weighted=1_learnw=0,val,2345,proto,-0.026363719254732132,0.0315968357026577,-0.12376661628484725,-0.080630973726511,-0.11975176632404327,-0.015594313852488995,0.0015321885468438266,0.8875739644970414,-0.02615988813340664,0.00016610515012871474,0.00036993451067246497,0.020343830808997154,0.1796151101589203,0.20953071117401123,1.0,0.008875739644970414,0.0,0.008875739644970414,0.05325443786982249,,,cvar,/Users/yaniszaim/deephedging/.deephedging_real_runs/final_paper_notebook/panel_sweeps/QQQ_full_paper_grid_800_step_robust/model_artifacts/seed_2345/risk_cvar/proto_source_spot_delta_k_100_weighted_1_learnw_0,21.0,0.09945134147747256,val_loss,0.014426068402826786,0.09221117198467255,0.005522682445759369,0.01972386587771203,507.0,20.0,2.0,spot_delta,100.0,True,False,0.08696961402893066,0.20457366108894348
proto_source=spot_delta_k=100_weighted=1_learnw=0,test,2345,proto,-0.02967839688062668,0.031919561326503754,-0.12064214110374451,-0.0922792300581932,-0.11544051766395569,-0.021725287660956383,0.0011767256539314984,0.888015717092338,-0.029716691002249718,0.0003657816560007632,0.0003274886985309422,0.019217152148485184,0.17961469292640686,0.20568425953388214,1.0,0.005353634577603144,0.0,0.005353634577603144,0.03732809430255403,,,cvar,/Users/yaniszaim/deephedging/.deephedging_real_runs/final_paper_notebook/panel_sweeps/QQQ_full_paper_grid_800_step_robust/model_artifacts/seed_2345/risk_cvar/proto_source_spot_delta_k_100_weighted_1_learnw_0,21.0,0.09945134147747256,val_loss,0.014426068402826786,0.09221117198467255,0.005522682445759369,0.01972386587771203,509.0,20.0,2.0,spot_delta,100.0,True,False,0.08696961402893066,0.20457366108894348
proto_source=vanilla_k=10_weighted=0_learnw=0,train,2345,proto,-0.026453210040926933,0.027357561513781548,-0.1107962629199028,-0.07886535078287124,-0.10075326263904572,-0.019163018092513084,0.0003047237638384102,0.9311945968763191,-0.026826728135347366,0.0006445897161029279,0.00027107421192340553,0.02675074338912964,0.11183172464370728,0.2718755006790161,1.0,0.07602363866610384,0.07602363866610384,0.0,0.7332207682566484,,,cvar,/Users/yaniszaim/deephedging/.deephedging_real_runs/final_paper_notebook/panel_sweeps/QQQ_full_paper_grid_800_step_robust/model_artifacts/seed_2345/risk_cvar/proto_source_vanilla_k_10_weighted_0_learnw_0,19.0,0.09874497495896571,val_loss,0.019601572304964066,0.13140083849430084,0.001232741617357002,0.03944773175542406,2369.0,20.0,2.0,vanilla,10.0,False,False,0.04862102121114731,0.12520064413547516
proto_source=vanilla_k=10_weighted=0_learnw=0,val,2345,proto,-0.02600131742656231,0.03056979924440384,-0.12358103290200233,-0.07760705426335335,-0.11627156287431717,-0.015485444106161594,0.00016556699702050489,0.9368836291913215,-0.02615988813340664,0.0004324435431044549,0.00027387382579036057,0.026839837431907654,0.11066591739654541,0.26990753412246704,1.0,0.07115384615384615,0.07115384615384615,0.0,0.6863905325443787,,,cvar,/Users/yaniszaim/deephedging/.deephedging_real_runs/final_paper_notebook/panel_sweeps/QQQ_full_paper_grid_800_step_robust/model_artifacts/seed_2345/risk_cvar/proto_source_vanilla_k_10_weighted_0_learnw_0,19.0,0.09874497495896571,val_loss,0.019601572304964066,0.13140083849430084,0.001232741617357002,0.03944773175542406,507.0,20.0,2.0,vanilla,10.0,False,False,0.04862102121114731,0.12520064413547516
proto_source=vanilla_k=10_weighted=0_learnw=0,test,2345,proto,-0.029282590374350548,0.030603323131799698,-0.12064062714576722,-0.09074301272630692,-0.11232917010784149,-0.021198613569140434,9.224051609619896e-07,0.9489194499017681,-0.029716691002249718,0.0007052531582303345,0.0002711541310418397,0.026738306507468224,0.10786031931638718,0.27200067043304443,1.0,0.07529469548133595,0.07529469548133595,0.0,0.7170923379174853,,,cvar,/Users/yaniszaim/deephedging/.deephedging_real_runs/final_paper_notebook/panel_sweeps/QQQ_full_paper_grid_800_step_robust/model_artifacts/seed_2345/risk_cvar/proto_source_vanilla_k_10_weighted_0_learnw_0,19.0,0.09874497495896571,val_loss,0.019601572304964066,0.13140083849430084,0.001232741617357002,0.03944773175542406,509.0,20.0,2.0,vanilla,10.0,False,False,0.04862102121114731,0.12520064413547516
proto_source=vanilla_k=10_weighted=1_learnw=0,train,2345,proto,-0.02637629583477974,0.027442200109362602,-0.11039393275976181,-0.07875044643878937,-0.10113821178674698,-0.01880376785993576,-0.00044331530807539853,0.9772055719712959,-0.026826728135347366,0.0006813216605223715,0.00023089010210242122,0.024710511788725853,0.24277156591415405,0.2772178053855896,1.0,0.0004115660616293795,0.0004115660616293795,0.0,0.011397214014352047,,,cvar,/Users/yaniszaim/deephedging/.deephedging_real_runs/final_paper_notebook/panel_sweeps/QQQ_full_paper_grid_800_step_robust/model_artifacts/seed_2345/risk_cvar/proto_source_vanilla_k_10_weighted_1_learnw_0,757.0,0.09942696263515839,val_loss,0.023048924282193184,0.24210217595100403,0.0002465483234714004,0.009861932938856016,2369.0,20.0,2.0,vanilla,10.0,True,False,0.1399194896221161,0.34909170866012573
proto_source=vanilla_k=10_weighted=1_learnw=0,val,2345,proto,-0.025696484372019768,0.030472420156002045,-0.12230495527386664,-0.07721357867121696,-0.11583437025547028,-0.014948326162993908,-0.00048523484147153814,0.9901380670611439,-0.02615988813340664,0.0006951605901122093,0.0002317562757525593,0.02472955361008644,0.2677248418331146,0.27754533290863037,1.0,0.0004437869822485207,0.0004437869822485207,0.0,0.009861932938856016,,,cvar,/Users/yaniszaim/deephedging/.deephedging_real_runs/final_paper_notebook/panel_sweeps/QQQ_full_paper_grid_800_step_robust/model_artifacts/seed_2345/risk_cvar/proto_source_vanilla_k_10_weighted_1_learnw_0,757.0,0.09942696263515839,val_loss,0.023048924282193184,0.24210217595100403,0.0002465483234714004,0.009861932938856016,507.0,20.0,2.0,vanilla,10.0,True,False,0.1399194896221161,0.34909170866012573
proto_source=vanilla_k=10_weighted=1_learnw=0,test,2345,proto,-0.029058055952191353,0.030814947560429573,-0.12023518800735473,-0.09075999557971955,-0.112569160759449,-0.02039060927927494,-0.0003603185294196023,0.9724950884086444,-0.029716691002249718,0.0008898813393898308,0.00023124823928810656,0.02471597120165825,0.14127933979034424,0.277234822511673,1.0,9.823182711198428e-05,9.823182711198428e-05,0.0,0.003929273084479371,,,cvar,/Users/yaniszaim/deephedging/.deephedging_real_runs/final_paper_notebook/panel_sweeps/QQQ_full_paper_grid_800_step_robust/model_artifacts/seed_2345/risk_cvar/proto_source_vanilla_k_10_weighted_1_learnw_0,757.0,0.09942696263515839,val_loss,0.023048924282193184,0.24210217595100403,0.0002465483234714004,0.009861932938856016,509.0,20.0,2.0,vanilla,10.0,True,False,0.1399194896221161,0.34909170866012573
proto_source=vanilla_k=25_weighted=0_learnw=0,train,2345,proto,-0.026840604841709137,0.028422975912690163,-0.11456398665904999,-0.08143631517887115,-0.10390971601009369,-0.01971416547894478,0.0002559709886554613,0.9404812157028282,-0.026826728135347366,0.00036473970976658165,0.0003786171437241137,0.020151272416114807,0.43599188327789307,0.20469404757022858,1.0,0.0033875052764879695,0.0033875052764879695,0.0,0.046010975094976786,,,cvar,/Users/yaniszaim/deephedging/.deephedging_real_runs/final_paper_notebook/panel_sweeps/QQQ_full_paper_grid_800_step_robust/model_artifacts/seed_2345/risk_cvar/proto_source_vanilla_k_25_weighted_0_learnw_0,518.0,0.09937494001351296,val_loss,0.01243586651980877,0.13055585324764252,0.0,0.0,2369.0,20.0,2.0,vanilla,25.0,False,False,0.2283925563097,0.6087427735328674
proto_source=vanilla_k=25_weighted=0_learnw=0,val,2345,proto,-0.02613457292318344,0.03188098967075348,-0.12494574964046479,-0.08020342439413071,-0.1201057955622673,-0.014924834482371807,0.0005864849663339546,0.9349112426035503,-0.02615988813340664,0.0003954123239964247,0.00037009670631960034,0.019819557666778564,0.4422402083873749,0.20056845247745514,1.0,0.0038461538461538464,0.0038461538461538464,0.0,0.03747534516765286,,,cvar,/Users/yaniszaim/deephedging/.deephedging_real_runs/final_paper_notebook/panel_sweeps/QQQ_full_paper_grid_800_step_robust/model_artifacts/seed_2345/risk_cvar/proto_source_vanilla_k_25_weighted_0_learnw_0,518.0,0.09937494001351296,val_loss,0.01243586651980877,0.13055585324764252,0.0,0.0,507.0,20.0,2.0,vanilla,25.0,False,False,0.2283925563097,0.6087427735328674
proto_source=vanilla_k=25_weighted=0_learnw=0,test,2345,proto,-0.029544156044721603,0.03173545375466347,-0.12429742813110352,-0.09278514981269836,-0.11560840159654617,-0.020693723112344742,0.0002261760586407035,0.93713163064833,-0.029716691002249718,0.0005321906646713614,0.00035965428105555475,0.019432127475738525,0.42814430594444275,0.1966717690229416,1.0,0.002897838899803536,0.002897838899803536,0.0,0.043222003929273084,,,cvar,/Users/yaniszaim/deephedging/.deephedging_real_runs/final_paper_notebook/panel_sweeps/QQQ_full_paper_grid_800_step_robust/model_artifacts/seed_2345/risk_cvar/proto_source_vanilla_k_25_weighted_0_learnw_0,518.0,0.09937494001351296,val_loss,0.01243586651980877,0.13055585324764252,0.0,0.0,509.0,20.0,2.0,vanilla,25.0,False,False,0.2283925563097,0.6087427735328674
proto_source=vanilla_k=25_weighted=1_learnw=0,train,2345,proto,-0.02672114409506321,0.02776171639561653,-0.111606605052948,-0.0793160781264305,-0.102323018014431,-0.0193757526576519,-7.523358799517184e-05,0.955255382017729,-0.026826728135347366,0.000541898247320205,0.00043631496373564005,0.02384626492857933,0.28081804513931274,0.28925463557243347,1.0,0.0044428028704094555,0.0044428028704094555,0.0,0.04390037990713381,,,cvar,/Users/yaniszaim/deephedging/.deephedging_real_runs/final_paper_notebook/panel_sweeps/QQQ_full_paper_grid_800_step_robust/model_artifacts/seed_2345/risk_cvar/proto_source_vanilla_k_25_weighted_1_learnw_0,725.0,0.09973545484244822,val_loss,0.017032191157341003,0.1788392961025238,0.0,0.0,2369.0,20.0,2.0,vanilla,25.0,True,False,0.12743158638477325,0.3035975694656372
proto_source=vanilla_k=25_weighted=1_learnw=0,val,2345,proto,-0.025959307327866554,0.030405569821596146,-0.12310432821512222,-0.07897284179925919,-0.11573703587055206,-0.015480026602745056,-0.0003119520231848586,0.9743589743589743,-0.02615988813340664,0.0006495825946331024,0.0004490027786232531,0.02414177730679512,0.20647498965263367,0.2909446060657501,1.0,0.007051282051282051,0.007051282051282051,0.0,0.0611439842209073,,,cvar,/Users/yaniszaim/deephedging/.deephedging_real_runs/final_paper_notebook/panel_sweeps/QQQ_full_paper_grid_800_step_robust/model_artifacts/seed_2345/risk_cvar/proto_source_vanilla_k_25_weighted_1_learnw_0,725.0,0.09973545484244822,val_loss,0.017032191157341003,0.1788392961025238,0.0,0.0,507.0,20.0,2.0,vanilla,25.0,True,False,0.12743158638477325,0.3035975694656372
proto_source=vanilla_k=25_weighted=1_learnw=0,test,2345,proto,-0.029391774907708168,0.031042244285345078,-0.11623616248369217,-0.0910914421081543,-0.11292235553264618,-0.0219059307128191,7.254285737871957e-05,0.9430255402750491,-0.029716691002249718,0.0007658217800781131,0.0004409078392200172,0.0239308662712574,0.27831488847732544,0.2902793288230896,1.0,0.0063850687622789785,0.0063850687622789785,0.0,0.060903732809430254,,,cvar,/Users/yaniszaim/deephedging/.deephedging_real_runs/final_paper_notebook/panel_sweeps/QQQ_full_paper_grid_800_step_robust/model_artifacts/seed_2345/risk_cvar/proto_source_vanilla_k_25_weighted_1_learnw_0,725.0,0.09973545484244822,val_loss,0.017032191157341003,0.1788392961025238,0.0,0.0,509.0,20.0,2.0,vanilla,25.0,True,False,0.12743158638477325,0.3035975694656372
proto_source=vanilla_k=50_weighted=0_learnw=0,train,2345,proto,-0.026836058124899864,0.027646062895655632,-0.11045709699392318,-0.07919029444456101,-0.10172818601131439,-0.01924867555499077,-0.00010356659768149965,0.9535669058674546,-0.026826728135347366,0.0005902124103158712,0.0005995428073219955,0.028246184810996056,0.26320427656173706,0.2488703727722168,1.0,0.00634233853946813,0.00634233853946813,0.0,0.12368087800759814,,,cvar,/Users/yaniszaim/deephedging/.deephedging_real_runs/final_paper_notebook/panel_sweeps/QQQ_full_paper_grid_800_step_robust/model_artifacts/seed_2345/risk_cvar/proto_source_vanilla_k_50_weighted_0_learnw_0,515.0,0.09977687383006296,val_loss,0.026011766865849495,0.24137338995933533,0.0004930966469428008,0.015779092702169626,2369.0,20.0,2.0,vanilla,50.0,False,False,0.0957043394446373,0.2633121907711029
proto_source=vanilla_k=50_weighted=0_learnw=0,val,2345,proto,-0.026226595044136047,0.030966559424996376,-0.12432995229959487,-0.07796240299940109,-0.11746840924024582,-0.015091846697032452,-0.0002411450928775598,0.9644970414201184,-0.02615988813340664,0.0005242999759502709,0.0005910074105486274,0.02824893593788147,0.2632042169570923,0.25194743275642395,1.0,0.00631163708086785,0.00631163708086785,0.0,0.1203155818540434,,,cvar,/Users/yaniszaim/deephedging/.deephedging_real_runs/final_paper_notebook/panel_sweeps/QQQ_full_paper_grid_800_step_robust/model_artifacts/seed_2345/risk_cvar/proto_source_vanilla_k_50_weighted_0_learnw_0,515.0,0.09977687383006296,val_loss,0.026011766865849495,0.24137338995933533,0.0004930966469428008,0.015779092702169626,507.0,20.0,2.0,vanilla,50.0,False,False,0.0957043394446373,0.2633121907711029
proto_source=vanilla_k=50_weighted=0_learnw=0,test,2345,proto,-0.029435670003294945,0.03090118058025837,-0.11948253631591797,-0.09236788302659989,-0.11322633177042007,-0.021136300638318062,-0.0002979310869704933,0.962671905697446,-0.029716691002249718,0.0008721253252588212,0.0005911049083806574,0.028305839747190475,0.2632042467594147,0.2545754313468933,1.0,0.007711198428290766,0.007711198428290766,0.0,0.15324165029469547,,,cvar,/Users/yaniszaim/deephedging/.deephedging_real_runs/final_paper_notebook/panel_sweeps/QQQ_full_paper_grid_800_step_robust/model_artifacts/seed_2345/risk_cvar/proto_source_vanilla_k_50_weighted_0_learnw_0,515.0,0.09977687383006296,val_loss,0.026011766865849495,0.24137338995933533,0.0004930966469428008,0.015779092702169626,509.0,20.0,2.0,vanilla,50.0,False,False,0.0957043394446373,0.2633121907711029
proto_source=vanilla_k=50_weighted=1_learnw=0,train,2345,proto,-0.02750394493341446,0.031280651688575745,-0.122254900932312,-0.08657685071229934,-0.11143786460161209,-0.020325258374214172,0.004763586632907386,0.8037146475306036,-0.026826728135347366,-0.0003849999629892409,0.00029221814475022256,0.023563632741570473,0.13325926661491394,0.27489322423934937,1.0,3.165892781764457e-05,0.0,3.165892781764457e-05,0.001266357112705783,,,cvar,/Users/yaniszaim/deephedging/.deephedging_real_runs/final_paper_notebook/panel_sweeps/QQQ_full_paper_grid_800_step_robust/model_artifacts/seed_2345/risk_cvar/proto_source_vanilla_k_50_weighted_1_learnw_0,8.0,0.09929733626544476,val_loss,0.019748374819755554,0.2010643184185028,0.0,0.0,2369.0,20.0,2.0,vanilla,50.0,True,False,0.08774799108505249,0.15694305300712585
proto_source=vanilla_k=50_weighted=1_learnw=0,val,2345,proto,-0.026917096227407455,0.03477228060364723,-0.13466067105531693,-0.08665817901492119,-0.12843970954418182,-0.016100363805890083,0.005289273103699087,0.8067061143984221,-0.02615988813340664,-0.0004611265903804451,0.0002960832498501986,0.023741554468870163,0.13325762748718262,0.2754853069782257,1.0,4.930966469428008e-05,0.0,4.930966469428008e-05,0.0019723865877712033,,,cvar,/Users/yaniszaim/deephedging/.deephedging_real_runs/final_paper_notebook/panel_sweeps/QQQ_full_paper_grid_800_step_robust/model_artifacts/seed_2345/risk_cvar/proto_source_vanilla_k_50_weighted_1_learnw_0,8.0,0.09929733626544476,val_loss,0.019748374819755554,0.2010643184185028,0.0,0.0,507.0,20.0,2.0,vanilla,50.0,True,False,0.08774799108505249,0.15694305300712585
proto_source=vanilla_k=50_weighted=1_learnw=0,test,2345,proto,-0.030662210658192635,0.03480988368391991,-0.13380543887615204,-0.10021511763334275,-0.12453507632017136,-0.021932851523160934,0.003986814804375168,0.8153241650294696,-0.029716691002249718,-0.0006431349320337176,0.00030238780891522765,0.024086883291602135,0.1332578957080841,0.28047430515289307,0.9964258670806885,0.0,0.0,0.0,0.0,,,cvar,/Users/yaniszaim/deephedging/.deephedging_real_runs/final_paper_notebook/panel_sweeps/QQQ_full_paper_grid_800_step_robust/model_artifacts/seed_2345/risk_cvar/proto_source_vanilla_k_50_weighted_1_learnw_0,8.0,0.09929733626544476,val_loss,0.019748374819755554,0.2010643184185028,0.0,0.0,509.0,20.0,2.0,vanilla,50.0,True,False,0.08774799108505249,0.15694305300712585
proto_source=vanilla_k=100_weighted=0_learnw=0,train,2345,proto,-0.026577286422252655,0.02807052992284298,-0.11388979256153106,-0.08022303134202957,-0.1028888002038002,-0.019124791026115417,-6.1016221297905084e-05,0.9510341916420431,-0.026826728135347366,0.0005417020292952657,0.000292260228889063,0.02295977994799614,0.1276593655347824,0.19941028952598572,0.8621731996536255,0.0,0.0,0.0,0.0,,,cvar,/Users/yaniszaim/deephedging/.deephedging_real_runs/final_paper_notebook/panel_sweeps/QQQ_full_paper_grid_800_step_robust/model_artifacts/seed_2345/risk_cvar/proto_source_vanilla_k_100_weighted_0_learnw_0,207.0,0.0996149509306997,val_loss,0.022890223190188408,0.21904931962490082,0.0,0.0,2369.0,20.0,2.0,vanilla,100.0,False,False,0.0928940549492836,0.2085704207420349
proto_source=vanilla_k=100_weighted=0_learnw=0,val,2345,proto,-0.025870969519019127,0.0314212441444397,-0.12281187132000923,-0.08007004708051682,-0.11865922063589096,-0.01486913301050663,0.0002947142929770052,0.9349112426035503,-0.02615988813340664,0.0005798987695015967,0.00029098158120177686,0.02298484742641449,0.11660441756248474,0.1991499811410904,0.8553901314735413,0.0,0.0,0.0,0.0,,,cvar,/Users/yaniszaim/deephedging/.deephedging_real_runs/final_paper_notebook/panel_sweeps/QQQ_full_paper_grid_800_step_robust/model_artifacts/seed_2345/risk_cvar/proto_source_vanilla_k_100_weighted_0_learnw_0,207.0,0.0996149509306997,val_loss,0.022890223190188408,0.21904931962490082,0.0,0.0,507.0,20.0,2.0,vanilla,100.0,False,False,0.0928940549492836,0.2085704207420349
proto_source=vanilla_k=100_weighted=0_learnw=0,test,2345,proto,-0.029392005875706673,0.03131408989429474,-0.12442411065101623,-0.0916801705956459,-0.1149962842464447,-0.020432155579328537,-0.0003081877017393709,0.9587426326129665,-0.029716691002249718,0.0006174625596031547,0.0002927803434431553,0.023041242733597755,0.11660443991422653,0.19810166954994202,0.85538649559021,0.0,0.0,0.0,0.0,,,cvar,/Users/yaniszaim/deephedging/.deephedging_real_runs/final_paper_notebook/panel_sweeps/QQQ_full_paper_grid_800_step_robust/model_artifacts/seed_2345/risk_cvar/proto_source_vanilla_k_100_weighted_0_learnw_0,207.0,0.0996149509306997,val_loss,0.022890223190188408,0.21904931962490082,0.0,0.0,509.0,20.0,2.0,vanilla,100.0,False,False,0.0928940549492836,0.2085704207420349
proto_source=vanilla_k=100_weighted=1_learnw=0,train,2345,proto,-0.026987459510564804,0.02851066179573536,-0.11466395914554596,-0.08106738328933716,-0.10418856143951416,-0.019883476197719574,0.0015667929779738185,0.8902490502321655,-0.026826728135347366,0.00039217088487930596,0.0005529015907086432,0.02454092726111412,0.24198147654533386,0.17416976392269135,1.0,0.0046749683410721825,0.0046749683410721825,0.0,0.054031236808780074,,,cvar,/Users/yaniszaim/deephedging/.deephedging_real_runs/final_paper_notebook/panel_sweeps/QQQ_full_paper_grid_800_step_robust/model_artifacts/seed_2345/risk_cvar/proto_source_vanilla_k_100_weighted_1_learnw_0,146.0,0.09959243698976934,val_loss,0.0180100928992033,0.12333709746599197,0.0,0.0,2369.0,20.0,2.0,vanilla,100.0,True,False,0.08536999672651291,0.351724773645401
proto_source=vanilla_k=100_weighted=1_learnw=0,val,2345,proto,-0.026262734085321426,0.03191201761364937,-0.12777508795261383,-0.07953846901655197,-0.12044155597686768,-0.01552929449826479,0.001725488656666127,0.883629191321499,-0.02615988813340664,0.0004392187111079693,0.0005420652450993657,0.02411334030330181,0.21350449323654175,0.17119717597961426,1.0,0.004339250493096647,0.004339250493096647,0.0,0.04930966469428008,,,cvar,/Users/yaniszaim/deephedging/.deephedging_real_runs/final_paper_notebook/panel_sweeps/QQQ_full_paper_grid_800_step_robust/model_artifacts/seed_2345/risk_cvar/proto_source_vanilla_k_100_weighted_1_learnw_0,146.0,0.09959243698976934,val_loss,0.0180100928992033,0.12333709746599197,0.0,0.0,507.0,20.0,2.0,vanilla,100.0,True,False,0.08536999672651291,0.351724773645401
proto_source=vanilla_k=100_weighted=1_learnw=0,test,2345,proto,-0.029587510973215103,0.03193177282810211,-0.12639595687389374,-0.09480908811092377,-0.11604627221822739,-0.020909924060106277,0.0018362206174060674,0.8919449901768173,-0.029716691002249718,0.0006768163293600082,0.0005476372898556292,0.02435929886996746,0.21316945552825928,0.17169293761253357,1.0,0.002996070726915521,0.002996070726915521,0.0,0.03339882121807466,,,cvar,/Users/yaniszaim/deephedging/.deephedging_real_runs/final_paper_notebook/panel_sweeps/QQQ_full_paper_grid_800_step_robust/model_artifacts/seed_2345/risk_cvar/proto_source_vanilla_k_100_weighted_1_learnw_0,146.0,0.09959243698976934,val_loss,0.0180100928992033,0.12333709746599197,0.0,0.0,509.0,20.0,2.0,vanilla,100.0,True,False,0.08536999672651291,0.351724773645401
unhedged,train,3456,baseline,-0.026951579377055168,0.030273744836449623,-0.11925364017486573,-0.08290622234344483,-0.10870884358882904,-0.019168615341186523,-0.0,0.6715913887716336,-0.026951579377055168,0.0,0.0,0.0,0.0,0.0,0.0,0.0,0.0,0.0,0.0,,,,,,,,,,,,,,,,,,,,
spot_delta,train,3456,baseline,-0.026743704453110695,0.02945459634065628,-0.11459585785865783,-0.08261477798223495,-0.10503629595041275,-0.019758570939302444,0.005035968590527772,0.8383284086112284,-0.026951579377055168,0.00037133839214220643,0.00016346418124157935,0.020372260361909866,0.6460080146789551,0.2586996555328369,0.6460080146789551,0.0,0.0,0.0,0.0,,,,,,,,,,,,,,,,,,,,
spot_delta_band,train,3456,baseline,-0.026743704453110695,0.02945459634065628,-0.11459585785865783,-0.08261477798223495,-0.10503629595041275,-0.019758570939302444,0.005035968590527772,0.8383284086112284,-0.026951579377055168,0.00037133839214220643,0.00016346418124157935,0.020372260361909866,0.6460080146789551,0.2586996555328369,0.6460080146789551,0.0,0.0,0.0,0.0,0.0,gains_mean,,,,,,,,,,,,,,,,,,
unhedged,val,3456,baseline,-0.02633468061685562,0.030241087079048157,-0.11647109746932983,-0.08377958536148071,-0.10894933342933655,-0.0159909725189209,-0.0,0.6824457593688363,-0.02633468061685562,0.0,0.0,0.0,0.0,0.0,0.0,0.0,0.0,0.0,0.0,,,,,,,,,,,,,,,,,,,,
spot_delta,val,3456,baseline,-0.026054929941892624,0.030058402568101883,-0.11804018840193749,-0.08284037634730339,-0.1077566146850586,-0.01679282635450363,0.004938538046553729,0.8422090729783037,-0.02633468061685562,0.0004472232540138066,0.00016747436893638223,0.020882392302155495,0.6371790170669556,0.25844064354896545,0.6460080146789551,0.0,0.0,0.0,0.0,,,,,,,,,,,,,,,,,,,,
spot_delta_band,val,3456,baseline,-0.026054929941892624,0.030058402568101883,-0.11804018840193749,-0.08284037634730339,-0.1077566146850586,-0.01679282635450363,0.004938538046553729,0.8422090729783037,-0.02633468061685562,0.0004472232540138066,0.00016747436893638223,0.020882392302155495,0.6371790170669556,0.25844064354896545,0.6460080146789551,0.0,0.0,0.0,0.0,0.0,gains_mean,,,,,,,,,,,,,,,,,,
unhedged,test,3456,baseline,-0.028961503878235817,0.031750231981277466,-0.12727999687194824,-0.0938629150390625,-0.1206393614411354,-0.02196180820465088,-0.0,0.7151277013752456,-0.028961503878235817,0.0,0.0,0.0,0.0,0.0,0.0,0.0,0.0,0.0,0.0,,,,,,,,,,,,,,,,,,,,
spot_delta,test,3456,baseline,-0.028541726991534233,0.030359063297510147,-0.13329621374607087,-0.08757085800170898,-0.11536706984043121,-0.02194063365459442,0.003951878659427151,0.8722986247544204,-0.028961503878235817,0.0005861656391061842,0.0001663866132730618,0.020720116794109344,0.6420050263404846,0.258090615272522,0.6460080146789551,0.0,0.0,0.0,0.0,,,,,,,,,,,,,,,,,,,,
spot_delta_band,test,3456,baseline,-0.028541726991534233,0.030359063297510147,-0.13329621374607087,-0.08757085800170898,-0.11536706984043121,-0.02194063365459442,0.003951878659427151,0.8722986247544204,-0.028961503878235817,0.0005861656391061842,0.0001663866132730618,0.020720116794109344,0.6420050263404846,0.258090615272522,0.6460080146789551,0.0,0.0,0.0,0.0,0.0,gains_mean,,,,,,,,,,,,,,,,,,
vanilla,train,3456,vanilla,-0.02642030455172062,0.02812681719660759,-0.11364846855401993,-0.07914041876792907,-0.10326149314641953,-0.018246134743094444,0.00010105292021762417,0.943858168003377,-0.026951579377055168,0.00073672627331689,0.00020545262668747455,0.02504531852900982,0.09208106994628906,0.2914206087589264,1.0,0.12120092866188265,0.12120092866188265,0.0,1.0,,,cvar,/Users/yaniszaim/deephedging/.deephedging_real_runs/final_paper_notebook/panel_sweeps/QQQ_full_paper_grid_800_step_robust/model_artifacts/seed_3456/risk_cvar/vanilla,287.0,0.09862503091332593,val_loss,0.022666946053504944,0.18093900382518768,4.930966469428008e-05,0.0019723865877712033,2369.0,20.0,2.0,,,,,,
vanilla,val,3456,vanilla,-0.025731384754180908,0.028095386922359467,-0.11073271721601487,-0.07903908863663674,-0.10333392024040222,-0.015211544930934906,0.00010903363727265958,0.9447731755424064,-0.02633468061685562,0.0008087194873951375,0.00020542640413623303,0.02504582516849041,0.08920574188232422,0.2914902865886688,1.0,0.12159763313609467,0.12159763313609467,0.0,1.0,,,cvar,/Users/yaniszaim/deephedging/.deephedging_real_runs/final_paper_notebook/panel_sweeps/QQQ_full_paper_grid_800_step_robust/model_artifacts/seed_3456/risk_cvar/vanilla,287.0,0.09862503091332593,val_loss,0.022666946053504944,0.18093900382518768,4.930966469428008e-05,0.0019723865877712033,507.0,20.0,2.0,,,,,,
vanilla,test,3456,vanilla,-0.028336703777313232,0.029644304886460304,-0.1236000895500183,-0.08896066546440123,-0.11508563160896301,-0.020723672583699226,-0.0004108357592485857,0.9685658153241651,-0.028961503878235817,0.0008307422394864261,0.00020593858789652586,0.025045836344361305,0.09181874990463257,0.2912479043006897,1.0,0.12116895874263262,0.12116895874263262,0.0,1.0,,,cvar,/Users/yaniszaim/deephedging/.deephedging_real_runs/final_paper_notebook/panel_sweeps/QQQ_full_paper_grid_800_step_robust/model_artifacts/seed_3456/risk_cvar/vanilla,287.0,0.09862503091332593,val_loss,0.022666946053504944,0.18093900382518768,4.930966469428008e-05,0.0019723865877712033,509.0,20.0,2.0,,,,,,
proto_source=spot_delta_k=10_weighted=0_learnw=0,train,3456,proto,-0.02665332518517971,0.028771203011274338,-0.11509173601865769,-0.08077670782804489,-0.10478319227695465,-0.018625430762767792,0.0006416351068764913,0.9058674546222034,-0.026951579377055168,0.0005264299106784165,0.00022817830904386938,0.020107747986912727,0.07314121723175049,0.27008479833602905,1.0,0.00186787674124103,0.00186787674124103,0.0,0.03630223723089911,,,cvar,/Users/yaniszaim/deephedging/.deephedging_real_runs/final_paper_notebook/panel_sweeps/QQQ_full_paper_grid_800_step_robust/model_artifacts/seed_3456/risk_cvar/proto_source_spot_delta_k_10_weighted_0_learnw_0,18.0,0.09923283223994077,val_loss,0.0178095493465662,0.14497749507427216,0.0,0.0,2369.0,20.0,2.0,spot_delta,10.0,False,False,0.06315089762210846,0.11981985718011856
proto_source=spot_delta_k=10_weighted=0_learnw=0,val,3456,proto,-0.026045868173241615,0.028882479295134544,-0.11313108339905739,-0.0785569615662098,-0.10514725744724274,-0.015654493123292923,0.000627155462279915,0.9092702169625246,-0.02633468061685562,0.0005164036410860717,0.00022759624698664993,0.02004810981452465,0.07310566306114197,0.26946306228637695,1.0,0.001282051282051282,0.001282051282051282,0.0,0.023668639053254437,,,cvar,/Users/yaniszaim/deephedging/.deephedging_real_runs/final_paper_notebook/panel_sweeps/QQQ_full_paper_grid_800_step_robust/model_artifacts/seed_3456/risk_cvar/proto_source_spot_delta_k_10_weighted_0_learnw_0,18.0,0.09923283223994077,val_loss,0.0178095493465662,0.14497749507427216,0.0,0.0,507.0,20.0,2.0,spot_delta,10.0,False,False,0.06315089762210846,0.11981985718011856
proto_source=spot_delta_k=10_weighted=0_learnw=0,test,3456,proto,-0.02848127856850624,0.03010449931025505,-0.11950101345777511,-0.09038096368312835,-0.11561107635498047,-0.02131067030131817,0.00028335527749732053,0.9273084479371316,-0.028961503878235817,0.0007056033937260509,0.00022537670156452805,0.01988501101732254,0.07313418388366699,0.26807233691215515,1.0,0.0015717092337917485,0.0015717092337917485,0.0,0.025540275049115914,,,cvar,/Users/yaniszaim/deephedging/.deephedging_real_runs/final_paper_notebook/panel_sweeps/QQQ_full_paper_grid_800_step_robust/model_artifacts/seed_3456/risk_cvar/proto_source_spot_delta_k_10_weighted_0_learnw_0,18.0,0.09923283223994077,val_loss,0.0178095493465662,0.14497749507427216,0.0,0.0,509.0,20.0,2.0,spot_delta,10.0,False,False,0.06315089762210846,0.11981985718011856
proto_source=spot_delta_k=10_weighted=1_learnw=0,train,3456,proto,-0.027686769142746925,0.029472004622220993,-0.11792856752872467,-0.08207446783781051,-0.10767859220504761,-0.020020199939608574,-0.0006156702293083073,0.9826931194596876,-0.026951579377055168,0.00022271166380960494,0.0009579044417478144,0.01755226030945778,0.06253963708877563,0.1832224726676941,0.842676043510437,0.0,0.0,0.0,0.0,,,cvar,/Users/yaniszaim/deephedging/.deephedging_real_runs/final_paper_notebook/panel_sweeps/QQQ_full_paper_grid_800_step_robust/model_artifacts/seed_3456/risk_cvar/proto_source_spot_delta_k_10_weighted_1_learnw_0,22.0,0.09942918451502919,val_loss,0.01750950887799263,0.09943083673715591,0.0,0.0,2369.0,20.0,2.0,spot_delta,10.0,True,False,0.0616438165307045,0.13895495235919952
proto_source=spot_delta_k=10_weighted=1_learnw=0,val,3456,proto,-0.02708309330046177,0.029465842992067337,-0.11564864873886109,-0.08219842463731766,-0.10779349505901337,-0.016640210524201393,-0.0006831935315858573,0.9842209072978304,-0.02633468061685562,0.00020873171160928905,0.0009571464033797383,0.017613127827644348,0.0555340051651001,0.18396738171577454,0.7915298938751221,0.0,0.0,0.0,0.0,,,cvar,/Users/yaniszaim/deephedging/.deephedging_real_runs/final_paper_notebook/panel_sweeps/QQQ_full_paper_grid_800_step_robust/model_artifacts/seed_3456/risk_cvar/proto_source_spot_delta_k_10_weighted_1_learnw_0,22.0,0.09942918451502919,val_loss,0.01750950887799263,0.09943083673715591,0.0,0.0,507.0,20.0,2.0,spot_delta,10.0,True,False,0.0616438165307045,0.13895495235919952
proto_source=spot_delta_k=10_weighted=1_learnw=0,test,3456,proto,-0.02960088849067688,0.03091442957520485,-0.12494536399841309,-0.09317585229873657,-0.11908947676420212,-0.02218816801905632,-0.0005963384872302431,0.9764243614931237,-0.028961503878235817,0.00030459670233540237,0.0009439796558581293,0.017422620207071304,0.062260448932647705,0.18215367197990417,0.7827826142311096,0.0,0.0,0.0,0.0,,,cvar,/Users/yaniszaim/deephedging/.deephedging_real_runs/final_paper_notebook/panel_sweeps/QQQ_full_paper_grid_800_step_robust/model_artifacts/seed_3456/risk_cvar/proto_source_spot_delta_k_10_weighted_1_learnw_0,22.0,0.09942918451502919,val_loss,0.01750950887799263,0.09943083673715591,0.0,0.0,509.0,20.0,2.0,spot_delta,10.0,True,False,0.0616438165307045,0.13895495235919952
proto_source=spot_delta_k=25_weighted=0_learnw=0,train,3456,proto,-0.026401931419968605,0.027652805671095848,-0.11087210893630982,-0.07966594696044922,-0.10060290992259979,-0.019114989787340164,0.0021568836644291858,0.8919375263824398,-0.026951579377055168,0.000776608067099005,0.00022696316591463983,0.026638604700565338,0.5065704584121704,0.40761059522628784,1.0,0.019037568594343603,0.01878429717180245,0.0002532714225411566,0.27226677923174336,,,cvar,/Users/yaniszaim/deephedging/.deephedging_real_runs/final_paper_notebook/panel_sweeps/QQQ_full_paper_grid_800_step_robust/model_artifacts/seed_3456/risk_cvar/proto_source_spot_delta_k_25_weighted_0_learnw_0,38.0,0.09773976201101535,val_loss,0.02718786709010601,0.1723138988018036,0.0006903353057199211,0.013806706114398421,2369.0,20.0,2.0,spot_delta,25.0,False,False,0.105290487408638,0.5065757632255554
proto_source=spot_delta_k=25_weighted=0_learnw=0,val,3456,proto,-0.026153745129704475,0.028280651196837425,-0.11139513939619064,-0.07748286649584771,-0.10347867757081985,-0.017327867448329926,0.0019058787962421765,0.9072978303747534,-0.02633468061685562,0.0004098681965842843,0.00022893409186508507,0.026821525767445564,0.5065712928771973,0.4071862995624542,1.0,0.021449704142011833,0.021351084812623274,9.861932938856015e-05,0.3076923076923077,,,cvar,/Users/yaniszaim/deephedging/.deephedging_real_runs/final_paper_notebook/panel_sweeps/QQQ_full_paper_grid_800_step_robust/model_artifacts/seed_3456/risk_cvar/proto_source_spot_delta_k_25_weighted_0_learnw_0,38.0,0.09773976201101535,val_loss,0.02718786709010601,0.1723138988018036,0.0006903353057199211,0.013806706114398421,507.0,20.0,2.0,spot_delta,25.0,False,False,0.105290487408638,0.5065757632255554
proto_source=spot_delta_k=25_weighted=0_learnw=0,test,3456,proto,-0.027945827692747116,0.028514588251709938,-0.11773904502391815,-0.08633816242218016,-0.10815470665693283,-0.021163474768400192,0.002159051131457083,0.9056974459724951,-0.028961503878235817,0.0012489964719861746,0.00023331960255745798,0.02729637920856476,0.5065450668334961,0.4055100977420807,1.0,0.022102161100196464,0.021512770137524558,0.0005893909626719057,0.30844793713163066,,,cvar,/Users/yaniszaim/deephedging/.deephedging_real_runs/final_paper_notebook/panel_sweeps/QQQ_full_paper_grid_800_step_robust/model_artifacts/seed_3456/risk_cvar/proto_source_spot_delta_k_25_weighted_0_learnw_0,38.0,0.09773976201101535,val_loss,0.02718786709010601,0.1723138988018036,0.0006903353057199211,0.013806706114398421,509.0,20.0,2.0,spot_delta,25.0,False,False,0.105290487408638,0.5065757632255554
proto_source=spot_delta_k=25_weighted=1_learnw=0,train,3456,proto,-0.026532066985964775,0.02855866402387619,-0.11236425817012786,-0.07970902472734451,-0.10358939319849014,-0.01873013749718666,0.0007207477814517912,0.912621359223301,-0.026951579377055168,0.0005953065119683743,0.00017579481936991215,0.020663393661379814,0.22715657949447632,0.2701413333415985,0.8023831844329834,0.0,0.0,0.0,0.0,,,cvar,/Users/yaniszaim/deephedging/.deephedging_real_runs/final_paper_notebook/panel_sweeps/QQQ_full_paper_grid_800_step_robust/model_artifacts/seed_3456/risk_cvar/proto_source_spot_delta_k_25_weighted_1_learnw_0,15.0,0.09795697625726461,val_loss,0.02184928208589554,0.11022462695837021,0.0,0.0,2369.0,20.0,2.0,spot_delta,25.0,True,False,0.11175413429737091,0.22911280393600464
proto_source=spot_delta_k=25_weighted=1_learnw=0,val,3456,proto,-0.025963371619582176,0.028849240392446518,-0.12287507534027099,-0.0772279217839241,-0.10508705675601959,-0.016323504969477654,0.00046228606370277684,0.9230769230769231,-0.02633468061685562,0.0005461336113512516,0.00017482589464634657,0.020543009042739868,0.2281772494316101,0.2699185609817505,0.7882017493247986,0.0,0.0,0.0,0.0,,,cvar,/Users/yaniszaim/deephedging/.deephedging_real_runs/final_paper_notebook/panel_sweeps/QQQ_full_paper_grid_800_step_robust/model_artifacts/seed_3456/risk_cvar/proto_source_spot_delta_k_25_weighted_1_learnw_0,15.0,0.09795697625726461,val_loss,0.02184928208589554,0.11022462695837021,0.0,0.0,507.0,20.0,2.0,spot_delta,25.0,True,False,0.11175413429737091,0.22911280393600464
proto_source=spot_delta_k=25_weighted=1_learnw=0,test,3456,proto,-0.02826581336557865,0.029747232794761658,-0.12457813084125519,-0.0893541470170021,-0.11428774893283844,-0.021651137620210648,0.0007913616253063063,0.9214145383104125,-0.028961503878235817,0.0008733029244467616,0.0001776097487891093,0.020852630957961082,0.22667574882507324,0.2694895565509796,0.7886145114898682,0.0,0.0,0.0,0.0,,,cvar,/Users/yaniszaim/deephedging/.deephedging_real_runs/final_paper_notebook/panel_sweeps/QQQ_full_paper_grid_800_step_robust/model_artifacts/seed_3456/risk_cvar/proto_source_spot_delta_k_25_weighted_1_learnw_0,15.0,0.09795697625726461,val_loss,0.02184928208589554,0.11022462695837021,0.0,0.0,509.0,20.0,2.0,spot_delta,25.0,True,False,0.11175413429737091,0.22911280393600464
proto_source=spot_delta_k=50_weighted=0_learnw=0,train,3456,proto,-0.026547133922576904,0.0282065998762846,-0.11749093770980835,-0.07975319027900696,-0.10255603492259979,-0.019338244572281837,0.0032651955727487783,0.8716758125791473,-0.026951579377055168,0.0007393507985398173,0.000334906333591789,0.031211772933602333,0.38774025440216064,0.3565486669540405,1.0,0.00032714225411566064,2.1105951878429718e-05,0.0003060363022372309,0.0033769523005487546,,,cvar,/Users/yaniszaim/deephedging/.deephedging_real_runs/final_paper_notebook/panel_sweeps/QQQ_full_paper_grid_800_step_robust/model_artifacts/seed_3456/risk_cvar/proto_source_spot_delta_k_50_weighted_0_learnw_0,50.0,0.09764014558201652,val_loss,0.028436072170734406,0.1575416773557663,0.0015285996055226824,0.013806706114398421,2369.0,20.0,2.0,spot_delta,50.0,False,False,0.1102064922451973,0.40399277210235596
proto_source=spot_delta_k=50_weighted=0_learnw=0,val,3456,proto,-0.02596934512257576,0.028581583872437477,-0.11714521259069442,-0.08038395196199417,-0.10371032357215881,-0.017406539991497993,0.0025347167626023287,0.8619329388560157,-0.02633468061685562,0.0007064242381602526,0.00034109107218682766,0.03132506459951401,0.37545540928840637,0.3595150411128998,1.0,0.0002958579881656805,0.0,0.0002958579881656805,0.0039447731755424065,,,cvar,/Users/yaniszaim/deephedging/.deephedging_real_runs/final_paper_notebook/panel_sweeps/QQQ_full_paper_grid_800_step_robust/model_artifacts/seed_3456/risk_cvar/proto_source_spot_delta_k_50_weighted_0_learnw_0,50.0,0.09764014558201652,val_loss,0.028436072170734406,0.1575416773557663,0.0015285996055226824,0.013806706114398421,507.0,20.0,2.0,spot_delta,50.0,False,False,0.1102064922451973,0.40399277210235596
proto_source=spot_delta_k=50_weighted=0_learnw=0,test,3456,proto,-0.0280698724091053,0.029604872688651085,-0.1266359829902649,-0.08677674978971481,-0.1112448051571846,-0.021886982023715973,0.003212944278493521,0.8919449901768173,-0.028961503878235817,0.0012452375376597047,0.0003536055446602404,0.032168783247470856,0.38785046339035034,0.35869622230529785,1.0,0.0011787819253438114,0.0,0.0011787819253438114,0.011787819253438114,,,cvar,/Users/yaniszaim/deephedging/.deephedging_real_runs/final_paper_notebook/panel_sweeps/QQQ_full_paper_grid_800_step_robust/model_artifacts/seed_3456/risk_cvar/proto_source_spot_delta_k_50_weighted_0_learnw_0,50.0,0.09764014558201652,val_loss,0.028436072170734406,0.1575416773557663,0.0015285996055226824,0.013806706114398421,509.0,20.0,2.0,spot_delta,50.0,False,False,0.1102064922451973,0.40399277210235596
proto_source=spot_delta_k=50_weighted=1_learnw=0,train,3456,proto,-0.02659555710852146,0.027894964441657066,-0.10951101034879684,-0.08000495284795761,-0.10169505327939987,-0.019242994487285614,0.0016765057342126954,0.8944702406078514,-0.026951579377055168,0.0006740429089404643,0.0003180227358825505,0.026597103103995323,0.3018594980239868,0.40546995401382446,1.0,0.04124102997045167,0.04065006331785564,0.0005909666525960321,0.4571549176867877,,,cvar,/Users/yaniszaim/deephedging/.deephedging_real_runs/final_paper_notebook/panel_sweeps/QQQ_full_paper_grid_800_step_robust/model_artifacts/seed_3456/risk_cvar/proto_source_spot_delta_k_50_weighted_1_learnw_0,29.0,0.09827702019363642,val_loss,0.031778670847415924,0.13283048570156097,0.0,0.0,2369.0,20.0,2.0,spot_delta,50.0,True,False,0.09994564950466156,0.3029455840587616
proto_source=spot_delta_k=50_weighted=1_learnw=0,val,3456,proto,-0.0263307336717844,0.028132708743214607,-0.11237988978624344,-0.07766002863645553,-0.10289597511291504,-0.01767357997596264,0.0013744282070547328,0.903353057199211,-0.02633468061685562,0.00033659159089438617,0.00033264714875258505,0.026986444368958473,0.3006775379180908,0.4047858417034149,1.0,0.03703155818540434,0.036242603550295856,0.0007889546351084812,0.4339250493096647,,,cvar,/Users/yaniszaim/deephedging/.deephedging_real_runs/final_paper_notebook/panel_sweeps/QQQ_full_paper_grid_800_step_robust/model_artifacts/seed_3456/risk_cvar/proto_source_spot_delta_k_50_weighted_1_learnw_0,29.0,0.09827702019363642,val_loss,0.031778670847415924,0.13283048570156097,0.0,0.0,507.0,20.0,2.0,spot_delta,50.0,True,False,0.09994564950466156,0.3029455840587616
proto_source=spot_delta_k=50_weighted=1_learnw=0,test,3456,proto,-0.028203308582305908,0.029015375301241875,-0.11371263235807419,-0.08604378998279572,-0.11065702140331268,-0.021362775936722755,0.0014867737656459182,0.9037328094302554,-0.028961503878235817,0.0010816340800374746,0.0003234376781620085,0.026910865679383278,0.2999856472015381,0.40226978063583374,1.0,0.036296660117878195,0.035707269155206285,0.0005893909626719057,0.4066797642436149,,,cvar,/Users/yaniszaim/deephedging/.deephedging_real_runs/final_paper_notebook/panel_sweeps/QQQ_full_paper_grid_800_step_robust/model_artifacts/seed_3456/risk_cvar/proto_source_spot_delta_k_50_weighted_1_learnw_0,29.0,0.09827702019363642,val_loss,0.031778670847415924,0.13283048570156097,0.0,0.0,509.0,20.0,2.0,spot_delta,50.0,True,False,0.09994564950466156,0.3029455840587616
proto_source=spot_delta_k=100_weighted=0_learnw=0,train,3456,proto,-0.026955345645546913,0.029075251892209053,-0.11614173531532287,-0.07977865189313889,-0.10651768743991852,-0.01935366354882717,0.0007569702574983236,0.9092444069227522,-0.026951579377055168,0.0001874056033557281,0.0001911716244649142,0.02087530493736267,0.22916997969150543,0.20748238265514374,0.7578253149986267,0.0,0.0,0.0,0.0,,,cvar,/Users/yaniszaim/deephedging/.deephedging_real_runs/final_paper_notebook/panel_sweeps/QQQ_full_paper_grid_800_step_robust/model_artifacts/seed_3456/risk_cvar/proto_source_spot_delta_k_100_weighted_0_learnw_0,55.0,0.0990970210076532,val_loss,0.01984873227775097,0.1656520813703537,0.0001972386587771203,0.0019723865877712033,2369.0,20.0,2.0,spot_delta,100.0,False,False,0.09221163392066956,0.2725667953491211
proto_source=spot_delta_k=100_weighted=0_learnw=0,val,3456,proto,-0.0263371542096138,0.028848586603999138,-0.11236277297139168,-0.08083604499697686,-0.10545608401298523,-0.016480933874845505,0.0008186772407498208,0.9132149901380671,-0.02633468061685562,0.00018884832388721406,0.00019132354645989835,0.020899774506688118,0.2210705727338791,0.20843133330345154,0.7585568428039551,0.0,0.0,0.0,0.0,,,cvar,/Users/yaniszaim/deephedging/.deephedging_real_runs/final_paper_notebook/panel_sweeps/QQQ_full_paper_grid_800_step_robust/model_artifacts/seed_3456/risk_cvar/proto_source_spot_delta_k_100_weighted_0_learnw_0,55.0,0.0990970210076532,val_loss,0.01984873227775097,0.1656520813703537,0.0001972386587771203,0.0019723865877712033,507.0,20.0,2.0,spot_delta,100.0,False,False,0.09221163392066956,0.2725667953491211
proto_source=spot_delta_k=100_weighted=0_learnw=0,test,3456,proto,-0.02851177752017975,0.030302081257104874,-0.12306678354740143,-0.08964018523693085,-0.11636270582675934,-0.020564833655953407,0.001058272807858884,0.9037328094302554,-0.028961503878235817,0.000640628975816071,0.0001909013808472082,0.020710717886686325,0.23050211369991302,0.2101108729839325,0.7644693851470947,0.0,0.0,0.0,0.0,,,cvar,/Users/yaniszaim/deephedging/.deephedging_real_runs/final_paper_notebook/panel_sweeps/QQQ_full_paper_grid_800_step_robust/model_artifacts/seed_3456/risk_cvar/proto_source_spot_delta_k_100_weighted_0_learnw_0,55.0,0.0990970210076532,val_loss,0.01984873227775097,0.1656520813703537,0.0001972386587771203,0.0019723865877712033,509.0,20.0,2.0,spot_delta,100.0,False,False,0.09221163392066956,0.2725667953491211
proto_source=spot_delta_k=100_weighted=1_learnw=0,train,3456,proto,-0.02675335854291916,0.028571339324116707,-0.1138690772652626,-0.08027695119380951,-0.10380985587835312,-0.018857939168810844,0.0012084726709872468,0.8936260025327142,-0.026951579377055168,0.0003842609003186226,0.0001860405900515616,0.020923491567373276,0.23317456245422363,0.23910684883594513,0.8483429551124573,0.0,0.0,0.0,0.0,,,cvar,/Users/yaniszaim/deephedging/.deephedging_real_runs/final_paper_notebook/panel_sweeps/QQQ_full_paper_grid_800_step_robust/model_artifacts/seed_3456/risk_cvar/proto_source_spot_delta_k_100_weighted_1_learnw_0,96.0,0.09867540260776878,val_loss,0.02313433215022087,0.11583653092384338,0.0,0.0,2369.0,20.0,2.0,spot_delta,100.0,True,False,0.11053531616926193,0.27231523394584656
proto_source=spot_delta_k=100_weighted=1_learnw=0,val,3456,proto,-0.02623741142451763,0.0286540724337101,-0.11280058428645134,-0.0808718666434288,-0.10431469976902008,-0.016688546165823936,0.001558745908550918,0.8875739644970414,-0.02633468061685562,0.0002838450309354812,0.00018657876353245229,0.020995663478970528,0.24059706926345825,0.23926004767417908,0.8224219083786011,0.0,0.0,0.0,0.0,,,cvar,/Users/yaniszaim/deephedging/.deephedging_real_runs/final_paper_notebook/panel_sweeps/QQQ_full_paper_grid_800_step_robust/model_artifacts/seed_3456/risk_cvar/proto_source_spot_delta_k_100_weighted_1_learnw_0,96.0,0.09867540260776878,val_loss,0.02313433215022087,0.11583653092384338,0.0,0.0,507.0,20.0,2.0,spot_delta,100.0,True,False,0.11053531616926193,0.27231523394584656
proto_source=spot_delta_k=100_weighted=1_learnw=0,test,3456,proto,-0.02858895994722843,0.02998671866953373,-0.12448924720287323,-0.08982834368944168,-0.11540552228689194,-0.021772323176264763,0.0009505335707217438,0.9135559921414538,-0.028961503878235817,0.0005595819093286991,0.00018703521345742047,0.020971911028027534,0.22728252410888672,0.24035845696926117,0.8452192544937134,0.0,0.0,0.0,0.0,,,cvar,/Users/yaniszaim/deephedging/.deephedging_real_runs/final_paper_notebook/panel_sweeps/QQQ_full_paper_grid_800_step_robust/model_artifacts/seed_3456/risk_cvar/proto_source_spot_delta_k_100_weighted_1_learnw_0,96.0,0.09867540260776878,val_loss,0.02313433215022087,0.11583653092384338,0.0,0.0,509.0,20.0,2.0,spot_delta,100.0,True,False,0.11053531616926193,0.27231523394584656
proto_source=vanilla_k=10_weighted=0_learnw=0,train,3456,proto,-0.026730088517069817,0.029076404869556427,-0.11634484946727752,-0.08047788888216019,-0.10590629279613495,-0.018808243796229362,-0.00016903514042496744,0.9620092866188266,-0.026951579377055168,0.0004393134149722755,0.00021782373369205743,0.018155796453356743,0.08912920951843262,0.16485613584518433,0.6391560435295105,0.0,0.0,0.0,0.0,,,cvar,/Users/yaniszaim/deephedging/.deephedging_real_runs/final_paper_notebook/panel_sweeps/QQQ_full_paper_grid_800_step_robust/model_artifacts/seed_3456/risk_cvar/proto_source_vanilla_k_10_weighted_0_learnw_0,5.0,0.09898737982846796,val_loss,0.01847672648727894,0.15910319983959198,0.0,0.0,2369.0,20.0,2.0,vanilla,10.0,False,False,0.07725109159946442,0.14113746583461761
proto_source=vanilla_k=10_weighted=0_learnw=0,val,3456,proto,-0.02610483579337597,0.028972797095775604,-0.11385153576731681,-0.08167273476719857,-0.10578568279743195,-0.01582101359963417,-0.00012194786686450303,0.9566074950690335,-0.02633468061685562,0.0004472362925298512,0.00021739283693023026,0.0181442778557539,0.07781343162059784,0.16497713327407837,0.6377577185630798,0.0,0.0,0.0,0.0,,,cvar,/Users/yaniszaim/deephedging/.deephedging_real_runs/final_paper_notebook/panel_sweeps/QQQ_full_paper_grid_800_step_robust/model_artifacts/seed_3456/risk_cvar/proto_source_vanilla_k_10_weighted_0_learnw_0,5.0,0.09898737982846796,val_loss,0.01847672648727894,0.15910319983959198,0.0,0.0,507.0,20.0,2.0,vanilla,10.0,False,False,0.07725109159946442,0.14113746583461761
proto_source=vanilla_k=10_weighted=0_learnw=0,test,3456,proto,-0.02866080030798912,0.030626818537712097,-0.12429567575454711,-0.09147912710905075,-0.11758602410554886,-0.02148347720503807,-0.00036105950130149803,0.9783889980353635,-0.028961503878235817,0.0005189388757571578,0.00021823386487085372,0.018148273229599,0.10967524349689484,0.16500665247440338,0.638798713684082,0.0,0.0,0.0,0.0,,,cvar,/Users/yaniszaim/deephedging/.deephedging_real_runs/final_paper_notebook/panel_sweeps/QQQ_full_paper_grid_800_step_robust/model_artifacts/seed_3456/risk_cvar/proto_source_vanilla_k_10_weighted_0_learnw_0,5.0,0.09898737982846796,val_loss,0.01847672648727894,0.15910319983959198,0.0,0.0,509.0,20.0,2.0,vanilla,10.0,False,False,0.07725109159946442,0.14113746583461761
proto_source=vanilla_k=10_weighted=1_learnw=0,train,3456,proto,-0.02686464972794056,0.029090842232108116,-0.11685960412025452,-0.08072573840618133,-0.10600747913122177,-0.01887306198477745,-0.00037829529610462596,0.9810046433094133,-0.026951579377055168,0.0004092860617674887,0.00032235769322142005,0.017385629937052727,0.10331308841705322,0.17525608837604523,0.6345844864845276,0.0,0.0,0.0,0.0,,,cvar,/Users/yaniszaim/deephedging/.deephedging_real_runs/final_paper_notebook/panel_sweeps/QQQ_full_paper_grid_800_step_robust/model_artifacts/seed_3456/risk_cvar/proto_source_vanilla_k_10_weighted_1_learnw_0,26.0,0.09893764487002045,val_loss,0.015401196666061878,0.14958779513835907,0.0,0.0,2369.0,20.0,2.0,vanilla,10.0,True,False,0.07484905421733856,0.13013991713523865
proto_source=vanilla_k=10_weighted=1_learnw=0,val,3456,proto,-0.02624562568962574,0.029030857607722282,-0.11367882668972015,-0.08174737989902496,-0.10597480088472366,-0.016120359301567078,-0.0004414578987052665,0.980276134122288,-0.02633468061685562,0.000407917657867074,0.00031886465149000287,0.017318839207291603,0.10331308841705322,0.1746496558189392,0.6378546953201294,0.0,0.0,0.0,0.0,,,cvar,/Users/yaniszaim/deephedging/.deephedging_real_runs/final_paper_notebook/panel_sweeps/QQQ_full_paper_grid_800_step_robust/model_artifacts/seed_3456/risk_cvar/proto_source_vanilla_k_10_weighted_1_learnw_0,26.0,0.09893764487002045,val_loss,0.015401196666061878,0.14958779513835907,0.0,0.0,507.0,20.0,2.0,vanilla,10.0,True,False,0.07484905421733856,0.13013991713523865
proto_source=vanilla_k=10_weighted=1_learnw=0,test,3456,proto,-0.028778646141290665,0.030612608417868614,-0.12416461259126663,-0.09155498445034027,-0.11763683706521988,-0.021838022395968437,-0.0005317748989909888,0.9862475442043221,-0.028961503878235817,0.0005041629774495959,0.0003213049203623086,0.017347225919365883,0.10331308841705322,0.17458213865756989,0.6293057203292847,0.0,0.0,0.0,0.0,,,cvar,/Users/yaniszaim/deephedging/.deephedging_real_runs/final_paper_notebook/panel_sweeps/QQQ_full_paper_grid_800_step_robust/model_artifacts/seed_3456/risk_cvar/proto_source_vanilla_k_10_weighted_1_learnw_0,26.0,0.09893764487002045,val_loss,0.015401196666061878,0.14958779513835907,0.0,0.0,509.0,20.0,2.0,vanilla,10.0,True,False,0.07484905421733856,0.13013991713523865
proto_source=vanilla_k=25_weighted=0_learnw=0,train,3456,proto,-0.02643567882478237,0.02818528562784195,-0.1135087251663208,-0.07877906113862991,-0.10349535942077637,-0.018428774550557137,-0.0003149235504679382,0.9662304769945125,-0.026951579377055168,0.0007466557435691357,0.00023075425997376442,0.025275185704231262,0.06862184405326843,0.27034056186676025,1.0,0.05755593077247784,0.05755593077247784,0.0,0.9805825242718447,,,cvar,/Users/yaniszaim/deephedging/.deephedging_real_runs/final_paper_notebook/panel_sweeps/QQQ_full_paper_grid_800_step_robust/model_artifacts/seed_3456/risk_cvar/proto_source_vanilla_k_25_weighted_0_learnw_0,63.0,0.09852328921449637,val_loss,0.017649244517087936,0.13388383388519287,0.0016765285996055226,0.05128205128205128,2369.0,20.0,2.0,vanilla,25.0,False,False,0.05603509396314621,0.1278497576713562
proto_source=vanilla_k=25_weighted=0_learnw=0,val,3456,proto,-0.025798127055168152,0.028126215562224388,-0.11088896438479423,-0.07990032061934471,-0.10347229987382889,-0.015519464388489723,-0.0002661082282429567,0.9704142011834319,-0.02633468061685562,0.000766873243264854,0.00023032476019579917,0.02528514713048935,0.06660696864128113,0.2710210084915161,1.0,0.05739644970414201,0.05739644970414201,0.0,0.980276134122288,,,cvar,/Users/yaniszaim/deephedging/.deephedging_real_runs/final_paper_notebook/panel_sweeps/QQQ_full_paper_grid_800_step_robust/model_artifacts/seed_3456/risk_cvar/proto_source_vanilla_k_25_weighted_0_learnw_0,63.0,0.09852328921449637,val_loss,0.017649244517087936,0.13388383388519287,0.0016765285996055226,0.05128205128205128,507.0,20.0,2.0,vanilla,25.0,False,False,0.05603509396314621,0.1278497576713562
proto_source=vanilla_k=25_weighted=0_learnw=0,test,3456,proto,-0.02826329506933689,0.029647046700119972,-0.12116804361343383,-0.08954672366380691,-0.11465220898389816,-0.021159689873456955,-0.0006314348778687422,0.9823182711198428,-0.028961503878235817,0.0009295024792663753,0.000231292171520181,0.025231972336769104,0.06825226545333862,0.2692951261997223,1.0,0.056728880157170924,0.056728880157170924,0.0,0.9744597249508841,,,cvar,/Users/yaniszaim/deephedging/.deephedging_real_runs/final_paper_notebook/panel_sweeps/QQQ_full_paper_grid_800_step_robust/model_artifacts/seed_3456/risk_cvar/proto_source_vanilla_k_25_weighted_0_learnw_0,63.0,0.09852328921449637,val_loss,0.017649244517087936,0.13388383388519287,0.0016765285996055226,0.05128205128205128,509.0,20.0,2.0,vanilla,25.0,False,False,0.05603509396314621,0.1278497576713562
proto_source=vanilla_k=25_weighted=1_learnw=0,train,3456,proto,-0.02688107080757618,0.029315249994397163,-0.11596592456102371,-0.08167487680912018,-0.10635551810264587,-0.01896665431559086,-3.40003345627356e-05,0.9514563106796117,-0.026951579377055168,0.000298318947898224,0.00022781139705330133,0.012396711856126785,0.12685400247573853,0.1512645035982132,0.6068897247314453,0.0,0.0,0.0,0.0,,,cvar,/Users/yaniszaim/deephedging/.deephedging_real_runs/final_paper_notebook/panel_sweeps/QQQ_full_paper_grid_800_step_robust/model_artifacts/seed_3456/risk_cvar/proto_source_vanilla_k_25_weighted_1_learnw_0,383.0,0.09885358105879277,val_loss,0.009543261490762234,0.10035759210586548,0.0,0.0,2369.0,20.0,2.0,vanilla,25.0,True,False,0.08206842094659805,0.21118752658367157
proto_source=vanilla_k=25_weighted=1_learnw=0,val,3456,proto,-0.02629142627120018,0.029388412833213806,-0.11417608186602593,-0.08107783049345016,-0.10688313841819763,-0.015754196792840958,-0.00020462031534407301,0.9684418145956607,-0.02633468061685562,0.0002742483629845083,0.00023099638929124922,0.012436110526323318,0.12032995373010635,0.15175729990005493,0.5589752197265625,0.0,0.0,0.0,0.0,,,cvar,/Users/yaniszaim/deephedging/.deephedging_real_runs/final_paper_notebook/panel_sweeps/QQQ_full_paper_grid_800_step_robust/model_artifacts/seed_3456/risk_cvar/proto_source_vanilla_k_25_weighted_1_learnw_0,383.0,0.09885358105879277,val_loss,0.009543261490762234,0.10035759210586548,0.0,0.0,507.0,20.0,2.0,vanilla,25.0,True,False,0.08206842094659805,0.21118752658367157
proto_source=vanilla_k=25_weighted=1_learnw=0,test,3456,proto,-0.02880593203008175,0.030740568414330482,-0.12638873517513274,-0.0920594185590744,-0.11797421425580978,-0.021512789651751518,-0.00010676473029889252,0.9528487229862476,-0.028961503878235817,0.00039140981971286237,0.00023583683650940657,0.012519664131104946,0.12364111840724945,0.15360353887081146,0.569969117641449,0.0,0.0,0.0,0.0,,,cvar,/Users/yaniszaim/deephedging/.deephedging_real_runs/final_paper_notebook/panel_sweeps/QQQ_full_paper_grid_800_step_robust/model_artifacts/seed_3456/risk_cvar/proto_source_vanilla_k_25_weighted_1_learnw_0,383.0,0.09885358105879277,val_loss,0.009543261490762234,0.10035759210586548,0.0,0.0,509.0,20.0,2.0,vanilla,25.0,True,False,0.08206842094659805,0.21118752658367157
proto_source=vanilla_k=50_weighted=0_learnw=0,train,3456,proto,-0.026673544198274612,0.028703046962618828,-0.11579714357852935,-0.07973304092884063,-0.10515159368515015,-0.018425429239869118,5.979987909085932e-05,0.9459687631912199,-0.026951579377055168,0.0005862212856300175,0.0003081880568061024,0.026962177827954292,0.05476534366607666,0.20191022753715515,0.982367992401123,0.0,0.0,0.0,0.0,,,cvar,/Users/yaniszaim/deephedging/.deephedging_real_runs/final_paper_notebook/panel_sweeps/QQQ_full_paper_grid_800_step_robust/model_artifacts/seed_3456/risk_cvar/proto_source_vanilla_k_50_weighted_0_learnw_0,9.0,0.09891088201664389,val_loss,0.02750706486403942,0.21161524951457977,0.0,0.0,2369.0,20.0,2.0,vanilla,50.0,False,False,0.04676345735788345,0.1450096219778061
proto_source=vanilla_k=50_weighted=0_learnw=0,val,3456,proto,-0.025982260704040527,0.028525827452540398,-0.11287238121032715,-0.08114340677857398,-0.10500796139240265,-0.016306379809975624,0.00042850669706240275,0.9388560157790927,-0.02633468061685562,0.0006592452409677207,0.0003068270452786237,0.02703065052628517,0.05475884675979614,0.2034226804971695,0.9673634171485901,0.0,0.0,0.0,0.0,,,cvar,/Users/yaniszaim/deephedging/.deephedging_real_runs/final_paper_notebook/panel_sweeps/QQQ_full_paper_grid_800_step_robust/model_artifacts/seed_3456/risk_cvar/proto_source_vanilla_k_50_weighted_0_learnw_0,9.0,0.09891088201664389,val_loss,0.02750706486403942,0.21161524951457977,0.0,0.0,507.0,20.0,2.0,vanilla,50.0,False,False,0.04676345735788345,0.1450096219778061
proto_source=vanilla_k=50_weighted=0_learnw=0,test,3456,proto,-0.028616027906537056,0.030300859361886978,-0.12340590596199036,-0.0910780131816864,-0.11721228808164597,-0.021238306537270546,-0.0002988749765791005,0.9587426326129665,-0.028961503878235817,0.0006546761142089963,0.0003091977268923074,0.026988495141267776,0.05477780103683472,0.20237746834754944,0.9954342842102051,0.0,0.0,0.0,0.0,,,cvar,/Users/yaniszaim/deephedging/.deephedging_real_runs/final_paper_notebook/panel_sweeps/QQQ_full_paper_grid_800_step_robust/model_artifacts/seed_3456/risk_cvar/proto_source_vanilla_k_50_weighted_0_learnw_0,9.0,0.09891088201664389,val_loss,0.02750706486403942,0.21161524951457977,0.0,0.0,509.0,20.0,2.0,vanilla,50.0,False,False,0.04676345735788345,0.1450096219778061
proto_source=vanilla_k=50_weighted=1_learnw=0,train,3456,proto,-0.027087146416306496,0.028160270303487778,-0.11444181680679322,-0.07948793619871139,-0.10408347845077515,-0.018947461619973183,-0.001009725662879646,0.9877585479105108,-0.026951579377055168,0.0007386807119473815,0.0008742494392208755,0.03269277885556221,0.06562571972608566,0.34592223167419434,1.0,0.04993668214436471,0.04993668214436471,0.0,0.9987336428872943,,,cvar,/Users/yaniszaim/deephedging/.deephedging_real_runs/final_paper_notebook/panel_sweeps/QQQ_full_paper_grid_800_step_robust/model_artifacts/seed_3456/risk_cvar/proto_source_vanilla_k_50_weighted_1_learnw_0,303.0,0.09876924850046634,val_loss,0.02034507691860199,0.15815703570842743,0.0,0.0,2369.0,20.0,2.0,vanilla,50.0,True,False,0.07578389346599579,0.228420689702034
proto_source=vanilla_k=50_weighted=1_learnw=0,val,3456,proto,-0.026457980275154114,0.028110168874263763,-0.11199344009160996,-0.08042541146278381,-0.10409329831600189,-0.016126058995723724,-0.0008348803967237475,0.9881656804733728,-0.02633468061685562,0.0007483949884772301,0.0008716966258361936,0.03266512602567673,0.0641813650727272,0.3459045886993408,1.0,0.05,0.05,0.0,1.0,,,cvar,/Users/yaniszaim/deephedging/.deephedging_real_runs/final_paper_notebook/panel_sweeps/QQQ_full_paper_grid_800_step_robust/model_artifacts/seed_3456/risk_cvar/proto_source_vanilla_k_50_weighted_1_learnw_0,303.0,0.09876924850046634,val_loss,0.02034507691860199,0.15815703570842743,0.0,0.0,507.0,20.0,2.0,vanilla,50.0,True,False,0.07578389346599579,0.228420689702034
proto_source=vanilla_k=50_weighted=1_learnw=0,test,3456,proto,-0.028935134410858154,0.02975715510547161,-0.12349168717861175,-0.08982267528772354,-0.1158880814909935,-0.021543249487876892,-0.0012400612933561206,0.9980353634577603,-0.028961503878235817,0.0008984832093119621,0.0008721126359887421,0.032624710351228714,0.07974066585302353,0.3450709581375122,1.0,0.04970530451866405,0.04970530451866405,0.0,0.9941060903732809,,,cvar,/Users/yaniszaim/deephedging/.deephedging_real_runs/final_paper_notebook/panel_sweeps/QQQ_full_paper_grid_800_step_robust/model_artifacts/seed_3456/risk_cvar/proto_source_vanilla_k_50_weighted_1_learnw_0,303.0,0.09876924850046634,val_loss,0.02034507691860199,0.15815703570842743,0.0,0.0,509.0,20.0,2.0,vanilla,50.0,True,False,0.07578389346599579,0.228420689702034
proto_source=vanilla_k=100_weighted=0_learnw=0,train,3456,proto,-0.026758240535855293,0.029129162430763245,-0.11494005888700486,-0.08028877973556518,-0.10567175596952438,-0.018815724179148674,-0.0003431848250329495,0.9877585479105108,-0.026951579377055168,0.00040109819383360445,0.00020776104065589607,0.01638435758650303,0.44003307819366455,0.18544206023216248,0.8528048396110535,0.0,0.0,0.0,0.0,,,cvar,/Users/yaniszaim/deephedging/.deephedging_real_runs/final_paper_notebook/panel_sweeps/QQQ_full_paper_grid_800_step_robust/model_artifacts/seed_3456/risk_cvar/proto_source_vanilla_k_100_weighted_0_learnw_0,513.0,0.09922183779986755,val_loss,0.016513334587216377,0.18853029608726501,9.861932938856015e-05,0.0019723865877712033,2369.0,20.0,2.0,vanilla,100.0,False,False,0.11605139076709747,0.44186848402023315
proto_source=vanilla_k=100_weighted=0_learnw=0,val,3456,proto,-0.02610343135893345,0.029080785810947418,-0.12335204765200615,-0.08077097088098525,-0.10603699088096619,-0.015824714675545692,-0.0004354648815933615,0.9901380670611439,-0.02633468061685562,0.0004384684143587947,0.00020722228509839624,0.016370875760912895,0.44003307819366455,0.18541699647903442,0.6249822378158569,0.0,0.0,0.0,0.0,,,cvar,/Users/yaniszaim/deephedging/.deephedging_real_runs/final_paper_notebook/panel_sweeps/QQQ_full_paper_grid_800_step_robust/model_artifacts/seed_3456/risk_cvar/proto_source_vanilla_k_100_weighted_0_learnw_0,513.0,0.09922183779986755,val_loss,0.016513334587216377,0.18853029608726501,9.861932938856015e-05,0.0019723865877712033,507.0,20.0,2.0,vanilla,100.0,False,False,0.11605139076709747,0.44186848402023315
proto_source=vanilla_k=100_weighted=0_learnw=0,test,3456,proto,-0.028615636751055717,0.03074336238205433,-0.13398032486438752,-0.09099077731370925,-0.11837097257375717,-0.021346809342503548,-0.0004305858979932965,0.9882121807465619,-0.028961503878235817,0.0005552929360419512,0.00020942403352819383,0.016458667814731598,0.44003307819366455,0.18506145477294922,0.6249778866767883,0.0,0.0,0.0,0.0,,,cvar,/Users/yaniszaim/deephedging/.deephedging_real_runs/final_paper_notebook/panel_sweeps/QQQ_full_paper_grid_800_step_robust/model_artifacts/seed_3456/risk_cvar/proto_source_vanilla_k_100_weighted_0_learnw_0,513.0,0.09922183779986755,val_loss,0.016513334587216377,0.18853029608726501,9.861932938856015e-05,0.0019723865877712033,509.0,20.0,2.0,vanilla,100.0,False,False,0.11605139076709747,0.44186848402023315
proto_source=vanilla_k=100_weighted=1_learnw=0,train,3456,proto,-0.026992134749889374,0.02962072379887104,-0.11768730849027634,-0.08196139633655548,-0.10721255838871002,-0.01917625591158867,1.5018694102763815e-05,0.9480793583790629,-0.026951579377055168,0.00022606653510592878,0.00026662243180908263,0.012327759526669979,0.08932142704725266,0.10916140675544739,0.41561734676361084,0.0,0.0,0.0,0.0,,,cvar,/Users/yaniszaim/deephedging/.deephedging_real_runs/final_paper_notebook/panel_sweeps/QQQ_full_paper_grid_800_step_robust/model_artifacts/seed_3456/risk_cvar/proto_source_vanilla_k_100_weighted_1_learnw_0,247.0,0.09921795585658401,val_loss,0.011633950285613537,0.13948768377304077,0.0,0.0,2369.0,20.0,2.0,vanilla,100.0,True,False,0.07915357500314713,0.19118192791938782
proto_source=vanilla_k=100_weighted=1_learnw=0,val,3456,proto,-0.02637406438589096,0.02957860380411148,-0.11569490790367126,-0.08281408175826073,-0.10744214057922363,-0.016210166737437248,-1.434124424122319e-05,0.9506903353057199,-0.02633468061685562,0.00022742048895452172,0.0002668063680175692,0.012301582843065262,0.08932137489318848,0.10998012870550156,0.4146156907081604,0.0,0.0,0.0,0.0,,,cvar,/Users/yaniszaim/deephedging/.deephedging_real_runs/final_paper_notebook/panel_sweeps/QQQ_full_paper_grid_800_step_robust/model_artifacts/seed_3456/risk_cvar/proto_source_vanilla_k_100_weighted_1_learnw_0,247.0,0.09921795585658401,val_loss,0.011633950285613537,0.13948768377304077,0.0,0.0,507.0,20.0,2.0,vanilla,100.0,True,False,0.07915357500314713,0.19118192791938782
proto_source=vanilla_k=100_weighted=1_learnw=0,test,3456,proto,-0.028962332755327225,0.031106911599636078,-0.12616661548614502,-0.09341710954904556,-0.11905121803283691,-0.021741455420851707,-0.0002109146269503984,0.9607072691552063,-0.028961503878235817,0.00026711347163654864,0.0002679408644326031,0.01230921782553196,0.08932140469551086,0.11047739535570145,0.4158080220222473,0.0,0.0,0.0,0.0,,,cvar,/Users/yaniszaim/deephedging/.deephedging_real_runs/final_paper_notebook/panel_sweeps/QQQ_full_paper_grid_800_step_robust/model_artifacts/seed_3456/risk_cvar/proto_source_vanilla_k_100_weighted_1_learnw_0,247.0,0.09921795585658401,val_loss,0.011633950285613537,0.13948768377304077,0.0,0.0,509.0,20.0,2.0,vanilla,100.0,True,False,0.07915357500314713,0.19118192791938782
